mz,mzmin,mzmax,rt,rtmin,rtmax,npeaks,PA14_Si11_10uM,PA14_Si11_4uM,PA14_Si11_8uM,ms_level,X1,X2,X3,X4,X5,X6,X7,X8,X9,isotopes,adduct,pcgroup
77.03868231,77.03862184,77.03885519,507.4077148,507.178009,507.6645813,9,3,3,3,1,20103.93529,20231.34994,19558.54394,10866.66815,9942.735115,10991.59779,20626.93568,21433.55344,21078.7006,,,8
79.02127641,79.02114824,79.02151812,85.69576263,85.43499756,85.93900299,9,3,3,3,1,268254.9383,265303.8963,266453.604,132457.1943,122140.7419,130890.2984,257830.1091,252923.7455,259217.7811,,[M+H]+ 78.0131 [M+2H]2+ 156.029,31
81.01714024,81.01694845,81.01727819,85.69576263,85.43499756,85.93900299,9,3,3,3,1,21815.88574,22257.85342,22194.78126,10548.41594,9909.165724,10429.9086,21159.06145,22207.70363,21879.02309,,,31
84.044428,84.04439871,84.04461078,71.63380432,71.38818359,71.68299866,9,3,3,3,1,9604.222207,9325.09,9791.123556,10302.5516,9774.106667,10935.94773,9851.295152,10280.77172,9532.49025,,[M+H-H2O]+ 101.048,54
84.95967393,84.95954673,84.95994966,62.26939392,62.20095444,62.30818939,7,3,1,3,1,20508.88376,20297.54016,19974.63652,12903.4283,12631.91911,12681.94271,15076.34327,15457.79713,14842.34194,,,96
86.09645658,86.09640651,86.09667602,122.883606,121.83255,125.1636047,7,3,2,2,1,69019.83,59304.70723,67603.93956,32726.77444,53053.92969,32614.51329,57667.84375,58622.90351,59295.01683,,,363
89.03865198,89.03854435,89.03873162,516.5899658,516.3179321,516.8356323,9,3,3,3,1,21314.50825,21706.96276,20865.16322,12495.05045,11957.22109,12492.28977,21914.17703,23526.63266,23176.52461,,,14
89.50680348,89.50674331,89.50696612,1645.318542,1645.061523,1646.835,8,3,3,2,1,242763.0933,210193.835,206252.0132,432763.8465,516827.1708,429429.5712,370677.186,310623.9103,385356.4607,,[3M+2H]2+ 59.0036,47
90.50699091,90.50682552,90.50714683,1643.537781,1643.513062,1643.859375,8,3,3,2,1,66280.48058,65814.59805,65149.73963,78803.32123,73670.06436,77981.30575,74713.8015,69863.79169,77124.98007,,,315
90.97663841,90.97652919,90.97675004,65.83061981,65.52590942,66.0614624,9,3,3,3,1,24026.79341,24611.81622,24894.72,22811.27356,24874.02083,25479.60011,24823.51931,25294.66647,24961.43118,,[M+2Na]2+ 135.975 [M+H-HCOOH]+ 135.975,83
90.97667675,90.97666487,90.9769203,1640.206,1640.175659,1640.243652,7,3,2,2,1,103217.5089,102740.2749,113685.6551,102635.7206,93907.06513,94597.59154,102056.2838,74675.41374,107719.137,,[M+2Na]2+ 135.975 [M+H-HCOOH]+ 135.975,32
90.97663904,90.9766219,90.97665223,4.939370155,4.931148529,5.228487492,3,3,0,0,1,419717.0679,423011.0046,431811.2711,259.019065,800.6531346,641.9655651,367.1346205,267.2906444,914.9764373,,[M+2Na]2+ 135.975 [M+H-HCOOH]+ 135.975,20
90.97664014,90.97662986,90.97664334,1459.677856,1453.081177,1463.476,6,0,3,2,1,191256.8701,190702.8634,190969.0342,121789.1902,76872.44516,85000.06639,59834.16273,203045.0142,171366.1463,,,133
91.05422954,91.05416094,91.0543014,491.1776428,490.872,491.4045715,9,3,3,3,1,20064.27238,19090.00013,20112.43985,10911.195,10222.99212,11170.24194,22577.41487,21613.56154,22320.81,,,21
91.05426389,91.05418837,91.05434497,537.2514648,536.5419312,537.2717896,9,3,3,3,1,65094.64548,61662.17451,64264.70078,39962.17782,39068.09553,39701.84142,63443.19562,73891.12923,73332.28433,,,1
91.05426526,91.05420975,91.05435303,680.2237549,679.9442749,681.4788208,9,3,3,3,1,28914.50605,28085.1375,29020.44044,14368.71882,14090.69459,14972.80156,32071.27397,32492.84488,31444.29382,,[M+2H-C2H4]2+ 208.126,2
92.02568797,92.02562401,92.02573003,507.4077148,507.178009,507.6645813,9,3,3,3,1,43664.77082,41077.77032,41147.91226,24877.52471,25489.13434,25796.7707,47017.2366,47625.91886,48837.54253,,[M+3H-C2H4]3+ 301.085,8
96.92175217,96.92149848,96.92180379,67.59300232,67.32467651,67.61003876,9,3,3,3,1,15016.36675,13763.24444,14352.60589,10671.559,14287.35944,13943.65412,14585.51822,14239.71671,14443.23111,,[M+Na]+ 73.9315,85
97.96875985,97.96860495,97.9689675,1644.101624,1644.023,1644.303711,8,3,3,2,1,63228.23805,58896.8389,60464.5827,110013.3238,110819.4017,103719.776,107474.1944,97347.27059,110757.013,,[M+K]+ 59.0036,47
97.9687259,97.96861453,97.96880353,1749.172852,1744.338379,1752.235474,7,3,1,2,1,1361.304,28737.65009,29580.24087,24185.41602,28749.83608,15891.33818,29438.7129,20691.29109,16828.48491,,,289
97.96878745,97.96866604,97.96885163,1660.357666,1655.507202,1663.681885,7,3,1,2,1,28951.272,114820.5884,88568.28255,121899.0537,135978.1622,98144.60163,110755.1983,87410.20532,78460.44989,,[M+H-CO2]+ 140.951,72
97.9686376,97.96858736,97.96870982,16.50927639,15.87133694,16.89021873,4,0,1,3,1,31935.03281,29217.64797,31616.01376,25955.00638,41244.56745,43464.85049,41901.77502,45332.19565,52064.77099,,[M+H-CO2]+ 140.951,79
97.96877277,97.96866073,97.96883466,1687.57019,1684.539429,1689.355469,5,3,0,2,1,22859.28929,25533.22888,52378.17658,18904.55621,30387.96479,19938.5048,28765.20485,21427.7481,31204.10633,,,233
97.96874213,97.96866225,97.9687966,1711.661377,1707.43396,1718.102661,8,3,1,1,1,18993.65813,3129.60375,18679.9323,24767.18322,25955.61056,8920.976923,27438.7132,25713.5089,18361.91762,,,264
97.96872003,97.96866298,97.96881185,1729.798096,1726.249512,1732.102417,5,3,1,1,1,12284.08188,6668.075077,22586.58048,19691.01316,22781.81717,14783.90933,22919.6496,19229.4988,22553.38487,,,286
97.96876812,97.96873101,97.96879409,1783.741943,1781.315918,1784.421143,3,3,0,0,1,18757.68294,14205.68417,14057.85467,11532.80649,14702.48712,13379.86854,13976.96794,12105.41962,14457.75269,,,290
97.96877625,97.96876672,97.96884513,1771.985107,1771.070313,1774.988281,3,3,0,0,1,6744.189375,10762.6575,12342.288,7075.215567,7978.828425,8869.965445,7335.852764,7092.766827,8525.905349,,,291
97.96878799,97.96873426,97.96884396,1797.818542,1793.878174,1800.130493,4,3,0,0,1,6177.445313,14896.49395,10579.56507,10119.9136,7839.746468,6432.410741,8539.742565,6945.528218,11050.32848,,,292
98.51207564,98.51199527,98.51223485,1645.823181,1645.323242,1646.581,8,3,3,2,1,103341.8428,144922.7287,159487.6331,245422.9112,247538.4884,193293.7923,171595.9275,172477.0586,201610.088,,,47
98.95161398,98.91887571,98.98422683,69.12020111,67.32467651,71.17340088,18,3,3,3,1,100881.1539,5316.29475,5005.304167,5190.021875,5511.785882,115248.6494,5286.000231,115309.7299,5230.458933,,,92
99.51226923,99.51205863,99.51231232,1643.532471,1643.513062,1643.79834,5,0,3,2,1,13334.65104,27738.84222,9852.657304,44980.18915,44213.90976,43504.22668,41590.93843,33473.08105,42199.38208,,,315
101.003185,101.0030064,101.0032652,85.69576263,85.66924286,85.95054626,7,3,2,2,1,189474.2897,195338.9885,192239.4789,118708.0122,103531.7184,127092.1759,173750.8615,181841.0489,178048.1114,,[M+Na]+ 78.0131 [M+2Na]2+ 156.029,31
102.0549453,102.0548799,102.0550064,71.64331818,71.40834045,71.68299866,9,3,3,3,1,18899.54088,18595.49608,18836.97075,18449.29978,19034.82963,19237.89365,18583.148,18781.20176,17990.72524,,[M+H]+ 101.048,54
102.1277797,102.1277371,102.1280986,1640.73877,1640.704346,1641.262695,7,3,2,2,1,295517.46,291348.6784,292738.6159,344677.6558,334213.8645,335139.9476,291225.3301,232803.0881,340101.6824,[1][M]+,,309
102.0463446,102.0462832,102.0464493,623.7548828,623.7481689,624.1266479,3,0,0,3,1,7483.266351,7581.348765,7054.551282,4079.648378,3851.84406,4683.57653,9357.537969,8973.029655,8608.548552,,[M+H-CH4]+ 117.075,3
103.0543006,103.0541315,103.0543725,623.8832397,623.7481689,624.39,9,3,3,3,1,53704.91569,52901.576,54422.91064,31866.04565,25583.867,33046.42579,63328.19663,63714.32537,63330.0304,,[M+H-CH3]+ 117.075,3
103.0542087,103.0541287,103.0543217,220.8664551,220.3619537,221.1347198,9,3,3,3,1,30821.69975,29056.55545,30910.17496,32364.67958,32607.33,32501.09728,32705.47363,34690.89959,33864.8883,,[M+H-NH3]+ 119.073,40
103.1312561,103.1311148,103.1315027,1640.843506,1640.720093,1641.262695,6,3,1,2,1,23128.73407,21600.68733,21618.52022,25353.3015,23241.34222,24974.95484,21099.53613,19235.30558,25553.37578,[1][M+1]+,,305
104.0706024,104.070533,104.0706757,71.68,71.40834045,71.68299866,9,3,3,3,1,18086.26838,17770.61314,18694.0713,18883.92665,18959.86769,19133.884,19125.3528,18741.3791,19254.36229,,[M+2H-C6H10O5]2+ 368.189,54
105.0335436,105.0334024,105.033551,507.5079193,507.20578,507.895752,6,3,0,3,1,11994.52403,12127.54065,11900.89492,5714.729267,6205.125923,4408.873676,13883.89279,14284.17285,13240.78216,,,8
105.0699083,105.0698238,105.0699624,680.2237549,679.9442749,681.4788208,9,3,3,3,1,87863.8721,86528.13,88064.83538,43875.38003,43351.47286,44341.40653,96877.12924,98728.9154,97499.28867,,[M+2H]2+ 208.126,2
106.95054,106.9503954,106.9507742,66.06163788,65.78240967,66.086,9,3,3,3,1,14117.152,13783.12813,14182.74471,12141.81321,14575.048,14148.43686,14108.39123,14657.79938,14441.07343,,[M+2K]2+ 135.975,83
107.0491566,107.0490593,107.0492521,559.428,559.4185181,559.6737671,9,3,3,3,1,408064.9035,406693.8211,407917.5347,263969.0691,260057.07,266328.3191,416292.4705,437925.7923,438940.0612,[2][M]+,[M+H-COCH2]+ 148.052,15
108.0525231,108.0524163,108.0526172,559.4425659,559.4185181,559.6862183,9,3,3,3,1,32068.39151,31726.90902,32709.24095,20718.34989,20588.69024,20828.29283,32071.9536,34949.17125,33708.44472,[2][M+1]+,,15
110.0086761,110.0085468,110.0087769,62.273,62.20095444,62.53038406,9,3,3,3,1,70304.17156,66851.30818,68367.91286,57838.225,58155.18606,62051.82249,59095.57455,60779.71036,59729.6205,,[M+Na]+ 87.0213,96
111.0099162,111.0097512,111.0100662,62.27484894,62.20095444,62.50634766,9,3,3,3,1,10651.04362,10226.20067,10213.60091,8679.04,8297.839565,9057.855,8420.720842,8710.416,8177.985529,,,96
112.0062629,112.0061035,112.0063947,62.27484894,62.20095444,62.53038406,9,3,3,3,1,10250.95735,9257.405389,10299.016,7960.2876,8294.283333,9009.405,8113.765895,8318.8004,8586.611136,,[M+H]+ 110.995,96
112.8956749,112.895437,112.8958095,67.59300232,67.32467651,67.61003876,9,3,3,3,1,54801.02263,53204.99916,57163.89075,46663.5939,55615.9965,55336.0197,54671.36632,54706.954,55414.14815,,[M+K]+ 73.9315,85
112.9997711,112.9996727,112.9998988,72.43845367,72.39656067,72.70571136,9,3,3,3,1,8247.447484,8050.115741,7439.392,8444.546654,8037.28484,8849.667276,7201.16775,8376.139214,8098.012276,,,319
113.9636697,113.963584,113.9638613,1645.5672,1644.80127,1646.835,8,3,3,2,1,356448.1786,360482.7988,794393.3171,875054.896,1276812.316,857145.1472,713458.497,699339.018,720884.4666,,[M+Na]+ 90.9766,47
114.8930432,114.8927791,114.8931573,67.59300232,67.32467651,67.61003876,9,3,3,3,1,26121.284,26295.83289,27313.302,23174.42325,26910.284,25695.635,26913.828,26092.48394,27133.5623,,,85
115.0542512,115.054102,115.0542942,750.5266724,750.4140015,750.76,9,3,3,3,1,15744.66444,15991.07621,16467.63671,10145.2129,10063.63427,10802.516,19306.45362,19179.81917,20012.15351,,,16
115.0542432,115.0541303,115.0543195,680.2237549,679.7420654,681.4788208,9,3,3,3,1,46909.53503,48192.85476,48714.30332,25462.72889,25378.90195,26323.12635,56844.131,58376.92488,58249.09118,,[M+H+Na]2+ 206.11,2
116.0705723,116.0704142,116.0706848,75.24376678,75.13452911,75.25189209,9,3,3,3,1,56914.25422,55029.56297,55172.42813,56720.73071,57522.57417,57186.36056,56810.70268,57940.83582,56495.01929,,,104
117.0334709,117.0333836,117.0335515,516.4886475,516.3179321,516.8356323,9,3,3,3,1,45879.82439,46200.94877,45751.29954,26566.53558,25134.08694,25251.98267,45826.53223,48576.6695,48484.61123,,[M+2H-C6H8O6]2+ 408.089,14
116.9760737,116.9760382,116.9761241,1711.498352,1710.735352,1715.030273,4,0,1,3,1,16205.37457,17169.90324,18217.43827,21653.51976,12395.87421,12500.80298,14203.64026,4345.554111,14067.37338,,,377
116.9761448,116.9760505,116.9762353,1721.549194,1719.408813,1723.737183,4,0,1,3,1,30964.48976,30000.40783,30718.16852,12131.90521,26582.27536,25926.55306,16303.98482,31287.74961,19833.65408,,,268
117.0698966,117.0698161,117.0700021,680.2237549,679.9442749,681.4788208,9,3,3,3,1,150176.5571,147078.9133,151403.1058,74292.80253,73284.2055,75545.65433,160972.3442,164091.9775,165638.3617,,[M+2H]2+ 232.126,2
117.0572833,117.0571958,117.0574515,537.25,536.5419312,537.2717896,8,3,3,2,1,255234.7019,251790.5354,256285.8878,155439.6817,156318.662,157155.4482,116758.3265,287806.0353,285442.6746,,,1
117.0572791,117.0571352,117.057397,635.8895874,635.5241089,636.0568848,6,3,0,3,1,16875.92894,17026.944,16784.52882,5438.412325,6325.716621,6980.342823,17086.03106,16041.572,17094.30316,,[M+H]+ 116.051,59
118.086217,118.0860621,118.086389,83.90539551,83.65349579,84.14749146,9,3,3,3,1,79410.82206,78021.05434,79023.96838,58675.11984,75171.39027,76527.58331,78099.96124,80850.83344,79683.69094,,[M+H-CO2]+ 161.069,86
118.0863332,118.0861825,118.086452,623.8811646,623.7481689,624.1266479,8,3,2,3,1,224703.2463,224427.84,224167.7993,125004.4959,110359.112,127247.4123,213044.8727,212939.032,213701.1386,[3][M]+,[M+H]+ 117.075,3
118.0650885,118.0650055,118.0652598,537.25,536.5419312,537.2717896,8,3,3,2,1,2972355.681,2929763.083,2968333.244,1683963.067,1684254.946,1711810.44,1118997.98,3102873.638,3097165.019,[4][M]+,[M+H-CO]+ 145.052,1
118.0731617,118.0730784,118.0732162,680.1773987,679.9905396,680.2377319,6,3,0,3,1,14132.33513,13877.62726,14425.36366,6507.241104,6419.036957,4782.624878,15927.5544,15696.81782,15422.40452,,,2
119.0491303,119.0490064,119.0492384,491.1279907,490.872,491.4045715,9,3,3,3,1,191630.3483,189618.2579,195101.9309,105705.0595,93476.67884,106752.2844,197163.2633,199538.2804,206636.6662,[5][M]+,[M+H-HCOOH]+ 164.047,21
119.0684417,119.0683515,119.0685971,537.25,536.5419312,537.2717896,8,3,3,2,1,268408.5767,263354.7157,265987.2773,151956.3709,153836.227,154249.5609,101095.3076,281676.4928,279340.8185,[4][M+1]+,,1
119.0896527,119.0894543,119.0898458,623.8828125,623.7481689,624.3828735,6,3,0,3,1,12014.61282,12432.59392,12922.75765,5217.573406,5756.654565,6446.423765,11691.01188,10870.40576,11949.37791,[3][M+1]+,,3
119.0491553,119.0490729,119.0492177,125.5489006,125.1711273,125.9316254,4,3,0,1,1,21173.52991,18957.4072,21093.39804,13195.95195,7622.689847,13455.7341,16010.96166,8338.448636,21245.74518,,[M+K]+ 80.086 [M+Na]+ 96.0599 [M+H]+ 118.042 [M+H-HCOOH]+ 164.048,70
120.020583,120.020459,120.0206904,507.433,507.178009,507.895752,9,3,3,3,1,32235.68346,31071.943,31934.67771,17737.47731,17281.11431,17521.30121,32126.7827,34198.24911,33156.64619,,,8
120.0525047,120.0523722,120.0525623,491.128,491.0393372,491.4264832,9,3,3,3,1,17319.88494,16344.56471,16795.8355,8911.995,8247.363556,8180.599935,17005.51488,18092.41047,18150.71108,[5][M+1]+,,21
120.0807499,120.0806178,120.0808844,220.8747864,220.610672,221.1300354,9,3,3,3,1,415369.0147,408701.4151,420271.7548,398232.89,409907.3453,408135.1495,410436.8705,423357.3958,422761.185,[6][M]+,[M+H]+ 119.073,40
120.04438,120.0441605,120.0444905,343.9933167,343.8128052,344.1997375,8,3,3,2,1,9628.166759,9948.158824,9616.167118,8963.217187,9397.769727,8568.617333,8764.239394,9804.8256,9205.278064,,,131
120.0717838,120.0716099,120.0718949,537.1453857,536.5419312,537.2717896,6,3,0,3,1,10374.71264,9406.1968,10132.90509,4791.4046,4847.064169,4641.560402,9134.908258,9901.409697,9923.517793,[4][M+2]+,,1
121.0840962,121.0839422,121.0842409,220.867218,220.6079865,221.1300354,8,3,2,3,1,38760.55071,36874.96933,37206.20454,30715.44867,37993.15585,38110.79615,37511.86425,39069.07793,37723.25913,[6][M+1]+,,40
122.096451,122.0964282,122.0968692,1640.999084,1640.961304,1641.262695,8,3,3,2,1,78090.46424,78990.56,84778.0554,87064.56353,91678.53489,86111.34158,76897.48238,59524.27797,87582.60763,,,306
122.9244281,122.9243072,122.9247211,66.10151672,66.03890228,66.33883667,9,3,3,3,1,21944.202,21455.24713,22183.5975,21626.21159,23731.06171,23658.0608,23321.93744,22822.68629,23339.68267,,[M+H]+ 121.917,83
122.9639896,122.9639083,122.9640269,1698.847046,1696.477905,1699.539063,5,3,1,1,1,3702.834,27021.15762,22478.7125,19403.16195,25666.9579,33200.46708,26940.49701,17528.69856,23411.024,,,251
122.9639664,122.9638072,122.9640419,1715.923401,1709.462158,1719.887451,8,3,2,1,1,16956.60492,10795.8391,7451.1,6721.530947,13530.65684,1342.5425,14998.58463,12964.79017,17203.5424,,,137
123.0279009,122.963916,123.0919651,1645.573425,1645.297485,1646.835,16,3,3,3,1,103006.1178,158249.9728,104598.0773,419725.1053,105603.0814,111199.1112,110507.5741,109738.6662,172449.236,,,47
123.0551796,123.055096,123.055369,112.8032379,112.3432922,113.1376877,9,3,3,3,1,82710.21845,109661.2248,74327.03517,76752.88829,85127.1512,81871.21393,72994.07354,74343.3932,76644.97718,,,114
123.0551685,123.055156,123.05534,85.66924286,85.43499756,85.93900299,5,0,2,3,1,37099.46839,37810.36222,37611.00564,50868.9959,40735.1096,45241.11415,42349.53867,43409.60843,43411.10707,,[M+3H-C6H10O4]3+ 512.2,31
124.0392356,124.0390139,124.0394326,85.44322205,85.41622925,85.70391846,9,3,3,3,1,18854.807,18749.87573,19174.72028,17169.48768,16909.51034,17961.56686,19259.89289,18505.802,18640.41396,,[M+H]+ 123.026,31
124.0869647,124.0868574,124.0873924,1640.961121,1640.704346,1641.262695,8,3,2,3,1,150425.3443,148732.8783,150885.8777,162905.8835,157374.0875,159741.6168,144284.3183,199059.7806,162240.3123,,,307
125.9862029,125.9860253,125.9863728,62.26939392,61.94667816,62.53038406,9,3,3,3,1,27478.58145,26830.08571,25973.22545,16673.89124,17674.79663,17536.8123,18508.27832,24040.73759,21084.78667,,[M+K]+ 87.0213,96
127.0389174,127.0388263,127.039152,559.4281311,559.4175415,559.6737671,8,3,2,3,1,19007.3832,19790.541,19242.15524,11998.86477,10728.60493,12149.84205,19518.14872,19853.19198,19684.73426,,[M+H-COCH2]+ 168.042,15
128.0192141,128.0191129,128.0193632,62.27392447,62.20095444,62.53038406,8,3,3,2,1,6370.996,6475.402727,6743.7916,6346.494,6148.877941,7124.445,6087.766333,6059.836235,5503.225579,,,96
128.0620103,128.0618947,128.0621272,680.2377319,679.9905396,681.4788208,9,3,3,3,1,20862.59945,20541.20108,20991.83634,10613.45646,11231.16706,11258.08413,25944.71648,26044.0524,26411.58397,,[M+H+Na]2+ 232.126,2
128.0495317,128.0493193,128.0496503,623.8865356,623.7548828,624.3828735,6,3,0,3,1,13365.22052,12918.46664,13677.93141,5083.228652,5924.919411,7345.224772,15324.9554,13755.85624,14592.52503,,[M+Na]+ 105.057,3
128.1071304,128.1070198,128.1074894,1640.843506,1640.717,1641.262695,6,3,1,2,1,109055.085,108495.3712,109062.1461,113903.7149,108755.3494,111915.5545,95493.01219,80029.72861,114418.2104,,,308
129.0130323,129.0127901,129.0130771,85.92121124,85.69036865,85.96118927,5,3,0,2,1,10138.09397,9985.741379,10558.15411,2730.719149,2583.611527,3182.627248,7990.22525,7530.925714,7712.710289,,[3M+H+Na]2+ 78.0131 [M+H-C2H4]+ 156.029,31
129.0697375,129.0696441,129.0699542,680.2237549,679.7420654,681.4788208,9,3,3,3,1,44816.52139,44117.2166,45505.60663,23194.70606,22532.45194,22924.55089,50125.95927,51010.56643,51763.74937,,,2
130.007953,130.0078702,130.0080644,1657.295166,1656.503174,1657.866699,7,3,2,2,1,230520.083,246927.8659,236717.6931,236814.622,225291.9575,240407.1071,249313.7655,213696.8931,247500.597,,,332
130.0652164,130.0649837,130.065344,623.8832397,623.7481689,624.14,9,3,3,3,1,3310603.566,3281652.281,3301137.008,1869637.699,1745859.483,1908211.51,3472823.367,3519266,3490991.234,[7][M]+,[M+H-CO]+ 157.053,3
130.0498421,130.0497549,130.0500091,71.42852783,71.38818359,71.68000031,9,3,3,3,1,73591.32726,71338.90436,73455.53732,72015.72979,72525.26554,74827.47568,73604.63463,74328.1875,74274.75842,,,54
130.0651416,130.0650032,130.0652619,636.3815308,636.0261841,636.4160767,8,3,2,3,1,303548.2089,300208.2452,298186.6384,155808.1593,112499.7355,158716.1864,290677.1123,291885.4948,298574.4914,,,59
130.064991,130.0649445,130.0651176,900.2797852,900.275,900.8005371,6,0,3,3,1,7960.898267,7724.975776,9051.619885,14622.48118,15030.50117,15005.96914,14522.2515,15479.58732,14930.38094,,,4
130.1590242,130.1590097,130.1590362,4.709690571,4.699364662,4.739012241,3,3,0,0,1,11895.64942,12265.44731,13047.8656,NA,NA,NA,NA,NA,NA,,,20
131.0685635,131.0683635,131.0687009,623.8832397,623.7481689,624.14,9,3,3,3,1,336716.0696,334495.0527,336485.9006,189387.4203,177900.9648,192381.4629,352866.1381,357401.7293,356863.7788,[7][M+1]+,,3
132.0035599,132.003481,132.0036346,1657.011963,1656.245483,1657.793,5,1,3,1,1,137505.5003,139611.9999,134523.9259,108456.1836,140985.2903,144840.7724,124523.9937,121307.7812,47439.99884,,,217
131.9617375,131.9616842,131.9621489,1640.704346,1636.356201,1641.262695,7,3,2,2,1,239954.9158,288912.5529,320651.1123,294076.4387,123982.9867,94413.25662,77202.47256,162793.5019,219241.4831,,,310
132.1018937,132.1017743,132.102057,124.4103546,121.8384171,125.9367065,8,3,2,3,1,200844.4431,197451.9142,200252.5333,101259.4203,158073.4118,97185.26013,97022.12962,202810.4775,107268.449,,[M+H+NH3]+ 114.074,70
132.0717809,132.0715859,132.071877,623.8828125,623.7481689,624.3828735,6,3,0,3,1,14173.0344,13741.54714,15374.02142,7773.537755,6478.395501,7151.064204,15992.99,13871.69859,15614.90013,[7][M+2]+,,3
133.0316353,133.0314742,133.0319299,85.43925476,85.17958832,85.66501617,9,3,3,3,1,7739.593348,7316.152667,7573.488,7387.96887,6409.984118,6512.336,6949.886,7296.7008,7540.952381,,[M+Na]+ 110.042 [M+H]+ 132.024,31
134.0269442,134.0268494,134.0271157,76.40786743,76.26447296,76.52705383,9,3,3,3,1,17803.3856,17667.59911,17765.9437,17901.32615,17417.82215,17449.117,16387.3673,17864.25712,17781.81407,,,195
134.0362219,134.0361159,134.0363891,516.4448853,516.3179321,517.0836792,9,3,3,3,1,23962.61857,24438.38757,23789.7433,13468.96541,13062.3875,14179.18447,24074.60776,26585.983,26871.59457,,,14
135.1110531,135.0439234,135.1579274,507.3827972,507.178,507.895752,24,3,3,3,1,27664.17483,25235.06162,24667.71326,7967.803043,7353303.688,7515.99619,22019.63867,33424.74908,35474.85726,,[2M+Na+2K]3+ 152.213,8
135.0440284,135.0438841,135.0442093,85.435,85.17958832,85.70391846,9,3,3,3,1,126178.2211,126438.1064,130346.8309,37973.07445,41789.37142,46419.13542,100978.4834,110296.7834,128950.1057,,,31
135.3319705,135.3314982,135.4541242,507.4077148,507.178,507.6645813,15,3,3,3,1,8602.689053,8057.356632,8133.801167,34003.03832,34477.785,34356.69962,8468.126118,9154.005833,8240.325,,,8
136.0616545,136.0614981,136.0619157,85.43499756,85.18,85.70391846,9,3,3,3,1,28295.57092,28590.61667,28007.16743,31030.70405,26331.79311,31205.11515,31381.9694,31760.5862,33433.66191,,[M+H]+ 135.052,31
136.0474691,136.0473626,136.0476228,507.4077148,507.178009,507.6456909,9,3,3,3,1,1217899.731,1200574.303,1214314.4,655770.676,650186.9554,665189.0397,1133263.918,1205610.889,1211665.181,[8][M]+,,8
136.0756562,136.0754903,136.0758494,125.9288025,125.4235306,126.1875076,9,3,3,3,1,110066.5092,109077.0976,102799.8096,100152.4399,103257.2433,96963.75481,102456.3517,104100.2211,106991.2906,,[M+K+NH3]+ 80.086 [M+Na+NH3]+ 96.0599 [M+H+NH3]+ 118.042,70
136.0758114,136.0755368,136.0758583,116.3218689,113.5425797,117.1341476,5,3,0,2,1,67661.79937,65986.05949,66618.01474,54847.30097,63135.06716,72846.07441,54687.25271,59644.57848,71245.87717,,,135
136.0732985,136.0732956,136.0733208,5.170216084,4.931148529,5.472931862,3,3,0,0,1,93030.13784,97622.75498,96471.04927,NA,NA,NA,NA,NA,NA,,,299
137.0018591,137.0015063,137.045914,85.94943619,85.68440247,87.42546844,14,3,3,3,1,52878.44826,51452.33419,50899.39055,20747.16613,20060.95484,19903.70814,23881.85265,42939.21427,43242.69165,,[3M+H+K]2+ 78.0131,31
137.0494298,137.0493107,137.0495417,507.3578796,507.178009,507.6645813,9,3,3,3,1,94449.02518,94317.89814,95721.69032,53166.10548,53085.645,53451.96859,91565.58293,95070.93893,96875.24724,[8][M+1]+,,8
139.0129216,139.0126568,139.0130889,85.93103409,85.66924286,85.96118927,6,3,0,3,1,11754.98042,10660.43534,10162.31346,1748.071004,2734.79336,2787.380558,10127.55028,9829.872571,10374.63179,,[M+H-H2O]+ 156.029,31
139.1118285,139.1118243,139.1119219,902.0669556,902.0664063,902.0751343,3,3,0,0,1,9051.486097,8566.944,8761.837875,1414.117148,1767.846659,1129.531745,1827.113037,1458.96738,1305.195155,,[M+3H]3+ 414.316,6
139.0501429,139.0498287,139.050397,85.43925476,85.41252136,85.6849823,9,3,3,3,1,9301.125,9759.750091,9625.854857,8195.980217,7632.123238,8492.74787,9438.894,9374.16687,8578.528263,,,31
141.0699302,141.0697765,141.0700574,750.6491699,750.4140015,750.7614136,9,3,3,3,1,16413.34933,16157.85877,17110.90811,10600.31359,9351.348,10379.62016,19435.62867,20473.10889,19617.21918,,[M+H]+ 140.065,16
141.0698389,141.0697254,141.0700333,680.2237549,679.9442749,681.7336426,9,3,3,3,1,21748.85713,21424.95568,21923.05256,9470.1075,10709.56425,10786.6803,24226.88358,25231.69756,24194.35649,,,2
141.9586,141.9584784,141.9588862,1644.184448,1644.027954,1646.326,8,3,3,2,1,237221.0166,238085.7881,233560.8738,434065.6643,1046785.016,407494.4626,471488.2383,382959.805,427879.4123,,,47
141.9586505,141.9584589,141.9587567,1658.801636,1655.542725,1663.682251,9,3,2,2,1,410844.7159,291623.3945,237013.9537,457989.4197,641737.0874,585997.4135,365036.672,476260.5376,278311.5824,,[M+H]+ 140.951,72
141.9585176,141.9584457,141.9586498,1715.800171,1712.259766,1719.117188,7,3,1,2,1,9469.376667,57002.376,82895.38691,90512.9198,110253.3095,81838.26308,61169.00191,88446.08667,80468.65357,,,366
141.9585463,141.9583977,141.95867,1744.334167,1741.277,1747.884766,8,3,3,2,1,47177.00704,77476.905,72329.63822,8272.455,114592.6977,71288.82126,86505.10295,71172.34403,58900.21385,,,167
141.958449,141.9582556,141.958553,16.63355255,16.12490082,16.89156532,5,0,2,3,1,149894.2178,146621.1282,153207.5992,165484.1011,195767.3601,196361.1838,191871.7335,242038.2097,230318.6835,,[M+H]+ 140.951,79
141.9585976,141.9584526,141.9586777,1790.173431,1786.75769,1791.989136,6,3,2,0,1,41469.99552,17731.2357,45328.78833,53962.95708,49956.18311,49715.543,52805.59634,35049.83314,53965.60394,,,174
141.9585627,141.9584579,141.9586606,1691.140259,1687.646362,1693.168823,6,3,2,1,1,75588.31104,70925.8415,155457.7397,141557.4714,191171.3215,146376.7975,195514.8692,153875.0709,142088.2008,,,113
141.9586075,141.9583874,141.9586302,1798.809,1796.24231,1799.706177,5,3,1,0,1,34541.2961,32886.44175,44294.25241,20897.726,48430.38511,14711.22273,29109.71198,11201.70773,44241.35051,,,181
141.9585913,141.9583879,141.9588622,1757.090698,1751.727051,1762.864136,9,3,3,1,1,85022.1492,62630.98244,29751.39627,59517.9975,74580.27659,103715.4596,87418.31752,83585.42071,94908.67124,,,165
141.9584251,141.958378,141.9585532,58.43124158,58.26148987,58.6243515,4,0,3,1,1,139285.8343,118791.1693,111546.2506,150559.8047,144688.2093,153007.2888,156326.8488,153538.5877,151345.1146,,,91
141.9584942,141.9584144,141.9586153,1769.152238,1766.568115,1769.741455,4,1,3,0,1,73669.22235,21363.49473,73500.0044,110014.1943,47285.69782,88610.03119,77135.36024,78270.73873,77883.27654,,,171
141.9586099,141.9584429,141.9586827,1701.566833,1696.980225,1708.441406,8,3,1,2,1,92001.748,8913.884,98647.86188,140018.5764,183482.5726,116336.1727,206272.9169,148308.3913,85885.07229,,,120
142.0773521,142.0772101,142.077466,750.5368042,750.4140015,750.7307129,6,3,0,3,1,11697.94626,11307.35048,11277.80282,5707.052399,5318.093676,5436.124311,13402.65225,13399.64063,13307.98903,,[M+H-CO]+ 169.066,16
142.94807,142.9478453,142.9481822,68.4939537,68.35118103,68.62483215,8,3,2,3,1,14151.75677,13802.40731,14587.63226,10997.71725,15235.58391,14748.56293,14692.33017,15314.89239,15689.6315,,,356
144.0807914,144.0806151,144.0809171,670.7745667,670.6078491,671.0223389,6,3,0,3,1,9637.606303,8159.984,9118.422625,3212.202444,3599.718759,1652.14016,9753.507273,10262.65418,9889.4278,,,121
145.028415,145.028319,145.0285756,516.4886475,516.3179321,516.8356323,9,3,3,3,1,120001.1472,121752.4849,120087.7496,62428.38808,61729.11095,65258.84267,108149.7818,119187.1829,120770.1147,[9][M]+,,14
144.9878419,144.9876265,144.9880541,85.69576263,85.435,85.96118927,9,3,3,3,1,49098.80929,48121.38955,48648.79694,17637.28307,16059.20533,19929.04413,49144.65274,47204.33007,48110.12652,,[2M+2Na+2K-H]3+ 156.029,31
144.9821208,144.9819572,144.982624,1637.366943,1632.99646,1640.725098,9,3,2,3,1,331588.3964,388737.7285,386950.3483,437147.5219,414413.6498,142980.7438,110363.3055,120141.1528,461774.6769,,,90
145.0521281,145.0519015,145.0522014,537.2446289,536.5419312,537.2717896,5,3,0,2,1,12914.90812,13770.80804,13744.92493,8397.402821,8835.246497,9348.536034,6406.901488,13584.74512,13952.02713,,[M+2H]2+ 288.097,1
146.0070917,145.9865909,146.0071699,85.94832611,85.68440247,86.20040894,7,3,1,3,1,20604.12413,20266.51123,21098.64913,8699.865623,7540.771373,8687.483345,8913.771889,19458.55707,19729.4632,,[M+Na]+ 123.026,31
146.0319667,146.0318338,146.0320535,516.652771,516.3417358,517.0836792,6,3,0,3,1,11278.395,10408.032,11148.5613,4930.024032,4839.390306,3965.384961,10449.11955,10856.46957,11646.08893,[9][M+1]+,,14
146.0603389,146.0384807,146.1298125,537.2485352,536.5419312,537.2935791,17,3,3,3,1,29106.77032,29187.73846,12253226.39,8213806.873,8198938.663,8240967.38,21101.007,19866.41108,11859588.51,,[M+H]+ 145.052,1
146.0923995,146.0921248,146.0925901,85.41252136,85.16613007,85.44987488,9,3,3,3,1,8104.112609,6508.242,7681.438286,7924.717333,7410.612455,7267.784632,7266.370833,7588.30019,7829.07392,,,31
146.3593597,146.3589239,146.4869494,537.2485352,536.5419312,537.2935791,14,3,3,3,1,9691.128,9034.905,112022.2142,45467.76545,45793.7607,45294.732,9264.531789,12283.35,11826.90056,,,1
146.9803086,146.9802485,146.9808593,1637.19458,1636.584351,1640.450317,7,3,2,2,1,184715.045,264348.2184,163059.6029,206299.9254,190895.0971,72421.82182,103193.5129,127348.1919,218741.018,,,90
147.0440333,147.0438838,147.044189,491.1279907,490.872,491.4045715,9,3,3,3,1,1815846.663,1799105.846,1835342.128,921881.8774,784648.4515,930349.8696,1699268.476,1745642.206,1778787.671,[10][M]+,[M+H-H2O]+ 164.047,21
147.0633005,147.0632048,147.0635464,537.25,536.5419312,537.2717896,8,3,3,2,1,1583691.915,1569634.65,1587738.291,850958.6959,849522.4944,858213.0143,542111.9259,1547633.005,1554188.143,[11][M]+,[M+Na]+ 124.072,1
147.0441007,147.0440394,147.0441215,125.4235306,125.4173279,125.6766434,3,3,0,0,1,19177.3833,20401.72748,19322.88,11007.33881,8250.506468,9790.846226,15469.05145,7228.667476,14925.42315,,[M+H-H2O]+ 164.048,70
147.0440858,147.0440847,147.0441308,116.7043686,116.3218689,117.3815842,3,3,0,0,1,11691.16954,11578.97594,11238.25015,5758.887976,7242.700551,8047.913016,10488.29378,8126.617994,10337.46451,,,194
148.04745,148.0473101,148.0475888,491.1279907,490.872,491.4045715,9,3,3,3,1,184108.0669,180070.7753,184049.8714,93618.44397,83184.50203,94541.1344,169749.4534,176139.8862,179563.7451,[10][M+1]+,,21
148.0604489,148.0603097,148.060578,71.64331818,71.40834045,71.68299866,9,3,3,3,1,221027.0611,216500.2272,220548.7997,217770.1831,226877.6244,226323.8508,223346.8418,224247.4077,224622.2015,[12][M]+,[M+H+HCOOH]+ 101.048,54
148.0659398,148.0658439,148.0661244,537.246582,536.5419312,537.258,8,3,3,2,1,99906.51851,95895.97086,98290.23571,54040.07936,54673.64185,55423.87347,34083.51228,97722.63,98511.60029,[11][M+1]+,,1
148.0617428,148.0616457,148.0618713,420.548111,420.3062744,420.8091736,6,3,0,3,1,20031.32444,18380.91273,19446.063,6934.332933,5090.146241,8152.870647,18751.44547,19835.6227,19930.34967,,,28
149.0232714,149.0231287,149.0235713,994.2412109,994.1311646,994.7197266,7,3,2,2,1,13359.56516,14409.03,14062.11747,14169.243,13960.41551,14076.45598,12625.93159,13273.03297,13961.97114,,,94
149.0596706,149.0595471,149.0598899,559.428,559.4185181,559.6737671,9,3,3,3,1,103946.8481,103174.7555,104599.2653,60217.7678,59016.43381,60414.76341,95908.41126,100354.2432,99913.77644,,[M+H]+ 148.052 [M+H-C6H10O4]+ 294.112 [M+3H-C5H8O4]3+ 576.204,15
149.0597199,149.0596003,149.0598788,516.4448853,516.3179321,516.8356323,9,3,3,3,1,130070.8631,131899.1819,133050.9536,73709.03453,71292.85484,74943.58282,128146.0969,140642.003,141985.4981,[13][M]+,[M+H-HCOOH]+ 194.057,14
149.0637209,149.0636276,149.0638703,71.64331818,71.40834045,71.93775177,9,3,3,3,1,12331.70497,11953.68697,12331.80338,12756.558,12927.85176,13135.6956,12685.37885,13233.234,13440.1005,[12][M+1]+,,54
149.049669,149.0494053,149.0498493,491.1279907,491.1234741,491.4045715,6,3,0,3,1,14629.30971,14170.65417,13347.84793,6247.084031,6309.285205,6430.537207,13297.43203,13119.35943,13897.99856,[10][M+2]+,,21
149.9527566,149.9525098,149.9529037,62.52586746,62.4572525,62.56079865,9,3,3,3,1,11759.55476,7400.615053,7172.1104,6432.076842,6550.536,8204.950579,5677.065,6633.5425,8508.914842,,[M+K]+ 110.995,96
150.0582122,150.0580049,150.0585054,85.44322205,85.18,85.93900299,9,3,3,3,1,25331.10933,25598.07639,26170.42372,25996.99382,22125.05331,24591.8959,25370.52052,27275.783,26013.54571,,[M+Na+NH3]+ 110.042 [M+H+NH3]+ 132.024 [M+H-C6H8O6]+ 325.082,31
150.1124375,150.1123052,150.1125404,70.15266418,70.12453461,70.4066925,9,3,3,3,1,9573.429333,8609.222435,9220.01725,7776.9885,8286.830087,8247.798545,7484.638571,8213.949333,7923.898889,,,92
150.0631151,150.0629567,150.0631709,516.6028442,516.3344116,516.8356323,6,3,0,3,1,12621.6816,12997.42322,12317.54031,6267.727548,4874.049811,4908.318415,11835.88344,14021.03236,13962.64545,[13][M+1]+,,14
150.127916,150.1277486,150.1282591,1641.462036,1641.238037,1641.545654,5,3,0,2,1,72574.50791,65699.52051,66814.68505,51384.5275,54844.48329,58033.21777,72745.9472,47453.83561,72160.87968,,,101
151.0351833,151.0349183,151.0354251,62.26939392,62.20095444,62.52958298,9,3,3,3,1,8404.035,7633.241111,7924.0252,6901.033765,6879.668889,7374.956952,7677.20835,7442.136842,7561.765579,,,96
151.0964655,151.0388278,151.096665,563.9925537,559.4185181,564.5048218,15,3,3,3,1,14070.43313,13359.87972,13821.77867,8126.135571,9494.78288,8359.215857,8187.871852,8814.289321,8726.352917,,[M+H-C4H8]+ 206.152,35
152.0620743,152.0619635,152.0621534,750.546936,750.4140015,750.76,9,3,3,3,1,13781.77714,13473.24397,13885.71864,8775.080714,8536.343613,8380.112464,16990.56382,16688.0116,17473.848,,[M+H-H2O]+ 169.066,16
152.0705153,152.0563809,152.0708023,85.43925476,85.41622925,85.70391846,9,3,3,3,1,84279.68597,83572.18026,83986.37323,31267.0176,28281.283,32528.5324,14630.22984,79617.08563,79391.61319,,[M+Na]+ 129.078,31
152.0706817,152.0704796,152.0707301,95.93797302,95.76287079,95.97916412,5,3,0,2,1,36133.12533,35985.79821,36488.10916,9088.678162,3835.983948,10752.95393,29668.90631,32786.38968,34382.20395,,,193
153.009997,153.0097171,153.0102449,85.93900299,85.68440247,85.96118927,9,3,3,3,1,28159.31845,27773.47445,27978.70981,10749.25653,8913.948667,11263.90138,25904.44943,25003.77897,25266.04048,,,31
153.069721,153.0695465,153.0698122,750.5266724,750.4140015,750.7546387,9,3,3,3,1,26983.67321,25848.5095,26970.31174,16061.721,16097.83482,16278.35384,30328.24333,31726.44205,30427.632,,,16
153.1274348,153.1273084,153.1277346,1009.192993,1008.919067,1009.262329,9,3,3,3,1,11377.84555,11358.7056,11957.01818,12187.85053,11044.63,11467.11986,12260.25862,9860.349125,11923.82621,,,11
153.0546328,153.0545052,153.0547871,507.4077148,507.178009,507.6645813,9,3,3,3,1,4432525.944,4363187.701,4448156.279,2128006.147,2135188.162,2141784.346,3986217.152,4265798.857,4248496.012,[14][M]+,[M+H]+ 152.045,8
153.0406672,153.0404507,153.040782,124.9103012,124.6499481,125.1704559,8,3,2,3,1,35897.99569,38961.63092,41252.97797,33915.96152,33124.40544,41662.20953,34520.74033,32141.141,34251.78283,,[M+K]+ 114.074,70
153.0407778,153.0407722,153.0407967,112.0518417,111.82901,112.8877411,3,3,0,0,1,25806.577,25699.49047,25203.75081,16084.57749,17141.6115,19806.7916,23569.0016,18369.38423,22818.88785,,,114
153.2219026,153.2215893,153.3606398,507.4077148,507.20578,507.6645813,7,3,0,3,1,6320.235714,6466.378769,6617.787,784.9673665,1143.05009,896.2492608,6507.59475,4422.654562,6985.048,,[M+H]+ 152.213,8
154.0772774,154.0771606,154.0774415,750.546936,750.4140015,750.76,9,3,3,3,1,18290.52622,18271.04033,18618.14067,10501.7352,10060.03957,10648.64677,21695.48797,21992.32722,21825.0376,,[M+3H-CO2]3+ 503.194,16
154.0580696,154.0579392,154.0582162,507.2355347,507.178,507.6456909,9,3,3,3,1,410799.7882,404873.6507,405623.0082,197633.8445,197987.1423,200399.395,370524.132,396399.9577,390837.6293,[14][M+1]+,,8
154.0650682,154.0649748,154.06515,869.9631379,869.9433594,870.2183228,6,0,3,3,1,5484.467316,4408.558352,5547.420814,9465.62069,9668.002,9773.137467,10266.528,10473.09039,9570.509259,,[M+H-H2O]+ 171.068,13
155.0597736,155.0596575,155.0599204,507.4077148,507.178,507.895752,9,3,3,3,1,41796.45881,41335.00589,41229.47858,20558.4225,19900.2442,20850.61661,38195.119,40817.9625,41353.42779,[14][M+2]+,,8
155.0855047,155.0853929,155.0856959,680.2237549,679.7420654,681.4788208,9,3,3,3,1,82494.79924,81010.95502,81979.28824,41227.69937,41391.2133,42666.83181,89275.24873,91152.7331,89314.71028,[15][M]+,,2
155.0850895,155.0849017,155.0851608,750.6381531,750.5266724,750.7546387,6,3,0,3,1,12312.81935,10363.21359,11455.29355,6533.18274,4741.382682,6601.132071,13227.38353,12981.58772,13617.0264,,,16
155.0603141,155.0601128,155.0604669,636.0187988,635.7776489,636.3103027,6,3,0,3,1,10782.48453,10148.14121,9482.9625,3430.488438,3391.570478,4702.327367,8844.4796,8574.925625,9164.246571,,,59
155.5413008,155.5411557,155.5414154,750.5057373,748.977356,751.4827881,7,2,2,3,1,35410.18366,34790.72257,30883.32767,25705.84289,20338.76859,26559.25935,14940.62922,31906.00444,31471.0548,,,16
156.0680773,156.0679427,156.0681947,635.8778687,635.7776489,636.3103027,9,3,3,3,1,21324.20223,20716.1272,20199.59786,13224.26994,14033.87771,13163.43085,21901.8436,21094.44085,21414.9,,[M+Na+NH3]+ 116.051,59
156.088841,156.0887943,156.0888672,680.2237549,680.1569214,680.2377319,3,0,0,3,1,9136.424727,9277.179868,10120.35131,4116.316141,4531.274759,3742.224659,11175.61789,11673.15411,10955.21806,[15][M+1]+,,2
157.0351069,157.0348832,157.0353633,85.69036865,85.43499756,85.91747284,9,3,3,3,1,80591.09716,80832.43945,79718.48855,38557.4064,35365.10439,40192.98307,79661.62059,78992.13484,78786.57675,,[2M+H]+ 78.0131 [M+H]+ 156.029,31
157.0759164,157.0758284,157.0761095,635.8778687,635.5241089,636.1259766,9,3,3,3,1,111792.2256,109823.622,108921.1338,48788.43361,48410.19658,48251.86567,102171.3193,105404.0908,104459.3426,[16][M]+,[M+H]+ 156.068,59
157.0472074,157.0469753,157.0472943,623.8743286,622.105835,625.9105835,9,3,2,3,1,19598.83538,16449.45896,36247.7658,27173.52144,20397.44263,28145.71698,31867.68785,32009.99311,33084.99361,,[M+H+K]2+ 274.13,3
157.1224093,157.1221744,157.1225145,847.065979,847.0494385,847.3085327,5,3,0,2,1,21140.14412,21001.88964,21646,4418.888727,5529.605967,7500.964613,6911.741012,7558.89,7289.428286,,[M+H-H2O]+ 174.127,69
157.1224409,157.1224192,157.1224429,902.0664063,901.8140259,902.0669556,3,3,0,0,1,21580.77337,21178.85825,20688.53703,3761.166264,2993.981402,3668.633575,5319.845424,4449.41081,4898.22049,,,6
158.0028311,158.0027679,158.0029876,1657.664246,1651.151001,1661.859,10,3,3,2,1,306896.3693,202159.5592,74189.39425,304363.5356,101015.264,289737.9889,249703.9311,248216.7903,74798.64,,,333
158.002785,158.0027109,158.0029638,1764.887634,1762.926,1765.304199,4,1,3,0,1,115986.8239,87349.85586,111841.9989,43824.44889,67403.963,164341.9723,103322.3517,108766.2041,103291.6483,,,150
158.0726329,158.0725155,158.0728124,750.5057373,750.2550049,750.7307129,9,3,3,3,1,45801.29028,45729.45302,46484.90836,29919.13831,28859.07349,28123.44,48372.75077,50004.92921,48373.87777,,,16
158.0601042,158.0598406,158.0603154,623.8811646,623.7481689,624.1425781,8,3,2,3,1,19773.18024,19972.40586,20190.08616,11957.16765,10298.13198,11503.40968,21287.87221,21733.77917,20747.31129,,[M+H]+ 157.053,3
158.1539315,158.1537545,158.1541658,743.9203491,743.65271,744.8189697,7,3,1,3,1,10286.71726,10263.82212,9804.099429,7086.944049,8315.951032,6800.992622,6535.606,8936.114118,9565.976447,,,275
158.0792539,158.0791457,158.0793905,635.8895874,635.5241089,636.0568848,6,3,0,3,1,11811.98986,11239.42325,12122.71471,3764.048231,3222.726746,4641.923616,10857.82841,11120.52259,11090.0636,[16][M+1]+,,59
158.9639764,158.9637781,158.964336,65.80415344,65.52590942,65.83206177,9,3,3,3,1,27733.44888,28073.90824,28081.05094,25958.79822,29750.71667,30090.70976,29632.11247,28653.38253,29883.62235,,[M+Na]+ 135.975,83
158.9642701,158.9640781,158.9646,1639.918579,1639.634277,1639.988403,5,3,0,2,1,160279.23,142530.1758,146686.8862,107451.3124,93200.92979,99790.61559,122483.5532,82242.55121,140372.6381,,[M+Na]+ 135.975,32
158.9640862,158.9640702,158.9641076,4.939370155,4.931148529,5.228487492,3,3,0,0,1,762857.1437,763010.3408,783457.4471,NA,NA,NA,NA,NA,NA,[17][M]+,[M+Na]+ 135.975,20
159.0678347,159.0676947,159.0680696,900.2924194,900.275,900.5532227,9,3,3,3,1,64156.14318,63620.18455,63939.099,98912.67675,97727.345,99946.49963,101061.6182,100676.04,101820.7246,[18][M]+,,4
159.0678479,159.0678334,159.0680412,939.2846069,939.027,939.5460815,9,3,3,3,1,15593.619,14927.11345,14948.85105,27003.59628,26765.7155,26576.09158,26449.48195,27517.3035,26563.4271,,,5
159.1378908,159.1376431,159.1381213,833.7990723,833.7631836,834.3532715,9,3,3,3,1,14991.684,14908.57646,14472.05779,13344.81867,12922.635,12846.69257,14954.35779,15831.43267,16716.343,,,223
159.0677684,159.0676439,159.0679789,869.9631379,869.9349976,870.2183228,8,2,3,3,1,10469.36585,10397.85241,10629.87571,15966.39176,16133.064,16197.51677,16935.48382,15787.6005,16122.46739,,[M+H]+ 158.064,13
159.0679273,159.0678291,159.0680523,794.021,793.7616577,794.6555786,7,3,3,1,1,32309.57373,33953.51837,34832.35859,45483.548,43335.46156,48025.4237,47339.11298,39657.45716,34669.3205,,,7
159.0764258,159.0762793,159.0766308,72.19103241,72.14454651,72.39765167,5,3,0,2,1,9538.493478,9414.943167,9227.827071,8034.988121,10620.30602,9031.352799,10580.45926,10344.14825,9941.404724,,[M+K]+ 120.113 [M+Na]+ 136.087 [M+H]+ 158.069,54
159.9690705,159.9689607,159.9694443,1644.039673,1643.77063,1644.28,8,3,3,2,1,22110.81369,20238.73649,20496.80722,41274.99189,41598.12421,39729.15383,43146.14436,30263.41691,33318.70705,,[M+Na+HCOOH]+ 90.9766,47
159.9674432,159.9674343,159.967456,4.939370155,4.931148529,5.228487492,3,3,0,0,1,17684.67059,17817.75364,18708.41707,889.893886,111.336143,NA,NA,84.03227937,275.1593249,[17][M+1]+,,20
160.071595,160.0712976,160.07166,900.2797852,900.275,900.5419312,6,0,3,3,1,7627.267954,6784.1434,7501.837864,11112.404,10071.43463,11179.084,10815.81413,10916.9456,10953.42265,[18][M+1]+,,4
160.0757501,160.0754841,160.0758833,612.69104,612.4624634,613.0039063,6,3,0,3,1,18922.05626,18573.70863,19821.384,4883.946815,5448.126878,4247.139094,18061.55871,18339.06823,18307.31432,,,224
161.0920738,161.0917896,161.0921536,74.22395325,74.13270569,74.49182129,9,3,3,3,1,12883.95283,12026.69948,12738.60626,13437.99769,12796.47303,12456.46193,12102.98069,13025.52155,13095.71665,,,237
161.096045,161.0959398,161.0963295,786.646,786.3909912,786.8933105,9,3,3,3,1,9940.008462,9505.468385,9687.934286,7488.187714,8030.019692,8324.84016,8323.335222,9227.075308,8676.27264,,,170
162.0759597,162.0758101,162.0762666,83.94702148,83.89573669,84.18206787,9,3,3,3,1,44655.28097,45593.02464,44638.1325,36115.43,42764.69389,43892.42185,43629.89445,44911.30042,44493.93,,[M+H]+ 161.069,86
162.0548468,162.0547375,162.0548964,900.0244512,899.7717896,900.2843018,6,0,3,3,1,6635.578449,5266.998544,6580.814391,13879.01364,13503.83647,14316.34356,14484.80165,14794.78259,14081.82963,,,4
162.0549914,162.0549214,162.0550582,794.1459065,794.0183105,794.270874,4,0,3,1,1,6072.526178,6000.300073,6137.625682,8173.557538,7508.494,8397.092357,7294.211522,7102.77775,5879.520142,,,7
163.1328819,163.1326083,163.1330649,532.7585449,532.3308716,533.6824341,6,3,2,1,1,39077.46375,38639.55312,38880.83826,35135.09377,29487.0086,33376.11266,16267.17464,28007.74468,28029.82135,,[M+H]+ 162.126,71
164.9299241,164.9297119,164.9700615,67.84703445,62.30818939,67.86325836,10,3,3,3,1,25614.78737,25811.53907,27125.41971,24103.875,27047.84133,26521.87564,26915.58288,27888.62467,27016.632,,[M+Na]+ 141.941,85
165.033525,165.0333731,165.0337752,537.2557395,536.7919922,537.5036621,8,3,3,2,1,20152.84342,20117.8175,20153.75146,11439.56359,11738.87981,12271.03106,7254.346861,19414.935,19647.13576,,[3M+2Na+2K-H]3+ 124.072,1
165.0546336,165.054432,165.0547941,491.1279907,490.872,491.4045715,9,3,3,3,1,1369222.557,1351487.036,1359518.592,671651.8945,591014.7281,669067.2243,1241213.576,1286100.11,1289059.434,[19][M]+,[M+H]+ 164.047,21
165.0546443,165.0543404,165.0547725,125.6776237,125.4235306,126.1875076,8,3,2,3,1,128284.2154,126834.0894,126604.9365,114890.8137,101480.9443,110799.8125,113319.2234,128102.9115,119053.0818,,[M+K+HCOOH]+ 80.086 [M+Na+HCOOH]+ 96.0599 [M+H+HCOOH]+ 118.042 [M+H]+ 164.048,70
165.0546741,165.0544645,165.0547923,115.5610428,111.0964813,117.1341476,6,3,1,2,1,79969.59214,77018.3152,76495.94526,72306.52179,65824.79336,62491.50118,64485.0049,71510.77369,61729.125,,,135
165.069805,165.069712,165.0698771,680.2237549,680.1569214,680.2377319,3,0,0,3,1,9059.737004,9329.438798,9351.106712,4132.453477,4723.555573,4839.882529,11965.8175,13032.95511,10972.86709,,,2
166.0580055,166.0578365,166.0582161,491.1279907,490.872,491.4045715,9,3,3,3,1,142158.8999,140103.5051,143004.6861,69871.50059,61034.78825,69514.54964,127596.123,132601.7326,133839.5645,[19][M+1]+,,21
166.0862221,166.0860821,166.0864471,220.8678589,220.610672,221.1300354,9,3,3,3,1,572506.7202,566781.5442,583603.8452,524688.2788,538739.0408,531645.3706,541032.1232,567889.7871,555582.8366,[20][M]+,[M+H+HCOOH]+ 119.073,40
167.0896041,167.0893709,167.089761,220.869,220.6017456,221.1347198,9,3,3,3,1,60641.63967,60961.94203,61039.56202,56193.56563,57584.47715,57399.84207,58852.22622,59812.19476,59743.16898,[20][M+1]+,,40
167.0600329,167.0597989,167.0601625,491.1438751,491.1239624,491.3772278,6,3,0,3,1,13375.14706,13833.886,13420.54191,6494.902093,6010.727058,6745.86063,13244.08114,13550.02879,13867.15491,[19][M+2]+,,21
168.0805639,168.0803885,168.0808588,900.2817078,900.024,900.5446167,8,2,3,3,1,10197.11062,9141.070355,10174.12515,11779.73203,10837.90235,11433.25013,12237.561,11613.4404,11819.66936,,[M+H]+ 167.074,4
168.0419889,168.0418641,168.0422343,537.2524719,536.5419312,537.2935791,8,3,3,2,1,554366.416,541598.4602,549201.5138,316458.0579,319732.8356,315530.0027,226190.7019,543030.7123,540446.2048,[21][M]+,[M+Na]+ 145.052,1
169.0494866,169.0491246,169.0497543,559.428,559.4185181,559.6737671,9,3,3,3,1,213730.3233,211959.1349,216257.8415,130496.6414,119315.9358,133834.9135,196836.2774,217810.0659,219828.3607,[22][M]+,[M+H]+ 168.042,15
169.0452329,169.0450954,169.045523,537.25,536.5419312,537.2717896,8,3,3,2,1,55700.5748,54976.91612,57177.6246,32448.77021,32130.59385,32356.95357,24246.35103,56622.495,55159.15926,[21][M+1]+,,1
169.0647186,169.0645636,169.0648126,750.6899414,750.4140015,750.7783203,6,3,0,3,1,10850.76235,10824.21212,10219.95475,6962.378018,4840.015441,6824.673605,12470.89145,13025.26588,12138.94133,,,16
170.0725447,170.0723796,170.0726749,750.5266724,750.2550049,750.76,9,3,3,3,1,40859.56569,39349.71315,40221.36716,23621.16182,21870.92875,23651.77,45564.77895,45718.41669,44521.34495,,[M+H]+ 169.066,16
170.0528851,170.0527891,170.0531262,559.4425659,559.4185181,559.6759644,9,3,3,3,1,18328.46095,17491.18373,18415.01313,11048.97039,11225.71356,11638.4996,17476.57958,18406.588,19193.60979,[22][M+1]+,,15
170.0423994,170.0422062,170.0424842,70.63414764,70.37797546,70.91752625,9,3,3,3,1,21188.54641,21095.18243,20659.145,20496.68973,21323.07913,21639.5725,21314.156,22674.80504,21444.57778,,[M+K]+ 131.084 [M+Na]+ 147.058 [M+H]+ 169.039,318
170.0810817,170.0810045,170.0813168,507.4077148,507.178009,507.8552246,5,1,1,3,1,11219.3316,10264.74632,11152.91242,9492.0865,7204.742156,7924.137817,12055.27653,12742.69282,12194.39041,,[M+H+NH3]+ 152.045,8
171.1379946,171.1379543,171.1382599,1009.229797,1009.02655,1009.486938,9,3,3,3,1,16650.85094,15672.43819,17156.44311,16131.59036,14874.606,15706.21818,16957.3435,15017.52784,17119.59906,,[M+2H]2+ 340.261,11
171.1491559,171.1490311,171.1493927,588.9382019,588.1852417,589.2328491,8,3,2,3,1,38040.10431,40353.11255,39174.09553,28671.81734,20512.35581,26406.22892,28122.26491,27476.505,27793.56928,,,198
172.0281797,172.0280409,172.0284135,507.4337158,507.178009,508.1486511,9,3,3,3,1,30874.97286,30962.13087,30652.275,21822.88114,21034.63661,22011.72017,25238.12532,26742.74345,27557.41775,,,8
172.0756583,172.0755015,172.0759116,900.5397339,900.2791138,900.5543213,9,3,3,3,1,36766.06738,36791.30849,36738.29564,52425.69,52341.40061,52478.052,53118.9744,53267.96449,52532.625,,[M+2K]2+ 266.215,4
172.0756837,172.0756054,172.0759321,939.5428467,939.536,939.8015137,9,3,3,3,1,15625.87355,16015.00947,16629.825,25250.69292,24048.78951,24425.14585,25108.13766,25009.21859,25412.95503,,,5
172.0756196,172.0755266,172.0756675,870.0844727,869.9433594,870.2183228,6,0,3,3,1,8597.686622,8190.058318,8499.03685,12040.34485,12538.78162,12165.285,12385.89571,12842.56059,12858.0201,,[M+H]+ 171.068,13
172.1695408,172.1693902,172.1698758,809.5367432,809.3,810.4363403,9,3,3,3,1,10935.62818,11256.81148,11230.71,9357.119571,10154.19665,10150.64963,9605.447478,9799.498,10487.25157,,,337
173.0785648,173.0785019,173.0785668,183.4584351,183.2166138,184.4611511,3,3,0,0,1,26793.12007,26383.23341,25304.22468,10237.09474,14847.0837,17715.27616,19627.91751,16577.84969,17998.22189,,,279
174.9379381,174.9377079,174.9384028,65.84858704,65.78240967,66.08358002,9,3,3,3,1,12788.00492,13197.414,13775.436,11804.6055,14049.54571,13842.3032,14053.56,13975.808,14127.73487,,[M+K]+ 135.975,83
175.0366089,175.0364504,175.0367989,507.433,507.178009,507.895752,9,3,3,3,1,2243955.814,2242705.198,2267646.983,1508577.912,1511448.354,1530474.479,2024795.383,2147241.721,2148471.024,[23][M]+,[M+Na]+ 152.045,8
175.1331295,175.1331084,175.1331649,902.0669556,902.0664063,902.0751343,3,3,0,0,1,11500.18012,11333.99133,10945.254,1988.44767,1855.304822,2138.708883,3011.691211,1940.027148,2350.30638,,,6
175.1330925,175.1329789,175.13317,847.3032227,847.065979,847.3085327,3,3,0,0,1,13651.8316,13117.43169,13214.41338,2905.258767,3583.861295,4055.401008,4471.121475,3604.859964,3726.864883,,[M+H]+ 174.127 [M+H-C4H8]+ 230.188,69
176.0400223,176.0398387,176.0401991,507.4130554,507.178009,507.6456909,9,3,3,3,1,204722.7957,202802.242,200983.7848,136385.8974,136791.0026,139995.8907,184398.993,195455.6377,195107.8094,[23][M+1]+,,8
176.1030021,176.1027925,176.1031633,72.38431549,72.14454651,72.44809723,9,3,3,3,1,12704.328,12585.97786,12814.73552,13385.47504,13649.0137,13775.14521,13658.96377,13463.34444,13956.61508,,[M+K+NH3]+ 120.113 [M+Na+NH3]+ 136.087 [M+H+NH3]+ 158.069,54
177.054658,177.0545308,177.0548356,516.4886475,516.3179321,517.0836792,9,3,3,3,1,3087737.213,3094261.716,3083598.518,1578312.819,1540734.747,1602200.724,2698006.826,2999073.938,3008742.976,[24][M]+,[M+H-H2O]+ 194.057,14
177.5600232,177.5598292,177.5602004,624.4817505,621.5921021,626.9443359,9,3,2,3,1,28720.05367,13771.43968,15466.56531,23017.80133,18977.92263,23883.23483,26143.87403,16775.175,26789.79,,[3M+H+K]2+ 105.057,3
178.0580963,178.0579365,178.0582547,516.4448853,516.3179321,517.0836792,9,3,3,3,1,339931.8443,340559.5152,337479.0962,176585.6236,171140.3276,178235.5167,301411.8021,328932.0334,331987.6774,[24][M+1]+,,14
178.0777005,178.0775833,178.0779815,680.2237549,679.7420654,681.4788208,9,3,3,3,1,76301.69635,75305.4253,77415.59098,41234.36773,40534.79416,40750.92653,88626.03676,90900.77512,89675.52624,,,2
179.0579762,179.0578044,179.0581276,635.8717651,635.7776489,636.161499,9,3,3,3,1,53082.11487,51542.955,51405.02574,27690.06854,26706.89411,26691.76544,52525.49335,52378.07071,51894.39422,,[M+Na]+ 156.068,59
179.0601053,179.060027,179.0602505,516.4448853,516.3179321,516.8356323,9,3,3,3,1,34998.16681,34470.13454,35724.00827,16983.00124,17566.8975,18881.36605,31154.98185,35288.97,34662.97339,[24][M+2]+,,14
179.0852475,179.0851053,179.0854307,680.2237549,679.9442749,681.4788208,9,3,3,3,1,102990.1477,104417.4578,106025.4084,53100.31038,51820.86789,53105.14,113144.2918,115452.5393,115374.6647,[25][M]+,[M+H-C2H4]+ 206.11,2
180.0888977,180.088684,180.0889891,680.0740051,679.9442749,680.2377319,6,3,0,3,1,14012.131,13435.63542,14012.59342,5658.898354,5799.13383,5313.866164,16449.15308,15733.07979,16471.06792,[25][M+1]+,,2
180.9038737,180.9036357,180.9042099,67.84932709,67.58027649,67.87580872,9,3,3,3,1,23965.247,23460.12936,24306.91538,22598.91148,25414.1437,24960.0832,24535.01938,25965.13662,25721.60652,,[M+K]+ 141.941 [M+Na]+ 157.915,85
181.0334973,181.0332703,181.0336818,507.598465,507.178009,508.1486511,8,3,3,2,1,15038.233,14631.55768,14253.94389,12540.53588,12683.72961,12851.93382,12181.29731,14337.22133,14654.91482,,[M+Na]+ 158.044,8
181.0760554,181.0758876,181.0762833,713.5924683,713.3739624,714.0971069,9,3,3,3,1,46597.91871,46503.06556,45734.18419,44909.25034,45000.43638,46482.80013,45142.31502,47336.4594,47412.59133,,,140
182.0812506,182.0809412,182.0813905,125.8037033,125.4235306,126.1924591,8,3,2,3,1,356608.0733,349510.4967,367090.4151,314682.6797,257249.1343,297659.4663,306323.3723,293261.6306,334977.5943,[26][M]+,[M+H+NH3]+ 164.048,70
182.0812203,182.0810525,182.0814026,114.3002777,111.3549271,117.1341476,7,3,1,3,1,229527.1808,230132.6309,223160.4054,213027.9105,219328.6295,185581.3557,193619.5808,178406.3043,185897.451,,,78
182.5285343,182.5283431,182.5285815,794.9874878,794.5241089,795.0752563,4,3,0,1,1,14322.28082,13544.48568,13267.41471,6543.169133,6086.840423,6524.210294,11906.704,9939.434394,9444.134738,,[M+H-C4H8]+ 237.578,7
182.9733947,182.9617736,182.9854961,1644.42511,1643.774,1645.582153,14,3,3,2,1,15094.81851,15240.81243,17837.742,36208.63109,35473.69246,32175.87181,28906.27233,55890.9393,32035.92455,,[2M+H]+ 90.9766,47
182.9851708,182.9619405,182.9852843,1659.694336,1653.960938,1666.184448,8,3,1,2,1,19698.0455,12774.57495,23208.39154,16103.2309,36954.45083,35582.68947,20132.40897,26991.54295,25319.12928,,,334
183.0679327,183.0677465,183.0682,869.9650269,869.94104,870.2183228,9,3,3,3,1,13370.04425,12901.728,13502.32216,21662.64914,21348.7,22283.14605,21282.1247,23343.2465,21058.57294,,,13
183.0844663,183.0843209,183.0846575,125.9288025,124.9177704,126.1924591,9,3,3,3,1,40834.99592,39417.73346,36457.69893,31164.6251,31722.19134,32020.86635,30886.25538,34688.93605,34181.87494,[26][M+1]+,,70
184.0756193,184.0754701,184.0759581,900.2780151,900.024,900.2991943,9,3,3,3,1,64737.36931,65135.53333,65261.22791,75489.40512,75171.6684,75379.94919,75748.62117,77472.283,77545.04743,,[M+Na]+ 161.087 [2M+2Na+K]3+ 233.645,4
184.0756103,184.0754411,184.0758977,869.956,869.9349976,870.2183228,9,3,3,3,1,38383.69231,36725.04072,37355.0594,58048.7401,56957.5859,58689.28747,59389.6432,60506.5735,60454.31415,,[M+H-C4H8]+ 239.129,13
184.0756836,184.0755838,184.0758205,1008.338684,1008.223022,1008.477,6,0,3,3,1,6205.900257,6182.227923,7403.158062,9072.5558,8706.191294,8619.60475,9355.576353,8697.747414,8560.522267,,,11
185.0961706,185.0960189,185.096344,750.5266724,750.4140015,750.76,9,3,3,3,1,1621804.944,1604399.041,1636801.403,844984.5591,782606.1516,853220.9184,1556967.371,1615761.199,1578014.496,[27][M]+,[M+H-HCOOH]+ 230.093,16
185.082695,185.0825757,185.0830332,900.2780151,900.024,900.2991943,9,3,3,3,1,33408.20933,32887.444,33939.0873,37568.5024,37355.64154,38388.15131,38979.77913,37821.2276,38953.05945,,,4
185.0817834,185.0815599,185.0821386,869.9535859,869.7165527,870.2196045,8,2,3,3,1,8594.254167,8975.981647,9010.408514,14492.26207,14570.9888,14233.12327,14056.4129,14723.954,15011.50076,,,13
185.1147754,185.1145243,185.1150783,533.8880005,533.3186646,534.445,8,3,3,2,1,362784.5617,371493.8202,359626.9862,232031.9783,262691.773,237791.5955,144824.8838,241350.4435,246942.4575,,[M+Na]+ 162.126,71
186.0995884,186.0994173,186.099731,750.5266724,750.4140015,750.76,9,3,3,3,1,226885.4833,225059.6639,231862.0654,120351.7822,112576.5455,121440.18,220531.2709,228859.8537,223581.5122,[27][M+1]+,,16
186.0908164,186.0907123,186.0910011,900.2780151,900.024,900.2991943,9,3,3,3,1,19978.43139,19716.63444,20250.06677,29788.44474,29814.95231,30581.71938,29413.07043,30212.3017,29450.66747,,,4
186.1307989,186.1305523,186.130891,675.7011719,675.5032959,678.9179688,5,0,2,3,1,46624.96986,44529.09298,46399.79725,22236.92835,44352.61642,55678.19007,57885.4611,53152.81844,57020.33621,,,232
186.09133,186.0912813,186.0914074,794.0196553,794.0115967,794.270813,4,0,3,1,1,7761.660617,7491.441753,7063.436284,9667.0476,9087.1416,9542.716929,9676.523077,9048.555806,7305.524031,,,7
187.0365791,187.0364096,187.0368065,491.1279907,490.872,491.4045715,9,3,3,3,1,296578.3614,296645.7788,297902.4879,137398.2736,120869.869,135276.1522,277002.7456,289342.6892,290692.4147,[28][M]+,[M+Na]+ 164.047,21
186.9562298,186.9561717,186.9563251,1649.633728,1648.874146,1650.661,4,0,3,1,1,132088.0488,131070.1368,128878.5186,129381.8318,139168.9956,149760.8981,130740.401,135559.8399,146158.9018,,,204
187.102557,187.1023506,187.1027133,750.546936,750.4140015,750.76,9,3,3,3,1,17592.24857,17415.62267,17985.90929,9299.2328,8739.2755,9280.139143,16878.4616,18195.29629,17035.88619,[27][M+2]+,,16
188.0399252,188.0396829,188.0401152,491.1279907,490.872,491.4045715,9,3,3,3,1,29840.04931,28658.227,30557.38587,13399.2637,12151.03643,12840.966,27022.03606,28979.16353,28831.74766,[28][M+1]+,,21
188.0704993,188.0703949,188.0707398,366.1358948,365.7862854,366.5985718,9,3,3,3,1,39046.6135,37800.98374,39211.15109,34396.85091,34355.87094,36726.80108,36857.0048,37879.75179,37564.61344,,[M+K]+ 149.107 [M+Na]+ 165.081 [M+H]+ 187.063,149
189.1485648,189.1484684,189.1488012,1009.02655,1008.778687,1009.262329,9,3,3,3,1,16829.40924,16481.718,17190.35735,16489.41084,14845.82697,16541.19672,17061.795,15336.33838,16857.96222,,,11
189.091069,189.0908964,189.0912863,916.0716553,916.0210571,916.4950562,6,3,0,3,1,10575.91731,10326.39591,11072.53,3946.29166,5403.077278,5364.243469,11137.48438,11528.51135,12306.85,,,29
189.069853,189.0696903,189.0700762,680.1569214,679.9442749,680.2377319,5,2,0,3,1,10745.3216,10688.69482,9882.155636,4731.043773,5307.321786,4884.982865,13156.40236,14051.74306,13874.20903,,,2
190.911839,190.9116664,190.9123461,66.08479001,66.03890228,66.33599854,8,3,2,3,1,5294.291667,5206.552143,4949.242333,1711.323765,5601.207385,5230.8029,5767.034154,5394.2065,5379.3665,,,346
191.0096911,191.0094877,191.0100015,507.433,507.178009,508.1486511,9,3,3,3,1,22505.7196,22876.27159,23069.184,14229.08,13412.23158,14715.61682,19273.87538,20384.31684,20802.07606,,[M+K]+ 152.045,8
191.0483395,191.0480559,191.0486729,83.65492249,83.42288971,83.914,9,3,3,3,1,21672.06897,21027.94015,22290.67077,20735.22579,19144.8217,20552.92474,21567.95957,22387.31503,21103.42788,,,86
191.0855608,191.0854345,191.08577,680.2237549,679.7420654,681.4788208,9,3,3,3,1,254579.4712,250535.8664,250984.5762,131469.5366,127955.4565,131644.7013,278697.886,285618.787,282650.8213,,[M+H-CH4]+ 206.11,2
192.0242786,192.0241309,192.024405,69.892,69.62167358,70.4066925,9,3,3,3,1,10740.21886,10600.89762,10828.25991,9017.221565,10740.40805,11058.31782,11386.80917,11385.30909,10599.52727,,,92
192.0908299,192.0906872,192.0910273,680.2237549,679.9442749,681.4788208,9,3,3,3,1,59734.1426,58774.65154,59475.62634,30734.66554,31363.85303,32144.47649,66665.15478,67972.91198,68338.1678,,[M+H-CH3]+ 206.11,2
193.1006156,193.1005534,193.1008821,680.2237549,679.9442749,681.4788208,9,3,3,3,1,38706.7759,38557.87126,39230.58654,20061.37375,20398.389,20542.14083,43942.11744,45302.97951,44770.35941,,[M+H-CH2]+ 206.11 [M+H-CH4]+ 208.126,2
195.1226158,195.1224536,195.1228299,337.796,337.619873,337.9754944,9,3,3,3,1,14625.49725,14293.94081,14035.2944,21270.70606,22128.04627,21797.14403,12607.33034,12632.83214,13620.5129,,[M+H]+ 194.115,117
195.087703,195.0875484,195.0879318,438.1187134,437.976593,438.363739,9,3,3,3,1,247131.1398,244150.1536,254246.4453,220528.6279,230423.2676,236806.167,237030.4422,238080.1202,245191.1535,[29][M]+,[M+H]+ 194.08,44
195.065263,195.0651184,195.0654328,516.4886475,516.3179321,517.0836792,9,3,3,3,1,1904488.182,1893871.45,1883898.738,944188.8011,910101.3801,947292.5169,1612741.531,1793454.196,1799798.772,[30][M]+,[M+H]+ 194.057,14
196.0949127,196.0947097,196.0951126,72.694,72.42897034,72.70571136,9,3,3,3,1,8435.571182,8453.00568,8125.8064,8076.994379,8232.42,8369.828815,8209.783615,7691.906455,8614.5332,,,320
196.0906664,196.0904773,196.0908596,438.1187134,437.8396606,438.363739,9,3,3,3,1,22838.252,22007.49446,23102.65806,19671.09022,21505.425,22142.79979,21340.28154,22265.27531,22751.87226,[29][M+1]+,,44
196.0686641,196.068495,196.0688366,516.4448853,516.3179321,517.0836792,9,3,3,3,1,212016.4298,209920.7664,211218.2104,106428.1813,105052.5111,106636.6962,181695.0878,201952.4809,201299.6583,[30][M+1]+,,14
196.8778259,196.8773876,196.8780664,67.84932709,67.58027649,67.87580872,9,3,3,3,1,9443.149059,10075.34495,10388.07286,8723.549048,11117.93178,11005.26289,10644.61829,11274.24333,11226.13733,,[M+K]+ 157.915,85
197.0185549,197.0183239,197.0186678,507.433,507.1538696,507.895752,9,3,3,3,1,40758.08658,41216.40109,42552.105,36927.09334,36104.49512,36458.1272,39978.896,41807.601,42003.53717,,[M+2Na-H]+ 152.045,8
197.0705554,197.070296,197.0706735,516.4886475,516.3179321,516.8356323,9,3,3,3,1,26433.02054,25540.497,25796.90289,12420.58103,12254.86432,13045.58193,22018.21405,25169.85654,24688.53082,[30][M+2]+,,14
197.07095,197.0707962,197.0711716,662.1235518,661.8532715,662.6449585,8,3,2,3,1,21642.12407,22117.95877,22963.72248,23825.18367,22589.88428,10750.29273,24447.35072,24098.7055,24599.32536,,,209
198.0913742,198.0911808,198.0916779,869.956,869.9349976,870.2183228,9,3,3,3,1,40365.63692,40470.04785,40620.093,61557.45805,59164.15417,60517.17718,60924.45785,62383.93921,61958.96884,,[M+Na+NH3]+ 158.064,13
199.0960548,199.0958972,199.096248,869.9631379,869.9433594,870.2183228,6,0,3,3,1,6982.537519,6950.894995,7060.72855,10928.01379,10966.15755,11315.36269,11290.04535,10810.69719,11255.76174,,,13
200.2009258,200.200815,200.2011822,930.8894653,930.8572998,931.1313477,9,3,3,3,1,15646.16661,15162.42605,16028.55137,15695.01033,16346.90107,16224.885,15187.91857,15019.8265,15857.842,,,240
202.0777352,202.0775868,202.0779146,680.0737305,679.7414551,680.2377319,6,3,0,3,1,13202.707,13345.28071,13799.27524,8243.38713,6495.90821,5438.036299,18499.58887,18358.4422,18316.08133,,,2
203.0853172,203.0852403,203.0855513,680.2237549,679.7420654,681.4788208,9,3,3,3,1,36009.96768,36002.58334,35172.63369,19495.22925,19298.2735,19577.4316,43702.20834,43712.50214,43753.76862,,,2
204.0929613,204.0928064,204.0932041,680.2237549,679.9905396,681.4788208,9,3,3,3,1,41858.02661,42414.47867,42436.83463,22704.20489,22056.30343,22712.58331,49315.75031,50784.23415,51231.50077,,,2
205.0970827,205.0969472,205.0973994,366.1358948,365.801,366.5985718,9,3,3,3,1,23388.56612,22263.87371,23371.509,19738.14297,20824.76025,21443.30213,21402.82771,22269.7711,22687.63383,,[M+K+NH3]+ 149.107 [M+Na+NH3]+ 165.081 [M+H+NH3]+ 187.063,149
205.1010205,205.1008497,205.1012453,680.2237549,679.7420654,681.4788208,9,3,3,3,1,87226.75317,84980.07985,86892.8239,43679.00733,44757.91895,45785.51495,98705.32419,99935.0931,99629.34695,,[M+H-C2H4]+ 232.126,2
206.1045828,206.1044243,206.1047147,680.2108154,679.9910889,680.2431641,6,3,0,3,1,13864.44326,13773.92338,14044.352,6227.753764,5368.065916,4669.39157,16143.52232,16970.26133,16698.35549,,,2
207.1590727,207.1590104,207.1593665,564.2541504,563.885376,564.5109253,9,3,3,3,1,84863.51486,82288.23163,82008.88564,51050.77749,57906.8,57273.054,50559.01178,55653.528,55910.83246,[31][M]+,[M+H]+ 206.152,35
207.116753,207.1165174,207.1169751,680.2237549,679.9442749,681.4788208,9,3,3,3,1,34466.13225,34330.07025,33429.69862,17057.55857,17498.43417,17888.8725,37833.74117,38369.80098,38320.79483,,[M+H]+ 206.11,2
207.0553174,207.0552264,207.0555634,689.6217957,689.5809937,689.877,8,3,3,2,1,11205.55085,10558.53,10461.69625,10882.10537,11321.77525,11052.23934,11157.43153,10725.33924,10924.71,,[M+H-H2O]+ 224.059,119
208.1626807,208.1624805,208.16271,564.2541504,563.9812622,564.5109253,3,3,0,0,1,9604.1475,9218.951,8677.034348,3618.641686,4946.871948,5654.661051,3127.025011,5621.052105,6017.296283,[31][M+1]+,,35
211.086555,211.0864073,211.086818,387.947998,387.6910095,388.2019958,9,3,3,3,1,112913.6008,104022.9929,108739.4314,105617.5941,102173.4,108703.3862,107580.6686,103037.8628,104636.1004,,,97
212.1068948,212.1068403,212.1069473,870.0844727,869.9433594,870.2183228,6,0,3,3,1,7021.12687,6900.18555,6972.541372,10938.32197,11015.55637,10339.80535,11463.72611,11286.15668,11408.44941,,[M+H-C2H4]+ 239.129,13
213.1460612,213.1459852,213.146253,666.7335815,666.6630249,667.2310791,7,1,3,3,1,9237.022552,8833.726858,8574.885,7577.733103,8996.6016,8590.182545,9823.896108,9883.680833,9225.696944,,,282
214.0513019,214.0510107,214.0515391,74.73130798,74.63514709,74.74712372,9,3,3,3,1,13238.34,13049.05925,12639.40971,13006.63069,12765.97703,12913.42124,11971.59164,12667.96865,12146.80091,,[M+2H]2+ 426.088,361
216.0631459,216.0629513,216.063272,70.66584015,70.63036346,70.91752625,9,3,3,3,1,10823.55193,10339.8152,11155.97375,10782.00713,12072.65052,11963.11221,10590.022,11274.40493,10917.35772,,[M+K+HCOOH]+ 131.084 [M+Na+HCOOH]+ 147.058 [M+H+HCOOH]+ 169.039,318
216.0879959,216.087748,216.088269,420.5455627,420.2961426,420.5545959,9,3,3,3,1,596594.812,585511.6564,596402.4,228680.9797,241542.6552,245276.0063,569166.5032,567244.3172,571324.0204,[32][M]+,,28
216.1382985,216.1378653,216.1385293,665.6849365,665.442688,665.9179077,9,3,3,3,1,16357.59753,15502.41548,16178.1535,16172.7115,16345.96706,15142.54548,16610.06633,16795.70916,16612.77091,,,213
216.9226151,216.9224131,216.923089,66.58840942,66.2964325,66.60547638,8,3,2,3,1,11095.736,11062.33477,11619.98233,4059.046629,10969.28,10421.838,10716.63,10977.5525,10928.61746,,[M+Na]+ 193.932,138
217.1045771,217.1043957,217.104888,337.8072815,337.619873,338.0234375,9,3,3,3,1,40801.05909,41073.13986,40464.18926,55190.65263,56941.28119,57451.92489,34225.32222,38222.84838,38221.77814,,[M+Na]+ 194.115,117
217.0908825,217.0906024,217.0911573,420.4830627,420.2961426,420.5545959,9,3,3,3,1,71943.83335,72440.75349,72883.62162,28029.16527,29322.57969,28578.27944,68987.50083,69369.73077,69710.37883,[32][M+1]+,,28
217.0472243,217.0470422,217.0473795,516.5166016,516.3179321,517.0836792,9,3,3,3,1,782842.4377,776921.2547,767482.8869,383207.4769,369880.1416,376955.3999,686553.9648,758370.3242,752603.5496,[33][M]+,[M+Na]+ 194.057,14
217.1012054,217.1009102,217.1013523,680.2237549,679.9442749,681.4788208,9,3,3,3,1,17122.23979,17837.08077,18206.26731,9667.671267,9951.109412,10377.43187,22310.81726,21813.85251,21778.45652,,[M+H-CH4]+ 232.126,2
217.0695024,217.0694301,217.0696978,438.0665283,437.8396606,438.128,6,0,3,3,1,6201.334144,6430.829848,6504.110219,8037.726316,8366.457708,8138.83788,6501.188143,6397.859556,6515.643526,,[M+Na]+ 194.08,44
218.1023109,218.1022535,218.102573,916.0799561,916.0210571,916.3468628,9,3,3,3,1,34228.58159,32885.59269,32958.3484,15583.14139,14367.29,16264.84036,31227.00025,31687.575,32623.25676,,,29
218.0506178,218.05039,218.0508366,516.5899658,516.3179321,517.0836792,9,3,3,3,1,89126.40283,88294.04518,88932.27133,44535.08706,42328.74813,42976.589,79041.88286,88795.45303,87529.96303,[33][M+1]+,,14
218.1089646,218.1088323,218.1092238,680.2237549,679.9442749,681.4788208,9,3,3,3,1,89000.57576,87373.21569,89772.40088,45867.73824,45542.84584,46686.23211,100281.2738,100780.252,103131.9064,[34][M]+,[M+H-CH3]+ 232.126,2
218.211457,218.2112557,218.2117788,570.6311035,570.6089478,571.1328735,9,3,3,3,1,13864.55373,13446.06469,13137.14468,9624.313034,9179.379375,9596.717308,8257.405615,9292.14963,9031.76,,,245
219.1124744,219.112237,219.1125452,680.0737305,679.7414551,680.2377319,6,3,0,3,1,14647.32824,14779.75011,15279.68931,7365.914591,6405.166258,6826.075663,18094.427,18231.3968,17438.58908,[34][M+1]+,,2
219.0524498,219.0523117,219.0526293,516.6395264,516.3417358,517.0836792,6,3,0,3,1,9887.086222,10300.3785,10570.72159,4118.623846,2805.80413,2454.895854,9244.953231,10254.35628,9773.39348,[33][M+2]+,,14
221.0807869,221.080557,221.0810199,696.9854126,696.7490845,697.0245361,9,3,3,3,1,20906.9835,19484.81544,19994.132,7674.93324,7510.945556,7749.96,18658.15903,19449.17985,19028.72294,,,203
223.0534412,223.0530829,223.05373,384.6522827,384.381,385.0992432,9,3,3,3,1,12509.01338,12803.80725,12953.79193,12390.34145,11657.8644,12516.12225,12699.45993,12002.69811,13074.789,,,244
223.0637043,223.0634654,223.063845,733.2198181,732.941,734.5799561,8,3,2,3,1,12020.58851,11616.84008,11872.63453,18565.47973,19150.11032,13973.57009,19115.79867,17670.99,18853.425,,[M+H-H2O]+ 240.068,220
223.0635767,223.0635094,223.0638635,880.920166,880.8916016,881.1754761,6,0,3,3,1,6370.264221,5835.512436,5817.57733,11671.044,10726.401,11039.35975,10559.19223,10115.09053,10027.68503,,,188
224.0817489,224.0816068,224.0821193,640.5372009,640.3497925,640.721,8,3,2,3,1,11143.44297,10837.245,11386.04875,10369.858,10537.38018,6900.5011,11161.62703,10295.09284,11464.20653,,,259
225.0659879,225.0657096,225.0661194,689.6140747,689.3553467,689.877,9,3,3,3,1,69834.27568,66994.9156,67188.94293,63720.14743,65055.81157,65843.17619,65251.25095,66060.07116,67327.05079,[35][M]+,[M+H]+ 224.059,119
226.0692182,226.0691095,226.0693918,689.6719971,689.3494263,689.8842773,6,2,1,3,1,9735.824757,9549.41229,9342.055714,7231.928439,7825.087635,9095.949263,8559.031324,9880.385385,8555.316968,[35][M+1]+,,119
226.1801391,226.1799349,226.1804122,701.0922852,701.081,701.3543701,9,3,3,3,1,28990.6344,28575.75534,28930.515,26450.81156,27000.69531,26478.17582,27634.78594,26938.61303,27624.53681,,[M+H-H2O]+ 243.184,179
226.9514997,226.9512252,226.9520159,65.57702637,65.52590942,65.83206177,9,3,3,3,1,61556.966,59939.67111,60796.95556,53963.50667,64751.75417,65585.26468,64478.535,65105.80459,63404.44471,,[3M+2Na]2+ 135.975 [M+Na+NaCOOH]+ 135.975,83
226.9516326,226.9514786,226.952334,1639.973511,1639.909302,1640.243652,9,3,3,3,1,343923.7572,348005.2446,346231.5438,286000.1071,289919.9407,292896.4846,274499.3707,304970.1895,309322.5612,,[3M+2Na]2+ 135.975 [M+Na+NaCOOH]+ 135.975,32
226.951695,226.9514198,226.9519083,1207.141968,1206.18042,1207.449341,5,3,0,2,1,450023.9157,462627.5369,499136.5103,422753.0238,370609.5722,379857.683,369273.846,418646.8336,387614.1473,,,98
226.951537,226.9515239,226.951544,4.939370155,4.931148529,5.228487492,3,3,0,0,1,2408955.184,2417763.685,2465131.588,1558.045521,1389.958721,3673.027464,979.1153429,1614.427393,2557.301696,[36][M]+,[M+Na+NaCOOH]+ 135.975,20
227.9550073,227.955001,227.9550324,4.939370155,4.931148529,5.228487492,3,3,0,0,1,84699.32415,85192.20706,88260.06876,NA,NA,NA,NA,NA,NA,[36][M+1]+,,20
228.1958256,228.1956958,228.1961219,758.3633423,757.270813,758.4764404,7,3,2,2,1,69052.33172,68273.92088,68919.08982,62478.10124,66386.37846,50546.96227,51525.50341,63018.24447,63605.46843,,[M+H]+ 227.189,162
228.9558418,228.9558354,228.9558855,4.939370155,4.931148529,5.228487492,3,3,0,0,1,31364.22013,30894.21782,32360.11673,NA,NA,NA,NA,NA,NA,,[M+3H-C3H2O3]3+ 769.846,20
229.133818,229.1334625,229.133996,623.8832397,623.7481689,624.14,9,3,3,3,1,925566.1664,927399.6368,930060.6153,515619.261,482888.6427,530464.2783,884191.3818,890864.6705,897588.4468,[37][M]+,[M+H-HCOOH]+ 274.13,3
229.1410807,229.140994,229.1413831,564.1231689,563.885376,564.5048218,9,3,3,3,1,380302.9707,372150.4364,374351.6705,202420.3588,230178.314,231194.6668,215043.9624,239904.1593,238635.8255,[38][M]+,[M+Na]+ 206.152,35
229.5713658,229.5710797,229.5714611,537.2446289,536.5419312,537.2935791,5,3,0,2,1,12444.0859,12270.11613,12531.42394,5205.065062,5188.202284,5258.856333,4519.487775,10376.69193,10852.71622,,[3M+H+Na]2+ 145.052,1
230.1369978,230.136732,230.1372456,623.8832397,623.7481689,624.1266479,9,3,3,3,1,144011.8137,144121.1963,146725.2087,81626.48302,79617.00761,84451.50171,141763.7455,142063.2923,143504.0814,[37][M+1]+,,3
230.1444816,230.1443279,230.144743,564.1231689,563.885376,564.5048218,9,3,3,3,1,41651.85806,42384.24724,42434.76756,23056.37012,25183.67954,26121.41028,24162.71845,26715.20235,26427.8009,[38][M+1]+,,35
230.0938412,230.0935456,230.0939559,750.4468689,749.7675171,750.9812012,6,3,0,3,1,17479.52242,17069.75913,17872.20729,13487.32185,10183.09275,11892.34811,16680.52765,20341.10262,18785.95952,,[3M+H+K]2+ 140.065,16
231.1017061,231.101524,231.1018704,750.5266724,750.4140015,750.76,9,3,3,3,1,2605510.169,2571255.851,2625681.807,1246020.25,1141744.378,1213760.797,2436688.53,2515922.118,2445762.64,[39][M]+,[M+H]+ 230.093,16
231.1169349,231.1166664,231.1170131,680.1773987,679.9905396,680.2377319,6,3,0,3,1,11643.77112,11090.17774,11341.95373,4480.837324,4221.55454,3797.560201,12860.6725,13757.91095,13124.48011,,[M+Na]+ 208.126,2
231.1402568,231.1400416,231.1404516,623.8207092,623.6326294,624.1328125,6,3,0,3,1,11550.59388,11107.7325,10496.93417,4897.281281,5015.03385,6286.006292,11204.00652,10981.414,11283.59822,[37][M+2]+,,3
231.6135342,231.6133067,231.6136075,81.62007141,81.40522766,81.69274902,9,3,3,3,1,12069.07874,11291.97937,12249.38609,11227.65239,11283.65952,11483.33426,10877.31104,10745.6326,11607.64118,,,183
232.1051452,232.1049771,232.1052966,750.5266724,750.2550049,750.76,9,3,3,3,1,404902.4515,397297.759,407740.4097,194779.0934,177731.4389,188647.7255,382123.6709,393109.984,378712.508,[39][M+1]+,,16
232.1330675,232.1327839,232.1332707,681.9760742,681.7376709,681.9945068,9,3,3,3,1,13072.04186,13348.24447,12898.07203,14932.37354,14537.94437,15263.66455,14380.32133,14962.2956,14551.01307,,,235
232.0968433,232.0967451,232.0969623,938.7753601,938.771,938.7778931,6,0,3,3,1,9923.75126,10431.71462,9801.44966,12147.46697,11190.079,11241.608,12202.388,11584.73745,11898.18118,,[M+Na]+ 209.103,5
232.8966176,232.8959698,232.8970009,66.58940125,66.55396271,66.82685852,9,3,3,3,1,18696.61569,18099.693,19098.514,15385.5935,17982.40123,17772.0365,17440.6945,18522.35077,18105.825,,[M+K]+ 193.932 [M+Na]+ 209.906,138
233.1075922,233.1074357,233.1078496,750.5057373,750.2550049,750.7307129,9,3,3,3,1,42576.27,41920.93757,43771.74281,20601.03788,20368.27062,20986.13161,41227.40773,42636.21046,41030.5445,[39][M+2]+,,16
233.1131388,233.1129387,233.1133657,77.28146362,76.8889389,77.28970337,9,3,3,3,1,11184.5517,11035.72584,11541.6756,11323.23642,11565.69377,10987.59232,10807.5601,10719.79517,12091.07586,,[M+H-CO2]+ 276.097,68
233.132575,233.1324087,233.1327696,680.2237549,679.7420654,681.4788208,9,3,3,3,1,1684331.015,1648089.211,1669493.956,822193.2535,806157.311,822568.0358,1749070.577,1778392.005,1769440.632,[40][M]+,[M+H]+ 232.126,2
234.1360119,234.1358421,234.1362282,680.2237549,679.7420654,681.4788208,9,3,3,3,1,333529.246,326700.7463,334580.2065,162150.5202,157092.0113,160883.0485,348070.9935,350414.7101,352702.2052,[40][M+1]+,,2
234.2063618,234.2062306,234.2066706,587.7114868,587.4415894,587.7490234,9,3,3,3,1,59860.37069,59140.25443,59887.64171,69039.39017,67329.07303,70031.42971,46358.56444,48110.19867,46754.28847,[41][M]+,,102
234.8938853,234.8936468,234.8944624,66.58840942,66.55396271,66.60547638,8,3,2,3,1,6865.783273,7089.786167,7216.257364,2482.012461,6934.9375,6765.748364,6932.614091,6953.216,6867.828,,[M+Na]+ 211.905,138
235.1392517,235.1391433,235.1395567,680.2237549,679.7420654,681.4788208,9,3,3,3,1,30620.46708,29005.65263,30188.98727,14622.99167,13151.52473,14577.2104,31783.23883,33053.66143,32067.31376,[40][M+2]+,,2
235.057634,235.0574572,235.0576792,516.7023315,516.5899658,517.0836792,6,3,0,3,1,11249.40246,10341.457,11485.2,6507.462527,5035.362079,4516.950857,11531.84571,12476.03908,12762.2016,,[M+2H-CH3]2+ 483.135,14
235.2097507,235.2095819,235.210118,587.672699,587.4415894,587.717,6,3,3,0,1,7068.672,7177.65888,6394.232087,9224.12,8268.048444,8451.576,5427.044035,6610.465446,6491.988672,[41][M+1]+,,102
237.5600523,237.5598214,237.5602327,537.2524719,536.5419312,537.2935791,8,3,3,2,1,91079.42237,88617.51947,88531.03385,40248.9699,40803.36837,41649.80644,25552.81295,78715.695,78664.58811,[42][M]2+,[3M+H+K]2+ 145.052,1
238.0616071,238.0614431,238.0618505,537.25,536.5419312,537.2717896,8,3,3,2,1,27750.02876,27007.92168,27006.64771,12104.14752,12178.51167,12743.5785,10560.95838,23429.91,23246.71282,[42][M+1]2+,,1
239.1490298,239.1487439,239.1492462,381.5215759,381.1124268,381.7231445,9,3,3,3,1,9415.004478,8946.7924,10142.88,21205.19961,21173.4657,23147.27715,11538.2665,11960.7136,12347.01173,,[M+H]+ 238.142,160
239.5709777,239.5707903,239.5713798,537.2485352,536.5419312,537.2717896,9,3,3,3,1,58349.57939,56434.27319,55567.68135,24291.75216,24737.6584,24981.53537,37866.47817,52252.19213,52882.61352,[43][M]2+,,1
240.0631577,240.0629843,240.0632655,507.4077148,507.178009,507.895752,9,3,3,3,1,58450.41171,57853.47574,59039.33349,28221.12624,27647.35448,29375.08303,46332.36364,50607.16933,50765.04303,[44][M]2+,[3M+H+Na]2+ 152.045,8
240.0725643,240.0722537,240.0727718,537.2446289,536.5419312,537.2717896,9,3,3,3,1,18064.4562,17038.77344,17322.23575,7439.18675,6860.722727,7215.531105,12916.20831,16050.50089,15571.84675,[43][M+1]2+,,1
240.1383133,240.1381673,240.1383636,869.9662476,869.9433594,870.211,6,0,3,3,1,7724.804931,7870.269442,7188.770873,11664.06469,11572.19459,12011.922,11637.28131,11856.222,11803.50575,,[M+H]+ 239.129,13
240.5643951,240.5643124,240.5646241,507.4130554,507.178009,507.895752,9,3,3,3,1,22600.74219,23135.86438,22901.04145,10521.73008,10727.42079,11408.93619,18510.64781,20299.94194,19218.2415,[44][M+1]2+,,8
240.5691797,240.5689873,240.5694868,537.25,536.5419312,537.2935791,8,3,3,2,1,20523.69527,19444.558,20184.49306,9519.850476,10515.673,10376.976,9951.038336,20134.97241,20230.33324,[43][M+2]2+,,1
241.081842,241.0816999,241.0822132,77.79141998,77.53812408,77.797,7,1,3,3,1,6918.663041,6828.114615,7493.582237,7810.715077,7956.99296,7148.110955,7315.138348,7856.102333,7096.047538,,,68
241.0625953,241.0622723,241.0629378,507.4103851,507.20578,507.895752,6,3,0,3,1,13888.12594,13182.44327,13522.0791,5091.365372,4994.852863,5576.836514,11501.31652,12218.47897,11021.68834,[44][M+2]2+,,8
242.1539841,242.1538397,242.1542968,785.3734741,785.3610229,785.5415039,9,3,3,3,1,268746.0885,266282.0875,270764.751,272577.464,266046.2183,277641.3196,276921.5853,283933.266,283112.9356,[45][M]+,,42
242.5620906,242.5617882,242.5622701,82.1721344,81.90715027,82.38053894,9,3,3,3,1,17862.4814,17830.78571,18360.02592,16603.056,17956.99917,17729.1465,15807.97174,16105.09357,16761.204,,,371
242.570109,242.5699112,242.5702746,737.6601868,737.5300903,739.119751,8,3,2,3,1,13036.04333,12772.10152,12493.79974,11122.3164,10770.82496,11558.65338,10979.42357,10287.8459,11145.16131,,[M+H+K]2+ 445.177,56
242.925468,242.9251996,242.9259804,65.83061981,65.78240967,66.0614624,9,3,3,3,1,59098.75835,58425.93882,59817.012,50750.91276,61963.7696,62354.87244,61631.28367,62239.54675,61399.87481,,[3M+2K]2+ 135.975 [M+K+NaCOOH]+ 135.975,83
242.9254756,242.9252158,242.9261299,1640.584839,1640.461,1640.745605,8,3,3,2,1,8136.388889,9001.052806,9051.737647,7350.603846,7157.545895,7771.65075,6532.916392,7493.83552,8251.29371,,[3M+2K]2+ 135.975 [M+K+NaCOOH]+ 135.975,32
243.0875568,243.0873963,243.0877717,555.4490356,555.3496704,555.6231079,9,3,3,3,1,7712.244476,7216.503429,8221.478571,7749.767045,7528.503333,7419.033333,5476.93355,7235.001091,6602.342889,,,256
243.1572396,243.1571344,243.157538,785.373,785.1170044,785.5415039,9,3,3,3,1,47658.65263,46809.68108,47990.45533,50545.30897,48252.38392,50602.33459,49200.15047,52068.36876,49482.43044,[45][M+1]+,,42
244.1907389,244.1904861,244.1908661,701.0946655,701.081,701.8127441,9,3,3,3,1,14591.0351,14060.75741,14764.1705,11264.88648,13230.23533,13705.49938,13347.79955,14041.01,14421.16963,,[M+H]+ 243.184,179
244.1696492,244.1694708,244.1699664,788.9343262,788.9269409,789.444,9,3,3,3,1,2046886.248,2038293.032,2070611.226,2124430.425,1667819.089,2114656.102,2100698.052,2138344.079,2105493.799,[46][M]+,,19
244.9240546,244.9237392,244.9241108,65.82730103,65.52590942,65.84858704,5,0,2,3,1,4244.187279,925.0151761,2678.340569,476.8433658,4191.8526,4745.9925,4453.575,4356.340455,4510.715727,,,83
245.1148236,245.1147154,245.1150866,860.0346069,859.782959,860.2784424,9,3,3,3,1,44792.22025,45127.77027,43539.05115,46227.60421,46070.13379,44963.80023,46587.1725,45322.96632,45807.57677,,,145
245.0784039,245.0783265,245.0787539,773.909668,773.2542725,773.925293,8,3,2,3,1,30608.23989,30679.51105,31311.35716,23397.27,23354.15069,21146.67912,24187.99662,25923.023,25256.54757,,,177
245.1077814,245.1074979,245.107864,882.723938,882.4419556,882.9472656,6,3,0,3,1,14081.80846,13542.21825,14737.72444,5137.54002,4704.477788,4243.144735,13589.33625,12995.56175,13973.51108,,,230
245.1731782,245.1728528,245.1733427,788.9343262,788.9269409,789.1968994,9,3,3,3,1,366170.5951,361681.0337,366152.3932,380486.1335,326070.4441,381001.7694,379598.9176,385000.7871,375187.365,[46][M+1]+,,19
245.6159166,245.6155765,245.6161214,919.5128174,919.1439209,919.9195557,9,3,3,3,1,10373.83958,10485.78919,9626.883037,11969.01411,12370.43333,12439.5284,9316.111606,10142.37,9810.406324,,[M+H+K]2+ 451.269,45
245.5914359,245.5912228,245.5917181,498.6609497,498.272,499.0361633,9,3,3,3,1,14875.74307,13303.7605,14036.77931,14072.12027,14021.9495,13715.12516,13247.60897,14085.792,14119.6757,,,238
245.5461929,245.5460215,245.5464485,537.2524719,536.5419312,537.2935791,8,3,3,2,1,71649.36671,70236.55473,71693.87475,32127.57075,32228.685,33186.92528,26211.23906,65557.29855,65942.84726,[47][M]2+,,1
246.047712,246.0475155,246.0480085,537.2485352,536.5419312,537.2717896,9,3,3,3,1,22220.21065,22832.87052,22023.46117,10120.368,10380.4806,10393.84033,18042.43906,22009.5171,21239.0331,[47][M+1]2+,,1
246.1760969,246.1758175,246.1763104,788.9340515,788.6727295,789.1968994,8,3,2,3,1,34729.16961,33213.506,33287.27224,35879.47211,13725.65074,34925.71579,35639.77778,36422.38646,35011.3566,[46][M+2]+,,19
246.6236724,246.6235428,246.6239532,977.231,976.9515381,977.7714233,9,3,3,3,1,21029.21046,21700.58664,22104.8848,21163.15385,20728.69692,20647.33666,20319.04516,20136.27508,20410.33628,,[M+H+K]2+ 453.284,34
246.5652584,246.5650878,246.5655414,537.2524719,536.5419312,537.2935791,8,3,3,2,1,51531.22118,50687.26946,50372.02032,32425.55453,30736.58845,31553.31724,17271.00851,51121.42061,50978.57829,[48][M]2+,,1
246.6236531,246.6234648,246.6239665,999.0444031,998.7861938,999.5861816,8,3,3,2,1,22484.12202,21748.915,21498.38489,20360.52675,21043.86444,20600.783,20290.93555,13489.23261,20752.97843,,[M+H+K]2+ 453.285,27
247.0478802,247.0476804,247.0480479,689.6175537,689.3553467,689.8842773,9,3,3,3,1,29358.7814,29587.14,29002.10031,29070.94338,29332.89257,30778.96756,29629.01141,29075.88513,30029.3725,,[M+Na]+ 224.059,119
247.0577579,247.0575637,247.0578916,71.175,71.13694763,71.42822266,9,3,3,3,1,9555.995862,9058.924286,9218.124857,9754.658727,9192.637,9902.272414,9603.924038,9473.3163,9391.488462,,[2M+2Na-H]+ 101.048,54
247.0668252,247.0666733,247.0671589,537.2524719,536.5419312,537.2935791,8,3,3,2,1,15787.50994,16002.714,14722.46197,9511.08675,9091.263536,10184.14552,7634.285633,15869.224,15579.07553,[48][M+1]2+,,1
247.2269433,247.2267619,247.2269527,960.9215698,960.9129028,960.9317017,3,3,0,0,1,8117.459714,7669.243077,8207.94,3804.879069,3354.54622,3545.957986,2127.733459,4952.282438,4487.386164,,[M+H]+ 246.22,87
248.0519134,248.0517161,248.0521072,507.433,507.178009,507.895752,9,3,3,3,1,308380.3892,304904.2105,314304.8587,158407.3738,158914.3305,163030.1415,255231.8189,276794.821,282616.2492,,[3M+H+K]2+ 152.045,8
248.1282196,248.1279797,248.1283915,750.546936,750.4140015,750.7546387,7,3,1,3,1,13162.25994,12762.84503,13161.47452,9114.468214,5121.212372,5875.728516,15205.4448,14388.50506,13949.36667,,[M+H+NH3]+ 230.093,16
248.5536494,248.5534646,248.5537773,507.4077148,507.178,507.6456909,9,3,3,3,1,83562.70028,81800.99074,83224.51958,41457.19993,42696.53833,43462.3852,67662,74382.51855,75190.32,,[M+K]+ 209.586,8
248.8705511,248.8702564,248.8710406,66.58840942,66.55396271,66.60547638,8,3,2,3,1,16558.768,16506.42255,16620.75283,6644.099774,16243.34836,16326.73309,17011.44075,16563.45982,16221.16364,,[M+K]+ 209.906 [M+Na]+ 225.881,138
249.0545673,249.0543309,249.0547086,507.4077148,506.9234619,507.6645813,9,3,3,3,1,17546.87926,16758.11773,17855.90333,8496.216308,8813.565,9055.29216,14292.57765,15593.36659,15402.54379,,[3M+H+Na]2+ 158.044,8
249.1826205,249.1822808,249.182669,824.1037598,823.824707,824.7230835,5,3,0,2,1,30459.93404,29746.80554,30397.78004,15500.87146,19218.22234,17374.10295,23701.98043,22499.19128,23865.2285,,,212
250.0752545,250.075063,250.0753489,750.7783203,750.1877441,751.0097046,9,3,3,3,1,111536.5375,110532.81,110517.0818,88235.35183,84781.70089,79065.03167,102337.6804,107344.0887,105222.4942,[49][M]2+,,16
250.1777693,250.1771052,250.1780197,758.2703267,757.0319214,759.21521,8,3,2,3,1,79603.605,81571.9125,81260.085,77012.84542,79309.6363,67532.13133,72031.75231,76745.51224,77787.11138,,[M+Na]+ 227.189,162
250.5769031,250.5766618,250.5771403,750.503,749.9920044,750.8925171,9,3,3,3,1,33550.40832,33712.22627,34023.50657,26895.9566,26055.16045,24849.24,31372.97977,32960.61205,32977.24065,[49][M+1]2+,,16
250.8679676,250.8676284,250.8685137,66.59170062,66.55396271,66.83444214,8,3,2,3,1,8001.762,7563.445455,8053.3216,2977.882557,7387.5604,7751.356364,7240.274889,7568.804444,7507.146167,,[M+K]+ 211.905,138
251.1854551,251.1853839,251.1855225,587.9539795,587.8743286,588.1412354,3,3,0,0,1,9250.270893,9993.794724,10444.20378,3541.429129,822.734933,2994.522879,3210.962612,5356.834491,4602.77567,,,360
251.5753895,251.5751887,251.5756028,737.5407715,737.5300903,739.119751,9,3,3,3,1,11585.7303,11398.99543,11280.70986,12122.7096,12967.92287,11739.52671,11332.79073,11775.89903,11234.17731,,,56
253.083677,253.0834513,253.0838086,750.5266724,750.4140015,750.76,9,3,3,3,1,2250120.126,2216326.242,2237608.388,1045653.225,937105.5489,1013444.443,2057580.891,2104501.045,2061737.021,[50][M]+,[M+Na]+ 230.093,16
253.1774377,253.1769909,253.1778436,847.0535278,847.0494385,847.3104248,9,3,3,3,1,48359.49095,47122.98,49731.54541,15909.24542,16810.79032,17375.89971,16436.55639,17982.02317,16865.06288,,[M+Na]+ 230.188,69
253.1777274,253.1776853,253.177864,902.8341064,902.3267822,902.8405762,3,3,0,0,1,12148.44724,12365.17059,11639.225,2184.132446,1973.434887,1516.968472,2735.021584,2089.709724,2146.461459,,,296
253.5683367,253.5681227,253.5685319,537.25,536.5419312,537.2717896,8,3,3,2,1,67237.26167,66313.31886,64872.15717,32797.38786,32435.235,32824.392,25389.14388,60267.41337,59748.74136,[51][M]2+,,1
254.0870825,254.086887,254.0872126,750.5266724,750.2550049,750.76,9,3,3,3,1,341475.3827,334506.0168,340441.1219,160583.4404,144868.9008,156910.2244,315425.0413,322124.185,314996.436,[50][M+1]+,,16
254.0699493,254.0696817,254.0702253,537.2524719,536.5419312,537.2935791,8,3,3,2,1,21107.54562,20259.56191,21332.87952,10072.67664,9808.33616,9773.823913,8725.399036,19343.58277,19168.46039,[51][M+1]2+,,1
254.084007,254.0837855,254.0841168,635.8911133,635.5514526,636.161499,6,3,0,3,1,12614.7168,11913.855,12362.91385,2856.784622,2964.421829,3778.945694,9767.668696,9771.257273,9669.677524,,[3M+H+K]2+ 156.068,59
255.0895248,255.0892833,255.0896455,750.5266724,750.2550049,750.76,9,3,3,3,1,35934.56533,37156.51558,37080.32358,17840.48783,15666.7655,17075.8118,34882.8844,34920.74885,34685.44263,[50][M+2]+,,16
255.2319875,255.2318205,255.2323093,1117.768555,1117.515869,1117.786011,9,3,3,3,1,9842.572133,9455.55575,9092.623333,10371.55714,9698.40825,9844.02,9815.5638,9822.690625,9125.924571,,[M+H]+ 254.225,58
256.038147,256.0379219,256.0383051,507.4077148,507.178009,507.6645813,9,3,3,3,1,33807.10825,33874.63819,33820.7813,16270.0963,16337.68042,16890.14767,29737.307,31720.34555,32040.26632,[52][M]2+,[M+2H]2+ 510.06,8
256.2635329,256.2634208,256.263735,1148.59021,1148.578979,1148.864136,9,3,3,3,1,22336.8467,22040.39475,22197.79485,22656.24813,22289.79347,21957.40833,23756.92792,24293.53449,24228.06526,,,196
256.1696159,256.1691902,256.1698863,843.998,843.7319336,844.2965698,9,3,3,3,1,10291.49959,9949.994667,10663.21094,9458.665071,10836.16607,11322.89781,11076.23276,10805.19288,11491.89387,,,258
256.539865,256.5396759,256.5399992,507.4218292,507.20578,507.6456909,4,3,0,1,1,9252.821308,8998.39425,9258.370552,3950.775234,3798.945495,2971.219926,5865.857893,9243.788571,8338.523163,[52][M+1]2+,,8
257.1287669,257.1284257,257.1289807,623.8832397,623.7481689,624.14,9,3,3,3,1,399424.2188,401463.355,404055.6118,230285.52,214823.5333,235550.1974,381432.4083,385688.8045,390184.166,[53][M]+,[2M+Na]+ 117.075,3
257.0571664,257.0569843,257.0573379,507.4077148,507.178009,507.895752,9,3,3,3,1,64055.25194,61041.12634,62900.085,42030.48407,42318.26574,44297.91541,59798.2275,65257.35982,66427.52625,[54][M]2+,[3M+H+K]2+ 158.044,8
257.2475866,257.247422,257.2478698,1186.806396,1186.791626,1187.05896,9,3,3,3,1,25836.45844,25642.05728,24468.09486,28486.50422,26443.23382,29106.08077,27753.00775,29736.75034,30515.50887,,,48
257.5588496,257.558686,257.5590412,507.4077148,506.9535828,507.895752,9,3,3,3,1,16804.02497,16162.24725,16239.19867,11233.93837,11078.91804,11617.97097,15994.5615,17009.89358,17534.776,[54][M+1]2+,,8
258.1319023,258.131597,258.1321569,623.8832397,623.7481689,624.39,9,3,3,3,1,67705.66716,67463.89767,67135.5886,39300.79812,31896.74947,40325.9349,64998.45,65516.26751,65861.63686,[53][M+1]+,,3
258.1489854,258.14887,258.1492161,764.4318237,763.2651978,764.7528076,9,3,3,3,1,276188.5709,271460.4948,271637.192,259022.7993,296456.3664,298584.3172,277277.7439,308003.9245,301991.8603,[55][M]+,,41
258.1853257,258.1849798,258.185621,846.039,846.0222778,846.3024292,9,3,3,3,1,63433.24303,62954.80567,63065.25526,62426.81026,64933.73558,66549.83559,65369.11579,69069.52879,67252.41294,[56][M]+,,105
258.8993737,258.8990647,258.8999613,66.0614624,65.78240967,66.08358002,9,3,3,3,1,30968.38429,30184.349,30365.73487,27439.1225,33154.71471,32498.056,32399.12687,31784.36067,32340.42313,,[M+Na+CF3COOH]+ 121.917,83
259.0925277,259.0923135,259.0927013,77.7914505,77.63990021,77.797,9,3,3,3,1,100331.2257,98392.42697,101795.4624,101455.6781,101514.3021,104864.6462,103106.3804,103869.2389,104717.2911,[57][M]+,[M+H-H2O]+ 276.097,68
259.1522717,259.1521029,259.152501,764.346405,763.2319946,764.5175781,8,3,2,3,1,48808.7215,47479.75038,48238.86,46556.7089,54483.35197,54457.56831,49854.18105,55636.7631,55042.91237,[55][M+1]+,,41
259.188595,259.18823,259.1889034,846.0510247,846.0271606,846.3024292,8,3,2,3,1,11205.3024,10847.22013,11116.77427,8516.326638,11930.3014,11243.94975,11950.74,12739.71184,12642.62093,[56][M+1]+,,105
259.6314965,259.6312479,259.6316787,1021.428833,1021.198181,1021.887695,9,3,3,3,1,29425.56522,28418.81478,30045.97333,28886.2875,27956.10693,28146.70534,27969.48733,26820.42052,28373.7275,,[M+H+K]2+ 479.3,26
260.0956877,260.0954677,260.0957921,77.79247284,77.63990021,78.04640961,9,3,3,3,1,11811,10827.10574,10775.0955,11955.09336,11519.48163,11695.5393,11524.69731,11233.782,11920.11223,[57][M+1]+,,68
260.1645623,260.1230568,260.1647958,794.2904072,794.0115967,794.7808838,12,3,3,2,1,7481455.031,7896.401071,7342356.438,8183159.423,8081152.912,10055.72857,8164952.36,7835178.912,8330158.322,[58][M]+,[M+H]+ 259.157,7
260.1646444,260.1644544,260.1649906,1196.485962,1195.935303,1196.742,7,2,3,2,1,48260.7318,885943.7464,1317789.14,569574.0185,618497.9446,566958.0217,537785.6234,1555680.828,1507537.484,[59][M]+,[M+H-C2H4]+ 287.189,46
260.1646636,260.1645921,260.1647387,1118.02417,1117.263916,1119.560181,5,0,3,2,1,6485.439078,342748.6561,703493.6777,578160.01,813179.4154,762942.7159,1047710.63,531417.3767,851035.4284,[60][M]+,,58
260.1646308,260.1645467,260.1647168,1186.680398,1186.294434,1187.05896,4,0,3,1,1,18129.92483,351037.484,551535.6131,604867.1081,528325.016,551400.6129,677068.0528,638407.8231,631506.8619,,,48
260.1646053,260.1645587,260.1646602,1081.11546,1078.841064,1084.201172,4,0,3,1,1,2211.86981,310723.6393,818414.9578,984251.0839,787238.3392,1008775.562,368684.3884,984984.3624,1046595.019,[61][M]+,,330
260.1645834,260.164566,260.1646963,1100.988615,1096.404785,1102.45752,4,0,3,1,1,3330.987613,280718.7265,641551.6944,472751.1016,786758.6212,442927.4919,363870.0695,795858.0205,787646.8997,[62][M]+,,65
260.3530779,260.3224637,260.3835334,794.270813,794.0115967,794.932373,18,3,3,3,1,7126.030476,31885.724,30043.01158,9208.1264,9677.979429,9581.575,9006.710556,10079.9815,33538.86683,,,7
260.5636557,260.5633929,260.5638596,794.1513062,794.0115967,794.6555786,8,3,3,2,1,27789.531,26258.06922,25901.86974,47327.56533,49978.7704,50767.82419,48699.3056,46858.5895,34613.10352,,[M+Na]+ 237.578,7
260.8976989,260.8973866,260.8984688,66.06163788,65.78240967,66.086,7,2,2,3,1,4255.0564,4500.819308,3557.243762,516.2656826,4652.510417,4769.865692,4562.165417,4601.521833,4390.5939,,,83
261.1309267,261.1306298,261.1312021,381.3604126,381.1124268,381.7231445,9,3,3,3,1,19257.62927,17758.63939,18669.08327,34294.78111,35684.45629,37524.06917,20753.07545,21985.7352,21263.70897,,[M+Na]+ 238.142,160
261.167947,261.1677445,261.1681798,794.0317993,794.0115967,794.6555786,9,3,3,3,1,1360176.612,1328752.462,1359598.711,1553534.125,1529680.014,1582845.891,1524699.239,1473540.933,1209946.077,[58][M+1]+,,7
261.1678837,261.1677017,261.1682251,1196.359985,1195.935303,1196.742,6,2,3,1,1,3660.870457,61550.31622,139503.424,270469.7483,116613.4969,159078.0636,94912.30786,157335.8692,159401.3752,[59][M+1]+,,46
261.1678874,261.1678502,261.1679987,1118.026524,1117.778809,1119.8125,4,0,3,1,1,NA,66555.95461,137685.7844,104743.035,134811.1226,123619.5438,201088.1116,164101.3856,163793.4033,[60][M+1]+,,324
261.1678114,261.1677915,261.1679047,1099.335861,1094.294189,1102.45752,4,0,3,0,1,NA,63322.63791,145268.9941,93186.639,161012.8126,6520.576,165681.3328,175516.9863,176071.2163,[62][M+1]+,,329
261.1678289,261.167788,261.1678352,1081.130615,1077.054,1082.122192,3,0,3,0,1,NA,36284.1447,97405.92761,93705.54425,6084.316,103692.8933,117844.7299,112060.8138,120453.9608,[61][M+1]+,,330
262.2376327,262.2373881,262.2379575,694.6984253,694.1726074,694.7261963,9,3,3,3,1,37651.281,36579.57167,37524.41757,19052.14736,19414.60509,19077.10871,17884.17,18577.51473,19081.68185,,,163
262.170841,262.170607,262.1710501,794.021,794.0115967,794.6555786,9,3,3,3,1,148987.8899,149245.3789,148771.9286,168036.6764,168185.3768,176268.7456,169667.9718,164682.8374,134332.6096,[58][M+2]+,,7
263.0558988,263.0555893,263.05653,732.9580078,732.7224731,733.2320557,6,0,3,3,1,4683.188066,6309.289678,5263.34752,10045.41281,9516.273086,8869.306875,9071.3952,9115.911467,9944.676514,,[M+Na]+ 240.068,220
263.1733602,263.1731319,263.1735962,794.1459065,793.7623291,794.6555786,8,3,3,2,1,11039.85185,10959.18841,11465.7649,13315.4336,12311.03107,13216.21616,12994.75239,11865.55089,9346.649538,[58][M+3]+,,7
264.1750695,264.1320125,264.2678365,680.2237549,679.7414551,681.4788208,22,3,3,3,1,14967647.57,15052307.08,35623.383,9540057.648,12439.31373,9649889.91,37720.1951,35974.4708,36847.09087,,,2
264.3647093,264.3337926,264.3955119,680.2237549,679.7420654,681.4788208,18,3,3,3,1,192158.0304,189027.0258,52278.372,15175.4,13972.99985,15238.857,58674.69143,59536.09663,59724.37795,,,2
264.5768171,264.576311,264.5771258,680.2237549,679.9905396,681.4788208,9,3,3,3,1,185144.9316,182928.5818,186636.3885,74679.58246,70172.23272,73779.65088,182688.09,184018.0621,185456.5093,,,2
264.8444683,264.8441459,264.8449355,66.5874176,66.55396271,66.60547638,7,3,1,3,1,10043.16,9625.090182,9835.3688,3122.27989,11005.44136,9887.989091,9483.338444,9885.44,9837.7942,,[M+K]+ 225.881,138
264.7479119,264.7476705,264.7481838,679.9713135,679.7414551,681.2073975,7,3,1,3,1,43238.32952,40834.87069,42817.00092,5475.55825,4609.254291,3511.231267,38551.2268,40900.58928,40339.34024,,,2
264.9373747,264.9370488,264.9376183,679.9577942,679.7414551,680.2377319,6,3,0,3,1,26692.69759,24221.11674,25512.0032,853.5869373,1144.600654,860.7823314,22381.93825,24649.16364,23712.12143,,,2
265.2525476,265.2524301,265.2528371,1196.231934,1196.19104,1196.495605,9,3,3,3,1,9724.059417,10336.3656,10967.81046,12331.68904,11936.91145,12553.79667,12705.37422,12273.41031,12635.66258,,,46
265.1780952,265.1779328,265.1782991,680.2237549,679.7420654,681.4788208,9,3,3,3,1,4917201.398,4875923.874,4931740.324,2237080.337,2173724.191,2214417.213,4698944.457,4733898.694,4784657.902,[63][M]+,,2
266.0519869,266.0517653,266.052142,491.383606,490.872,491.6370544,9,3,3,3,1,18650.73611,18537.19189,18800.09295,10920.52335,9825.530677,11919.21123,15406.99295,15691.38503,15760.92779,,[3M+H+K]2+ 164.047,21
266.1727807,266.1726024,266.173196,701.0922852,701.081,701.8127441,9,3,3,3,1,15595.82008,15671.2192,16149.60624,12600.33785,15293.94542,15493.67721,15456.2892,15236.86154,16316.72571,,[M+Na]+ 243.184,179
266.1814973,266.1813345,266.1816949,680.2237549,679.7414551,681.4788208,9,3,3,3,1,509855.0233,504528.151,509028.2495,229878.1865,225246.0279,229333.8091,485265.9132,490038.7375,493552.7535,[63][M+1]+,,2
267.1846899,267.1844228,267.184794,680.2237549,679.7420654,681.4788208,9,3,3,3,1,28680.47737,28093.79475,29291.268,13838.634,13685.19571,14451.31909,29744.76155,29539.77881,29660.95034,[63][M+2]+,,2
268.1696733,268.1694912,268.1700072,869.699,869.6794434,869.9622192,9,3,3,3,1,73086.55607,75197.03621,73765.25056,75215.90153,71767.22561,75654.52893,73069.63231,76885.98902,76234.886,[64][M]+,[M+H-H2O]+ 285.174,13
269.0574092,269.0572067,269.0575493,750.5266724,750.4140015,750.76,9,3,3,3,1,30956.92551,31414.33623,31039.67459,17113.55089,15766.39481,16337.22903,29510.15439,30003.25057,29746.59059,,[M+K]+ 230.093,16
269.1734814,269.173257,269.1736454,869.7156372,869.6813354,869.9650269,9,3,3,3,1,14512.45042,14613.10952,14529.0013,16114.58462,15640.90833,16198.43988,15989.1346,16696.27503,16218.33788,[64][M+1]+,,13
269.2088528,269.2080995,269.2090625,961.1760864,960.9300537,961.6890259,9,3,3,3,1,114449.8683,113461.623,114153.0179,55069.24478,52498.24574,53916.564,55882.13893,70469.83998,70823.339,[65][M]+,[M+Na]+ 246.22,87
270.1855585,270.1417053,270.2796404,900.0454712,900.0210571,900.2991943,20,3,3,3,1,6543.097826,16500.32136,12105867.5,7727.059909,7776.648,15381.60422,7724.853565,7822.356304,15930.4716,,[M+2H]2+ 538.356,4
270.2121789,270.2113796,270.2123726,961.1760864,960.9300537,961.6890259,9,3,3,3,1,16656.55279,16481.42364,16649.97,7883.172917,7618.432083,7421.937545,6696.328615,10550.93207,10250.31159,[65][M+1]+,,87
270.1853149,270.1851901,270.1856443,862.3045654,862.0351563,862.3347778,7,1,3,3,1,359082.4864,350931.9354,353042.0686,365752.31,367851.8258,355627.4983,363527.3034,370709.1544,371815.847,,,37
270.3774992,270.3461196,270.4092014,900.2765076,900.0210571,900.2991943,18,3,3,3,1,26995.75559,27042.20758,27095.80327,25897.68155,97067.52842,26514.101,26360.555,28814.38332,27820.65161,,,4
270.5919567,270.5917395,270.5920139,900.275,900.0210571,900.2991943,9,3,3,3,1,92793.14829,92822.72326,94876.15121,89118.469,89382.9655,91539.46924,92125.24396,94550.75956,94362.25885,,[3M+H+K]2+ 167.074,4
270.7647863,270.7644372,270.7653751,900.0432129,900.0210571,900.2924194,9,3,3,3,1,7489.0344,8194.702409,7001.21625,8182.44,8475.494667,8279.235947,8126.955556,7892.385765,8028.995,,[M+H-H2O]+ 287.783,4
271.1886455,271.1884154,271.1889725,900.0454712,900.0210571,900.2991943,9,3,3,3,1,2855996.745,2822549.141,2841464.626,2616914.953,2623152.262,2619571.456,2639905.152,2669335.41,2632201.414,,[M+H]+ 270.185,4
271.1879498,271.187551,271.1882352,742.6103516,742.364,743.6705933,8,3,3,2,1,22030.83405,20565.88507,21522.67207,9490.430147,9877.130053,10249.25718,6854.562295,9958.855355,10057.455,,,222
272.1459113,272.1456587,272.1461042,1009.452698,1009.180847,1009.52417,9,3,3,3,1,11992.17933,11766.2695,11536.26734,10045.19429,9060.8499,9735.196423,10480.7983,8435.180483,10845.54707,,[M+H+K]2+ 504.327,11
272.2009116,272.1587491,272.2011955,901.5548096,901.2988892,901.8108521,11,3,3,3,1,9974222.212,9828436.179,9956685.441,9293747.518,9252829.502,9259242.069,9393595.636,7168.493714,9334892.855,,[M+2H]2+ 542.387,6
272.1918112,272.1916882,272.1920747,877.8706055,877.8361206,878.1467896,9,3,3,3,1,14712.47834,14654.7297,15228.52969,16029.40281,15536.47707,16161.2771,15931.125,16060.02368,16314.21167,,,226
272.1645071,272.164183,272.1648493,817.9701538,817.9373169,819.0029907,9,3,3,3,1,15673.88686,15671.411,14837.592,18385.38676,18066.996,18000.6646,18173.25606,19101.07337,17397.30577,,,219
272.393886,272.3628155,272.4247045,901.303,901.2988892,901.5599976,18,3,3,3,1,12489.54138,12572.3885,12221.01833,14241.4,12783.38297,12276.13935,13947.06286,14238.435,13939.40511,,[M+Na]+ 249.402,4
272.6089975,272.608414,272.7823402,901.3096619,901.2988892,901.5640869,14,3,3,3,1,54468.82674,53699.40867,55383.43608,5076.57013,60164.238,60340.10942,5927.492667,62925.40174,6011.205619,,[3M+Na+K]2+ 161.087 [M+K]+ 233.645,4
273.1234665,273.1230581,273.1236742,624.3875122,624.1376343,624.6370239,9,3,3,3,1,18617.295,17623.24609,17142.53686,13876.03443,13582.19578,14326.97351,17070.31653,18034.54984,16774.66477,,[2M+K]+ 117.075,3
273.0758607,273.0755182,273.0760135,574.183075,573.6277466,574.4363403,6,3,0,3,1,14303.31531,14489.68264,15093.1839,5527.455579,5127.565283,5227.137433,13262.60916,11907.30032,13906.42974,,,227
273.2043903,273.2041393,273.2046136,901.303,901.2988892,901.5640869,9,3,3,3,1,2119330.953,2086917.924,2117977.564,1959119.034,1950414.657,1967739.098,1996397.349,2024370.779,1996780.209,[66][M]+,,4
273.1673342,273.1670202,273.1674602,588.0628052,587.6734619,588.262207,6,3,0,3,1,18378.99515,18852.48245,18419.04422,6891.246785,5166.601753,8210.986545,10388.66461,10726.83,10807.72,,,102
273.1673704,273.1672831,273.1680862,1636.995605,1635.868042,1637.104492,6,3,0,3,1,106481.2664,105176.6534,97474.42668,144287.9491,128097.9181,135896.9568,157319.9385,134711.7891,145657.8039,,,355
274.1311431,274.1308412,274.1313334,623.7481689,623.5061646,623.885,9,3,3,3,1,50172.74227,47700.25705,46042.96763,39421.48315,39099.2091,40813.32226,48436.91086,46716.15886,47758.3614,,[M+Na]+ 251.144 [M+2H]2+ 546.251,3
274.2075893,274.2073252,274.2078541,901.303,901.2988892,901.5599976,9,3,3,3,1,218499.3162,214524.393,215709.3045,204200.932,204667.0751,203909.9666,206568.2673,207458.3583,205872.8,[66][M+1]+,,4
274.1802728,274.179865,274.1805942,847.8180542,847.8098145,848.0689697,9,3,3,3,1,143101.4065,139505.7372,141112.0332,180400.3034,181605.0031,185837.6466,188930.1827,194759.3028,190295.357,[67][M]+,,69
274.2742983,274.2739228,274.2743268,777.0038147,776.8361816,777.7359009,4,3,0,1,1,23798.92268,22528.45636,23811.82291,6042.020844,5035.995911,4606.702203,5213.154323,5428.092916,7488.288462,,,190
274.8732572,274.8728895,274.8739028,66.07920074,65.78240967,66.10151672,9,3,3,3,1,8861.976154,8557.79075,8500.547,7961.119364,9259.450417,9439.028727,9595.724833,9455.616,9221.840917,,[M+K+CF3COOH]+ 121.917,83
275.1391059,275.0944704,275.1396622,623.8865356,623.5061646,624.3828735,15,3,3,3,1,17491.13457,17979.72133,18433.96475,7843389.312,7254297.563,8007657.451,11584676.78,11593387.86,11682134.09,,[M+H]+ 274.13,3
275.0656006,275.0654538,275.0657621,750.7307129,750.4985352,750.9020386,9,3,3,3,1,294766.6971,289206.4173,293973.803,246991.4299,234299.9273,233169.4363,287224.0509,288216.2116,295115.4396,[68][M]+,[M+2Na-H]+ 230.093,16
275.0915078,275.0912612,275.091692,559.428,559.4185181,559.6737671,9,3,3,3,1,3677948.693,3638229.171,3653371.137,2191102.142,2146855.158,2217591.921,3356884.21,3574577.316,3556188.468,[69][M]+,[M+H-C6H10O5]+ 436.138,15
275.0570866,275.0568796,275.0572578,491.291687,490.872,491.4264832,9,3,3,3,1,18228.50283,17309.37324,18558.08446,13567.69129,11672.06061,13585.7457,17559.83179,17838.83595,18589.55244,,,21
275.1349847,275.1347906,275.1350773,72.43822684,72.17404175,72.70571136,8,2,3,3,1,6299.070615,6422.831905,6712.477579,7389.970125,7929.378043,7968.023,7604.486762,7310.83248,7847.0915,,,321
275.1835065,275.1831395,275.183838,847.8150024,847.8098145,847.8217163,9,3,3,3,1,26241.02109,25493.93114,26287.185,34333.8992,33948.91946,34516.55822,35141.72335,35681.598,35289.36486,[67][M+1]+,,69
275.2102197,275.2099838,275.2105278,901.303,901.0457764,901.5570068,9,3,3,3,1,14830.17667,14602.88128,14798.35809,14304.30956,15370.28286,14766.03,14574.90369,14904.9792,15140.90125,[66][M+2]+,,4
275.3023902,275.2337732,275.3643672,623.8790894,623.6326294,624.39,22,3,2,3,1,108593.9521,8735.362364,24096.08369,47923.78483,9090.43632,9661.902429,10150.56122,9651.560625,9075.96,,[M+2H]2+ 548.584,3
275.5493915,275.5285652,275.5497574,623.8811646,623.7481689,624.1266479,10,3,3,3,1,104300.4259,103355.4119,103359.1389,39977.49286,32828.85472,41767.1775,104658.6723,106277.1132,87096.987,,,3
275.7236434,275.7233276,275.723969,623.8136597,623.6339722,623.8865356,6,3,0,3,1,10485.16376,10209.18675,11981.0647,1307.221068,2186.815438,1351.477388,12193.20789,12446.2734,11999.69371,,,3
276.0949014,276.0946521,276.0950893,559.428,559.4185181,559.6737671,9,3,3,3,1,610489.1083,605266.2191,607655.8861,367787.1081,358837.928,372751.349,572205.2444,597567.0242,594098.5727,[69][M+1]+,,15
276.1077766,276.107487,276.1079848,242.1408539,241.489502,243.0061646,9,3,3,3,1,24177.02942,24293.88803,24890.5216,24605.48152,23815.21593,25267.01413,25578.13947,25728.22517,25116.39461,,,260
276.0689146,276.068704,276.0689686,750.5368042,750.2550049,750.7614136,8,3,2,3,1,43493.541,42835.24837,42145.32391,37943.6396,27682.28478,35582.43672,43806.29145,44859.05455,45119.91849,[68][M+1]+,,16
276.1425757,276.1421751,276.1427726,623.8790894,623.6339722,624.14,9,3,3,3,1,2517646.918,2526623.436,2539272.789,1361850.301,1264265.11,1400229.646,2405511.115,2428059.327,2452082.112,[70][M]+,,3
277.097087,277.0969257,277.0973509,559.4257813,559.4175415,559.6862183,9,3,3,3,1,81377.96595,79587.25414,80485.99871,48554.87958,48168.13,49735.88293,76041.546,79912.59959,80531.69895,[69][M+2]+,,15
277.1031003,277.1029037,277.103325,77.7914505,77.63990021,77.797,9,3,3,3,1,168064.2943,163711.5464,167075.4113,171185.2795,171959.5051,174312.831,172844.8848,176535.2361,175706.0232,[71][M]+,[M+H]+ 276.097,68
277.1451138,277.1447662,277.1453576,623.8790894,623.6339722,624.39,9,3,3,3,1,277189.2411,270894.6609,274120.1335,151874.6101,123934.1614,154984.7451,266185.7195,265910.6433,267538.6678,[70][M+1]+,,3
278.1063036,278.1060475,278.1064559,77.79247284,77.63990021,78.04640961,9,3,3,3,1,19802.341,19437.75138,20005.80727,20496.06307,20739.66,21517.6954,20515.33626,20862.77828,20872.47867,[71][M+1]+,,68
278.1474768,278.1471247,278.147604,623.8790894,623.6339722,624.39,9,3,3,3,1,24573.585,24020.21349,24249.84713,13691.55426,10973.05229,13621.845,24235.02809,24544.96714,24995.3275,[70][M+2]+,,3
278.1904443,278.1900649,278.1905723,702.3703613,702.3614502,702.8748169,5,3,0,2,1,8028.53232,8154.482207,7231.913,2955.16692,2613.390852,1791.957284,7381.874714,7798.231615,7223.409249,,,100
279.2318993,279.2316433,279.2321513,949.7133179,949.466,949.7369995,9,3,3,3,1,18201.77013,18317.2752,18860.88281,19026.67753,18315.03471,17818.93058,18867.628,18743.89382,18564.95888,,[M+H-H2O]+ 296.236,64
280.1621975,280.1619554,280.1623858,1116.752808,1116.748535,1117.071655,9,3,3,3,1,39019.0465,38928.47006,37603.38021,61952.98536,58053.15009,61391.03678,60213.31773,62393.48896,62379.26104,[72][M]2+,,323
280.1621324,280.1619701,280.1623293,1147.821899,1147.567,1148.0802,9,3,3,3,1,25070.97534,25079.9233,24687.51577,33214.97833,33115.23281,32328.40533,32286.24881,34957.64915,32519.11814,,,373
280.6638804,280.6636689,280.6641086,1116.881456,1116.748535,1117.071655,8,2,3,3,1,14179.6133,13500.16489,13817.94282,21877.42502,22163.93786,22648.2784,23058.0222,23153.68111,23145.75343,[72][M+1]2+,,323
281.1725772,281.172554,281.1726196,744.196167,743.1403198,744.3613892,3,3,0,0,1,7605.1556,8057.369846,7660.037407,1780.456482,2154.742224,1227.60525,1855.725171,2650.410912,3412.23835,,,378
282.1465608,282.1463713,282.1466754,794.270813,794.0115967,794.7736816,7,3,3,1,1,22983.78744,22789.58863,22888.49258,28203.67005,26242.923,29615.43375,26568.52443,25016.58054,19513.60562,,[M+Na]+ 259.157,7
282.2792554,282.2791216,282.2794708,1161.323,1161.297119,1161.603394,9,3,3,3,1,60240.73282,58244.93851,56751.63675,53092.62605,51139.42616,49778.89342,63208.56492,64309.22432,62232.07568,[73][M]+,[M+H]+ 281.272,109
283.2826352,283.2823824,283.2827486,1161.325073,1161.297119,1161.603394,9,3,3,3,1,10970.80345,11192.09487,10456.38528,10003.37366,9953.951241,8917.418966,11569.16129,11960.88345,11918.68031,[73][M+1]+,,109
283.2631812,283.2629237,283.2635436,1196.231,1195.975952,1196.465576,9,3,3,3,1,25759.70775,27925.54876,26861.22757,30231.14413,29397.64255,31146.1937,30068.32706,30235.09835,31063.92183,,,46
283.1749744,283.1746087,283.1752291,410.4766541,410.2172546,411.1037903,8,2,3,3,1,7851.210808,8228.899364,7328.0625,11790.42744,13095.87082,13238.5253,7345.172,9952.675833,9312.417857,,[M+H]+ 282.168,218
284.2009373,284.2006132,284.2010257,954.8289185,954.5510864,955.048645,9,3,3,3,1,50600.44305,52625.07721,53460.39935,56353.85433,52581.44644,55075.51848,50351.77215,56209.53228,56962.4587,[74][M]+,,36
284.2008668,284.2006973,284.2011492,894.937439,894.729126,894.9525146,9,3,3,3,1,67687.44505,68719.518,69707.025,69749.92645,71166.5946,72624.34965,70159.88175,70943.81067,72103.71103,[75][M]+,,99
285.0759884,285.0756752,285.0761057,794.2771016,794.270813,795.0426025,8,3,3,2,1,467137.8243,462415.0777,469243.1442,190755.934,186569.9213,196849.569,445813.6789,431324.27,365674.1586,[76][M]+,[M+H]+ 284.068,7
285.2042091,285.203932,285.2044675,954.8289185,954.5510864,955.048645,9,3,3,3,1,10930.17164,10742.13248,11866.73446,11515.78867,11293.31817,11539.17422,10972.30358,12310.55129,11933.09382,[74][M+1]+,,36
285.2042244,285.2040016,285.204489,894.937439,894.6709595,894.9525146,9,3,3,3,1,14431.158,14280.53,15439.25026,14505.45828,14485.9452,15163.75647,14479.2685,15678.50284,15572.50063,[75][M+1]+,,99
286.134281,286.133295,286.134992,869.9702759,869.9349976,870.2183228,9,3,3,3,1,26323.7544,24267.23939,26654.62665,37782.83,37694.464,37775.17571,36272.14473,36927.3625,38730.65691,,[M+H+HCOOH]+ 239.129,13
286.0792321,286.0789625,286.079374,794.2771016,794.270813,794.932373,8,3,3,2,1,80896.50854,81377.744,82787.08449,33596.50018,33291.21146,34637.46966,80267.75205,76913.94324,65933.96003,[76][M+1]+,,7
286.1801915,286.179976,286.1805125,857.718689,857.4512329,857.7508545,9,3,3,3,1,656373.6344,649676.3675,649901.3926,776768.4754,782749.7136,779296.2982,811568.9154,829642.224,818736.9628,[77][M]+,,24
286.2165084,286.2161976,286.2167658,955.336792,955.3182983,955.602356,9,3,3,3,1,58407.7376,58366.68474,58969.50872,62959.71015,58603.48125,60456.76803,59544.71938,63283.0293,62872.49161,[74][M+2]+,,36
286.1802478,286.1802126,286.1803257,1117.646214,1117.008911,1120.067871,4,0,3,1,1,14402.09593,25110.8927,78897.14424,131060.3139,254560.3208,274819.7564,478966.0927,399626.2105,400934.0455,,,326
286.180227,286.1801799,286.1802799,1129.495,1126.694214,1131.787476,3,0,3,0,1,9502.854639,19850.10156,62690.99723,159458.3052,199404.7106,99315.4184,286934.9388,307426.8408,309816.1255,,,95
286.3780164,286.3460039,286.4100891,869.9535859,869.7165527,870.2183228,18,3,3,3,1,148374.154,32159.1045,33018.91,64170.55837,61191.41369,64381.16031,64454.19676,67450.31537,66058.42587,,,13
286.5988969,286.5775772,286.5990339,869.9702759,869.9349976,870.2183228,13,3,3,3,1,143937.0052,142532.5666,143164.2286,153554.8199,181382.2236,154139.0297,183975.9001,158877.565,155886.2905,,,13
286.7770253,286.7768288,286.7776016,869.9511719,869.7165527,870.2183228,9,3,3,3,1,26136.61943,25695.49528,23585.54347,49474.13727,48229.39538,49489.05559,47818.55476,52370.01173,51114.2233,,,13
286.9741101,286.9731347,286.9742873,869.956,869.9349976,870.2196045,9,3,3,3,1,10065.3644,9798.6812,9456.6888,33042.82222,31623.7338,32549.25567,31450.06421,35576.84786,34359.596,,,13
287.0816718,287.0814759,287.0817528,794.7488708,794.270874,795.0426025,4,3,0,1,1,10651.688,9604.504,10604.516,3672.160095,3612.983299,3442.383527,10216.51877,10356.73898,7972.074039,[76][M+2]+,,7
287.1656124,287.1448653,287.1839356,869.9535859,869.7165527,870.2183228,18,3,3,3,1,3794523.858,13034.06313,13121.84829,25977.0632,26340.285,25707.95307,24917.56723,27446.0655,28030.20856,,,13
287.2199029,287.2194275,287.2200735,955.333252,955.0639038,955.59729,9,3,3,3,1,11036.85318,11607.54613,11943.03639,13093.44267,12457.50328,12063.8479,11193.24583,13283.715,13030.512,[74][M+3]+,,36
287.1834718,287.1832948,287.1838227,857.4951196,857.4671021,857.7331543,8,2,3,3,1,139304.3757,137920.5207,136929.1844,164591.4283,165864.5164,164197.9043,172247.4664,176265.9365,173461.0635,[77][M+1]+,,24
287.3496842,287.349564,287.3498815,869.9511719,869.7165527,870.2183228,9,3,3,3,1,10405.13418,10192.88922,9793.567333,23870.43909,23118.11138,23377.9212,22855.50346,23516.01828,24422.45308,,,13
287.5658983,287.5653461,287.5661593,869.9535859,869.94104,870.2183228,6,0,3,3,1,2535.031899,2594.638082,2035.86414,8101.011875,8537.555765,8155.041632,8619.869048,8531.9115,8815.193333,,[3M+Na+K]2+ 171.068,13
288.0648732,288.0648008,288.0649087,162.086731,161.1074829,162.3331604,4,3,0,1,1,19520.44128,18672.75114,20592.91302,11105.74072,14722.26273,15687.76137,20301.74588,16874.02473,16597.0078,,,255
288.0649334,288.0647856,288.0650052,152.0304642,148.8844299,152.6691437,4,3,0,1,1,12695.37803,14209.70549,14352.27908,6848.644591,12337.49623,8998.961246,11979.64924,11057.85679,13856.31582,,,288
288.1961785,288.1491237,288.1964025,900.0244512,899.2902222,900.2924194,16,3,3,3,1,12968985.1,12967518.84,13051162.29,14477785.05,14394571.47,14460416.71,35503.78269,14736825.33,37659.26933,,[M+2H]2+ 574.378,4
288.1868235,288.1865695,288.1869134,869.9511719,869.7165527,870.2183228,9,3,3,3,1,419338.802,414623.9712,416086.3824,507843.5662,496766.4625,516668.1708,510241.2816,527994.7475,521077.429,[78][M]+,,13
288.195824,288.1956946,288.1962515,1196.365662,1196.19104,1196.742,6,1,3,2,1,15665.15925,204422.3973,248543.4351,1014613.687,444471.2386,1210154.797,400407.7446,942573.3738,430629.1841,,[M+H]+ 287.189,46
288.1959147,288.1957518,288.1959273,761.4421387,761.2097778,762.4082031,3,3,0,0,1,24090.25342,24927.37971,30336.75976,23209.19721,46088.39964,43791.24896,48562.57605,50605.82425,54721.08406,,,155
288.2897165,288.289431,288.2899914,822.5569458,822.071167,822.8117065,9,3,3,3,1,21470.84848,20816.57109,20480.062,15009.59165,15767.54138,14801.22,15942.00669,16251.0418,16086.2062,,,202
288.362334,288.2924806,288.4264449,899.7752686,899.2902222,900.0392456,27,3,3,3,1,29567.34532,6735.344909,6704.951591,82831.80409,81831.9576,81977.12365,40880.55636,84559.70086,38128.7625,,[M+K]+ 249.402,4
288.61583,288.5944832,288.6160761,899.788147,899.5462646,900.0392456,15,3,3,3,1,124243.951,92956.56658,91867.0634,198625.8464,161257.7766,164146.3816,200616.9244,200756.7405,168294.7545,,,4
288.7942335,288.7922848,288.7943257,899.769,899.5139771,899.788147,9,3,3,3,1,6420.85,7316.1917,6534.825158,45628.61738,45729.3235,45338.1845,45650.15,47383.85596,47186.7266,,[M+H]+ 287.783,4
288.9219743,288.9215763,288.9227796,1641.737,1641.468872,1641.860229,9,3,3,3,1,10809.10918,11097.08218,10089.65354,8660.658652,9268.116481,9822.714231,9551.19984,9737.481069,9791.298536,,[M+2H]2+ 575.835,101
289.1546905,289.154293,289.1548611,706.005188,705.922,706.3051147,9,3,3,3,1,39367.70237,38620.2687,39148.62806,14226.38876,14568.14297,14479.4805,37011.23309,37496.30967,37629.4272,,[M+H]+ 288.147,106
289.1546057,289.1539528,289.1548125,670.527,670.3473511,670.7814331,9,3,3,3,1,64084.95628,63091.15933,64749.16376,24061.11203,24208.232,22734.89503,59541.08561,61945.02926,60602.27209,[79][M]+,[M+H]+ 288.147,121
289.1991059,289.1630753,289.1995356,899.772644,899.5153809,900.0392456,15,3,3,3,1,3543453.189,3476157.447,3467143.771,21988.21935,22899.00715,5138696.645,24022.3049,22617.58212,22961.26154,,[M+Na]+ 266.215,4
289.1896585,289.1893573,289.1898284,869.9511719,869.7165527,869.9702759,9,3,3,3,1,35969.33908,34821.53241,34336.55478,42478.81125,40786.96846,43618.89097,43473.2925,42410.18752,42741.36574,[78][M+1]+,,13
289.199261,289.1991965,289.1992682,1118.284302,1117.008911,1118.288,3,0,3,0,1,404.9224957,10391.52653,48925.42842,65683.376,100266.5746,86262.57613,93455.90247,103170.4898,102039.4212,,,325
289.1994278,289.1991378,289.1995151,1151.13,1148.837036,1152.160522,3,0,3,0,1,144.7963609,13809.19597,46819.75016,64821.39225,39959.72905,80856.57884,84494.72049,89440.18957,88301.52273,,,172
289.1992294,289.1992049,289.1992307,1141.977539,1140.948,1144.788818,3,0,3,0,1,NA,10346.00315,37359.77955,62001.25511,54840.716,47785.94785,65528.9311,73935.44445,75546.56551,,,176
289.3654725,289.3650825,289.3655354,899.7703948,899.5153809,899.78302,6,0,3,3,1,6146.038339,4177.796876,4990.823135,22050.97238,22719.215,22517.69646,22002.07143,23163.24288,23137.01503,,,4
289.5844192,289.584195,289.5846755,899.7660308,899.5139771,899.78302,6,0,3,3,1,1872.512617,2329.898143,1800.543598,9667.854429,10118.085,10313.62964,9646.1076,10216.42541,10393.24157,,[3M+2K]2+ 167.074,4
290.1579638,290.1578053,290.1581229,670.5238342,670.3473511,670.7648315,6,3,0,3,1,10714.79159,11001.53419,11369.63816,3111.699774,3987.967453,2428.786533,9457.376276,10301.55667,10202.63063,[79][M+1]+,,121
290.2021508,290.2019378,290.2025013,899.772644,899.5462646,899.788147,9,3,3,3,1,384173.2853,383313.6544,383121.3624,557098.4444,558512.7102,563301.6149,566710.1981,575084.67,571573.1004,[80][M]+,,4
290.2691539,290.2689174,290.2692654,786.9010615,786.8139648,787.0913086,6,3,3,0,1,33499.40533,34274.3625,35475.27653,8270.1,8278.862034,8827.066269,5892.250991,5217.437931,5337.80009,,,170
291.1338406,291.1335356,291.1343325,624.1312256,623.8865356,624.3828735,9,3,3,3,1,25352.80674,25536.41222,25620.13395,14738.52252,14826.26761,15652.96197,24552.47515,25283.50816,25092.43174,,,3
291.039406,291.0392261,291.0394916,750.7409363,750.2550049,750.9812012,8,3,2,3,1,22991.01865,22772.57109,23158.85137,21146.3824,14753.29009,21001.01333,22618.75183,21997.99135,22055.63306,,[M+Na+K-H]+ 230.093,16
291.1452414,291.1450663,291.1454849,448.3366089,447.8587646,448.5897217,8,3,2,3,1,2300656.698,2242845.525,2265572.157,1005433.387,653824.4434,1001444.707,2140485.413,2210588.436,2235124.182,[81][M]+,,17
291.2048047,291.2045093,291.2050935,899.5221558,899.5131226,899.788147,9,3,3,3,1,31131.64311,31607.0212,31087.88659,45029.08846,45764.01078,45835.6563,45301.0641,46306.7359,45619.2842,[80][M+1]+,,4
292.1483437,292.1481413,292.1487248,448.3317871,447.8587646,448.5897217,9,3,3,3,1,381904.429,372138.696,370262.2685,166998.2839,121712.0613,165513.1827,353070.6332,366732.1251,370644.6326,[81][M+1]+,,17
292.1670525,292.1667962,292.1673753,900.0294189,900.0210571,900.2924194,9,3,3,3,1,50493.46628,50087.21278,49321.02186,45683.96783,45695.66071,45346.76567,46100.4662,45903.24753,46834.04633,,[M+2Na]2+ 538.356,4
293.1505937,293.1504848,293.1509106,448.3325043,447.8587646,448.5897217,8,3,2,3,1,38771.09333,38222.289,39958.0875,17375.7,11085.6735,17541.86163,38340.99543,39860.692,39472.57873,[81][M+2]+,,17
294.1126908,294.112316,294.1128603,624.4334106,622.6134644,624.6422729,8,3,2,3,1,91843.93778,90720.74659,89096.20741,75365.25282,66703.72356,78437.89257,90552.6816,90218.3235,90381.53255,[82][M]2+,,3
294.1826712,294.1823909,294.1829554,901.5570068,901.5548096,901.8145142,9,3,3,3,1,36328.6622,35535.2918,35140.9728,32647.24909,31760.89807,32362.26609,32247.25898,32239.905,32950.48409,,[M+2Na]2+ 542.387,6
294.2273887,294.2267931,294.227693,531.6715698,531.5910034,531.9978027,9,3,3,3,1,41439.55127,40235.88865,40712.6165,14604.53352,16529.54703,16575.24327,36229.125,39751.19486,40198.7916,,,139
294.614227,294.6139833,294.614535,623.1982422,622.3591919,624.6370239,8,3,2,3,1,31329.41132,31861.74456,29677.26894,25311.57467,22339.96407,26540.18979,29875.95333,29678.58151,30494.07208,[82][M+1]2+,,3
294.9388576,294.9388474,294.9388879,4.939370155,4.931148529,5.228487492,3,3,0,0,1,107055.446,107246.2131,109745.4836,689.9130996,1155.932908,1411.596214,1117.004483,604.7840844,985.9592641,,[2M+Na]+ 135.975,20
294.9388293,294.9387692,294.9390108,1433.55957,1431.144,1436.31897,4,0,3,1,1,64176.61764,75553.20228,74851.02307,34219.44643,62009.33567,68763.49315,78466.9793,85034.67186,88428.45265,,,192
295.1288436,295.128484,295.1291012,401.9866638,401.6586914,402.1568298,9,3,3,3,1,14398.1541,13804.9732,14253.381,13531.8105,12778.58796,14567.47938,13225.0092,12008.04759,14767.93767,,,229
296.2010293,296.2008287,296.2012979,951.753,951.4989624,951.7720947,9,3,3,3,1,474892.0796,469983.8966,477104.7273,700257.201,668810.1624,700065.5441,696763.7313,723764.4674,716473.6503,[83][M]+,[M+K]+ 257.239,25
296.2010051,296.2009046,296.2012263,976.1984253,975.9547729,976.2365112,9,3,3,3,1,126620.0727,124457.7929,127863.4381,135947.3624,131312.1827,133263.7271,136526.8136,132425.9172,138512.0753,[84][M]+,,34
297.1212728,297.1208856,297.1214248,624.3875122,623.8743286,624.6370239,9,3,3,3,1,1928738.905,1920374.073,1924451.459,1519661.265,1458070.287,1574784.693,1930919.695,1935369.956,1970328.135,[85][M]+,[M+Na]+ 274.13,3
297.2043089,297.2041221,297.2045393,951.753,951.4989624,951.7720947,9,3,3,3,1,108675.0519,107354.9797,109659.878,163506.1278,153922.435,160448.1272,160878.2659,166867.4594,164418.488,[83][M+1]+,,25
297.2042376,297.2041061,297.2045531,976.1984253,975.9547729,976.2365112,9,3,3,3,1,27841.79137,27120.81357,28843.01333,30936.07575,30042.60681,30517.63854,30337.65284,29479.14076,30266.71912,[84][M+1]+,,34
297.2400448,297.2394689,297.2403812,1071.952026,1071.172119,1071.968,9,3,3,3,1,65215.09875,63446.18175,63701.66935,34893.76679,39087.7564,37517.6419,49759.6372,48869.41185,49988.5564,[86][M]+,,76
298.124423,298.1241466,298.124645,624.2367554,623.3786011,624.6370239,9,3,3,3,1,317145.0354,319045.7145,324387.4068,258806.4061,259489.8091,269763.3048,331889.3413,333028.4364,339281.835,[85][M+1]+,,3
298.0967823,298.0965339,298.0970297,381.6987457,381.575,381.9827576,8,3,2,3,1,18104.0635,17694.66214,17865.045,13791.7338,16754.08655,16938.12667,16987.48759,17700.59538,17782.31425,,,160
298.2166597,298.216603,298.2168947,940.3032837,940.052124,940.3134155,9,3,3,3,1,4826310.036,4783863.723,4814312.03,4729672.736,4797572.27,4490089.486,4804885.355,4875291.084,4810962.37,[87][M]+,[M+H]+ 297.209,10
298.2166998,298.2165803,298.2170576,1008.474121,1008.261963,1008.733643,9,3,3,3,1,2900723.156,2862674.043,2902327.212,3118852.624,2794128.569,3056921.813,3142904.783,2864622.561,3194984.19,[88][M]+,[M+H]+ 297.209,11
298.2167094,298.2163555,298.2170161,983.6033325,983.3071289,983.7861938,9,3,3,3,1,242501.0585,237815.55,240128.8229,249628.7704,256910.0209,275071.5274,268794.7904,239907.0611,261326.7863,[89][M]+,,49
298.2166026,298.2163647,298.2168603,957.8722534,957.6351318,957.8996582,7,2,2,3,1,246748.5572,242249.6148,247610.3088,233300.8246,198556.0396,239261.7934,227665.7815,248654.3907,248676.3606,,,312
298.2166152,298.2164967,298.2167735,966.5380249,966.5230103,966.7984009,7,2,2,3,1,73656.50053,72581.75238,73005.46205,75984.4195,77484.60985,79050.00259,78779.12454,76569.78971,78566.19875,,,107
298.2434943,298.2433875,298.2437628,1071.836426,1071.172119,1071.966797,6,3,0,3,1,10624.36613,10957.7294,10604.57796,4264.969746,2672.70755,3644.135917,8063.907417,7748.416556,8362.556423,[86][M+1]+,,76
298.3468742,298.3467448,298.3471034,1047.725464,1045.770386,1048.263184,9,3,3,3,1,103383.8043,98167.83433,99464.87406,84540.28911,79039.83841,80203.81803,100288.571,102678.5205,98513.26417,,,158
298.4503974,298.4492947,298.4508519,940.3032837,940.052124,940.3134155,9,3,3,3,1,9497.462435,9960.923,9583.382455,13305.26348,13917.26778,11523.42729,13961.882,14271.85925,14622.43052,,,10
298.6432421,298.6222383,298.6435491,940.305542,940.0405884,940.3134155,10,3,3,3,1,6117.657778,6435.796308,6501.47475,11190.33931,12015.73133,10818.67368,11991.49843,11777.29156,6727.205667,,,10
299.1268512,299.1264194,299.1270671,624.2403259,623.3786621,624.3945923,8,3,2,3,1,33923.16,33725.44845,33736.91553,28587.02291,24085.78833,29118.26315,35624.94337,35670.47456,36124.17073,[85][M+2]+,,3
299.1102908,299.1101774,299.1103784,648.2687988,648.2351074,648.4247437,3,3,0,0,1,9609.985407,10183.63877,10320.69932,6005.81604,4213.433228,5584.3927,5786.30249,4918.161519,6055.960083,,,265
299.1958474,299.1956704,299.1959795,1117.770264,1117.513672,1117.833252,9,3,3,3,1,16763.33129,17052.80093,17817.87627,18303.94857,17721.735,18737.1761,18486.7392,19620.71776,18397.97642,,[M+2Na-H]+ 254.225,58
299.2200471,299.2199769,299.2203128,940.3032837,940.052124,940.3134155,9,3,3,3,1,1097622.291,1088655.862,1106347.606,1083638.83,1095497.223,1039632.175,1100053.179,1119857.907,1108091.078,[87][M+1]+,,10
299.220006,299.2195996,299.2202836,983.6033325,983.4917603,983.7861938,9,3,3,3,1,52732.48486,53317.63842,53098.11573,56088.6623,57942.7609,58132.7104,57050.87568,55059.2868,58112.85355,[89][M+1]+,,49
299.2200462,299.219963,299.2204423,1008.474121,1008.261963,1008.727,9,3,3,3,1,657694.6108,650128.2108,662549.0482,710331.0299,638859.5198,692810.8384,716889.9571,645558.559,729612.0056,[88][M+1]+,,11
300.1593712,300.1591826,300.1596146,794.2770081,794.0115967,794.932373,8,3,3,2,1,17559.17862,17501.19091,18012.30833,19122.24291,17661.24294,20173.87167,18822.20516,18414.09425,15666.26896,,,7
300.2322987,300.2321064,300.2325951,1009.229797,1009.02655,1009.262329,9,3,3,3,1,3889262.146,3806396.708,3857478.656,4124983.069,3842167.721,3994319.76,4168503.216,3639646.714,4216145.456,[88][M+2]+,,11
300.223153,300.2230915,300.2233863,940.3032837,940.052124,940.3134155,9,3,3,3,1,125178.8156,124909.351,127216.3322,125125.3186,127862.73,120840.6462,124374.8851,127677.0869,128850.3496,[87][M+2]+,,10
300.1958429,300.1957103,300.1961858,888.572,888.546936,888.8217163,9,3,3,3,1,162884.6329,162587.4881,164098.4032,234244.2429,234539.9878,237969.1054,237371.7429,216734.1633,234616.8976,[90][M]+,,55
300.195676,300.1954533,300.1959466,814.4386597,814.3822021,815.4955444,9,3,3,3,1,8311.275071,8612.81856,9236.552464,9743.140286,9213.833214,9667.821484,9190.738,9564.19992,9643.397333,,,273
300.1958021,300.1955965,300.1960652,920.9388428,920.9232178,921.3262939,6,1,2,3,1,41128.03501,39183.76679,40018.809,65476.95471,63633.24626,63994.54634,63299.49733,65539.36834,63894.39571,,,328
300.4667809,300.4665616,300.4670824,1009.031097,1008.981,1009.452698,6,0,3,3,1,4881.288921,4125.416672,4274.193257,7580.950125,8200.042571,6945.778667,7042.305278,6982.063238,7232.6085,,,11
301.1410804,301.1409179,301.1413454,988.422,988.3406982,988.8129272,9,3,3,3,1,101534.5312,99571.20694,97551.13781,94395.9749,94999.53173,98513.44966,95673.15377,93390.33987,96010.497,[91][M]+,,311
301.1142524,301.1140151,301.1144886,79.57433319,79.40119934,79.58837891,9,3,3,3,1,24306.51621,23938.89,24838.54425,24315.26,23459.0163,25146.55,24760.7311,25186.84519,24808.75163,,,180
301.1410415,301.1408332,301.1414453,994.7698945,994.6957397,994.9782104,8,2,3,3,1,97095.99985,90806.91363,90380.90287,87725.6164,88951.27213,87832.44713,86801.4198,81321.79947,84999.05253,[92][M]+,,94
301.2356977,301.2355641,301.2360621,1009.192993,1008.981018,1009.262329,9,3,3,3,1,875785.9047,870149.2155,888636.727,926220.1804,877396.5497,907529.8664,946264.5768,848598.451,962114.4193,[88][M+3]+,,11
301.2260805,301.2259793,301.2262405,940.302002,940.0405884,940.3134155,9,3,3,3,1,8503.915828,9355.477517,9499.588129,9741.9787,9046.04496,9341.948323,9182.272759,9036.809231,9688.459815,[87][M+3]+,,10
301.1991529,301.1989935,301.1995607,888.572,888.546936,888.8217163,9,3,3,3,1,34494.41342,34835.80967,35074.95154,50236.12869,49239.11908,50597.42854,51702.42839,46690.53158,51995.91487,[90][M+1]+,,55
301.2114628,301.211205,301.2116737,1186.815796,1186.791626,1187.062988,9,3,3,3,1,52034.69297,49585.41972,48214.07706,52725.16159,48624.34877,53005.617,50375.24028,53351.79215,53835.92824,[93][M]+,[M+K]+ 262.248 [M+Na]+ 278.222 [M+H]+ 300.204,48
302.1443976,302.1440981,302.1449614,994.7063599,994.4970093,994.9782104,9,3,3,3,1,15375.7792,15927.15848,15124.79003,15539.3,14933.54839,14758.49053,14150.21036,13977.10786,14497.6087,[92][M+1]+,,94
302.1444889,302.1443042,302.144857,988.422,988.3406982,988.8129272,9,3,3,3,1,16702.1232,16617.74652,16991.32878,15739.38271,16328.22538,16651.65169,16615.44738,16283.11865,15495.15585,[91][M+1]+,,311
302.0988893,302.0984993,302.0990283,623.3786621,623.0145264,624.8911743,9,3,3,3,1,21126.77741,21582.94756,21749.36606,16620.05256,16867.83837,18025.8761,21780.92055,23292.53789,22002.30952,,[M+Na]+ 279.112,3
302.0975774,302.0974036,302.0978812,537.2524719,536.5419312,537.2935791,8,3,3,2,1,53863.38926,54032.3784,53311.33762,22329.7152,22799.65629,22520.708,17786.5133,44176.55964,44682.21818,[94][M]2+,,1
302.2388198,302.2386934,302.2391176,1009.192993,1008.981018,1009.262329,9,3,3,3,1,100651.1842,96561.79133,101215.8439,108845.1492,98342.00354,106058.55,109855.0852,95351.02666,112459.9691,[88][M+4]+,,11
302.2146522,302.2144015,302.2151779,1186.815186,1186.797241,1187.059,9,3,3,3,1,8156.70804,8409.56328,7078.617,9708.60325,7860.713,9396.486,8811.434385,9070.81836,9484.643217,[93][M+1]+,,48
302.2115178,302.2113968,302.2118477,952.0218201,951.9960327,952.0279541,8,2,3,3,1,56678.94228,53944.84077,55213.02446,117176.6682,112861.98,117430.3953,118351.4995,121429.2391,123245.2846,[95][M]+,[M+2Na-H]+ 257.239,25
302.1751179,302.1749086,302.1753069,739.8219299,739.5709229,741.0681763,8,3,2,3,1,66787.9212,66014.7134,66165.06707,40436.62409,57124.48923,53262.85841,56711.67988,58127.50755,58122.81857,[96][M]+,,111
302.5989248,302.5986188,302.5992396,537.2524719,536.5419312,537.2935791,8,3,3,2,1,29262.59453,29294.40782,28887.81459,11411.70167,12008.91132,11999.0304,9423.69544,23604.97159,24405.24625,[94][M+1]2+,,1
303.0949246,303.0943102,303.0954855,537.253479,536.5419312,537.2935791,9,3,3,3,1,24963.58978,24602.6001,25797.35413,8621.966348,8147.714222,8095.020632,17183.922,21277.56023,21063.39138,[94][M+2]2+,,1
303.0499148,303.0496446,303.0500697,512.7559204,512.2469482,513.6112061,8,3,2,3,1,27537.01108,27711.26511,28919.79008,13627.59906,6801.275936,14512.83738,27574.12872,32388.16281,31879.22762,,,52
303.050012,303.0497925,303.0501897,630.513855,629.9584961,630.9782104,6,3,0,3,1,83973.13759,88692.20935,94277.178,35202.65803,34589.90641,44394.19125,101735.6206,93819.24641,100471.9983,,,151
303.1704577,303.1701992,303.1705987,753.0422974,752.2893677,753.232605,9,3,3,3,1,52054.47564,51180.50115,54052.30147,18588.61289,18509.6882,13952.84815,48257.69017,50780.20849,49477.23676,[97][M]+,[M+H]+ 302.163,73
303.2148455,303.2146601,303.2149754,952.0148315,951.7733765,952.0279541,8,2,3,3,1,11319.08318,10563.39437,10557.58915,24304.0575,23711.79149,25086.12168,24975.05835,25028.87049,26050.1,[95][M+1]+,,25
303.17839,303.1781831,303.1786446,739.8171748,739.5709229,741.0681763,8,3,2,3,1,12323.385,12763.3596,11943.8816,7920.400763,11150.82248,10290.8731,10720.55961,11902.7272,11614.17348,[96][M+1]+,,111
303.5954627,303.5953138,303.5955525,537.246582,537.0461426,537.2717896,4,3,0,1,1,8583.285333,8777.500571,9062.9695,1911.870692,2003.08842,2238.139318,4578.072332,7483.026459,7189.420667,[94][M+3]2+,,1
304.049507,304.0493782,304.0496109,794.8039856,794.270874,795.2090454,4,3,0,1,1,11416.58057,10942.06952,11702.196,2824.270657,1891.9897,2358.525772,9647.716857,6950.042453,6294.94036,,[2M+H+K]2+ 284.068,7
304.2611428,304.261036,304.2613573,1161.325073,1161.297119,1161.574,9,3,3,3,1,20608.22808,21336.69333,20538.25759,19046.79946,17348.925,17219.00251,20348.24983,21837.86044,21172.77114,,[M+Na]+ 281.272,109
304.1906739,304.190516,304.1909804,785.2322388,785.1151123,785.494751,9,3,3,3,1,52840.62949,51195.30628,53740.00845,56915.235,55426.13516,55650.59449,56376.184,56913.22342,56534.23761,[98][M]+,,42
304.1736405,304.173528,304.1736625,752.8658142,752.5200195,753.232605,6,3,0,3,1,8744.836269,9750.095769,8834.370923,2761.210782,2487.8496,1833.622695,8516.618261,8839.128,9459.765,[97][M+1]+,,73
304.2998015,304.299712,304.3001092,926.5317383,926.0043945,926.8427124,9,3,3,3,1,21183.85427,20015.15305,20939.8835,21798.343,22061.30255,21495.09209,22805.91331,22277.12236,21930.60708,,,231
304.8943133,304.8940008,304.8952231,1641.917053,1641.498413,1642.080811,8,3,2,3,1,27571.19555,27382.968,27468.64006,35466.90342,26838.71813,33809.93271,33795.7371,33515.79652,33646.27703,,,101
305.1021643,305.101855,305.1022917,507.4077148,507.178009,507.6456909,9,3,3,3,1,122927.1614,118875.9945,120017.5708,44436.59923,43255.55806,45010.76497,104290.748,114926.0864,115107.237,[99][M]+,[2M+H]+ 152.045,8
305.1570178,305.1563403,305.1572088,410.5333862,410.3662109,411.3534241,9,3,3,3,1,12424.27221,12007.93244,11597.39561,17114.05712,17285.51943,18694.93103,8754.046968,13886.6065,14516.43372,,[M+Na]+ 282.168,218
305.1939488,305.1937625,305.1942166,785.2322388,785.1159058,785.3751831,9,3,3,3,1,9949.770333,10434.69483,9939.549286,10026.97538,10111.4348,10909.73269,11665.34069,11684.16225,11149.57318,[98][M+1]+,,42
306.105383,306.1051389,306.1055352,507.4077148,507.178009,507.895752,9,3,3,3,1,21765.82714,20966.44221,21550.30468,7770.646333,7767.124286,7949.028545,18362.07643,20391.94043,20160.86331,[99][M+1]+,,8
306.8948517,306.8944629,306.8957349,1641.577393,1641.24353,1641.812988,9,3,3,3,1,9882.321643,8575.9276,9021.333462,9354.076826,10077.09,10576.62248,9938.464241,9471.571103,9345.329111,,[2M+2Na+K]3+ 417.878,101
307.0833142,307.0830143,307.083586,85.43925476,85.41622925,85.66501617,9,3,3,3,1,108953.812,107085.7229,109873.249,98614.92212,96300.40242,100783.246,103145.223,105307.9306,105985.6141,[100][M]2+,[M+2H]2+ 612.152,31
307.1289322,307.1286431,307.1292024,624.1266479,623.7481689,624.1410522,9,3,3,3,1,32034.63,29926.63067,29044.46357,21592.80278,21553.92128,22856.85487,27230.85554,28550.44476,27615.1041,,[M+K+NH3]+ 251.144,3
307.0833184,307.0829697,307.0835547,123.6538086,123.6279297,124.416748,9,3,3,3,1,78591.13362,80390.76867,79305.72128,73483.17419,69413.3257,72297.17478,71998.23913,68503.24565,78973.81271,[101][M]2+,,128
307.0578059,307.0575378,307.057978,794.40448,794.270874,795.0426025,8,3,3,2,1,94084.85198,92844.26493,94658.70109,42942.63361,43619.58164,45144.09541,86983.65893,85397.9457,73956.14738,[102][M]+,[M+Na]+ 284.068,7
307.5845996,307.5844186,307.5849474,85.43925476,85.41622925,85.66501617,9,3,3,3,1,27926.07594,27151.24361,29108.9465,25327.908,25011.49075,25415.78455,26416.591,27755.61938,25862.11107,[100][M+1]2+,,31
307.5846293,307.5842787,307.5848391,123.8839874,123.634,124.416748,9,3,3,3,1,19399.02171,19702.56932,21761.22449,19007.90816,18356.1137,18711.9,18445.30033,17926.36851,19269.53613,[101][M+1]2+,,128
308.0906293,308.0646277,308.0909422,85.42361069,84.69842529,85.44987488,10,3,3,3,1,114800.9132,112822.7289,115133.4886,114411.8696,113378.7932,117414.8474,127356.0284,128173.5492,129900.5407,[100][M+2]2+,,31
308.1621547,308.1619073,308.1623665,869.9718628,869.94104,870.2196045,9,3,3,3,1,61068.39421,61629.44681,60877.64251,71898.92386,67704.94667,70510.34798,69619.04048,71658.33879,72342.54456,[103][M]+,[M+Na]+ 285.174,13
308.0611239,308.0610278,308.0611874,794.9302368,794.270874,795.2090454,4,3,0,1,1,15995.7111,16514.67237,16417.30585,7330.538141,5200.48676,7166.508637,14582.19126,12069.7729,11484.39747,[102][M+1]+,,7
309.0938087,309.0933863,309.0940906,85.43925476,85.41622925,85.66501617,9,3,3,3,1,12542.85277,11906.63352,12711.74078,14203.05582,13058.8387,13851.46583,14977.834,14395.68677,14703.44141,[100][M+3]+,,31
309.2036656,309.2034071,309.2040138,1043.129395,1042.769897,1043.177,9,3,3,3,1,20156.60216,19289.36533,18592.91643,19571.53552,19011.05188,20425.61939,21562.27392,20733.49297,20466.907,,,80
309.1654364,309.1651248,309.1658679,869.9650269,869.94104,870.2183228,9,3,3,3,1,11054.49282,11483.83406,10636.49889,14360.71467,13618.96995,14292.77678,13949.6643,15088.43865,14755.19488,[103][M+1]+,,13
310.0864077,310.0861619,310.0866629,537.2524719,536.5419312,537.2935791,8,3,3,2,1,219524.5538,214027.8059,215739.4043,94866.8945,95228.22,97880.76944,70756.68704,183648.2709,184686.713,,,1
310.1801206,310.1795919,310.1804178,845.2773438,845.2539063,845.5512695,9,3,3,3,1,26173.27061,25644.48761,25574.10088,22460.72163,23425.51585,23058.32269,23978.97829,24280.7197,24745.96913,,,362
310.2166173,310.2163815,310.2169016,997.9971008,997.7183838,998.3070068,8,3,3,2,1,28387.33581,27332.669,28999.36985,31109.93858,30972.19014,31238.00551,31407.00684,23649.93312,31145.40709,,,303
310.1778837,310.1776352,310.178213,900.0294189,899.7717896,900.0432129,7,3,1,3,1,75986.11149,75165.29153,74966.78778,97737.61008,83282.05094,85089.17236,95096.85318,97581.28226,94486.4159,,[M+2Na]2+ 574.378,4
310.3104057,310.3102769,310.3104453,1248.696476,1248.439697,1248.710327,6,0,3,3,1,5612.478609,7644.818196,6091.400129,8920.939464,8835.255778,8449.845517,18384.39773,18759.1725,18513.07855,,,207
310.5879873,310.5877474,310.5882372,537.25,536.5419312,537.2717896,8,3,3,2,1,89529.47383,86130.5536,88090.13578,39544.7721,38433.50968,39096.69517,30428.51817,75826.545,75034.95738,,,1
311.1367466,311.1362481,311.1368062,706.1050415,705.8945923,706.3051147,9,3,3,3,1,68716.93784,64779.62061,66987.7639,26052.26073,28119.27673,27939.19606,65219.51189,67870.272,67070.78884,[104][M]+,[M+Na]+ 288.147,106
311.1365759,311.1357331,311.1367552,670.5183105,670.3473511,670.7814331,9,3,3,3,1,32621.28195,31910.38816,33393.39354,12762.57742,12528.36912,10995.74259,31298.16347,32557.36069,31781.61146,,[M+Na]+ 288.147,121
311.1236324,311.1235091,311.1238867,317.5700378,317.1521606,317.9808044,9,3,3,3,1,16172.70469,17266.04666,17385.73747,14084.84933,15682.80356,15619.00811,15478.86226,15488.41535,16041.68827,,,246
311.1262569,311.1259501,311.1264568,889.856,889.564209,891.1235352,9,3,3,3,1,12032.77288,12782.83643,13043.87234,10269.50667,10824.62216,11035.81032,11365.53758,11009.02026,11252.24576,,,276
311.0892027,311.0888565,311.0895807,537.246582,536.5419312,537.258,8,3,3,2,1,20288.49406,19771.35467,20083.66983,8324.083565,8683.94352,9156.254333,6147.788639,17525.45959,17526.1177,,[M+Na]+ 288.097,1
311.2580054,311.1809784,311.2583036,902.323,899.7954102,902.5847168,11,3,3,3,1,24503.67175,25379.02829,25543.9105,26129.3828,25841.03707,25437.19851,25125.50692,26036.29736,26130.07233,,,6
311.2581384,311.2580489,311.2583558,941.7063372,941.0702515,944.1057129,8,3,2,3,1,29914.63562,28359.11338,30463.18642,28041.99435,27153.26578,22958.32095,27652.89872,27434.21755,28081.01057,,,82
311.2558693,311.2555162,311.2560397,1111.403687,1111.39856,1111.462158,5,3,0,2,1,67869.79824,67896.70698,67959.84488,24297.27934,13758.54341,24400.89112,35219.9726,38636.21723,38233.13783,,,115
312.1399516,312.139528,312.13999,706.1881409,705.9332886,706.3051147,6,3,0,3,1,12214.6024,11483.80933,11921.456,4213.419468,3152.80863,4028.124681,10964.78154,11459.30607,11573.50769,[104][M+1]+,,106
312.2322456,312.2321491,312.232648,991.9559937,991.8417969,992.1554565,9,3,3,3,1,228303.2504,223912.8003,226858.4132,241296.9476,244710.5,245016.471,244411.4185,244417.0341,246757.4089,[105][M]+,,51
312.1958833,312.1956285,312.1961568,791.9811401,791.7252808,792.1703491,9,3,3,3,1,99389.99541,99758.92769,99550.92682,88881.81831,87032.09926,89783.7825,87988.26,86813.25313,80009.15789,[106][M]+,,93
312.1958925,312.195759,312.1959398,921.9536133,921.923,922.081543,5,0,2,3,1,120642.0085,116096.003,116374.4397,227157.0074,235707.3245,232940.0937,231378.822,239952.1456,242052.0263,,,60
312.1958582,312.1957992,312.1959639,942.5995483,942.5994263,942.8510742,3,0,0,3,1,97614.79074,98510.86148,97238.89905,121250.8495,141246.07,101751.121,137985.264,141506.0815,142114.3961,,,344
313.0947559,313.0944398,313.094998,537.2524719,536.5419312,537.2935791,8,3,3,2,1,42033.11938,40896.98308,41890.6488,23328.48125,23451.56023,23333.89871,18389.0861,41890.38,42612.50338,,[2M+Na]+ 145.052,1
313.0947241,313.0943609,313.0950502,624.3144836,623.3786621,624.8911743,8,3,2,3,1,74926.80554,74926.38918,74814.988,57409.44369,44559.76799,57992.58281,69436.4498,69206.7186,70590.3014,,[M+K]+ 274.13,3
313.235511,313.2353013,313.2359108,991.9559937,991.5834351,992.1554565,9,3,3,3,1,54823.15726,55334.46868,55923.80476,57751.35803,59239.56292,59555.51437,58075.05805,58513.93925,59683.8294,[105][M+1]+,,51
313.2738281,313.2736715,313.2740795,977.231,977.2075195,977.5147705,9,3,3,3,1,90513.49427,88740.16102,90450.26125,99897.91964,98244.16837,100834.8642,101755.1837,98380.28,102523.5339,[107][M]+,,34
313.1991419,313.1988824,313.1993919,791.9811401,791.7252808,792.368042,9,3,3,3,1,22293.48275,22721.44971,22383.91458,19563.844,19163.71365,20366.17536,19759.67897,19361.26722,18245.36,[106][M+1]+,,93
313.2350286,313.2345592,313.2351767,962.7052917,962.4651489,962.7208862,8,3,2,3,1,67025.56215,66948.465,66836.37541,26416.99318,24681.89311,26427.06667,46388.56155,48134.68358,47838.78937,[108][M]+,,110
313.2738025,313.2734735,313.2740698,999.1076521,998.8291016,999.8448486,8,3,3,2,1,19454.42659,18896.35757,19697.94615,23585.14,23428.706,23345.71888,24067.37855,14779.98537,23259.03028,,,27
313.2737983,313.2737221,313.2740268,1041.901806,1041.101196,1046.793091,8,3,2,3,1,101964.1398,97417.25217,99844.95294,92480.79261,94123.06234,101290.2622,101554.1961,100371.6425,99122.09856,[109][M]+,,342
313.1987034,313.1986767,313.1987212,700.8270874,700.571106,700.829834,3,3,0,0,1,17584.63922,16628.1985,18168.85613,2698.442802,3138.555534,3992.165914,6612.570742,5232.134753,5572.51623,,,370
314.211761,314.1602101,314.2119568,938.773407,938.5182495,938.7835083,14,3,3,3,1,8913360.688,8935306.017,8927942.445,10930485.33,19878.49496,10698446.1,11017287.45,11135224.61,20616.17121,,[M+H]+ 313.204 [M+2H]2+ 626.408,5
314.2116134,314.2114273,314.2120004,971.1209717,971.112854,971.3739014,9,3,3,3,1,2488346.034,2451211.183,2456672.969,4077735.562,4055973.228,4064491.372,4111227.618,3945777.416,4179410.993,[110][M]+,[M+H]+ 313.204,12
314.2772353,314.2769982,314.2774999,977.2324219,977.2075195,977.7714233,9,3,3,3,1,18443.37231,17841.39153,17561.50567,19692.72692,19718.23023,20157.4213,19517.4738,17386.25958,20210.16008,[107][M+1]+,,34
314.2115671,314.2112703,314.2118232,956.1032715,955.5707397,956.3453369,9,3,3,3,1,424224.7957,409493.508,421973.8319,666841.4883,515562.0109,667734.2179,666403.0896,688952.622,682854.9306,[111][M]+,,36
314.2772063,314.277121,314.2773632,1041.644592,1041.101196,1042.144775,6,0,3,3,1,15885.00414,17181.35088,17550.80807,20533.04657,19976.56522,21267.80469,19997.47048,20584.214,21276.53123,[109][M+1]+,,343
314.2382743,314.2378219,314.2383082,962.7016602,962.4651489,962.7208862,5,3,0,2,1,9974.852,10748.45076,10601.86993,2437.409912,2845.005249,3658.469323,6792.306632,6186.62384,7050.739182,[108][M+1]+,,110
314.3856421,314.3125771,314.4524245,938.6488667,938.515564,938.7835083,24,3,3,3,1,9022.613455,9792.356048,10206.07146,8426.6455,28832.71619,7848.325714,8540.343,8874.929053,8965.208421,,[M+K]+ 275.427,5
314.4517323,314.4516269,314.4518577,971.1217651,971.112854,971.3781128,5,0,3,2,1,765.0167969,1428.754774,964.7485758,7403.1345,7076.932,7852.4922,7064.914714,5689.705342,8195.763333,,,12
314.6497307,314.6280896,314.6501086,938.7720967,938.515564,938.7835083,16,3,3,3,1,32591.8,51845.53705,34567.50016,108073.5867,91112.54678,106956.0196,91949.3573,92191.06493,92240.14748,,[3M+2H]2+ 209.103,5
314.6498314,314.6493656,314.6498602,971.119,970.8692017,971.1217651,5,0,3,2,1,NA,NA,NA,4368.242667,4183.675455,4671.204231,4529.325231,2921.109873,5367.782,,,12
314.836601,314.8364304,314.8366508,938.5260925,938.5182495,938.7731934,6,0,3,3,1,739.5680444,667.9969434,574.6894338,16152.46411,16685.106,15947.888,17712.42832,17252.046,18475.005,,,5
315.0435378,315.0431399,315.0441026,938.6499634,938.5182495,938.7765503,6,0,3,3,1,378.9188494,512.1996852,476.3715036,8558.8974,9821.22,9670.047385,10579.688,9920.41,10669.676,,,5
315.2149998,315.214794,315.2153968,971.1209717,971.112854,971.3739014,9,3,3,3,1,571035.7646,562455.7513,561050.6767,938446.6144,939626.309,937013.239,947655.5039,906834.909,965706.3208,[110][M+1]+,,12
315.2147972,315.2140911,315.2149953,956.0950928,955.5707397,956.114624,7,1,3,3,1,93292.86743,98661.38591,98656.00839,157802.9535,122253.1294,142030.2677,158029.0183,171295.0162,170516.8181,[111][M+1]+,,36
315.2149511,315.2148872,315.2152355,938.6488667,938.515564,938.7835083,8,2,3,3,1,2136896.385,2132851.407,2131659.764,3260488.935,3284958.173,3187601.777,3317827.636,3365830.802,3344341.261,[112][M]+,,5
315.4524338,315.4522639,315.4528204,938.5260925,938.5182495,938.7731934,6,0,3,3,1,2010.259609,2151.316209,2890.983449,13885.20233,14428.85388,14606.74289,15482.392,15175.8048,15939.60109,,[M+Na+NH3]+ 275.427,5
315.6316234,315.6313691,315.6317044,938.5260925,938.5182495,938.7731934,6,0,3,3,1,1360.256861,1338.969586,1055.399802,14551.09732,15520.86086,14101.912,14895.46957,14908.02059,15574.86947,,,5
316.0868555,316.0865427,316.0869907,507.433,507.178009,507.6645813,9,3,3,3,1,45649.65403,45673.10213,47062.88719,21373.49692,20465.02889,21681.54738,36412.31571,40167.84933,39816.1447,[113][M]2+,,8
316.1614455,316.1611818,316.1618795,85.18629456,84.923172,85.44987488,9,3,3,3,1,31350.01243,32215.27155,32229.0502,30413.65556,30510.50739,31575.45286,33334.27829,33288.8545,32832.41435,,[M+H]+ 315.158,31
316.227105,316.1747505,316.2275281,1003.673785,1003.418152,1003.934937,14,3,3,3,1,3139222.501,3038003.013,2996104.616,8561.071333,8329.247962,8266.087667,6649015.817,6104126.494,6623492.501,[114][M]+,[M+H]+ 315.22,9
316.2180584,316.2178992,316.2183567,971.1209717,971.112854,971.3739014,9,3,3,3,1,71580.3802,71086.9234,71363.93646,122405.947,117067.925,121288.6982,120442.4292,116376.6416,124305.174,[110][M+2]+,,12
316.2270121,316.2269227,316.227401,867.4190063,867.3898315,867.6754761,9,3,3,3,1,10190.10724,10095.19819,10117.26679,10077.04757,10547.29406,11010.62917,10895.87503,11446.2682,11559.38041,,,249
316.2180623,316.2179794,316.2183158,938.771,938.515564,938.7835083,9,3,3,3,1,275887.2655,277844.4083,275678.7348,424428.1299,429576.1504,414554.2015,428730.8756,438808.6757,435645.2296,[112][M+1]+,,5
316.5882461,316.5878789,316.5883462,507.4077148,507.178009,507.6456909,9,3,3,3,1,21327.97996,21111.08586,21653.56635,9839.479,9595.92952,10744.83828,17597.89721,18743.92393,18435.72811,[113][M+1]2+,,8
316.468502,316.4681899,316.6453128,1003.426013,1003.418152,1003.679199,8,0,3,3,1,4182.567433,3692.048082,3462.816507,20760.397,29015.203,30596.25465,30712.056,30477.40348,32626.19276,,,9
316.666824,316.6664888,316.6672007,1003.426013,1003.418152,1003.679199,6,0,3,3,1,508.2319863,141.6783021,129.406232,29277.75288,27680.20484,28406.344,29099.20667,27036.77471,30440.53235,,,9
317.1018529,317.1016385,317.1020988,559.4425659,559.4185181,559.6862183,9,3,3,3,1,28493.63703,28449.43194,28533.92554,16764.72,15539.06755,16513.64672,27899.37831,29574.051,29222.89969,,[M+Na]+ 294.112 [M+2H-C4H8]2+ 688.243,15
317.0845432,317.0842122,317.0848565,507.4077148,506.9234619,507.6645813,9,3,3,3,1,17798.65333,17246.52372,17563.69597,8617.14287,8443.484739,8699.850435,15221.79911,16083.87,16154.98523,[113][M+2]2+,,8
317.2307707,317.2304296,317.2309472,1003.624512,1003.418152,1003.694641,9,3,3,3,1,723276.5785,702853.3932,689498.198,1528806.701,1471033.022,1524801.16,1552953.826,1416030.789,1550291.652,[114][M+1]+,,9
317.2206995,317.2205884,317.2208662,938.5259399,938.515564,938.7802124,9,3,3,3,1,23760.36357,24101.385,23598.465,39711.73218,39835.335,37816.87184,39325.97179,39406.98354,39910.75784,[112][M+2]+,,5
317.2206631,317.2201301,317.220701,971.1190093,971.112854,971.1251831,6,0,3,3,1,5602.846723,5795.781745,5731.637847,9155.307,10470.94759,9169.493538,9767.687154,9957.466667,10076.42736,[110][M+3]+,,12
318.0726605,318.0723819,318.0732413,537.253479,536.5419312,537.2935791,9,3,3,3,1,20532.19294,20704.21333,20782.21643,8070.758727,7809.236773,7706.709455,13687.96622,19016.99307,18710.87724,,,1
318.2337747,318.233499,318.2339661,1003.426025,1003.418152,1003.679199,9,3,3,3,1,93536.04,89744.78634,88394.17925,198594.731,188388.3113,200200.915,201099.7677,184279.5602,201109.9954,[114][M+2]+,,9
319.2245522,319.2241878,319.2247757,949.7141113,949.4581299,949.7369995,9,3,3,3,1,198640.357,195150.8389,199061.0648,194692.4175,184681.4296,189810.78,189941.0971,197223.63,196937.6312,[115][M]+,[M+Na]+ 296.236,64
319.224496,319.2241969,319.2247415,1015.961609,1015.847717,1016.188354,8,3,2,3,1,40311.73377,39858.87735,38794.75971,38784.05105,34197.15378,40506.22,40422.84541,37543.29453,40728.555,,,143
319.2358125,319.2356418,319.2361973,1003.427582,1003.418152,1003.676,6,0,3,3,1,6959.474122,8277.47123,6158.660059,17930.802,17564.1662,18045.68906,17975.57971,16653.99556,18485.68567,[114][M+3]+,,9
320.1983813,320.1980594,320.1986299,1008.474121,1008.261963,1008.740784,9,3,3,3,1,17281.98205,17174.10481,17553.23452,18230.58447,16466.3037,18648.40618,18587.07163,18094.29497,19179.88176,,[M+Na]+ 297.209,11
320.2279021,320.2275526,320.2280246,949.7141113,949.4581299,949.7369995,9,3,3,3,1,39417.9,38775.08957,39755.504,38484.27644,37243.04929,38103.20214,38826.38118,40246.69869,39427.64065,[115][M+1]+,,64
320.1983734,320.1982605,320.1986689,940.3032837,940.298584,940.567749,9,3,3,3,1,23629.15962,23857.38135,23264.16,22896.12951,22851.51776,22161.22785,23134.06858,23138.48524,22211.6804,,[M+Na]+ 297.209,10
321.101558,321.101427,321.1017846,737.5407715,737.2774048,739.119751,9,3,3,3,1,44543.53297,44811.625,45686.42234,39463.14057,46755.39795,45382.25206,44353.87382,47858.94979,47401.29554,,,56
321.2400261,321.239702,321.240379,993.2288818,993.1113281,993.6129761,9,3,3,3,1,45385.53092,45150.00326,44601.05368,44450.2065,43898.4505,44383.31537,43854.58071,43141.79559,44404.58357,[116][M]+,,134
322.2140752,322.2137977,322.2143379,1009.452698,1009.229797,1009.738892,9,3,3,3,1,22751.84314,22971.91945,23377.34868,23494.9248,21812.25231,21818.31136,23785.40535,23129.92805,23835.652,,[M+2Na]2+ 598.449,11
322.2434554,322.2432372,322.2437409,993.433075,993.1759033,993.6129761,8,2,3,3,1,8563.627936,8242.969517,8497.453926,8035.712522,8389.438792,7787.685217,8729.442,8152.362,8707.143833,[116][M+1]+,,134
324.0590994,324.0589067,324.0593374,77.03044128,76.8889389,77.17829132,9,3,3,3,1,48308.75441,48147.78881,48721.21264,50035.34847,49927.47633,51505.72218,49756.76364,50352.89082,49240.74855,,,68
324.0756315,324.0753849,324.0757964,507.433,507.178009,507.895752,9,3,3,3,1,408620.6203,397999.0226,410956.47,189557.6034,193980.2546,197141.8532,326374.7952,361604.1667,361044.7137,,[M+Na]+ 301.085,8
324.2324037,324.2321922,324.2327208,1034.762329,1034.754272,1035.023,9,3,3,3,1,873597.533,855512.0505,869933.1182,944309.9832,895181.0868,948653.2574,960601.7284,942953.426,955846.6771,[117][M]+,,22
324.5773184,324.5770554,324.5774402,507.4077148,507.178009,507.6645813,9,3,3,3,1,147506.0617,144161.9004,146181.0383,67360.5331,67887.3048,69885.31441,114990.0919,130024.7506,131137.065,,[M+H+CF3COOH]+ 209.586,8
325.0674835,325.0671585,325.0676892,703.384,703.1296387,703.6004639,9,3,3,3,1,54517.35116,68152.90645,74742.54,101726.5952,105880.5836,101591.6163,101689.604,105814.7278,108932.3411,,,100
325.0784111,325.0780668,325.0786371,507.4077148,507.178009,507.6456909,9,3,3,3,1,37966.73753,36475.43019,37471.99706,16837.16024,16418.65912,17364.23244,29055.95752,33467.90293,33879.045,,[M+H]+ 324.075,8
325.0431257,325.0429487,325.0433657,80.86430359,80.65535736,81.10774231,9,3,3,3,1,22130.73692,22129.82666,22541.24513,22161.50222,22247.9664,22508.76148,21653.14821,22525.49596,23434.26943,,[M+H]+ 324.036,184
325.1523784,325.152184,325.1526118,753.052,752.2893677,753.2988892,9,3,3,3,1,141266.008,139155.7538,142664.9664,55255.40753,52392.03152,41838.412,131400.6215,138474.3635,137377.7308,[118][M]+,[M+Na]+ 302.163,73
325.2714828,325.2713433,325.2718343,1164.641724,1164.613281,1164.91333,9,3,3,3,1,258781.4947,256034.9669,252392.7969,73342.44167,70321.62675,76567.05977,128213.1229,131671.1137,128881.112,[119][M]+,,322
325.2357575,325.2355934,325.2360842,1034.762329,1034.51001,1035.021484,9,3,3,3,1,216113.5747,210009.5016,212954.2177,234791.786,222828.1044,235760.91,239616.4143,233734.9724,236807.9737,[117][M+1]+,,22
326.1555349,326.1552851,326.1556908,753.052,752.2893677,753.2988892,9,3,3,3,1,26465.64916,24934.15313,26682.47147,10542.41458,9622.956667,7799.826963,24897.93429,25967.1168,25222.61928,[118][M+1]+,,73
326.0968784,326.0966514,326.09722,916.0574951,915.9912109,916.3468628,6,3,0,3,1,11269.58091,11401.43765,11473.00284,4525.057013,5730.857063,5520.543101,10266.88667,9727.602917,10182.5312,,[M+H+K]2+ 612.231,29
326.2748192,326.2745621,326.2752029,1164.639526,1164.613281,1164.91333,9,3,3,3,1,50404.74654,50070.31912,48323.11698,14137.8647,13104.936,13270.10981,24871.41924,25888.72434,24160.05095,[119][M+1]+,,57
326.175048,326.1747933,326.1752876,863.3272095,863.2876587,863.3594971,9,3,3,3,1,15357.75537,15920.42505,16293.99,18432.1815,18020.81892,18308.98756,18284.9778,19136.80195,18009.38215,,,37
326.248003,326.2477686,326.2482716,1114.206177,1114.201904,1114.449463,9,3,3,3,1,125806.7016,123897.239,125159.1085,161656.3238,149918.1936,161207.8595,156374.1301,162755.406,157576.8111,[120][M]+,,335
326.247964,326.2477828,326.2482652,1034.508911,1034.256958,1034.512085,9,3,3,3,1,1382832.904,1357646.929,1373451.87,1486804.789,1415789.319,1493341.229,1502728.611,1472334.543,1496328.311,[117][M+2]+,,22
326.2114809,326.2107132,326.2115995,961.6915894,961.4431763,961.9455566,9,3,3,3,1,16461.49766,16307.19319,18008.7919,27315.44854,26850.1002,27441.31162,23219.45913,28767.06585,28194.52055,,,87
326.247802,326.2476665,326.2482881,1087.170044,1086.426514,1087.260864,9,3,3,3,1,14976.69512,15732.11634,15750.26147,18105.00938,17011.31132,18063.96066,18357.13733,18391.13708,19113.31946,,,214
326.1750464,326.1748593,326.1753618,827.673,827.4018555,828.1878662,9,3,3,3,1,98383.78987,99367.017,101013.1674,102130.909,101029.4745,103532.7258,104106.81,104077.5008,102718.5824,[121][M]+,,89
326.3782449,326.3780681,326.3785889,1054.092529,1052.518677,1054.411743,9,3,3,3,1,176836.2821,175895.9104,175323.5609,195636.7571,192618.1356,204303.9975,200386.1738,203264.439,200979.1636,[122][M]+,,81
327.008124,327.0078582,327.008331,807.6486013,807.2730103,808.6618652,8,3,2,3,1,21313.99591,19700.454,19198.64351,17640.31157,21663.64964,21744.51336,20865.92235,20393.63649,21827.85653,,[M+H]+ 326.001,77
327.0838763,327.0836309,327.0841097,507.4337158,507.178009,507.895752,9,3,3,3,1,281211.075,281182.0472,282939.8922,172215.0776,171623.925,176388.8162,244591.8423,268771.7161,269429.537,[123][M]+,[2M+Na]+ 152.045,8
327.1104056,327.1101201,327.1106888,706.194458,705.9332886,706.3051147,6,3,0,3,1,11184.61613,10238.122,11349.81386,5612.979104,5624.613865,4198.297886,11982.4056,11762.16503,10943.2728,,[M+K]+ 288.147,106
327.2512216,327.2508822,327.2514801,1114.206,1114.19397,1114.27356,9,3,3,3,1,31352.89273,31389.4056,31871.78186,40362.19385,37803.28026,40548.96,39443.51344,41428.24455,41315.24326,[120][M+1]+,,335
327.2271102,327.2268384,327.2274914,1196.233398,1196.19104,1196.495605,9,3,3,3,1,100603.8559,103059.7756,102024.2982,106039.4308,99413.35968,104357.3713,103344.6912,103955.2785,106216.118,[124][M]+,[M+Na]+ 304.238,46
327.251403,327.2512557,327.2517241,1034.5,1034.243042,1034.512085,9,3,3,3,1,345109.6712,339452.8493,346036.7222,365786.746,350146.554,368460.4086,375025.4487,368684.3048,372404.8933,[117][M+3]+,,22
327.178319,327.1782421,327.1785339,827.673,827.4018555,828.1878662,9,3,3,3,1,22656.55855,22281.135,22789.27453,22627.13937,22540.4655,23260.33362,23451.01103,23154.94557,23087.90486,[121][M+1]+,,89
327.3814869,327.381357,327.3818542,1054.092529,1052.518677,1054.411743,9,3,3,3,1,43823.93609,44686.35217,43929.22277,49098.43884,46395.41778,49197.89998,48609.80075,49426.39289,50232.48619,[122][M+1]+,,81
328.0870458,328.0868615,328.0873564,507.4130554,507.178009,507.895752,9,3,3,3,1,51003.4905,50560.21205,50370.81624,31485.39429,31299.80782,32123.96048,44218.3896,48554.42954,48420.70943,[123][M+1]+,,8
328.2303322,328.2300711,328.2307405,1196.233398,1196.19104,1196.495605,9,3,3,3,1,19585.24445,20907.50312,20629.87481,21670.41484,20737.66331,21427.75117,21116.95694,21057.89849,21848.5705,[124][M+1]+,,46
328.2636735,328.2633527,328.2639094,1115.478027,1115.472,1115.734009,9,3,3,3,1,303983.7635,299769.0752,297513.3456,368694.9717,339657.6307,366552.8133,359701.2945,374820.8749,365912.4178,[125][M]+,,38
328.22722,328.2269989,328.2274943,987.583252,987.2863159,987.7294312,9,3,3,3,1,211321.4372,207562.8132,203865.9729,430450.3343,438141.8594,443854.5575,443975.236,449092.136,454036.1575,[126][M]+,,33
328.2545399,328.254355,328.2547434,1034.262695,1034.010864,1034.512085,9,3,3,3,1,43800.10333,43040.74068,43362.0243,46383.60711,44861.96768,47314.77897,47218.22206,47171.60905,46543.96149,[117][M+4]+,,22
328.1907073,328.190508,328.1911508,781.0261841,780.7935181,781.0501099,9,3,3,3,1,538503.236,525223.8024,533451.1549,523952.7411,485175.4399,526203.4847,521894.4951,524382.5096,523368.321,[127][M]+,,30
329.0051412,329.0049317,329.0052748,807.5216013,807.2758179,808.3236694,8,2,3,3,1,19453.22456,19657.73943,20309.09063,20805.37195,19447.74825,21520.21451,21125.94326,20313.84439,20870.188,,[M+H]+ 327.998,77
329.2669988,329.2667088,329.2671591,1115.478027,1115.472,1115.734009,9,3,3,3,1,71404.27054,70705.92233,71541.50743,90393.03825,83486.445,89580.17354,88751.58361,91700.931,88302.21248,[125][M+1]+,,38
329.2424365,329.2422005,329.2428841,1262.217163,1261.950928,1262.473145,9,3,3,3,1,11563.60716,11169.66741,10747.36729,10285.935,9368.1207,8908.842381,10684.50523,10245.87048,10005.3167,,,243
329.2305118,329.2303078,329.2306919,987.6377563,987.2863159,987.7789307,9,3,3,3,1,49523.2121,48635.14388,48216.1427,102957.4466,107177.8538,106470.312,106874.6582,109085.7084,108646.8205,[126][M+1]+,,33
329.1940212,329.1936947,329.1944287,781.0261841,780.7935181,781.0501099,9,3,3,3,1,121305.7967,120355.3631,121394.9239,120881.4714,111076.816,120714.2511,121372.98,121398.6015,121596.326,[127][M+1]+,,30
330.1974312,330.1969966,330.1977983,781.0488892,780.9119263,781.303,9,3,3,3,1,14460.87924,14107.41804,14257.87552,14353.04822,13732.03763,15518.81226,14911.36872,15085.79972,15603.39071,[127][M+2]+,,30
330.2063164,330.205849,330.2065763,840.9267578,840.6693726,841.1867676,9,3,3,3,1,31355.86769,31243.11508,31606.291,31016.69013,32085.56591,32300.85368,32355.71969,34267.08829,33306.03789,,,221
330.2334185,330.2332646,330.2335554,987.3959956,987.3287964,987.677063,6,0,3,3,1,5351.511263,4986.13547,3893.413025,12727.54432,13142.11935,12199.22296,13194.88303,13317.75019,13309.8584,[126][M+2]+,,33
330.2700688,330.2697031,330.2702149,1115.477478,1115.472,1115.47998,6,0,3,3,1,8646.288605,8455.039887,8284.366892,10974.23889,9544.294862,10844.98,10053.29034,11466.16232,10028.65655,[125][M+2]+,,38
331.2092247,331.2090884,331.2101609,1637.049927,1636.62854,1637.372437,7,3,2,2,1,93570.55638,96393.80967,89715.02877,109798.0109,92853.77398,107521.8558,126920.1198,55908.45908,89480.748,,,355
332.0753975,332.0750179,332.0757392,85.44322205,85.41622925,85.70391846,9,3,3,3,1,13723.84403,13305.418,13061.82483,12443.09189,12434.824,12330.37552,13469.51793,14246.50879,14353.93896,,[M+H-C5H8O4]+ 463.122,31
332.1181923,332.1179826,332.1183777,635.8911133,635.7776489,636.161499,6,3,0,3,1,16478.1526,16000.40316,15753.2621,3515.555655,3077.007685,4121.447794,13521.46186,13382.92282,13532.69571,,,59
332.0619483,332.0616208,332.0621067,507.3827972,507.20578,507.895752,6,3,0,3,1,10684.27543,10459.89242,10524.03393,3261.434658,3370.417599,4353.861991,9105.198231,10972.66271,9939.36064,,,8
332.2219124,332.221641,332.2222938,888.062,888.0357666,888.3305664,9,3,3,3,1,19435.119,19207.64882,19115.3625,20710.83,19687.14706,21621.89733,20771.45953,19648.52633,21832.73714,,,55
332.5618942,332.5616098,332.5621923,85.44322205,85.41622925,85.93900299,9,3,3,3,1,75471.01476,75447.77557,76265.07657,88741.53,83666.59626,87669.14151,81169.51394,84506.89417,83350.4388,[128][M]2+,[M+2H]2+ 663.109,31
332.5618367,332.5616337,332.5621577,112.6601563,112.0856476,113.1364899,9,3,3,3,1,136143.7817,135144.7967,135657.5524,122884.3141,119550.0039,127611.1719,128863.548,124428.5894,124991.3968,,[M+2H]2+ 663.109,114
333.0633861,333.0631873,333.063703,85.44322205,85.41622925,85.93900299,9,3,3,3,1,19744.72828,20139.82645,19943.55276,23736.24034,22167.342,22580.69248,22647.518,22917.84457,22090.62706,[128][M+1]2+,,31
334.1320969,334.1319109,334.132351,361.4940796,361.2150269,361.9155273,9,3,3,3,1,44588.04053,44000.4017,45293.97724,33797.81285,39078.52043,38866.69659,38692.37969,41073.26091,39215.03571,[129][M]2+,[M+2H]2+ 666.249,142
334.6337255,334.6336015,334.6338995,361.4850159,361.2150269,361.9155273,9,3,3,3,1,15112.7297,14601.31671,14794.87148,10649.9844,12596.45637,12308.824,12675.70397,13050.80731,12834.57338,[129][M+1]2+,,142
335.125395,335.1249869,335.1257136,984.2540283,984.0369263,984.4343262,9,3,3,3,1,28862.69349,28128.03372,28069.42297,32938.62032,31450.09833,32104.751,30486.04811,28420.16995,31538.92378,,[M+Na]+ 312.136,49
335.1982855,335.1979417,335.198444,949.7141113,949.466,949.7369995,9,3,3,3,1,18157.03015,18678.906,17926.32141,18712.01124,18109.07127,17902.00891,18245.59382,18039.68479,17719.3674,,[M+K]+ 296.236,64
336.1934385,336.1928994,336.1936904,971.1251831,971.112854,971.3775024,9,3,3,3,1,14682.27459,15117.37226,14738.16653,24215.03822,24398.51824,24033.90297,24014.40767,22854.9328,24110.0173,,[M+Na]+ 313.204,12
336.1934196,336.1933524,336.1936519,938.5264282,938.515564,938.7835083,9,3,3,3,1,48011.288,47186.871,48501,69143.114,70925.66958,66218.96795,68931.2133,69474.951,69558.93691,[130][M]+,[M+Na]+ 313.204,5
337.0749814,337.0746181,337.0753028,880.9404907,880.911,881.1981201,9,3,3,3,1,13244.90279,13688.58062,14439.36422,26673.65521,25203.99738,25486.54244,24638.11231,23257.11877,24671.45597,,,188
337.1967085,337.196561,337.1968912,938.5267334,938.515564,938.7835083,9,3,3,3,1,9411.358667,10228.74789,9938.607097,15669.40314,14494.06303,13679.53588,15582.84989,15652.80138,14624.62676,[130][M+1]+,,5
337.2349167,337.234394,337.2351868,834.3109131,834.2747803,834.8479004,7,2,3,2,1,11197.3082,10896.34373,10484.70713,10969.03457,9458.913115,10555.18138,11189.87058,11209.26987,11152.86511,,,223
338.2090846,338.2088132,338.2093227,1003.624512,1003.418152,1003.694641,9,3,3,3,1,18502.76455,17977.785,17784.74165,37059.0508,35365.46249,36600.27958,35468.174,32268.91481,36300.60342,,[M+Na]+ 315.22,9
338.3418118,338.3413836,338.3429085,1333.748047,1333.494995,1333.761597,9,3,3,3,1,27095.94974,26930.88346,26559.18277,32044.52923,32038.8307,32727.83505,53695.85068,56681.20385,53983.59253,[131][M]+,[M+H]+ 337.335,126
339.2893893,339.2889932,339.289547,1021.428833,1021.249451,1021.98938,9,3,3,3,1,13680.02415,13714.02,13236.66746,17790.5029,17367.34564,17099.51067,17283.5936,17014.18274,16812.39435,,,26
339.2894408,339.289192,339.2896306,1000.006648,999.8081055,1000.614624,8,3,3,2,1,21205.73,21121.14,22472.51823,26014.69898,24910.80428,26341.768,25903.02263,19208.34473,25856.12718,,,23
339.2893368,339.2892882,339.2895774,1106.834717,1105.299927,1107.086,5,0,3,2,1,23123.31032,23960.89027,24674.61181,37187.71216,35001.83684,35385.07675,32747.2629,35450.62536,35718.41662,,[M+H+NH3]+ 321.265,63
339.3451924,339.3451897,339.3452179,1333.75061,1333.723022,1333.761597,3,0,0,3,1,2306.52321,5388.700977,5788.95757,6835.349418,5949.051612,8002.725086,12746.697,12933.99766,13110.50293,[131][M+1]+,,126
339.2892481,339.2891563,339.2892932,1072.985718,1072.737915,1073.233398,3,0,0,3,1,15796.12938,16407.16742,14914.79914,18936.97161,17867.18265,17914.06076,25761.99569,24644.36626,25261.10521,,,182
340.104441,340.1042605,340.1046634,635.8895874,635.7776489,636.0568848,6,3,0,3,1,11679.219,12434.33657,13277.6353,3763.730731,2907.094681,3615.508035,11860.849,11898.51975,10948.99477,,,59
340.2273023,340.2270914,340.2276356,1000.855957,1000.548157,1001.059387,8,3,3,2,1,536873.9839,523091.9189,515700.1505,907383.7225,883808.3134,904357.7778,906603.54,588618.7583,904773.1113,[132][M]+,,23
341.2305375,341.2304407,341.230854,1000.800293,1000.548157,1000.904,9,3,3,3,1,128007.896,127060.1082,126774.95,223643.3741,216826.799,221018.3884,221770.7291,200396.6923,224206.1467,[132][M+1]+,,23
341.2683234,341.2682152,341.2686106,1009.289612,1009.180847,1009.52417,9,3,3,3,1,10207.01453,9601.267,10507.89091,10838.56457,9731.111765,9711.15808,11101.75025,9178.409344,10482.22493,,[M+H]+ 340.261,11
341.2661607,341.2653601,341.266516,1071.189575,1070.430786,1071.205322,9,3,3,3,1,26248.30463,27221.27952,27156.25281,21981.59103,21702.8737,20882.33438,27803.73046,27424.84603,29078.89805,,,76
341.265916,341.2659041,341.2659363,4.026670456,4.010113239,4.249061584,3,3,0,0,1,6835.686846,7205.348615,7708.80768,NA,NA,NA,NA,NA,NA,,[M+K]+ 302.309,298
342.0915561,342.0913644,342.0918143,750.2483752,748.2102051,754.2342529,6,1,3,1,1,22736.76895,24626.91805,13325.03174,21233.87846,20299.41049,21384.26937,20956.58367,13399.18318,22995.19904,,,16
342.2429122,342.2426926,342.2432104,1028.903442,1028.511108,1028.962524,9,3,3,3,1,1042199.944,1008539.545,991205.8831,2060795.385,2057198.81,2116163.571,2154635.389,2178357.135,2138667.68,[133][M]+,[M+H]+ 341.236,18
342.2427868,342.241992,342.2430779,1070.946167,1070.177246,1071.205322,9,3,3,3,1,70407.29488,68653.69488,65303.613,121617.0369,132313.2172,124738.6382,147382.0704,146726.809,149388.5079,[134][M]+,,76
342.2335974,342.2333877,342.2338925,1000.821045,1000.548157,1001.126465,8,3,3,2,1,15896.23875,16603.02619,15700.91741,30136.66154,27716.20855,29333.52934,28034.31542,18203.16505,29345.9472,[132][M+2]+,,301
342.2428203,342.2425304,342.2430204,906.2773132,906.1243896,906.6392822,8,2,3,3,1,8239.968,8054.888957,7556.466077,8933.716857,8528.463462,8931.318621,9486.159828,9061.4725,9651.3984,,,277
342.1698012,342.1695609,342.1700301,826.6141968,826.3823242,826.6497192,7,1,3,3,1,8347.089361,8137.011256,8342.648069,10176.51433,9585.3075,9717.533571,9848.080125,10085.11232,8695.78125,,,354
343.0489731,343.0486955,343.0492237,507.4077148,507.178009,507.895752,9,3,3,3,1,48483.57306,48134.95105,49221.08434,32929.72941,32202.91533,35130.90724,44943.55321,49858.52716,50333.685,,[2M+K]+ 152.045,8
343.2462754,343.2460877,343.2465638,1028.877563,1028.511108,1028.962524,9,3,3,3,1,253512.122,250562.8,246955.7363,509219.2736,506300.7788,522874.857,529681.9107,539494.83,534071.1261,[133][M+1]+,,18
343.2460814,343.2460012,343.2463609,1070.945583,1070.177246,1071.20166,8,3,2,3,1,16944.62486,16501.48054,16307.44173,24187.48205,32015.34625,29808.44259,36666.13292,36360.48776,35992.57132,[134][M+1]+,,336
344.1003942,344.1002288,344.1005938,361.4729919,361.2150269,361.8720703,5,3,1,1,1,8752.515238,9031.443429,8624.674778,6550.71624,5285.397532,7070.632906,7111.631337,7720.152828,8279.526221,,,142
344.2585175,344.2581217,344.2589139,1106.094482,1106.062622,1106.325562,9,3,3,3,1,89170.69785,86805.89941,81282.27119,209101.6929,178458.1506,206102.7483,198175.7938,217101.7649,215160.2241,[135][M]+,[M+Na]+ 321.265,63
344.24926,344.2490866,344.2495156,1028.71106,1028.511108,1028.904,9,3,3,3,1,32887.25147,31751.16897,31540.23489,66628.42674,66822.65085,69607.00654,69788.44733,71801.115,71562.4391,[133][M+2]+,,18
344.185647,344.1853831,344.1857764,751.7715454,751.4768066,751.987854,7,3,2,2,1,42299.83256,40393.57305,41505.36429,43962.75496,40024.6222,40776.09514,40203.85291,45471.90935,43810.29228,,,161
345.1028701,345.1023744,345.1030016,624.4817505,621.5921021,624.645,5,1,3,1,1,20155.64545,21503.43225,10227.21491,17393.95636,17360.49702,18841.90269,20333.12964,20003.10935,20263.77419,,,3
345.1748163,345.174532,345.1749963,959.909729,959.6386719,959.9307251,9,3,3,3,1,11284.6923,11725.10609,11472.51228,10666.55883,10583.573,10634.63019,10267.6062,10958.57271,11225.05514,,[M+H+K]2+ 650.386,88
345.2617922,345.2615475,345.2622567,1106.082764,1105.301025,1106.322021,8,3,2,3,1,21258.86921,19973.76308,18798.45535,51357.88639,20981.16088,51372.50411,30347.29117,52902.56623,50751.24054,[135][M+1]+,,63
346.6100722,346.6098814,346.6104691,916.073,915.8354492,916.2436523,9,3,3,3,1,20107.55088,19769.46033,19699.92857,9637.348606,9265.0725,9654.462875,16196.24075,17775.114,16238.54622,,,29
347.0249911,347.0246187,347.0252313,80.8524704,80.65535736,80.93825531,7,2,3,2,1,6722.661166,6436.2,7230.449524,6710.2005,6851.0164,6808.695545,6817.664762,7352.157073,6521.225789,,[M+Na]+ 324.036,184
347.0807711,347.0804972,347.0810289,737.5404053,737.2774048,739.119751,9,3,3,3,1,11926.61839,11316.11227,11529.62,10968.98226,12703.11389,13028.1011,12603.47313,12867.12547,12567.30038,,,56
347.0708356,347.0705721,347.0709228,507.4450156,507.2355347,507.6645813,6,2,1,3,1,13036.70314,13584.14666,13373.5854,9935.789389,10143.25548,10270.63129,12801.32933,13395.32544,13742.85906,,[M+Na]+ 324.075,8
348.0704235,348.0701167,348.0707714,85.43925476,85.41622925,85.70391846,9,3,3,3,1,459561.9567,458977.1956,454485.3167,428329.2182,414268.978,439656.4932,456952.3264,457007.2546,461418.3546,[136][M]+,[M+Na]+ 325.082 [M+H]+ 347.063,31
348.0753725,348.0751198,348.0755511,491.1776428,490.872,491.4045715,9,3,3,3,1,121267.6725,118886.4976,118778.8035,70251.225,62360.25,72507.81731,99121.68878,104591.5419,107459.8239,,[M+K]+ 309.109 [M+H]+ 347.067,21
348.2296849,348.2294242,348.2299629,1034.509521,1034.243042,1034.512085,9,3,3,3,1,10173.2129,9568.830207,11032.13082,11504.16039,10727.595,11162.74833,10190.6928,11079.07768,11306.992,,,22
348.5772124,348.5768249,348.5773431,491.1776428,490.872,491.4045715,9,3,3,3,1,47549.26557,46739.23219,45312.07036,28046.48,22851.06,27993.72263,39226.71278,41449.661,41732.12757,,,21
348.9899889,348.9897379,348.9902813,807.5202026,807.2730103,808.6618652,9,3,3,3,1,45839.94386,44055.36365,46505.10708,48675.49857,48031.42205,50562.97465,49066.49618,47432.65711,49152.34987,,[M+Na]+ 326.001,77
349.073199,349.0729173,349.0735408,85.43925476,85.41622925,85.70391846,9,3,3,3,1,57843.57206,57891.18094,58145.106,53880.54009,52801.92388,55460.3325,58266.36388,57912.52591,58640.86788,[136][M+1]+,,31
349.0662694,349.0659244,349.0665199,507.433,507.178009,507.895752,9,3,3,3,1,36648.10118,34551.32525,36791.37618,24028.03853,23779.46129,24286.03852,32329.5665,35944.45479,36076.6823,,[2M+2Na-H]+ 152.045,8
349.0780283,349.0776356,349.0781782,491.3772278,491.1234741,491.4045715,5,3,0,2,1,13310.88315,12307.19213,12538.38263,7846.997738,6456.657877,6012.44026,6002.069929,11663.30388,11313.58067,,[M+H-C4H8]+ 404.139 [M+H-C6H10O4]+ 494.122,21
349.1832881,349.1830335,349.1843526,1641.743286,1641.498413,1642.022461,9,3,3,3,1,15659.48305,15865.88049,15313.05517,16606.5529,16129.26,17915.68732,16023.62745,16607.04524,17795.96951,,,101
350.0750263,350.0743744,350.0753076,85.66501617,85.41622925,85.70391846,9,3,3,3,1,9913.480774,9198.9896,9479.836667,9340.531484,8493.073643,8655.0464,10011.89716,9142.038621,9560.072,[136][M+2]+,,31
350.9870286,350.9867987,350.9872935,807.777,807.2730103,808.6618652,9,3,3,3,1,44296.05486,44008.20249,45001.49892,47527.98087,47560.76086,47214.56048,45904.16667,45948.10363,50111.08067,,[M+Na]+ 327.998,77
351.0992245,351.0987859,351.0995708,984.2927856,983.9995728,984.4343262,9,3,3,3,1,8501.529286,8901.353444,9190.843667,10002.94959,9816.136828,10052.4955,8976.308448,8217.96352,9392.118121,,[M+K]+ 312.136,49
352.2635047,352.2630284,352.2638591,1131.790527,1131.756836,1132.041382,9,3,3,3,1,12288.01161,11283.14386,12435.30362,15583.544,16144.017,15015.78775,15975.98708,16364.96125,15513.31427,,,228
353.3026003,353.3021949,353.3027494,1272.128784,1272.125244,1272.389648,7,1,3,3,1,22553.68316,25021.75444,36332.89739,41523.48642,39062.79277,41899.07012,41567.77083,41781.41625,40546.94,,,166
354.2794128,354.279058,354.2798027,1133.064,1133.036377,1133.319336,9,3,3,3,1,219981.735,219670.1828,220982.7611,265919.7897,265971.2957,264908.1704,263768.692,276170.78,270061.6654,[137][M]+,,43
354.4096044,354.4092431,354.4099434,1089.011963,1087.739136,1089.786499,6,3,0,3,1,25122.56533,24362.89816,24532.88341,8531.578445,3727.237457,9016.156265,26808.43237,27091.19876,26857.70951,,,201
355.2826446,355.2822523,355.2829056,1133.064,1133.036377,1133.319336,9,3,3,3,1,62945.534,62448.93102,61859.46035,78024.06505,77065.22268,76763.36207,76223.84,79551.23093,79112.7922,[137][M+1]+,,43
355.2818116,355.2816596,355.2821707,1105.943359,1105.776123,1106.094482,8,3,2,3,1,38837.57419,47455.08475,38743.47736,30637.82851,21781.37569,34401.70681,32559.0243,40728.56146,34357.74329,,,63
355.6153695,355.6152522,355.6156052,916.0799561,915.8320313,916.3468628,9,3,3,3,1,16470.66474,16185.8951,16036.28823,8852.312029,9531.230567,9362.24775,16420.427,16184.595,15056.225,,,29
356.2856479,356.2854508,356.2858892,1133.063006,1133.036377,1133.070557,6,0,3,3,1,8369.742091,8513.267314,8279.770084,10333.718,10383.41818,10403.57922,10256.93886,10063.83542,10039.33386,[137][M+2]+,,43
356.2948295,356.2945737,356.2951693,1223.699219,1223.470459,1223.759033,9,3,3,3,1,49609.57114,48154.5975,46808.00059,75581.65083,75117.88429,73429.12964,76200.34714,79179.9461,76433.24146,[138][M]+,,108
357.2981482,357.2977583,357.298461,1223.510132,1223.470459,1223.719971,9,3,3,3,1,12510.79611,12748.25034,11893.56982,18782.60892,20342.09677,18583.52908,19611.85135,20358.96053,19216.5345,[138][M+1]+,,108
358.2376083,358.2372818,358.2379318,924.738,924.4904785,924.7614136,9,3,3,3,1,9548.613517,9445.70469,9562.84,11508.915,10875.52704,11314.34917,11521.5701,11718.52297,11271.73485,,,254
359.021362,359.0209728,359.0215554,507.4130554,507.178009,507.6456909,9,3,3,3,1,69363.91778,68431.40974,71038.48483,40076.60716,40550.99606,42084.32412,63283.376,72700.64089,73267.07567,[139][M]+,,8
359.2793457,359.2789327,359.2796569,1009.234985,1009.02655,1009.484,9,3,3,3,1,62447.20449,61846.96914,64363.98853,63068.66743,59443.1415,63882.67682,63941.91938,61456.592,64580.902,[140][M]+,[M+H-C6H10O4]+ 504.327,11
359.2791507,359.2788783,359.2794782,959.909729,959.1332397,959.9307251,9,3,3,3,1,12556.01032,13319.23558,13324.1281,13471.50933,12888.1611,13691.18904,8582.876077,13905.36542,13213.47613,,,88
359.1904719,359.1904159,359.1907237,1042.642944,1042.02063,1042.916382,8,3,2,3,1,14931.54437,13501.35579,13653.94861,10549.41376,12515.76853,12622.02329,13384.276,13225.22856,11871.70632,,[M+H+K]2+ 678.418,80
360.0244983,360.024224,360.0245238,507.2967072,507.1538696,507.6456909,6,3,0,3,1,13876.99675,13199.05241,13587.33581,6711.128579,6867.53644,8125.611059,11734.36607,14152.87893,13519.20803,[139][M+1]+,,8
360.1494207,360.1490671,360.1494722,712.3456421,712.2018433,712.4490967,5,2,0,3,1,8720.294643,8731.971869,8933.669643,2386.506006,2785.938607,2952.259378,7949.098889,7713.008,8095.186714,,,284
360.2827007,360.2823154,360.2829029,1009.247498,1009.035645,1009.52417,9,3,3,3,1,14132.8144,12911.56625,13911.85161,13840.29317,13030.74567,13275.93713,14475.91066,11977.05941,14106.29883,[140][M+1]+,,11
360.3237557,360.3233379,360.3249969,1333.750122,1333.486084,1333.761597,9,3,3,3,1,18820.34798,18489.2627,17169.65717,18060.33968,17547.266,18921.29814,30805.07163,30187.99903,32437.72851,,[M+Na]+ 337.335,126
360.3234919,360.3234476,360.323541,4.026670456,4.010113239,4.249061584,3,3,0,0,1,24902.52315,24953.85292,25647.29915,NA,NA,NA,NA,NA,NA,,,298
362.9261465,362.9257936,362.926843,65.57499695,65.2694397,65.5956955,9,3,3,3,1,9754.850786,9706.575,9364.443077,8504.052857,10623.22607,10861.47,10126.29877,10563.525,10439.84464,,,83
362.9264406,362.9260983,362.9275046,1639.953003,1639.634277,1640.175659,9,3,3,3,1,77044.34195,85554.61273,80255.10841,60381.85672,62332.49916,62689.17969,68370.47812,58887.864,68076.27546,,[M+2Na]2+ 679.875,32
362.9263547,362.9263473,362.9263937,4.939370155,4.931148529,5.228487492,3,3,0,0,1,716043.6088,725450.5114,746419.4999,NA,201.6380299,648.2058136,105.8242143,187.7274759,288.8715038,[141][M]+,,20
363.9295748,363.9295598,363.929603,4.939370155,4.931148529,5.228487492,3,3,0,0,1,39753.52063,40647.53255,41649.10826,NA,NA,NA,NA,NA,NA,[141][M+1]+,,20
364.2246754,364.2245744,364.224968,1028.904,1028.651978,1028.998169,7,1,3,3,1,8728.08725,8360.898947,8377.65564,17563.46119,17089.43729,17760.738,16834.33437,18697.21394,17389.14229,,[M+Na]+ 341.236,18
364.9304628,364.9303983,364.9304738,4.939370155,4.931148529,5.228487492,3,3,0,0,1,15063.53194,14810.114,15512.96128,NA,NA,NA,NA,NA,NA,,[M+2H-COCH2]2+ 769.846,20
365.1222973,365.1221048,365.1225117,750.6299744,750.2550049,750.9812012,8,3,2,3,1,47567.068,47414.79967,46240.10121,34277.80157,26855.37488,32030.78643,43164.39368,44103.44273,44766.04078,[142][M]2+,[3M+H+K]2+ 230.093,16
365.6240102,365.62366,365.6240671,750.5162048,750.2028198,750.9020386,8,3,2,3,1,22275.06307,21842.38566,21768.07577,15563.45206,10856.72089,14432.34933,20034.3167,20671.15964,20080.22647,[142][M+1]2+,,16
367.048785,367.0484589,367.0489849,491.291687,490.872,491.4264832,9,3,3,3,1,48242.7493,47080.55388,49094.39293,33173.49663,32651.95803,34533.63433,42934.3596,45975.42033,47253.00174,,[2M+K]+ 164.047,21
367.2168153,367.2165757,367.2170642,1007.100464,1006.958,1007.471924,9,3,3,3,1,29437.26343,28792.43296,27841.96148,26566.18195,23362.90091,26139.07778,26240.08691,22847.69502,25710.1821,,,61
367.6404766,367.6401133,367.6409967,355.7241516,355.303772,356.1188049,9,3,3,3,1,13913.50228,14019.32153,15018.3448,21067.58911,22614.63521,21565.24752,22563.79636,22654.24459,22067.30419,[143][M]2+,,191
368.1419462,368.1418252,368.1423194,355.7539063,355.0461426,356.1188049,5,0,2,3,1,5951.501359,5830.844645,5582.575605,6362.9706,7203.29853,7455.640621,8206.9075,8026.1064,8191.838069,[143][M+1]2+,,191
368.2584267,368.2582795,368.2585619,1090.535828,1090.460327,1090.567993,6,0,3,3,1,7605.748643,6789.90993,6418.821426,15774.79153,15131.732,15985.14111,16060.77511,16456.08294,16304.3972,,,239
369.1985909,369.1984584,369.1988734,1187.058105,1186.791626,1187.077026,9,3,3,3,1,10265.293,10832.88213,10889.6738,10102.25356,8363.6696,10291.63414,9799.838222,9920.775,10616.73555,,[M+K+NaCOOH]+ 262.248 [M+Na+NaCOOH]+ 278.222 [M+Na+HCOOH]+ 300.204,48
369.2976207,369.2974718,369.2978198,1152.666138,1152.6521,1152.68335,6,3,0,3,1,65844.26098,65026.05849,64935.28049,28070.3927,23118.67427,12446.90907,57361.16722,47192.982,47277.87456,,,125
370.2741192,370.2739831,370.2745519,1122.87561,1122.847534,1123.133545,9,3,3,3,1,48199.7905,47141.49649,44562.3985,118831.9844,113528.1951,112225.777,120655.4652,126309.7429,125314.395,[144][M]+,,84
371.0476566,371.0473595,371.0480112,507.4230277,507.178009,507.6081238,6,1,3,2,1,10982.51027,12527.60175,12557.85779,11876.28352,11477.73683,11066.86241,11370.6105,13273.18313,12590.37,,,8
371.2773439,371.2771386,371.2779233,1122.874146,1122.847534,1123.133545,9,3,3,3,1,12700.65412,12283.11482,11475.50984,32039.95642,30153.60923,30781.39453,31901.16343,33484.32,32709.46455,[144][M+1]+,,84
372.2895127,372.2894026,372.2897637,1209.976135,1209.950439,1210.000732,6,0,3,3,1,5952.612644,6907.445332,5789.637163,14777.53697,15612.35375,15814.03968,17167.8,16712.43751,16777.52768,,,358
372.5449213,372.5448712,372.5452039,101.2305756,101.208,101.4407959,3,0,3,0,1,52010.84885,51507.28799,53433.46269,52594.77563,50450.88422,53958.05535,53894.99323,51847.88952,53409.92049,,,225
376.2593459,376.2591406,376.2596107,811.8341064,811.59,812.9772339,9,3,3,3,1,13310.47568,13351.97368,13205.45471,14647.02171,14537.08353,15168.51643,15469.575,15437.27611,15054.79718,,[M+H]+ 375.252,199
378.9001385,378.8997816,378.9008465,65.57565308,65.52590942,65.82730103,9,3,3,3,1,12295.87864,11770.545,12363.54954,10968.83446,13963.87923,13561.89292,13582.83,14170.26087,13662.35192,,,83
379.2818399,379.2817148,379.2821191,1154.696,1154.432007,1154.96875,9,3,3,3,1,13692.08793,13347.6625,13260.85991,13970.96044,13107.80981,11191.03829,13877.6305,14551.45131,13099.6877,,,234
382.3104591,382.3103283,382.3111576,1234.168457,1233.915283,1234.456787,9,3,3,3,1,42682.0814,40804.93267,39960.32209,60336.80171,63652.36868,68122.39171,67291.02037,67839.63615,66823.2759,[145][M]+,,112
382.6129111,382.6124238,382.6134902,537.2532959,536.5419312,537.2935791,6,3,0,3,1,15116.892,14281.004,14598.68507,6097.025217,5512.913595,5628.688186,9446.346,12251.22,12488.3376,,,1
383.0210412,383.0205472,383.0212459,491.3344574,490.872,491.4264832,8,3,3,2,1,25071.37898,25200.87756,24862.70955,16239.93,14693.38081,18176.65863,22192.88893,21660.29416,23639.31168,,[2M+Na+2K]3+ 524.077,21
383.2116752,383.2115117,383.2121657,1007.09848,1006.968201,1007.217834,8,3,2,3,1,14699.95094,14051.86588,13944.45318,14609.33874,9379.073971,13243.57163,14194.92794,13067.65838,13793.40171,,,61
383.3131759,383.3130119,383.3139252,1200.544434,1200.307373,1200.578247,9,3,3,3,1,83002.87557,82761.76738,82994.81833,35175.2625,33434.00787,35053.40571,57437.41295,58159.62614,57892.13874,[146][M]+,,103
383.3137012,383.3136195,383.314279,1234.169144,1233.917358,1234.175781,8,3,2,3,1,12592.63029,12108.20618,12615.87,14013.95117,19663.4958,20495.37,20718.66495,20617.09185,19571.14342,[145][M+1]+,,112
384.3167802,384.31634,384.3173682,1200.319275,1200.268066,1200.578247,6,3,0,3,1,18988.9963,19224.73712,19424.93688,7875.683468,6087.938755,7855.99754,12538.21708,12351.43095,13118.6952,[146][M+1]+,,103
385.0592935,385.0589425,385.0595544,491.3772278,490.872,491.4264832,9,3,3,3,1,20044.96307,19860.01796,20585.52674,15817.65,13436.29059,16468.42433,21254.78464,21611.21579,22895.52771,,,21
385.1285228,385.1283733,385.1289998,86.30757141,85.939,86.92195892,6,0,3,3,1,6048.78138,7816.026137,6237.046139,7230.548875,5855.044364,7390.466174,9158.218929,9032.714,8794.3812,,,304
387.3105337,387.3102792,387.310735,1093.340942,1092.997314,1093.373047,9,3,3,3,1,39314.59538,39041.62036,39091.26053,41608.38316,38629.76522,40178.49818,41068.14443,43026.15568,41189.1659,[147][M]+,,62
387.3104668,387.3103012,387.3108684,1042.622192,1042.02063,1042.665894,9,3,3,3,1,23751.67013,22952.1881,24073.71932,23072.87658,22610.05238,23871.84286,24166.068,24671.90302,24275.18824,,[M+H-COCH2]+ 428.314,80
388.1349536,388.1346423,388.1353011,85.43099213,85.17958832,85.70391846,9,3,3,3,1,10118.1355,10044.132,9850.562222,9946.753385,8772.368889,9761.63456,9702.366323,10440.0672,10834.00707,,[M+K]+ 349.166,31
388.3138755,388.3135588,388.3140991,1093.340149,1093.09021,1093.599,8,2,3,3,1,8391.44969,9217.994934,8841.210286,9695.637733,9625.913379,9612.831828,9230.790654,9271.363333,9917.865,[147][M+1]+,,62
391.2166965,391.2164328,391.2171291,808.5305786,808.2937622,808.9185791,9,3,3,3,1,158076.7156,155516.5474,154304.9154,11262.45313,11950.1553,11712.50603,33217.80161,34547.436,32387.87027,[148][M]+,,77
391.2840921,391.2838281,391.28492,1267.045105,1266.791748,1267.298218,8,3,2,3,1,8849.67875,8833.709412,8487.832516,11160.35388,6440.119437,10850.98112,10024.46888,9733.211613,10864.49966,,[M+H]+ 390.277,66
391.1823082,391.1820594,391.1825233,71.93599701,71.88009644,72.19445038,7,3,2,2,1,9679.691217,9468.713333,9441.7336,10268.20858,10314.54554,9208.714035,10232.54424,9771.382539,9854.991304,,[M+Na]+ 368.189,54
392.2201534,392.2197102,392.2203583,808.5285034,808.2937622,808.9185791,6,3,0,3,1,48319.3698,47307.41167,47055.66878,2302.683245,2335.974409,2008.123024,9263.493333,10075.22715,10010.86523,[148][M+1]+,,77
393.0924189,393.0919366,393.093012,511.2436981,511.0003662,511.8844299,4,3,0,1,1,6816.614778,7517.676316,5229.173625,2223.85802,1270.384038,2188.433988,6080.903158,4639.147332,6272.609641,,[M+Na]+ 370.104,216
393.2976591,393.2975413,393.2982633,1265.015869,1265.009888,1265.272949,9,3,3,3,1,231170.7443,229426.9641,225772.7879,275328.4502,252475.2096,263892.5565,251656.0007,259509.1319,253601.8166,[149][M]+,,50
393.297175,393.297172,393.297315,4.010113239,4.009996414,4.026670456,3,3,0,0,1,23719.47286,25157.561,26017.76421,NA,NA,NA,NA,NA,NA,,[M+Na+NaCOOH]+ 302.309,298
394.3009348,394.3007331,394.3015552,1265.014038,1265.009888,1265.265869,9,3,3,3,1,57223.94445,56303.00858,55634.06046,66882.6573,60698.48908,63494.73916,62309.45436,63919.24273,62393.19775,[149][M+1]+,,50
394.8739859,394.8736094,394.8748721,65.82896042,65.78240967,65.84858704,8,3,2,3,1,6773.2826,7269.077923,7300.6368,939.8387177,8582.767917,8177.646818,7773.165,8069.376,7864.05,,,347
395.2144565,395.2140334,395.2148271,1196.490845,1196.19104,1196.742,9,3,3,3,1,17316.335,17830.31886,18355.62368,16549.97867,15731.22071,15679.52269,16181.82829,16418.39009,16427.32529,,[M+Na+NaCOOH]+ 304.238,46
397.3288831,397.3286518,397.3292651,1237.492676,1237.477905,1237.744873,6,3,0,3,1,61485.31965,59402.28886,60165.6258,51978.31117,61970.0359,62447.19554,64504.88276,64303.57241,62885.78,,,123
398.2412753,398.2410641,398.2415523,811.841,811.6077881,812.9772339,9,3,3,3,1,20151.84541,20282.54351,19493.14966,21218.55859,21062.6975,21028.406,21420.32535,21277.564,20682.44195,,[M+Na]+ 375.252,199
398.3054732,398.3050324,398.3058742,1219.652,1219.39856,1220.37439,9,3,3,3,1,21406.60155,20361.016,19080.698,55166.84585,52408.14332,50492.031,49032.97247,56849.98862,55605.43712,,,127
399.1890824,399.1889178,399.1900484,1006.834412,1006.458,1006.96759,9,3,3,3,1,154177.7377,155348.0815,163977.6429,177259.9329,121924.4043,180790.5745,179393.1613,173834.1711,181060.2924,[150][M]+,[M+H]+ 398.182,61
400.1921177,400.1919598,400.1932467,1006.834412,1006.458,1006.96759,9,3,3,3,1,44748.59133,44601.58739,46702.982,52733.7468,34864.77641,54060.98286,52732.5888,50764.55188,53894.54729,[150][M+1]+,,61
401.0813046,401.0809064,401.0818097,511.4624329,511.003,512.1338501,9,3,3,3,1,38121.5685,39511.20875,32195.84954,15470.45217,15056.6816,14647.19739,32419.84087,28778.90778,33709.863,[151][M]2+,,317
401.1903517,401.1894453,401.1909252,1006.834412,1006.708,1007.148438,9,3,3,3,1,8446.155536,8440.489231,8607.597778,10206.99,8344.71648,9959.859818,10087.545,9947.478,10159.04538,[150][M+2]+,,61
401.5830053,401.5825787,401.5832371,511.4624329,511.2105103,512.1338501,7,3,1,3,1,14964.54865,15106.0016,12411.1411,4369.312435,2682.025208,5057.894857,12717.49023,10636.21789,12385.5516,[151][M+1]2+,,317
403.1932609,403.1931358,403.1934069,76.5174942,76.26461029,76.52705383,9,3,3,3,1,11922.2342,10895.895,12055.46771,12895.42222,12458.652,13115.41457,12521.37385,13040.99637,13380.205,,,195
404.1968913,404.1966143,404.197087,769.0324402,768.0455933,769.0921631,6,3,0,3,1,12196.0074,11707.34564,11606.22537,3159.045839,2588.534347,3761.735974,11013.91917,10962.75704,11452.06074,,[M+H]+ 403.19,250
406.1455578,406.1453201,406.1460582,85.43099213,85.17958832,85.44987488,9,3,3,3,1,140544.7396,139109.0909,141507.2696,128349.1152,127973.5833,132327.0176,140064.6833,140781.4663,141973.8075,[152][M]+,[3M+H]+ 135.052 [M+Na+NaCOOH]+ 315.158,31
407.1486961,407.1483635,407.1490803,85.43099213,85.16613007,85.44987488,9,3,3,3,1,24181.26113,24163.248,24034.48761,22117.37938,22273.54839,22414.0175,25153.05084,25634.13188,23679.92533,[152][M+1]+,,31
408.0967019,408.0964379,408.0968723,516.8521729,516.572998,517.5767212,9,3,3,3,1,125872.8064,126867.063,123107.4097,88093.93971,84077.83297,88723.84694,99224.55738,114366.3928,116304.9134,,[M+K]+ 369.131 [M+H]+ 407.088,14
408.5984087,408.5980777,408.5985129,516.9665527,516.572998,517.5767212,9,3,3,3,1,56002.40211,56013.91661,55427.21672,39139.64594,36880.62745,39768.04097,45078.55784,51365.684,52617.05217,,,14
409.0981634,409.0973653,409.0989738,516.8521729,516.4886475,517.3297119,9,3,3,3,1,18911.31,18840.759,18262.26545,12542.08579,11964.96,13200.83069,16042.27419,17062.60207,18152.93606,,[M+H]+ 408.089,14
409.0675417,409.0672373,409.0678781,511.1061249,510.7470093,511.6378174,6,3,0,3,1,7264.695,8041.044316,5627.669263,2318.519857,1886.119181,2441.984863,6883.305579,5092.550118,6228.528526,,[M+K]+ 370.104,216
409.3577947,409.3577107,409.3578403,1384.622803,1384.083862,1384.824341,3,0,0,3,1,5883.204345,11545.77169,12866.57761,1836.873926,2478.280552,1989.995765,18473.10891,18828.86087,18423.68554,,,130
411.10485,411.1045793,411.1049736,516.598,516.4886475,517.0836792,9,3,3,3,1,51011.76471,50593.8,50889.2833,30400.41858,28996.68656,29899.34618,46160.90632,51891.023,53399.30283,[153][M]+,[2M+Na]+ 194.057,14
411.0936925,411.0934986,411.0939836,989.4235229,989.3121948,989.5818481,9,3,3,3,1,30327.23979,29938.00539,32850.22426,60341.30332,59359.92829,62261.0928,59126.6658,54846.1465,58805.04268,[154][M]+,[M+Na]+ 388.104,116
411.3443237,411.3438998,411.3454982,1282.194641,1282.063232,1282.339478,6,3,0,3,1,13318.07548,12983.1761,13488.46769,7367.222059,8280.580983,8331.787605,10907.35256,11218.49486,10744.20303,,,257
412.1178903,412.1176308,412.1182104,876.0945435,876.0550537,876.3533325,9,3,3,3,1,46142.82059,46381.61671,47989.0125,17116.86885,16890.56237,17996.68909,44657.20605,46412.70229,45655.30658,[155][M]+,,136
412.094322,412.0941689,412.0945738,989.4235229,989.3121948,989.5818481,9,3,3,3,1,9485.491097,9310.515937,10351.14658,20678.91525,19778.74088,20770.992,19367.7836,18662.685,19184.00763,[154][M+1]+,,116
412.1418792,412.1415644,412.1421397,882.5795898,882.4419556,882.7244263,6,3,0,3,1,12989.83893,12074.24831,12669.44831,4603.166351,3492.020776,4296.834829,12293.38893,11111.47,11836.40062,,,230
412.108264,412.1078336,412.1085223,516.7023315,516.5899658,517.0836792,6,3,0,3,1,10586.45536,11314.01833,11774.01875,5768.66103,5220.008278,4867.415661,9984.853241,11306.68262,11970.6496,[153][M+1]+,,14
413.1212686,413.1208612,413.12134,876.2088928,876.0663452,876.3533325,6,3,0,3,1,12086.74417,11867.10766,11916.32338,4737.121965,3314.358598,4460.303151,12002.87245,12229.14941,12375.80219,[155][M+1]+,,136
413.0917162,413.0914994,413.0919482,989.4199829,989.0997925,989.4599609,6,0,3,3,1,5639.204455,6300.457817,6925.925083,12711.31094,12365.84354,13066.63764,11442.40197,11132.01084,11765.54375,[154][M+2]+,,116
413.2662856,413.2660928,413.2670738,1267.045776,1266.791,1267.298218,9,3,3,3,1,160734.003,163447.8422,152735.6722,193770.93,168918.0121,183073.2897,175094.1746,179665.6295,177235.5123,[156][M]+,[M+Na]+ 390.277,66
414.2695707,414.2693292,414.2703641,1267.045776,1266.791,1267.298218,9,3,3,3,1,43044.00969,43120.58211,41004.2765,50181.45,43066.3905,48678.32605,45075.50416,47572.47474,46632.432,[156][M+1]+,,66
415.183814,415.183443,415.1838994,737.2848511,736.770752,738.6189575,9,3,3,3,1,15115.09677,14027.9117,14683.44787,12251.48994,13097.91961,13408.41471,12496.28048,12735.93303,13707.8145,,,56
415.1838315,415.1835163,415.1841814,1006.859375,1006.724854,1007.217834,8,3,2,3,1,11222.16375,11136.98813,11315.95452,10980.43616,7363.523912,11841.70328,11978.07903,11373.7481,11850.975,,,61
419.1335576,419.1332381,419.1338857,559.428,559.4185181,559.6737671,9,3,3,3,1,43960.42079,43284.08474,43462.74487,25121.58943,23884.94616,25361.77783,43736.85569,45290.41451,45460.99118,[157][M]+,[M+H-H2O]+ 436.138,15
420.1367005,420.1364522,420.1373535,559.5438232,559.4185181,559.6759644,4,1,0,3,1,9835.888373,9540.79083,9607.926375,4973.046471,4736.968436,5260.570714,9036.134276,9889.1415,9657.347233,[157][M+1]+,,15
421.1704545,421.1701265,421.1708424,1006.572327,1006.458,1006.838989,9,3,3,3,1,20690.97188,20018.22368,20811.30837,23599.19091,16583.1929,23672.46441,22908.68722,21752.14897,23013.1625,,[M+Na]+ 398.182,61
422.0865538,422.0860941,422.0866918,514.567,514.2794189,515.0995483,9,3,3,3,1,44320.05812,41724.71455,48189.168,17154.06719,15933.46683,20906.74091,30553.40222,42979.26122,40786.48645,[158][M]2+,,118
422.5882393,422.5878166,422.5883497,514.5704346,514.2985229,515.0995483,7,3,1,3,1,16791.1392,16478.82075,19419.45555,5832.77391,4708.917433,8108.24716,12545.155,17556.07734,16894.54516,[158][M+1]2+,,118
425.2145766,425.2140647,425.2149544,1052.587402,1052.272949,1052.812378,9,3,3,3,1,14156.0146,14734.023,13799.34746,19550.83171,16994.556,18838.17353,18184.67528,16464.91667,17947.62806,,,210
426.2615533,426.2610121,426.2618395,892.907,892.6369019,893.1647949,9,3,3,3,1,11633.41224,12285.03936,12627.78187,12400.6925,12904.87372,13017.52338,12123.384,12608.50648,12963.4862,,,247
426.1787096,426.1784246,426.1790208,768.9147034,768.0455933,769.0866089,6,3,0,3,1,8752.814077,7714.5695,9065.052692,1967.217747,2043.663348,3104.379116,8087.398483,8428.7876,8631.848667,,[M+Na]+ 403.19,250
427.0949253,427.0943005,427.095302,74.47511292,74.21910095,74.74712372,9,3,3,3,1,8575.274222,8922.546138,8770.4708,9006.920615,9093.480222,9053.654286,8161.615,8561.268462,8131.395556,,[M+H]+ 426.088,361
427.0700403,427.0696627,427.0700961,516.8521729,516.598,517.3297119,9,3,3,3,1,23761.90391,23850.74752,23597.56667,19058.56841,18566.18432,19676.27278,19923.44214,24612.85677,23854.04062,,[2M+K]+ 194.057,14
427.0674811,427.0673027,427.0676147,989.4199829,989.3552246,989.4599609,6,0,3,3,1,5830.73147,5607.747964,4223.631376,12174.83245,12025.6929,12446.41727,11540.93055,10444.35471,11029.49688,,[M+K]+ 388.104,116
427.3392771,427.3390348,427.3396297,1185.523804,1185.265381,1185.532104,6,3,0,3,1,11907.99,11848.81829,12572.19646,7678.075018,5479.794635,7057.594808,11581.71913,12410.085,12502.27611,,,316
430.0989406,430.0986738,430.0992861,491.1776428,491.1239624,491.6556396,9,3,3,3,1,32603.08266,31423.48,32248.29956,18462.6813,17449.91661,18949.54966,27782.00126,29010.31845,29424.6364,[159][M]2+,,21
430.6007887,430.60022,430.6011231,491.3804321,490.872,491.4264832,9,3,3,3,1,15657.32694,15845.8631,16174.4328,9138.49608,6893.266947,8518.941348,14229.90303,13988.912,15319.10091,[159][M+1]2+,,21
430.913958,430.9138219,430.9151168,1639.953003,1639.909302,1640.175659,9,3,3,3,1,118825.6706,116761.2005,119549.1375,92771.31283,94603.81195,97699.12633,97258.72882,93746.602,106531.5586,[160][M]+,[3M+Na]+ 135.975,32
430.9135343,430.9129249,430.9143069,65.57499695,65.2694397,65.57702637,9,3,3,3,1,13608.1104,13180.185,14215.91747,11301.05,15557.50029,15383.385,15386.72379,15551.576,14856.64638,,[3M+Na]+ 135.975,83
430.9137654,430.91374,430.9137881,4.939370155,4.931148529,5.228487492,3,3,0,0,1,1204348.62,1207459.478,1241384.626,194.2482094,789.1819776,382.5315205,NA,242.4860825,160.5335669,[161][M]+,[3M+Na]+ 135.975,20
431.1785578,431.1780425,431.1788696,623.8832397,622.8665161,624.645,9,3,3,3,1,54818.99096,54359.09646,53868.37824,41860.2309,39798.57688,44665.432,53018.24082,52306.99338,54069.09723,[162][M]2+,[3M+H+K]2+ 274.13,3
431.2615751,431.2613306,431.2617004,1574.873413,1572.590942,1579.675415,5,0,3,0,1,41745.08893,44893.12689,44633.05708,17348.9616,48031.48043,45498.91845,49700.9504,45814.85085,48658.37331,,,236
431.2615299,431.2613282,431.261558,1598.225952,1597.702,1599.349609,3,0,3,0,1,28021.12236,27300.84549,27748.38612,14165.28111,18312.009,39558.5318,29386.08237,28145.91109,29968.52042,,,253
431.261449,431.2613206,431.2614952,1587.786,1587.563843,1590.894531,3,0,3,0,1,12821.62781,26657.92058,22629.01176,9460.9055,25589.76842,27723.67157,29570.64576,27264.16201,28404.35521,,,252
431.6801099,431.6795046,431.6804559,623.313446,622.6134644,624.6370239,8,3,2,3,1,29633.44749,29023.07706,27871.81966,22229.18038,20139.66086,22652.99003,27150.19067,27537.41011,27887.15733,[162][M+1]2+,,3
431.917337,431.9170038,431.9180841,1640.079501,1639.939209,1640.224609,4,1,3,0,1,4733.071952,8896.117639,5954.828893,5521.8865,5400.39,6313.962778,4874.077075,5036.494086,7164.922893,[160][M+1]+,,32
431.9170535,431.9170222,431.9170557,4.939370155,4.931148529,5.228487492,3,3,0,0,1,82408.30158,83218.27527,86187.95479,NA,NA,NA,NA,NA,NA,[161][M+1]+,,20
432.9178512,432.9177771,432.9180103,4.939370155,4.931148529,5.228487492,3,3,0,0,1,31087.93494,32155.07925,32431.66744,NA,NA,NA,NA,NA,NA,[161][M+2]+,,20
436.2823092,436.2817876,436.2826587,999.1009521,998.7861938,999.5861816,8,3,3,2,1,14914.28084,14207.4801,15660.46919,16135.4222,16114.45611,16201.08765,15847.26154,11167.1252,16392.58618,,[M+H-H2O]+ 453.285,27
437.1442843,437.1439945,437.1446553,559.428,559.4185181,559.6737671,9,3,3,3,1,509549.1051,505456.3477,513245.4797,277222.3684,269940.1342,283908.2618,461305.9686,494409.4812,493329.0241,[163][M]+,[M+H]+ 436.138,15
437.144712,437.1445124,437.1457703,1006.572327,1006.204,1006.719177,9,3,3,3,1,17894.70387,18195.309,19384.31682,21939.224,16269.85447,21681.41524,21932.55,20046.79111,20452.1842,,[M+K]+ 398.182,61
438.1475716,438.1472343,438.1478866,559.428,559.4185181,559.6737671,9,3,3,3,1,122235.4058,120526.7165,121770.7448,66027.94156,63578.467,66962.61085,108996.8961,118050.9115,116517.4992,[163][M+1]+,,15
439.1495499,439.1493775,439.1500219,559.428,559.4175415,559.6737671,9,3,3,3,1,23821.18497,22055.75789,23213.37559,12219.6,12128.75467,12365.80797,20211.40745,22113.46427,21655.875,[163][M+2]+,,15
440.8690638,440.8686333,440.8703942,1641.577393,1641.24353,1641.812988,9,3,3,3,1,19677.07467,20133.08331,20268.8112,25255.26771,22809.6069,22837.89972,24347.1788,23913.75947,23884.20081,,[M+Na]+ 417.878,101
441.3550347,441.3546779,441.3555195,1226.259399,1225.992554,1226.284424,7,2,2,3,1,32131.1483,32385.53665,31859.05737,27760.36729,24823.01881,29762.49928,33663.93573,33777.83837,33925.80731,,,197
442.8696292,442.8690166,442.8709105,1641.462036,1641.213135,1641.577393,9,3,3,3,1,7841.184,8493.454095,7701.99525,7981.629,8270.415,8876.019652,7963.739429,7909.677,8439.207857,,,101
443.1053305,443.1049708,443.1055826,491.3850708,491.128,491.6556396,9,3,3,3,1,163459.0393,160148.8358,162374.1715,153377.5204,134738.9943,153729.0815,147496.2433,160246.1098,163717.5338,[164][M]+,[M+K]+ 404.139,21
443.0417043,443.0414088,443.0418486,517.1069336,516.572998,517.3469238,9,3,3,3,1,21129.85598,21355.44857,20999.65732,15940.71717,15430.80547,17115.40834,17847.81815,20476.06502,20786.5789,,[2M+Na+2K]3+ 614.108,14
444.1080071,444.1076284,444.1082569,491.3850708,490.872,491.6763306,9,3,3,3,1,33725.17955,32789.589,34486.28533,32085.12,28468.3125,32119.63635,31183.53111,33200.64412,33871.13121,[164][M+1]+,,21
445.1029414,445.1026303,445.1031349,491.3850708,491.128,491.6763306,9,3,3,3,1,14752.0111,14707.75531,14787.84594,16534.43867,16556.24578,15928.94034,15044.92568,17477.62933,16022.05013,[164][M+2]+,,21
446.1857391,446.1854663,446.186066,737.5407715,737.2774048,739.119751,9,3,3,3,1,230232.8165,230429.6931,234698.1458,191912.0584,225481.1158,220606.744,216790.709,228877.6705,233345.7716,[165][M]+,[M+H]+ 445.177,56
446.887531,446.8869872,446.8883206,65.575,65.52590942,65.80492401,9,3,3,3,1,16053.75107,15968.355,15826.88492,14252.33,18504.99086,18234.54,17985.66,17166.975,17359.2692,,[3M+K]+ 135.975,83
447.1885365,447.1882933,447.1889905,737.5407715,737.5300903,739.119751,9,3,3,3,1,56035.71811,56409.37656,56182.06342,56017.73961,56648.39021,55945.47595,54677.96068,58063.86254,58098.2392,[165][M+1]+,,56
448.1859204,448.1852828,448.1863847,737.5407715,737.2774048,739.119751,9,3,3,3,1,13924.37823,14289.09676,14422.22597,11825.726,13333.39472,13452.52897,13731.95287,14609.85324,13971.71566,[165][M+2]+,,56
452.2773652,452.2768828,452.2777247,919.1437378,918.8887329,919.4050293,9,3,3,3,1,280788.8893,278290.2985,283307.4352,297145.8371,299175.3735,297031.9599,271407.4921,286645.5,286449.2852,[166][M]+,[M+H]+ 451.269,45
453.2805733,453.2801661,453.2808654,902.0751343,901.814,902.3266602,9,3,3,3,1,43020.708,41639.25033,41408.27833,38478.1411,38414.4545,37662.78857,37815.36727,40181.7267,38774.77835,,[M+K]+ 414.316,6
453.2806356,453.2802438,453.2809612,919.1439209,919.0593872,919.4050293,9,3,3,3,1,69973.18409,67546.79749,67497.82828,73221.67112,71888.02062,72738.28176,64855.84067,70003.875,69726.64643,[166][M+1]+,,45
454.2830231,454.2827367,454.2834734,919.1439209,919.0593872,919.6494141,9,3,3,3,1,10353.42185,9678.025241,10552.83382,12035.92461,11317.43074,11871.7221,10368.98594,10691.81783,11558.05366,[166][M+2]+,,45
454.2929226,454.2927177,454.2935103,998.861,998.7861938,999.5861816,9,3,3,3,1,715743.3517,707205.9182,723031.1574,738086.5085,727351.86,735634.4965,733759.7295,657657.4999,741383.9738,[167][M]+,[M+H]+ 453.285,27
454.2929686,454.2928145,454.2934633,977.2324219,977.2075195,977.5147705,7,3,3,1,1,477861.4213,474543.3436,485413.11,494703.5858,482694.6715,492108.1179,497988.7628,312847.0389,499144.5142,[168][M]+,[M+H]+ 453.284,34
455.296304,455.2960897,455.2966595,977.231,977.2075195,977.5147705,9,3,3,3,1,116568.1266,114213.8513,116452.0842,121348.0323,118624.6021,121530.094,121015.2955,116010.5645,123642.3029,[168][M+1]+,,34
455.2962547,455.2960409,455.2967705,998.8571167,998.7861938,999.5861816,9,3,3,3,1,174488.5123,172748.1961,173860.5978,181905.7167,178679.856,182096.2081,181571.6315,159451.9934,183855.2422,[167][M+1]+,,27
456.1177851,456.117433,456.1181502,564.6164551,563.2277222,565.019043,9,3,3,3,1,65274.32567,63920.29312,60381.20834,39870.14147,44510.11659,46952.67294,50081.54824,55119.35244,54241.36974,[169][M]2+,,35
456.1175298,456.1173798,456.1177794,557.128,556.8887329,557.4509277,5,0,3,2,1,35276.94774,36401.87118,34497.11618,32717.07364,30812.34857,32109.50871,30139.99976,34782.89708,36340.1856,,,159
456.2986514,456.2983996,456.2989015,977.2317109,976.9686279,977.5147705,8,3,3,2,1,19376.14487,19625.95293,20183.76667,19738.53074,20498.3552,20510.937,20251.928,12713.57892,20912.90258,[168][M+2]+,,34
456.2987229,456.2984677,456.2991193,998.9744453,998.7861938,999.5861816,8,3,3,2,1,29029.708,29498.42449,31419.77257,31405.65805,30515.2822,31255.44537,30720.33395,21738.45298,30905.56214,[167][M+2]+,,27
456.6194306,456.6191096,456.6198389,564.6164551,562.989,565.2740479,9,3,3,3,1,27394.94215,27278.97303,28386.09478,19174.30303,22085.91916,20204.09993,22544.66884,27186.26887,26539.88845,[169][M+1]2+,,35
457.1115367,457.1114284,457.1120283,431.8750305,431.639801,432.3463135,8,3,2,3,1,33379.32592,33863.78546,35471.982,30499.00766,35380.04371,35258.3757,34995.36137,33921.48059,35315.7896,,,185
459.1261979,459.125868,459.1265435,558.6786499,558.1461182,560.6640625,8,3,3,2,1,382253.4574,393893.1676,396265.1988,314062.6583,331974.0611,339621.2533,345762.9808,410996.2084,422154.8597,[170][M]+,[M+Na]+ 436.138,15
460.1295621,460.1291003,460.1297651,558.6929932,558.1461182,563.489502,9,3,3,2,1,53264.30636,90414.1604,94487.63197,73278.14158,76415.57051,79479.50686,72627.47882,93080.27376,93791.44791,[170][M+1]+,,297
462.8615265,462.8609838,462.8622205,65.82730103,65.52590942,65.84858704,9,3,3,3,1,8674.708333,9013.564769,8821.32,7395.186462,10144.82462,9760.211818,9983.200615,9615.272273,9390.432923,,,83
463.2017236,463.2014352,463.2023367,1196.491089,1196.446899,1196.741821,8,3,2,3,1,12089.5135,14376.42766,13315.62555,13189.54571,9708.966225,12874.29069,12271.48007,12628.15714,12784.40282,,,46
464.1332062,464.1326311,464.133753,85.55411911,85.41622925,85.70391846,6,3,0,3,1,7117.291455,6460.371429,7041.433087,4981.83213,5737.428614,7012.530914,6547.776,6983.0256,6629.293792,,[3M+2K-H]+ 129.078 [M+H]+ 463.122,31
465.1027646,465.1022336,465.103119,512.7459106,512.479187,513.6112061,6,3,0,3,1,12546.18167,11423.595,11910.00431,5053.24301,2548.126899,5017.575527,11014.99859,12648.28813,13204.18574,,[M+H-C6H10O4]+ 610.153,52
465.1592521,465.1591428,465.1594656,737.7796021,737.2841797,739.119751,5,3,1,1,1,6961.7772,7074.465,6959.639176,5211.371452,4647.372293,6498.230947,5592.691315,6343.473,6809.866787,,[2M+H+K]2+ 445.177,56
467.2767744,467.2766267,467.2768734,1041.637085,1041.35498,1042.157349,6,0,3,3,1,15550.90599,16717.1544,17166.87759,20269.73458,19081.30263,20337.55971,19181.73547,19993.63702,20415.70179,,[M+K]+ 428.314,80
468.1676263,468.1673154,468.1678806,737.5407715,737.2774048,739.119751,9,3,3,3,1,115274.4682,113817.0158,116984.3703,96825.85288,113060.6295,113071.3823,110484.9608,115814.4625,118427.2366,[171][M]+,[M+Na]+ 445.177,56
469.1704674,469.1701528,469.1707202,737.5407715,737.2774048,739.119751,9,3,3,3,1,27399.57419,27581.24453,28090.50497,23574.22726,28344.65467,27810.3396,26930.11688,29236.12429,29028.25242,[171][M+1]+,,56
469.3286324,469.3283772,469.3288283,1363.23299,1363.2229,1363.494019,4,0,3,1,1,4813.96656,17067.91008,18237.38701,24600.06876,22841.09926,22868.96571,23431.14304,22092.24712,22445.58861,,,187
473.2662229,473.265901,473.2665832,977.231,976.954895,977.5147705,9,3,3,3,1,10088.09286,10216.72925,10854.03588,10512.52714,10423.17143,10220.17693,10069.449,9524.817808,10011.14869,,[2M+H+K]2+ 453.284,34
473.2663742,473.2660354,473.266899,998.8571167,998.7861938,999.5861816,9,3,3,3,1,15248.56587,14686.37874,15140.57,14644.46855,15097.12076,14595.69,15470.49067,13197.1926,14900.415,,[2M+H+K]2+ 453.285,27
474.2593117,474.2588727,474.2595144,902.3277588,902.319519,902.5847168,9,3,3,3,1,53586.35667,52811.41386,52502.0775,47705.04316,45682.81743,47130.93156,46153.62523,47164.04245,49163.35125,[172][M]+,[M+H]+ 473.252,6
474.2591878,474.2586962,474.2595908,919.5128174,919.125,919.9195557,9,3,3,3,1,66236.76084,64849.23327,64071.47429,77544.225,76567.16356,77366.17781,63180.81605,66299.49,66979.35524,[173][M]+,[M+Na]+ 451.269,45
475.2623313,475.2619436,475.2626726,902.3267822,902.069,902.8341064,9,3,3,3,1,11955.86661,12310.40762,12155.65182,10603.67967,11059.50506,10957.1485,9906.417514,9571.361226,10585.92876,[172][M+1]+,,6
475.2623678,475.2618888,475.2625967,919.5128174,919.125,919.9195557,9,3,3,3,1,14863.43131,15459.5259,15742.22959,18501.47549,18682.67961,17784.74095,14257.00117,15460.12555,14789.30526,[173][M+1]+,,45
476.2748783,476.2747035,476.2754188,977.231,977.2075195,977.5147705,9,3,3,3,1,164250.1055,162350.9568,164313.3865,162991.7178,159566.3681,162845.5974,166688.074,156509.4923,166376.2149,[174][M]+,[M+Na]+ 453.284,34
476.2748744,476.2746459,476.2755137,998.861,998.7861938,999.5861816,9,3,3,3,1,202841.8167,202422.384,204220.3824,201288.5827,200900.6013,203414.6759,203133.4047,180896.7455,203920.0843,[175][M]+,[M+Na]+ 453.285,27
477.1048927,477.104584,477.1051237,510.9808044,510.7037048,511.6378174,6,3,0,3,1,10732.27842,11448.08732,7058.817857,1671.933695,1986.001152,2407.742251,8677.574706,6316.528889,7836.317733,,,216
477.2781038,477.2778742,477.2785547,977.2324219,977.2075195,977.5147705,9,3,3,3,1,37743.65114,36100.54057,37548.89942,38765.15372,38626.98298,37899.02836,39573.79773,36159.61067,38809.49768,[174][M+1]+,,34
477.2781275,477.277803,477.278518,998.9309578,998.7861938,999.5861816,8,3,3,2,1,46080.50625,47067.28031,47188.32365,48681.46731,47433.47935,48118.08913,47838.6195,27277.87086,48207.9536,[175][M+1]+,,27
479.1185845,479.1181807,479.1188646,507.4337158,507.178009,507.895752,9,3,3,3,1,18591.29593,18513.79088,19133.90187,11205.77232,11116.256,11307.132,15639.50813,18307.27253,17720.46,,[3M+Na]+ 152.045,8
479.1870094,479.1866496,479.1874617,320.7392273,320.2235718,321.061554,9,3,3,3,1,53957.04267,51113.81127,52585.75682,52800.65622,52358.95733,51924.60951,48092.2145,53252.004,53007.933,[176][M]+,[M+H]+ 478.18,146
480.1694441,480.1690982,480.1696149,750.546936,750.4140015,750.7614136,9,3,3,3,1,26904.08061,26400.97726,25826.12989,17990.14677,16641.23837,16861.24374,24325.37067,25046.07194,24097.99583,[177][M]2+,[M+H+K]2+ 920.369,16
480.1902218,480.1897255,480.1908555,320.8029175,320.2235718,321.0015564,9,3,3,3,1,10363.16586,10327.82761,11396.23127,10998.18156,11494.06912,10794.29211,9612.465,11244.11779,10412.08314,[176][M+1]+,,146
480.3086809,480.3082121,480.3089558,1021.428833,1021.198181,1021.98938,9,3,3,3,1,723582.9073,705378.2687,715025.1843,761977.8606,741776.3777,766963.2605,767579.5275,732038.1321,774061.949,[178][M]+,[M+H]+ 479.3,26
480.3086954,480.3083796,480.3091297,1000.005756,999.8081055,1000.614624,8,3,3,2,1,174148.0244,169579.4661,173198.0845,182024.714,177879.0784,183698.3347,181886.4324,117960.3595,184038.4237,,,23
480.6711001,480.6707036,480.671328,750.4703369,750.2550049,750.76,8,3,2,3,1,15882.42669,16347.54216,16108.75735,10952.44019,10128.7559,10070.35968,14756.742,15467.00771,14699.24682,[177][M+1]2+,,16
481.1077127,481.1072095,481.1080058,507.433,507.178009,507.6645813,9,3,3,3,1,261731.6519,254813.058,260380.5568,135437.8149,135766.1963,139909.2451,219043.384,246698.0346,250087.3929,[179][M]+,,8
481.3120219,481.3115785,481.312395,1021.428833,1021.198181,1021.98938,9,3,3,3,1,189135.8461,187250.304,192327.5825,203922.6115,197616.0609,207260.4224,203537.1675,199685.3442,206785.9511,[178][M+1]+,,26
482.1108341,482.1103807,482.1110876,507.4130554,507.178009,507.6456909,9,3,3,3,1,67788.10274,67354.19082,68717.66455,34489.8859,35191.35448,37276.69641,57642.12526,64739.30691,64630.49806,[179][M+1]+,,8
482.3144739,482.3139961,482.3146729,1021.428833,1021.198181,1021.98938,9,3,3,3,1,34321.88093,34375.59024,33857.35613,33803.708,36475.744,36458.91566,37352.42619,36304.22093,37931.14047,[178][M+2]+,,26
483.1135872,483.1130948,483.1137984,507.4103851,507.20578,507.6456909,6,3,0,3,1,12720.6,12807.8057,11627.52103,5534.212878,5296.563281,5349.721743,10574.107,11939.12836,12259.38,[179][M+2]+,,8
483.1778392,483.1775484,483.1781623,750.5057373,750.2550049,750.7307129,9,3,3,3,1,359474.7887,355918.1875,360855.2423,160339.422,148541.5858,156192.5814,339981.3306,345226.4514,340454.9914,[180][M]+,[2M+Na]+ 230.093,16
484.1161282,484.1158965,484.1168161,83.6442337,83.1678772,83.89476013,9,3,3,3,1,12592.12794,12839.12022,12535.65269,11539.35161,11400.50206,11981.36491,12923.89838,14117.74679,13510.00223,,,86
484.0686348,484.0682141,484.0687974,516.9665527,516.572998,517.8255615,9,3,3,3,1,16265.31116,16137.96612,16514.31341,13142.75772,12722.75021,13807.06286,13991.95115,17068.806,16619.14261,,,14
484.1810889,484.1807779,484.1814586,750.5057373,750.2550049,750.7307129,9,3,3,3,1,111209.1278,111378.5493,113269.7943,50188.1424,45507.52727,48475.13027,106731.6354,108505.7048,106932.7091,[180][M+1]+,,16
485.1126132,485.1123476,485.1130958,1083.414307,1082.774902,1083.431641,9,3,3,3,1,49826.2688,50164.875,54159.46068,98784.78429,87317.19302,97948.30095,92982.30056,91892.7936,93577.809,[181][M]+,[M+Na]+ 462.123,67
485.1839732,485.1835792,485.184214,750.503,750.2550049,750.7614136,9,3,3,3,1,19698.46625,18790.78604,19647.60677,8554.23,7885.73625,8811.920739,19730.56593,18885.43462,18930.79366,[180][M+2]+,,16
485.287365,485.2871728,485.287612,1041.902,1041.101196,1046.543701,9,3,3,3,1,41333.69212,40866.04746,40899.73735,40465.84132,38331.38681,41571.76582,41491.99876,41401.04962,40157.24235,,,338
485.2893346,485.2888704,485.2898748,1076.040039,1075.269653,1076.299683,9,3,3,3,1,85097.85478,85412.72265,88512.94266,76001.79951,73737.9761,66873.39579,89121.11493,92985.12443,90338.95,[182][M]+,[M+H]+ 484.282,39
486.1133369,486.1130499,486.1137397,1083.16394,1082.774902,1083.431641,9,3,3,3,1,20090.8364,19587.92503,21638.33165,41768.94332,37213.37542,40397.72692,39068.50021,38623.065,38686.80535,[181][M+1]+,,67
486.2927928,486.2922096,486.2934867,1076.040039,1075.269653,1076.293335,9,3,3,3,1,25946.91246,26747.91733,26668.068,22138.1815,20520.54825,19997.74738,26094.8201,26190.13802,26651.05823,[182][M+1]+,,39
487.1109144,487.110537,487.1115599,1083.414307,1082.774902,1083.431641,9,3,3,3,1,12477.7817,13102.89273,13751.13526,27166.38618,24141.50811,25204.91152,25288.1517,25271.775,24984.27542,[181][M+2]+,,67
489.3548608,489.354705,489.3555213,1205.385,1205.119385,1205.415283,9,3,3,3,1,19808.48267,19625.7266,19729.68693,18945.43181,17283.62462,20448.566,19660.89037,19327.32225,19994.46578,,,359
490.1493406,490.149023,490.1496299,737.7796021,737.2774048,739.119751,7,1,3,3,1,8737.808751,9999.819991,9072.193688,8565.383172,10390.66638,10259.382,9568.670222,10378.46662,9716.454,,[M+2Na-H]+ 445.177,56
491.3181752,491.3181185,491.318333,1543.750719,1541.032837,1548.949829,4,0,3,0,1,59178.66102,59134.75604,58104.17197,27910.66844,56212.78824,31099.89333,63687.29105,58386.46768,64411.50421,,,211
493.2923842,493.2923087,493.292633,1106.832,1105.552612,1107.297485,5,0,3,2,1,34999.40202,40009.66712,40295.33869,60511.07334,56914.95571,64580.9181,52338.10759,63343.03285,64163.20386,,[M+H-H2O]+ 510.296,63
493.2928596,493.2927379,493.2930259,1112.959839,1112.733521,1114.45752,3,3,0,0,1,60100.46538,62460.10667,66058.40236,63616.60058,26062.3779,59237.55186,42956.23533,59620.64773,59881.02917,,[M+Na]+ 470.302,124
495.0961803,495.09586,495.096525,507.433,507.1538696,507.895752,9,3,3,3,1,42912.33765,40974.60424,43297.20037,36583.03569,36546.4561,38298.8712,38602.32727,43652.80727,43881.675,[183][M]+,[3M+K]+ 152.045,8
496.0991964,496.0991034,496.0995778,507.2679443,507.178009,507.433,4,0,3,1,1,11416.48198,10942.0404,11085.58352,9975.616846,8660.48128,9699.12,10545.61458,11854.27452,11400.60458,[183][M+1]+,,8
496.2408529,496.240689,496.2411839,902.3277588,902.319519,902.8405762,9,3,3,3,1,14957.33435,15861.21285,15201.06413,14867.66925,14088.70127,14591.15538,13472.12683,13876.37682,14777.95256,,[M+Na]+ 473.252,6
496.2409212,496.2404463,496.2412121,919.8187256,919.381,920.1762695,9,3,3,3,1,15417.22197,15719.5445,15708.52682,22144.84627,21128.42,20342.10818,15146.15987,16151.74863,15639.81618,,[M+2Na-H]+ 451.269,45
498.256656,498.2563987,498.257047,977.231,977.2075195,977.5147705,9,3,3,3,1,45169.46143,45054.61265,44415.64367,47347.23636,47033.14431,47848.84982,48360.5008,44799.68698,48881.183,,[M+2Na-H]+ 453.284,34
498.2566966,498.2563656,498.2571844,998.7170508,998.5332642,999.3304443,8,3,3,2,1,53361.88754,52538.31561,53372.02752,55774.58363,55102.10039,54583.07167,55968.26118,38177.59102,55530.10204,,[M+2Na-H]+ 453.285,27
498.9013906,498.9008606,498.9027894,1639.953,1639.692871,1639.988403,9,3,3,3,1,91760.25197,76883.44846,79060.42724,61784.36424,62689.35754,64644.44336,64410.73619,60493.63749,70231.4653,,[2M+Na+2K]3+ 697.894,32
498.901018,498.9001972,498.9018067,65.57499695,65.2694397,65.5956955,8,3,2,3,1,6661.15,7040.295,6673.132308,151.2920126,8364.859462,7897.7595,7967.985,7532.366615,7589.956,,,348
498.901196,498.9011434,498.9011981,4.939370155,4.931148529,5.228487492,3,3,0,0,1,752751.8664,754151.1061,775155.0628,87.72729963,115.1920773,683.6863108,334.7769747,NA,NA,[184][M]+,,20
499.1428073,499.1425028,499.1430011,750.5105591,750.2028198,750.9812012,9,3,3,3,1,47207.79265,45720.8446,45116.2207,37440.81055,36737.58031,34768.19551,49618.27842,50302.04368,49516.26456,[185][M]+,[2M+K]+ 230.093,16
499.0962898,499.0956223,499.0964617,491.3827515,491.1279907,491.6556396,8,3,2,3,1,12768.19,12150.99882,13007.52362,9978.609231,9270.154427,10290.34837,13567.88897,14902.68471,15078.87771,,,21
499.2820273,499.2816183,499.2824794,1021.428833,1021.198181,1021.98938,9,3,3,3,1,14476.3745,14418.0075,14291.37467,15256.09406,14661.72816,15682.51034,14942.59025,15079.85169,15479.23097,,[2M+H+K]2+ 479.3,26
499.9044592,499.9043492,499.9044726,4.939370155,4.931148529,5.228487492,3,3,0,0,1,60256.62913,61675.95963,62736.03458,NA,NA,NA,NA,NA,NA,[184][M+1]+,,20
500.1461654,500.1455564,500.1462268,750.479126,750.1442871,750.5266724,3,0,0,3,1,11245.65271,13326.89864,10784.83947,11797.1111,7940.536708,10093.85043,14828.74275,15215.84081,15423.62745,[185][M+1]+,,16
500.9053433,500.905272,500.905459,4.939370155,4.931148529,5.228487492,3,3,0,0,1,21039.81293,21892.40025,21747.87045,NA,NA,NA,NA,NA,NA,[184][M+2]+,,20
501.086313,501.0861052,501.086797,1083.414307,1082.774902,1083.431641,9,3,3,3,1,10224.40963,10079.97591,12098.54959,20539.58914,18527.09776,19780.70409,19140.86914,18978.375,17972.70907,,[M+K]+ 462.123,67
501.066114,501.0656397,501.0662387,507.3578796,507.20578,507.6645813,5,3,0,2,1,9852.495214,9414.273926,9175.8156,3934.67341,3950.676549,3438.576102,5442.378976,8896.126214,8634.612522,,[3M+2Na-H]+ 152.045,8
501.168906,501.168346,501.1692751,320.7392273,320.2235718,321.0688477,9,3,3,3,1,12901.98,12648.82963,12925.4895,13902.27589,13652.89157,13772.83529,12182.915,12936.4806,13100.23867,,[M+Na]+ 478.18,146
502.2905881,502.2900633,502.2909082,1021.428833,1021.198181,1021.98938,9,3,3,3,1,218756.5937,216827.3966,220854.8303,224477.7843,219494.8054,225713.2128,227266.7492,217045.583,227650.6875,[186][M]+,[M+Na]+ 479.3,26
503.293799,503.2931381,503.2941981,1021.50354,1021.198181,1021.98938,9,3,3,3,1,57244.84253,55844.36075,56270.9566,60192.38604,57835.35818,59217.94851,60550.39887,57108.03061,61695.67469,[186][M+1]+,,26
505.1598644,505.1594798,505.1600968,750.7307129,750.5105591,750.9020386,9,3,3,3,1,137908.532,137734.1038,137719.643,115207.215,106000.2848,107912.543,137717.4839,138587.1172,139796.8875,[187][M]+,[2M+2Na-H]+ 230.093,16
505.1256026,505.1252917,505.1259351,516.9665527,516.572998,517.5767212,9,3,3,3,1,108942.2047,109417.4123,107821.9628,73115.4531,70756.60583,74564.83611,87316.41854,96859.34811,101925.1588,,,14
505.2535995,505.2534543,505.2539513,941.8286743,941.3222656,943.8782959,9,3,3,3,1,50458.90891,50498.164,50634.35815,43721.19761,45151.86272,41683.15849,43980.15779,44636.15668,44274.67064,,[M+H]+ 504.246,82
505.6273722,505.6269195,505.6276616,516.8521729,516.572998,517.3297119,9,3,3,3,1,60843.51718,61859.80371,60577.39025,41398.0308,39524.68839,39936.27103,48040.68343,55505.63455,56209.8755,,,14
506.1631314,506.1627906,506.1633019,750.6271362,750.2550049,750.7783203,9,3,3,3,1,44035.368,43395.3135,43549.398,35642.99671,33303.29671,33767.4151,43970.89053,42255.04545,42902.62011,[187][M+1]+,,16
506.1285393,506.1282403,506.1290492,516.9342651,516.572998,517.3297119,9,3,3,3,1,21960.25566,22745.25741,21835.3143,14819.17393,14160.73634,15199.33375,16817.97058,19624.40891,20259.4352,,[M+Na]+ 483.135,14
507.2715252,507.2711447,507.2722254,1076.041626,1075.269653,1076.293335,9,3,3,3,1,397558.048,396837.5991,399473.2246,330397.4049,325721.5002,301908.3846,388568.3865,370236.3799,392857.5348,[188][M]+,[M+Na]+ 484.282,39
507.2694377,507.2692403,507.2698848,1041.901611,1041.101196,1046.793091,9,3,3,3,1,191175.9675,189221.2836,190983.5433,175822.5358,165323.773,180057.3799,177117.0583,181303.5888,180564.6284,[189][M]+,,339
508.2749925,508.2745485,508.2755435,1076.041626,1075.269653,1076.293335,9,3,3,3,1,121542.5499,121963.3045,124110.7096,101123.1408,97077.70829,90648.58763,117961.9633,114037.7793,120791.7438,[188][M+1]+,,39
508.272745,508.2725121,508.2730147,1041.902174,1040.846558,1046.793091,8,3,2,3,1,47181.57864,46457.78776,47532.22132,40026.22849,41789.00842,47165.41851,45122.95207,44636.94745,45382.77063,[189][M+1]+,,340
508.8564311,508.855912,508.857924,1641.462036,1641.213135,1641.812988,9,3,3,3,1,8298.954741,8791.274143,8559.212138,10984.37538,9747.030222,10414.574,10677.5775,10463.62943,11010.6935,,[M+Na+NaCOOH]+ 417.878,101
509.2776493,509.2772284,509.2783105,1076.040039,1075.525879,1076.299683,9,3,3,3,1,21275.31537,20882.73943,22235.91853,18261.77944,16991.12126,17644.00974,21431.75408,21281.08038,21394.3534,[188][M+2]+,,39
510.061004,510.0604243,510.0612782,507.433,507.178009,507.895752,9,3,3,3,1,62040.49471,60625.32071,61701.50762,35802.68583,36004.89054,37038.17214,55938.65455,65072.82424,64331.4209,,,8
511.0668619,511.0660845,511.0671019,507.4130554,507.178009,507.6456909,9,3,3,3,1,40908.88772,39414.00227,40928.04509,21832.537,21903.453,23858.80071,36746.1675,41208.78713,40601.06323,[190][M]+,[M+H]+ 510.06,8
511.302981,511.3028943,511.3045464,1106.196228,1105.301025,1107.557861,6,0,3,3,1,60677.8025,65050.87388,70937.76864,96635.3465,95457.47574,98679.83,89891.52543,96270.48807,98225.45458,,[M+H]+ 510.296,63
511.3034983,511.3033644,511.3035484,1113.760742,1112.455078,1114.45752,3,3,0,0,1,94554.74576,100412.0729,99429.66861,94485.5394,46050.32745,95946.79811,73793.81998,94454.39447,95435.71496,,[M+H]+ 510.296,74
512.070167,512.0696971,512.0702955,507.3578796,507.20578,507.6645813,5,3,0,2,1,10011.93393,9375.607385,9433.200966,3666.79414,4180.098131,4911.254838,5983.47819,10195.71514,9291.388815,[190][M+1]+,,8
514.8749016,514.8742851,514.8758456,65.57499847,65.52590942,65.5956955,8,3,2,3,1,8208.772,8439.978923,7970.015455,1566.886892,10258.98664,10209.66923,9438.781846,9459.949167,9459.072,,[M+H]+ 513.868,83
515.1152145,515.1148861,515.1154043,750.6491699,750.2550049,750.9812012,9,3,3,3,1,96615.43409,97092.56087,97977.67919,77219.16933,72795.63537,75877.26724,107470.3064,115102.5141,107791.6082,[191][M]+,,16
515.1184656,515.1179373,515.1187862,491.3772278,490.872,491.6556396,9,3,3,3,1,26079.012,24950.00442,25538.72111,15495.84,13048.79069,16103.09494,20849.00595,22269.47631,22659.30313,,[3M+Na]+ 164.047,21
516.1183149,516.1179035,516.1184817,750.546936,750.2550049,750.7614136,9,3,3,3,1,32237.67883,32539.91376,32820.27305,24452.67303,23448.58047,25124.97632,34359.3059,37124.75628,35179.137,[191][M+1]+,,16
517.1075683,517.1069729,517.1078551,491.291687,490.872,491.4264832,9,3,3,3,1,153940.1339,152045.1823,155332.3153,101633.82,85695.50654,104234.5828,136709.7408,144301.8077,151913.4244,[192][M]+,[M+Na]+ 494.122,21
517.1174471,517.1171928,517.1176592,750.6491699,750.2550049,751.2324829,7,2,2,3,1,13123.7328,13846.28346,13715.92205,11685.10233,8204.026732,12261.19222,15837.75368,17584.2036,16414.27152,[191][M+2]+,,16
518.1107516,518.1101222,518.1110996,491.1776428,490.872,491.4045715,9,3,3,3,1,45864.32153,44625.44231,45462.77744,28938.42,25289.31221,30366.91543,39104.7778,41348.15933,43170.4852,[192][M+1]+,,21
519.3216596,519.3211454,519.3219014,794.2709065,794.0115967,794.6555786,8,3,3,2,1,26731.10886,26470.18743,26319.15,37115.2075,36860.93693,38587.38678,33504.47888,33088.076,24882.8097,[193][M]+,[2M+H]+ 259.157,7
520.3249128,520.3244377,520.3252532,794.1513062,794.0115967,794.6555786,8,3,3,2,1,9219.548292,8777.938304,9160.4318,13860.55644,12981.90241,13473.52524,12088.96354,10518.7395,8412.880371,[193][M+1]+,,7
521.3809236,521.3807308,521.3811692,1367.039063,1367.032593,1367.298,3,0,3,0,1,1613.369585,5391.595331,6903.402487,8274.785438,8333.254759,9195.804121,8383.422928,8172.286783,8466.853675,,,129
523.2455776,523.2451956,523.2460962,1076.291748,1075.269653,1076.543091,9,3,3,3,1,141762.3759,142537.5164,143099.1424,113786.1107,110724.6873,103136.0907,129767.9011,124711.9434,128354.9531,[194][M]+,[M+K]+ 484.282,39
524.2723901,524.2718228,524.2727265,1021.428833,1021.198181,1021.98938,9,3,3,3,1,63769.3884,64494.16981,64292.48329,66325.15569,64996.91458,67026.21363,68144.11455,64261.01667,67475.785,,[M+2Na-H]+ 479.3,26
524.2490284,524.2484627,524.2496081,1076.045044,1075.269653,1076.543091,9,3,3,3,1,43537.68,43038.5318,42392.53932,35921.0277,35251.79515,32831.31026,40872.91936,38571.08442,41007.73668,[194][M+1]+,,39
524.3106816,524.310012,524.3110715,1009.276733,1009.229797,1009.503174,9,3,3,3,1,7132.697565,6685.209524,6735.379333,7045.756364,6584.695,7546.507143,7059.538545,6731.816,6608.91875,,,11
525.1825476,525.1815826,525.1830182,344.0400391,343.6890869,344.1997375,9,3,3,3,1,50936.89944,50911.90432,53379.67953,53018.12421,52767.51849,52049.41778,52689.46765,50226.31837,52786.26146,[195][M]+,,131
525.2475241,525.2472736,525.2481182,1076.045044,1075.269653,1076.297607,9,3,3,3,1,14461.815,13936.50097,14465.51451,11387.56929,11953.64945,11853.63218,13516.65394,12962.35217,14091.14965,[194][M+2]+,,39
526.1856415,526.1845412,526.1859966,343.917,343.6890869,344.1997375,9,3,3,3,1,12754.08567,12379.831,12754.12524,12162.18823,12916.96076,13043.85929,12120.17153,12905.186,13019.8385,[195][M+1]+,,131
526.1803778,526.1798785,526.1806753,750.7607068,749.2299805,752.7333984,8,3,3,2,1,12801.36,15198.5986,23299.13904,20521.1711,19081.6385,17257.125,21377.23562,12203.73414,23877.51651,,[M+Na]+ 503.194,16
527.141662,527.141303,527.1419008,750.76,750.2550049,751.0097046,9,3,3,3,1,71625.47127,71393.4614,71212.10444,64216.31221,58648.507,58416.13989,71211.3285,71294.79255,73557.30017,[196][M]+,,16
527.235478,527.235255,527.2357882,941.7063372,941.3222656,943.8782959,8,3,2,3,1,21581.08656,21950.54838,20886.4035,19395.01721,18850.055,13409.46609,19536.61916,19346.64128,19916.97,,[M+Na]+ 504.246,82
527.3192784,527.3189447,527.3197647,1009.452698,1009.229797,1009.52417,9,3,3,3,1,283938.3984,282239.2209,284267.338,281327.9579,253739.3715,270305.5685,280968.5314,246960.9686,288262.1949,[197][M]+,[M+Na]+ 504.327,11
528.1449709,528.1445116,528.1450942,750.7664795,750.4140015,750.9812012,8,3,2,3,1,20052.75932,19834.15106,19814.6493,18825.38629,12791.66163,17708.59956,21357.10216,20865.66433,21735.35158,[196][M+1]+,,16
528.3225379,528.3222044,528.3229123,1009.452698,1009.229797,1009.52417,9,3,3,3,1,81527.10525,81317.43389,84764.52305,83512.1359,74385.36282,81287.07038,83772.41207,79633.70364,85067.643,[197][M+1]+,,11
529.2511923,529.2511116,529.251237,1041.24804,1040.589844,1041.646973,6,0,3,3,1,73574.14002,77494.64776,77609.09617,78359.97,75389.39447,83356.43093,82917.89708,82530.48585,82539.59224,,,341
529.2509256,529.2508967,529.2511156,1074.770813,1074.511353,1076.297,4,0,1,3,1,31675.77603,38044.72318,33590.33074,36233.0081,42284.83152,35585.98548,43330.71153,42404.40839,43568.04034,,,313
529.2515179,529.2513836,529.2516481,1080.123413,1079.649902,1080.198608,3,3,0,0,1,49258.78317,49765.74786,48502.31926,38161.30571,31951.98026,30773.30459,41983.33317,35387.77103,39856.76638,,,331
529.2515244,529.2512995,529.2515245,1046.697144,1046.269165,1047.042358,3,3,0,0,1,93393.45141,91490.56501,94691.85588,72844.42749,65507.72314,83373.46582,82501.49524,79270.02942,79609.85852,,,368
529.3250683,529.3248134,529.3257337,1009.247498,1009.035645,1009.52417,9,3,3,3,1,14981.41303,14423.3446,15057.28242,15457.0992,14356.25871,15171.6626,15668.1252,13830.86129,15891.15157,[197][M+2]+,,11
530.2545252,530.2543973,530.2545674,1041.118896,1040.846558,1041.901611,4,0,1,3,1,15253.70531,14504.11242,16001.39393,17408.51395,11537.91807,19905.7175,19170.78869,19353.1127,20417.3924,,,274
530.8489135,530.8482359,530.8498714,65.82374573,65.57565308,65.831,7,3,2,2,1,4519.93,4528.874091,4692.78,1911.100672,5274.1359,5560.696364,5112.7142,4047.923979,5311.6176,,,83
531.0960105,531.0955897,531.0962687,491.1350708,490.872,491.4045715,9,3,3,3,1,68578.935,67094.09314,68905.13372,46185.6,38178.58565,46874.23149,60132.56163,60930.805,65350.26964,[198][M]+,[3M+K]+ 164.047,21
532.0993384,532.0986945,532.0995179,491.3804321,490.872,491.634552,9,3,3,3,1,19601.94505,18723.86208,19331.03807,12949.00787,11568.97645,13421.32369,16968.72973,18151.84435,18274.26421,[198][M+1]+,,21
533.2850788,533.2849667,533.2860951,1106.19873,1105.552612,1107.557861,6,0,3,3,1,188369.388,199511.2817,209676.7781,282576.5917,269490.5607,269444.1984,254400.9066,275436.178,277767.2718,[199][M]+,[M+Na]+ 510.296,63
533.2848598,533.2846986,533.2855151,1074,1072.728638,1078.630249,7,3,1,3,1,57264.04331,55530.97324,56856.96449,47947.34081,51283.07238,39744.81495,53891.57709,57189.66046,55253.12915,,,182
533.2854953,533.2853579,533.2855357,1113.504395,1112.201294,1114.45752,3,3,0,0,1,290132.6936,295509.7477,287454.2625,278442.0119,109777.7808,258148.8596,191734.0438,264790.9314,249280.0195,[200][M]+,[M+Na]+ 510.296,74
533.3299999,533.3298936,533.330252,1463.764771,1460.720947,1464.522949,5,0,3,2,1,18513.43622,37481.94541,37542.14716,40984.92923,10212.29725,31894.45267,41657.03538,33000.35529,41410.05498,,,242
533.3302245,533.3298251,533.330532,1436.273132,1431.385254,1439.556,4,0,3,0,1,24531.88551,39272.78508,40472.14274,21931.54121,17285.2873,40203.89569,42318.76444,43385.61962,43954.53895,,,248
534.2883246,534.288163,534.2884284,1106.325012,1105.552612,1107.297485,6,0,3,3,1,45296.45259,50343.59183,53030.04976,73367.88895,71422.36759,74001.9072,71206.62562,75650.76,76421.39968,[199][M+1]+,,63
534.2887464,534.2887268,534.2888803,1113.504395,1112.707031,1114.45752,3,3,0,0,1,79407.99893,80676.69144,81761.40718,73945.93667,32017.70971,69175.775,48935.38436,71177.66775,63141.86853,[200][M+1]+,,74
535.1879465,535.187552,535.1886331,85.43099213,85.17958832,85.44987488,9,3,3,3,1,46753.1215,46378.32916,46833.57413,45856.25859,44318.33212,47104.21426,49809.45455,51380.66206,50435.6089,[201][M]+,[M+Na]+ 512.2,31
535.1878985,535.1877324,535.18838,116.9937057,116.5688477,117.1341476,9,3,3,3,1,29524.98504,28363.8807,30557.91394,30728.09426,30706.47745,33476.16058,30555.75367,30447.84213,31557.43389,,,372
536.1911674,536.1906083,536.1915635,85.43099213,85.17958832,85.44987488,9,3,3,3,1,9923.741739,10415.0824,10060.14288,10793.09592,10270.29454,10650.1304,11327.5405,11290.48326,11099.4015,[201][M+1]+,,31
537.1132322,537.1127257,537.113591,491.3706665,490.618,491.6556396,9,3,3,3,1,17105.00211,15599.89412,16858.30271,10735.92,9624.437484,11252.71862,15198.25611,16331.249,17167.61988,,[3M+2Na-H]+ 164.047,21
539.3630213,539.3625346,539.3636903,900.0454712,900.0210571,900.2991943,9,3,3,3,1,23525.84697,23049.69787,23652.46116,24167.17689,23552.19843,23347.55947,23494.65833,24482.82907,24198.80703,[202][M]+,[M+H]+ 538.356,4
540.3662201,540.3656733,540.3669461,900.0392456,900.0210571,900.2991943,9,3,3,3,1,9838.630667,9254.880741,9318.23172,9505.489583,8957.891,9213.025043,9262.334833,9192.57304,8955.56144,[202][M+1]+,,4
541.3786046,541.3780731,541.3789471,900.7935791,900.538269,901.0560913,9,3,3,3,1,48846.49941,47146.15931,47540.94545,45224.58394,45479.82145,46264.87158,45720.65835,46927.53224,45526.3506,[202][M+2]+,,4
542.0682924,542.0675312,542.068631,85.44322205,85.41622925,85.93900299,9,3,3,3,1,8817.356,9412.2325,8568.506,12552.31856,12274.74575,13423.88387,11206.26173,11928.73323,11999.967,,,31
542.3818507,542.3814272,542.3823659,900.7935791,900.789917,901.0560913,9,3,3,3,1,18163.91518,17271.55814,17774.81572,17538.70592,17660.89286,17422.0735,17779.668,17768.33911,17581.41745,[202][M+3]+,,4
543.2868676,543.2862983,543.2873024,1009.289612,1009.02655,1009.52417,9,3,3,3,1,9465.3794,9278.165933,10079.12207,9954.363724,8444.251034,9320.383733,9779.312448,8719.529586,9936.733571,,[M+K]+ 504.327,11
543.3937415,543.3931343,543.3939642,901.303,901.2988892,901.5640869,9,3,3,3,1,26691.89777,27059.57752,27035.33281,26511.71878,27252.37993,26864.12286,27037.668,28100.20938,27412.89517,[203][M]+,[M+H]+ 542.388,4
544.39738,544.3969147,544.3978873,901.303,901.2988892,901.5640869,9,3,3,3,1,9604.98176,9204.659609,9580.318615,9768.586435,9379.638273,9362.325,9454.868952,9741.76288,9292.04375,[203][M+1]+,,4
546.0608877,546.0602137,546.0610495,491.3706665,491.1239624,491.6370544,9,3,3,3,1,44551.20285,42532.6859,42637.24307,32323.29,31487.7104,33443.23935,42904.52036,46246.93698,46637.68927,,,21
547.067285,547.0665835,547.067655,491.1350708,490.872,491.4045715,9,3,3,3,1,49647.82926,49589.76486,50568.9008,28047.705,25162.46515,29333.50547,45624.0654,47979.63054,49832.49163,[204][M]+,[M+Na]+ 524.077,21
547.2552389,547.2546153,547.2557809,624.1312256,623.8865356,624.3828735,9,3,3,3,1,62429.1,56923.44982,55483.531,30854.7194,29356.7,31200.525,63009.79611,61926.96809,61027.79086,[205][M]+,[2M+2Na-H]+ 251.144 [M+H]+ 546.251,3
547.2550979,547.2546823,547.2552582,750.4046021,750.2479858,750.546936,8,3,2,3,1,64622.6616,63626.68076,65951.95432,21516.52252,14874.68985,18357.43507,59383.41429,62563.67523,62117.03622,[206][M]+,[M+H]+ 546.248,16
548.0707236,548.0701633,548.0708331,491.1279907,491.1234741,491.4045715,6,3,0,3,1,13882.58633,12875.92529,14281.98033,8158.711317,6076.00557,6569.56529,12789.08832,13536.05445,13770.95576,[204][M+1]+,,21
548.2596272,548.2589441,548.2599399,624.00177,623.8790894,624.39,9,3,3,3,1,25955.16,25115.39897,24262.81844,14252.89352,12199.61293,14507.58636,27033.95756,27141.76988,26159.44581,[205][M+1]+,,3
548.2582171,548.2578304,548.2585561,750.4468689,750.2028198,750.7307129,6,3,0,3,1,21074.28353,20967.492,21274.97481,6595.293915,3677.176263,4868.890375,19748.98316,20348.92732,21027.89786,[206][M+1]+,,16
549.1063942,549.1059787,549.1069338,491.291687,491.1239624,491.4045715,9,3,3,3,1,20590.47758,20883.94775,19653.22629,16178.33721,15942.255,16750.27442,20916.76862,21840.06054,22133.95375,,,21
549.2711136,549.270461,549.2716353,623.8832397,623.7481689,624.1266479,9,3,3,3,1,5163353.604,5117691.532,5134635.373,2348181.431,2255417.988,2436979.169,4855933.613,4905988.611,4933417.387,[207][M]+,[2M+H]+ 274.13,3
549.3009582,549.3005455,549.3015412,1009.485596,1009.276733,1009.734,9,3,3,3,1,47296.84145,46490.44024,45760.288,46778.46545,40735.87678,43912.06423,47029.99235,45462.1818,49344.166,[208][M]+,[M+2Na-H]+ 504.327,11
549.5897012,549.5891236,549.5904791,623.7515259,623.6326294,623.8790894,6,3,0,3,1,19349.79867,18472.82182,19572.47839,2876.550091,2228.162088,2355.332111,17878.8287,18438.6512,18022.5435,,[M+H]+ 548.584,3
549.8489546,549.8205033,549.8510326,623.7481689,623.6326294,623.8790894,11,3,0,3,1,7143.031923,7925.56625,8276.497111,826.9099121,892.5419006,1129.029633,11800.39682,9031.721647,7924.814214,,,3
550.2743811,550.2737235,550.2748929,623.8790894,623.6339722,624.1266479,9,3,3,3,1,1769365.356,1762180.943,1762487.592,800238.0762,771895.7354,838265.5501,1665249.878,1687422.294,1697357.745,[207][M+1]+,,3
550.3044631,550.3039607,550.3048331,1009.452698,1009.180847,1009.52417,9,3,3,3,1,13083.97616,12877.62176,13070.92844,13159.80343,12072.81871,12698.023,13923.33047,11111.02075,13569.7023,[208][M+1]+,,11
551.2772107,551.2765938,551.2777929,623.8790894,623.6339722,624.1266479,9,3,3,3,1,336629.6425,335516.818,342157.5788,153832.6086,149064.7021,161500.4334,320964.4565,324837.9946,329035.0256,[207][M+2]+,,3
551.7319181,551.731207,551.7322223,918.3808899,918.0448608,918.6338501,6,3,0,3,1,8319.17024,8054.250286,9103.997037,5267.823156,5532.473304,5628.208987,7666.115333,8598.99264,7975.495143,,[M+2K]2+ 1025.54 [M+Na+K]2+ 1041.52,314
552.2796021,552.2789121,552.2801658,623.8790894,623.6339722,624.14,9,3,3,3,1,45874.51665,44695.59889,45311.10875,21229.0572,19373.24119,22163.5982,44415.16326,45518.99083,44175.95,[207][M+3]+,,3
553.1771644,553.176878,553.1777593,388.7075806,388.2017212,388.9599915,9,3,3,3,1,14321.00874,14064.42294,14806.08097,15582.15556,15459.83451,15913.2408,14163.11134,14667.2032,15551.978,,,97
553.3348543,553.3345062,553.3353422,1057.168335,1056.518066,1057.205811,9,3,3,3,1,128438.4295,125334.2214,127867.7872,131285.5197,127326.7885,131765.0249,130496.0249,135719.3796,132838.7221,[209][M]+,[M+H]+ 552.328,75
554.3382875,554.3379967,554.3388799,1057.168335,1056.518066,1057.205811,9,3,3,3,1,37586.24981,38746.44114,39610.17,39672.59424,40035.34871,41256.84742,40700.60943,42194.91352,41567.36388,[209][M+1]+,,75
555.2668493,555.2666843,555.2670809,1106.321167,1105.299927,1107.557861,6,0,3,3,1,97078.79857,105908.9286,111548.5771,135340.3674,125211.9754,133852.3936,123098.5611,138234.746,131577.5444,,[M+2Na-H]+ 510.296,63
555.267514,555.2672316,555.2675381,1112.959839,1112.482788,1113.182251,3,3,0,0,1,142376.5934,144305.2231,154437.7829,137637.7187,63187.27404,129937.5929,97461.12089,134753.3614,128114.6997,,[M+K+HCOOH]+ 470.302,124
555.3506109,555.3502684,555.3509167,1093.340942,1092.997314,1093.599,9,3,3,3,1,213807.9388,211155.6339,212856.0262,221424.3516,211084.317,214975.965,223383.848,232146.4357,228067.0167,[210][M]+,[M+H]+ 554.343,62
555.3407506,555.340548,555.341117,1057.192871,1057.150391,1057.462036,5,0,2,3,1,5615.394002,6503.222209,7218.313965,8558.341778,6415.783146,8217.381143,8016.45131,8630.590222,8224.190308,[209][M+2]+,,75
556.3538606,556.3534716,556.354349,1093.340942,1092.997314,1093.599,9,3,3,3,1,67150.02068,66753.15217,67350.91833,69281.99051,65510.44158,68426.94966,69412.52846,72285.8881,71011.6335,[210][M+1]+,,62
557.3737612,557.3732127,557.3742552,900.024,899.7717896,900.0432129,9,3,3,3,1,91938.80624,89531.612,90747.69351,132844.0607,134808.7768,133678.1653,132375.0364,136505.7994,134220.1671,[211][M]+,[M+H-H2O]+ 574.378,4
557.3564308,557.3559367,557.3568086,1093.340942,1092.997314,1093.373047,9,3,3,3,1,13297.116,12881.81859,13403.93,13898.55156,13144.149,14282.81391,13771.81136,15138.84729,14362.07659,[210][M+2]+,,62
558.3769911,558.3763848,558.3778046,900.024,899.7717896,900.0432129,9,3,3,3,1,35587.84533,33731.93075,34265.78103,52786.46024,52746.62471,52670.84582,52448.2524,54120.13833,52789.125,[211][M+1]+,,4
559.1314269,559.1310937,559.1318351,1163.859741,1163.616821,1163.897095,9,3,3,3,1,42563.7118,42780.1834,44956.30455,71627.79487,69871.1247,68693.11075,72132.7309,73806.8181,72285.6085,[212][M]+,[M+Na]+ 536.142,57
559.3889242,559.3884286,559.3895607,900.789917,900.532,900.8032227,9,3,3,3,1,78752.412,76143.48972,77087.45981,113924.8461,114457.3697,113681.04,115041.5145,117612.375,116060.3962,[211][M+2]+,,4
560.1320736,560.1318071,560.1326921,1163.871,1163.621582,1163.897095,9,3,3,3,1,19114.24228,19688.00059,21658.41867,34409.12008,33102.36024,33387.10011,34342.4825,36165.40128,35283.70485,[212][M+1]+,,57
560.3925138,560.3920188,560.3926526,900.789917,900.532,900.8032227,9,3,3,3,1,29358.22684,28306.764,28079.72942,43715.70982,43495.87585,44205.83817,43567.53225,44036.83624,43739.81312,[211][M+3]+,,4
561.1297894,561.1295553,561.1301091,1163.87207,1163.851318,1163.897095,9,3,3,3,1,12926.82372,14646.04491,14740.68852,24372.02834,23106.58239,23319.54616,23667.87509,24574.10583,23579.15724,[212][M+2]+,,57
561.2705288,561.2702518,561.2705684,760.9644775,759.9326782,761.2346802,6,3,0,3,1,9130.015192,9435.482857,9365.456731,2228.056382,3495.938068,3215.0816,9393.671077,9779.237481,9292.861448,,,367
561.3454923,561.3444656,561.3957366,900.0392456,899.7717896,900.8005371,15,3,3,3,1,42322.96959,41974.61233,43392.03174,31811.88986,31726.25986,31453.18377,31535.75822,32119.31176,31983.2493,[213][M]+,[M+Na]+ 538.356,4
562.1297966,562.1294981,562.1302107,1163.871535,1163.851318,1163.897095,6,0,3,3,1,4044.612017,4363.238068,4733.573014,8168.773148,8063.062929,7610.9064,7371.326667,8001.04344,8272.708462,[212][M+3]+,,57
562.3480303,562.3476732,562.3490012,899.7954102,899.7630615,900.0432129,9,3,3,3,1,16232.82747,15502.83697,15836.81753,12450.16103,11595.97128,11329.7035,12268.87381,12809.42942,12156.76855,[213][M+1]+,,4
563.2500669,563.24906,563.2503376,623.8169861,623.6326294,624.3828735,6,3,0,3,1,13867.124,11228.76267,11568.1748,5449.284312,4801.751089,6510.974081,11777.36411,10842.3243,11778.51007,,[2M+Na+K-H]+ 251.144,3
563.3605241,563.3601062,563.3611192,901.0460205,900.8022461,901.3085938,9,3,3,3,1,53788.96021,54211.97754,54397.96274,42952.449,43289.25168,44082.44173,43482.09833,44145.39526,43390.76387,[213][M+2]+,,4
563.3758732,563.3757534,563.3759399,1575.103149,1573.605713,1575.648,3,0,3,0,1,51927.76068,53430.93204,53253.87564,50751.37598,40668.59152,62386.81192,62012.05776,55442.31629,59516.571,,,375
564.3638008,564.3633222,564.3643005,901.0460205,900.8022461,901.3085938,9,3,3,3,1,19307.98969,19869.06322,19858.85834,15650.39933,14793.36,16146.33158,15713.70261,16649.73173,16069.55497,[213][M+3]+,,4
565.3753838,565.3748331,565.3757598,901.81073,901.5561523,901.8145142,9,3,3,3,1,23618.3652,24046.01667,23057.76213,19052.21566,18589.22703,18656.68774,19302.79645,19886.4709,18891.73916,,[M+Na]+ 542.387,6
566.8887909,566.8880229,566.8906771,1639.953,1639.909302,1639.988403,9,3,3,3,1,76244.96028,78272.19608,78378.62584,61328.54764,62755.93524,65772.8125,66725.25486,58924.0753,74887.33875,,[M+Na+K]2+ 1071.83,32
566.8884516,566.8875637,566.8894597,65.33201218,65.2694397,65.57702637,8,3,2,3,1,7053.124231,6757.5,6534.687273,992.9124411,8029.313182,7818.316727,8254.664154,8144.198333,8070.4495,,,349
566.8886642,566.8886549,566.8886816,4.939370155,4.931148529,5.228487492,3,3,0,0,1,763646.7009,765656.9521,784565.9737,NA,NA,326.5247961,144.9845951,244.3044385,NA,[214][M]+,,20
567.8918587,567.8918118,567.8918834,4.939370155,4.931148529,5.228487492,3,3,0,0,1,65632.15139,66516.74575,67080.42016,NA,NA,NA,NA,NA,NA,[214][M+1]+,,20
568.2442988,568.243785,568.2446342,624.1266479,623.1221313,624.6422729,9,3,3,3,1,35453.32219,35883.18316,36453.13659,26784.14527,25595.56786,28391.41192,34822.66291,34539.88261,34780.4321,[215][M]2+,[M+H+Na]2+ 1112.49,3
568.7458908,568.7452011,568.746532,624.2438965,623.1171265,624.3945923,9,3,3,3,1,24214.24702,24678.46051,24105.58581,18140.80722,17242.72978,19351.56754,23915.2351,23884.53535,24384.77093,[215][M+1]2+,,3
568.8927527,568.8926564,568.8928222,4.939370155,4.931148529,5.228487492,3,3,0,0,1,25549.51088,25206.83288,26024.65594,NA,NA,NA,NA,NA,NA,[214][M+2]+,,20
569.2369915,569.2363736,569.2372478,750.1660156,749.7675171,750.2473145,6,3,0,3,1,19394.1725,18507.55428,19484.954,6664.883551,5618.91779,5738.677014,18656.83917,19165.48778,19824.27765,,[M+Na]+ 546.248,16
570.2332438,570.2326787,570.2337276,922.9750977,922.6983643,923.2263794,9,3,3,3,1,25832.63897,25475.88956,25787.20294,10759.10938,9759.244571,9329.871484,25674.15966,25045.00746,26281.05767,[216][M]+,,327
571.2529902,571.2524095,571.2535764,624.1312256,623.7481689,624.6370239,9,3,3,3,1,2477292.853,2478320.833,2479716.645,1880593.287,1819076.857,1952552.775,2418436.697,2400490.285,2450981.12,[217][M]+,[2M+Na]+ 274.13,3
571.2365138,571.2364194,571.2369058,923.0624084,922.9489746,923.2263794,6,3,0,3,1,8816.582552,8707.809103,8178.992423,3553.813117,2628.891737,3088.296812,8160.9888,8233.576296,9006.688667,[216][M+1]+,,327
571.3532375,571.3527501,571.3537635,869.956,869.9349976,870.2183228,9,3,3,3,1,137273.5966,133969.8729,134420.4684,199336.5943,188941.9083,195940.2711,191722.1407,198657.26,197037.0592,[218][M]+,[2M+H]+ 285.174,13
572.2561341,572.2556305,572.2567616,623.8790894,623.6326294,624.2438965,9,3,3,3,1,835306.5997,838005.659,836632.9852,636630.57,616217.855,660946.0058,818570.9707,808573.2328,828745.0165,[217][M+1]+,,3
572.3564229,572.3558429,572.3567923,869.9511719,869.7165527,870.2183228,9,3,3,3,1,54044.25612,53761.22777,54607.04834,81328.76171,76174.56,79866.3606,77139.83211,80409.99217,79970.55711,[218][M+1]+,,13
573.2581027,573.2285289,573.2590782,623.6333008,622.6134644,624.3828735,16,3,3,3,1,153531.8124,153085.5629,153741.5736,120155.9356,116175.3963,124499.1255,154184.9193,152971.4897,155389.1283,[217][M+2]+,,3
573.3593757,573.358778,573.3597321,869.9511719,869.7165527,870.2183228,9,3,3,3,1,11361.73662,11122.056,10856.79086,16631.88276,16414.51768,16269.24572,16479.0723,16631.55556,16348.06875,[218][M+2]+,,13
574.2325666,574.231663,574.2612738,623.753479,622.6134644,624.6370239,16,3,3,3,1,21904.755,20838.16,22502.31486,17191.71784,17828.77298,19985.49863,22064.71667,23392.51181,22869.06963,,,3
575.1051997,575.104628,575.1056439,1163.87207,1163.851318,1163.897095,9,3,3,3,1,9408.388296,10078.02109,10676.34,17121.44468,16715.29163,16037.45463,16397.34194,18191.15779,16985.4425,[219][M]+,[M+K]+ 536.142,57
575.3844769,575.3838491,575.3848373,899.7752686,899.7630615,900.0392456,9,3,3,3,1,102446.5666,101381.4129,99647.30882,219988.5535,219042.8256,217691.7137,219422.4574,224233.1676,219656.2324,[220][M]+,[M+H]+ 574.378,4
575.3166237,575.3163516,575.3170521,1057.168335,1056.518066,1057.205811,9,3,3,3,1,24633.23263,25293.04229,24787.86032,26902.589,26697.02149,27187.53953,26282.31686,27321.99812,27650.948,[221][M]+,[M+Na]+ 552.328,75
576.1057005,576.1052849,576.1059769,1163.619202,1163.593018,1163.897095,6,0,3,3,1,5269.80442,5318.470861,5101.4664,7741.219652,8092.835259,7825.568464,8312.5952,8359.510923,8037.286552,[219][M+1]+,,57
576.3876224,576.3870225,576.3879988,899.7752686,899.7630615,900.0392456,9,3,3,3,1,40403.08586,40850.86423,39677.17943,89189.27741,89790.64157,88418.3642,88203.5694,90777.08108,90069.90578,[220][M+1]+,,4
576.3200657,576.3197445,576.32032,1057.190764,1057.150391,1057.205811,6,0,3,3,1,6371.580208,7232.265629,7851.51723,8197.43828,8133.863379,8389.897143,8060.5892,8612.5345,8180.854839,[221][M+1]+,,75
576.8440025,576.843299,576.8455764,1641.297119,1640.991455,1641.545654,9,3,3,3,1,8947.240615,9337.260778,8392.688125,11289.3655,10419.248,9967.182,10273.44032,10546.71348,10891.01469,,[M+H]+ 575.835,101
577.3323183,577.3319419,577.3326899,1093.340942,1092.997314,1093.599,9,3,3,3,1,43372.43941,43037.72465,43660.74647,45627.07149,43607.23309,44694.87,45855.51008,47089.80848,45998.17805,[222][M]+,[M+Na]+ 554.343,62
577.3903923,577.3898342,577.3910154,899.7722168,899.5462646,900.0336914,8,2,3,3,1,7392.470654,7444.732364,7184.03326,17547.57779,17356.35386,17780.69936,17600.004,18442.01597,17467.6975,[220][M+2]+,,4
577.3560156,577.355914,577.3561448,1576.911,1573.859375,1579.342896,5,0,3,1,1,19918.80511,20811.72873,20091.5619,14616.50967,23188.53616,16177.71,7606.202769,21663.54456,22360.14961,,,376
577.3558766,577.3555872,577.3563156,1599.485777,1595.930054,1599.859253,4,0,3,1,1,19983.19841,21644.41683,21113.66817,23417.79109,13971.21614,23368.53477,8265.4012,21343.4762,23636.78885,,,281
577.3559999,577.3557003,577.3564056,1613.229449,1606.365479,1618.321167,6,0,3,1,1,29169.04791,29553.29343,29067.69005,20351.62224,9142.906235,16003.77713,12147.91339,29697.9328,32103.43029,,,287
578.3357101,578.3353546,578.3359491,1093.339355,1092.997314,1093.599,9,3,3,3,1,12813.26512,13270.64009,13057.07194,14279.8403,13291.86812,14052.03,14990.78372,14357.64853,14148.04258,[222][M+1]+,,62
579.3552975,579.3548064,579.3558406,899.769,899.5139771,900.0392456,9,3,3,3,1,14364.1002,14478.86938,14526.50909,17116.164,16122.37529,16493.97286,16783.47129,17072.40431,17347.34011,,[2M+K]+ 270.185,4
581.365502,581.3652806,581.366314,1135.856689,1135.838135,1135.866577,9,3,3,3,1,15618.56289,15171.45132,15332.8615,17103.61467,16563.11881,16291.76073,17014.94355,17321.45059,17811.62057,,,215
582.8623017,582.8615489,582.8635756,65.57499695,65.52590942,65.5956955,9,3,3,3,1,7494.8054,8060.2845,8075.961333,7420.098462,9165.961636,9334.759769,9462.333538,9092.828333,8865.396833,,[M+Na+HCOOH]+ 513.868,83
583.3816111,583.3811187,583.3821016,1170.753784,1170.731201,1171.028198,9,3,3,3,1,23320.46088,23207.33766,23655.18355,26354.19079,24715.00615,23157.30816,26952.98068,27750.25874,25770.51744,[223][M]+,,186
584.3845258,584.384288,584.3845977,1170.758667,1170.753784,1171.028198,4,0,1,3,1,7529.067292,6668.473411,6863.529784,10149.46782,6961.971888,3524.113029,8855.386429,9852.034667,8838.297176,[223][M+1]+,,186
587.2228394,587.2220493,587.2240824,624.1376343,622.6134644,624.8911743,9,3,3,3,1,63883.75653,65553.04833,64884.92049,57134.72133,56284.02364,59343.40953,70738.91018,70169.6909,70609.33142,[224][M]+,[2M+K]+ 274.13,3
588.2256194,588.2245441,588.2266217,623.2444763,622.6134644,624.8911743,8,3,2,3,1,21341.30543,21718.93276,12747.12387,19010.42889,16134.79266,19784.65366,23226.77462,23788.81106,23691.77642,[224][M+1]+,,3
591.1259049,591.1254157,591.1263075,794.2771016,794.270813,795.0426025,8,3,3,2,1,35872.96362,37431.31838,37992.79447,8316.938273,7970.6523,8390.608696,34237.20781,32935.69545,25932.32949,[225][M]+,[2M+Na]+ 284.068,7
592.1293584,592.1288112,592.1294583,794.5653687,794.270874,795.0426025,5,3,0,2,1,10732.29037,11216.62584,11874.61786,2321.943613,2153.480451,2438.819969,11234.92977,10298.58281,8309.237232,[225][M+1]+,,7
593.1025723,593.1017678,593.1027206,794.5653687,794.270874,795.0426025,5,3,0,2,1,8703.82448,9278.87248,9288.684042,2043.429678,1534.375049,1453.449785,8841.496087,7831.888435,5775.339609,,,7
593.2346486,593.2342695,593.2350773,627.7080078,626.9321899,628.2189941,9,3,3,3,1,17312.53895,16269.90429,15346.63702,18528.5408,29625.16857,20276.41225,19365.62051,19031.925,19049.60043,,,206
593.3347407,593.3341623,593.335262,870.1925659,869.9433594,870.2196045,9,3,3,3,1,11877.272,11637.09559,11535.085,15849.04741,14999.47245,15811.44918,14957.11286,15234.42923,15078.8092,,[2M+Na]+ 285.174,13
595.4256281,595.4252964,595.4259612,940.3032837,940.052124,940.567749,9,3,3,3,1,10807.16667,10879.08508,10537.552,10489.56536,10295.67491,8398.598,10757.19318,10797.94174,10347.26557,,[2M+H]+ 297.209,10
597.3658617,597.3653252,597.3661847,899.7660308,899.5139771,899.78302,6,0,3,3,1,8063.977844,7695.773966,7464.212321,15880.80918,15442.33577,15087.32713,14875.16959,15225.88906,14988.6,,[M+Na]+ 574.378,4
597.4409974,597.4406965,597.4415915,1008.932739,1008.529724,1009.000183,9,3,3,3,1,8185.198,7935.195864,8270.124875,8849.7136,8457.687615,9888.984167,9950.28025,9029.02,9910.9675,,[M+H]+ 596.434,11
597.6779961,597.677554,597.6782981,330.5339355,329.9104309,330.9398499,9,3,3,3,1,65536.86767,66561.84425,69272.27591,65176.16741,65920.431,70383.19251,62920.93943,69187.72671,71981.17768,[226][M]2+,,144
598.179488,598.1788301,598.1797784,330.412384,330.0653687,331.1557617,9,3,3,3,1,33275.88385,33699.97557,35168.30502,32710.78616,33495.78,35209.38678,32369.04558,33822.42544,33728.37338,[226][M+1]2+,,144
598.8364135,598.835543,598.8371277,65.82374573,65.52590942,65.84858704,7,2,2,3,1,4467.026667,2612.545307,4364.104222,1231.941055,5400.0565,5139.428,5772.28075,5429.725,5359.454545,,[M+K+HCOOH]+ 513.868,83
599.1970134,599.1966448,599.1976446,559.428,559.4185181,559.6737671,9,3,3,3,1,267016.9901,264174.7386,266176.8922,132743.5135,127108.2314,135995.1868,243059.8656,259321.7127,260098.327,[227][M]+,[M+Na]+ 576.204 [M+H-C6H10O5]+ 760.242,15
599.4562968,599.4559405,599.4568483,1009.234,1009.02655,1009.486938,9,3,3,3,1,7481.551,7374.972955,8033.444269,9583.337167,8494.779545,9064.491524,8695.141565,7775.690591,9113.047652,,[M+H]+ 598.449,11
600.2002142,600.1998839,600.200765,559.428,559.4185181,559.6737671,9,3,3,3,1,76403.67779,75591.06861,75824.83913,38656.98517,37250.58726,39280.7745,70903.62908,75829.32967,75601.74205,[227][M+1]+,,15
600.8821296,600.8821277,600.8821418,4.939370155,4.931148529,5.228487492,3,3,0,0,1,120128.8093,121336.224,123903.2766,NA,NA,NA,NA,NA,NA,[228][M]2+,[M+Na+K]2+ 1139.81,20
601.2024687,601.2019634,601.2033815,559.428,559.4185181,559.6737671,9,3,3,3,1,17040.40403,16589.229,18257.3365,8598.152889,8886.999724,8972.670667,16026.6877,17550.632,17778.8068,[227][M+2]+,,15
601.3835876,601.3835744,601.383622,4.939370155,4.931148529,5.228487492,3,3,0,0,1,22782.64179,24124.275,23399.1931,NA,NA,NA,NA,NA,NA,[228][M+1]2+,,20
603.1895848,603.1889229,603.1898581,623.2593384,622.8648071,624.6370239,9,3,3,3,1,25822.01848,26451.22393,26377.09571,24486.436,23758.44419,26313.31721,31324.47041,31357.8915,32415.99753,,[2M+2Na-H]+ 279.112,3
605.1503009,605.149702,605.1505764,516.7403564,516.572998,517.3297119,9,3,3,3,1,23062.26686,22899.6555,22512.81526,15199.06152,14239.10381,16056.09364,17633.83222,20747.27368,21742.38429,,[3M+Na]+ 194.057,14
605.3866044,605.386233,605.3871348,1552.997803,1548.438232,1554.521973,4,0,1,3,1,24826.90172,28341.19647,27698.88009,27633.47109,22739.30807,7060.732667,16562.50136,27616.6464,31483.31306,,,280
605.3867395,605.386561,605.3867645,1541.046875,1539.25708,1544.595581,4,0,1,3,1,14754.10802,23927.80741,24134.67754,21957.27302,24880.44888,8930.950667,19034.47227,38849.58727,14121.9,,,269
606.3852984,606.3850626,606.385532,1502.903442,1500.877441,1506.984985,5,0,1,3,1,8678.938467,18187.63457,18797.03633,19749.72817,16631.43696,24107.23386,4796.880375,20814.89765,23467.60256,,,271
606.3854697,606.3852862,606.3857356,1493.513794,1491.473755,1497.083984,5,0,2,3,1,20897.47748,25152.57266,25060.81309,20617.55357,27245.58935,11271.19385,5847.3976,18570.10909,13008.54712,,,285
606.3854007,606.3850569,606.3856315,1532.908325,1528.584717,1536.44873,4,0,1,3,1,12405.44672,25499.19763,24652.21252,25365.33989,24640.87817,19967.11256,20984.38185,27340.72024,22841.3185,,,278
607.1394675,607.1389747,607.1396981,516.598,516.4886475,517.0836792,9,3,3,3,1,164378.6485,163696.846,161006.5419,108275.2813,104778.4225,111030.2483,131193.8537,158703.6471,161347.7733,[229][M]+,,14
608.1426008,608.1421108,608.1427494,516.598,516.4886475,517.0836792,9,3,3,3,1,53270.49764,53090.745,52977.67331,35329.75026,33281.95994,35558.27429,42203.27946,51285.01987,52121.1805,[229][M+1]+,,14
608.0883909,608.0878147,608.0888382,75.50150299,75.24263,75.7609787,8,2,3,3,1,14515.4489,13466.87233,12882.10193,15050.93141,15114.94644,14861.61132,13802.96287,14967.92384,14404.68963,,,104
608.6681067,608.6675861,608.6684924,330.4608612,330.1756592,330.6745605,6,3,1,2,1,19789.67624,18747.544,19401.80293,16756.86353,17840.32044,19149.48833,17816.53601,19118.9767,19700.9496,,,144
609.4824556,609.4820299,609.4833942,1196.231934,1196.19104,1196.495605,9,3,3,3,1,12439.98917,13334.44691,13191.3105,15145.65287,13640.61636,14948.662,14632.178,14754.88304,15208.86545,,[2M+H]+ 304.238,46
611.1610571,611.1603269,611.1619782,512.5388184,512.2469482,513.6112061,9,3,3,3,1,250719.3202,244227.8792,252844.1623,104899.2004,84499.4148,112577.0823,207595.271,243607.6744,245182.7611,[230][M]+,[M+H]+ 610.153,52
611.4206161,611.420451,611.4208947,939.5411987,939.5355835,939.5469971,9,3,3,3,1,25286.56985,26317.13768,26244.13028,38830.05265,39413.9125,37523.81803,39104.01759,40543.27782,39587.475,[231][M]+,,294
612.1642167,612.1634993,612.164441,512.6279602,512.2469482,513.6112061,8,3,2,3,1,74199.40147,73220.53569,74432.10462,31077.30868,13018.99263,33158.83928,60728.40347,71233.42769,72676.09716,[230][M+1]+,,52
612.4238909,612.4236075,612.4242607,939.5411987,939.5355835,939.8015137,9,3,3,3,1,10993.58908,10542.07304,10940.01,17199.51056,16709.10681,16986.56357,17458.52628,16849.60648,16690.27296,[231][M+1]+,,295
613.1590501,613.1581695,613.1592966,85.43925476,85.18,85.70391846,9,3,3,3,1,14867.98524,15147.31962,14974.98261,12594.17511,11653.67424,13594.17993,16181.184,15977.19103,15524.46315,,[M+H]+ 612.152,31
613.2393275,613.239137,613.2399966,916.0906372,916.0516357,916.3468628,9,3,3,3,1,622920.7725,625080.48,634472.1127,282489.2755,288318.1765,286109.8712,593607.5931,608731.034,603622.8114,[232][M]+,[M+H]+ 612.231,29
613.1664317,613.1657521,613.1666421,512.8738708,512.479187,513.6112061,6,3,0,3,1,17809.5744,17378.5795,17600.94813,6030.242019,3865.533166,7532.942892,15005.44979,17029.69432,17130.96388,[230][M+2]+,,52
614.2425029,614.2423655,614.2432128,916.085144,916.0516357,916.3468628,9,3,3,3,1,217826.5295,218041.8603,222452.0551,99342.36821,101423.491,100273.7774,207966.3846,214130.2026,211133.5352,[232][M+1]+,,29
615.2450197,615.2448789,615.2458151,916.0906372,915.8320313,916.3468628,9,3,3,3,1,47347.10179,47477.70621,47179.08537,22596.91778,22357.23227,22702.491,47806.92658,48670.31795,47947.54267,[232][M+2]+,,29
615.4592875,615.4585602,615.4597826,949.7024536,949.4581299,949.7369995,9,3,3,3,1,11604.41583,11143.755,10934.33978,11130.942,10642.82157,10687.504,10686.2005,10964.99368,10856.46324,,[2M+Na]+ 296.236,64
617.4075635,617.4069762,617.408149,940.3032837,940.052124,940.5631714,9,3,3,3,1,10855.39962,10816.7364,10615.43446,10274.6875,10873.162,7876.3056,10463.01427,10648.71167,10243.80348,,[2M+Na]+ 297.209,10
619.422726,619.422665,619.4228909,1008.778687,1008.727417,1008.932739,5,0,2,3,1,6280.887969,5530.896645,7217.804029,7230.34935,6079.441078,7445.950273,7616.4816,6314.415364,7552.697045,,[M+Na]+ 596.434,11
621.1278103,621.1273606,621.1281123,516.9342651,516.572998,517.5767212,9,3,3,3,1,51273.11538,52176.22359,51481.5436,39840.44294,38126.05875,40314.12194,42499.20944,51304.9095,52621.72595,[233][M]+,[3M+K]+ 194.057,14
621.4174174,621.4171958,621.4177819,1455.339966,1454.059204,1459.413208,5,0,1,3,1,982.8460015,9517.650923,14922.74308,13050.1913,12830.83988,21915.1152,4194.446667,14854.45941,13759.83304,,,272
621.4175003,621.4172705,621.4175549,1500.886719,1498.871216,1503.164185,4,0,1,3,1,10304.94918,25619.8778,26094.34395,25891.27002,21331.04549,22888.42457,29793.70294,21336.06629,2494.464,,,266
621.4174145,621.4173814,621.4178333,1554.014282,1553.750732,1554.275024,3,0,0,3,1,12233.46269,22111.80238,22985.80497,21861.01925,16200.89493,20468.54367,7956.406333,27166.57583,21385.59079,,,263
621.4176586,621.4170273,621.417764,1589.693176,1587.02478,1591.920166,4,0,1,3,1,24127.78339,24235.83542,24266.18417,26956.23502,19475.00531,9497.6568,18291.5431,15979.28241,30244.84533,,,267
621.4172655,621.4168588,621.4177557,1566.496582,1565.992065,1567.574707,3,0,0,3,1,25849.11014,25904.74192,25744.05665,23538.59198,27327.88035,23632.89548,12955.17129,29921.8125,18723.7224,,,262
621.4174666,621.4174367,621.4175136,1525.009888,1522.536743,1527.071045,3,0,0,3,1,15630.16349,23538.4142,23595.58823,25826.97086,25245.65726,26711.7057,32452.41971,18689.06787,5441.696,,,261
622.0289583,622.0289562,622.0289589,1724.495972,1724.456909,1724.983521,3,3,0,0,1,67735.95952,53120.823,91830.35535,NA,98.2161578,NA,NA,NA,NA,,,147
622.0289581,622.028957,622.0289591,1781.624146,1781.075195,1782.101196,3,3,0,0,1,89179.20582,60635.32083,57680.0952,NA,NA,NA,NA,NA,76.51441272,,,152
622.0289585,622.028957,622.0289586,1788.592773,1787.171021,1789.068115,3,3,0,0,1,90591.13991,80073.82387,94988.63238,NA,NA,NA,NA,NA,NA,,,154
622.0289585,622.0289577,622.0289586,1762.067383,1758.967041,1765.65918,5,3,0,0,1,75016.57657,11971.485,74462.75875,NA,NA,NA,NA,NA,121.1621094,,,156
622.0289579,622.0289575,622.0289581,1671.148987,1668.222778,1675.120239,4,3,0,0,1,154539.6087,55117.23571,60017.49469,NA,NA,NA,NA,NA,NA,,,164
622.0289574,622.0289565,622.0289588,1703.729126,1699.787476,1705.396606,4,3,0,0,1,77523.5409,58306.53625,150229.2957,NA,NA,NA,NA,NA,NA,,,157
622.028958,622.0289578,622.0289584,1750.70105,1749.440308,1753.522461,3,3,0,0,1,118443.739,7392.703,66868.55128,NA,NA,NA,NA,NA,NA,,,148
622.028958,622.0289575,622.0289583,1736.685669,1732.369507,1737.220825,3,3,0,0,1,70497.18415,76969.72435,63324.35222,NA,NA,NA,NA,NA,NA,,,153
622.1309423,622.130366,622.1311811,517.1069336,516.572998,517.5767212,9,3,3,3,1,14787.81038,15497.23824,15467.38257,13024.66985,12269.13881,12998.53027,12982.70082,16186.1064,16259.88459,[233][M+1]+,,14
623.24496,623.2443336,623.2456114,85.427742,85.17958832,85.44987488,8,3,2,3,1,5353.215,5477.09925,5484.503375,4499.532181,5144.02,6154.569412,6696.823875,6560.82,6287.974667,,[M+H-H2O]+ 640.241,31
627.1446635,627.0971618,627.1452371,516.6890869,516.4886475,517.0836792,13,3,3,3,1,11955.04292,11307.76871,24346.27761,15424.80006,15158.89537,15526.87894,19297.29557,23280.37833,10833.44653,,[3M+2Na-H]+ 194.057,14
627.4158371,627.4156159,627.4160291,938.5257568,938.515564,938.7731934,9,3,3,3,1,45439.48425,45502.84412,44520.12994,98103.69,100396.0971,95989.07055,100707.7976,100661.3567,100479.2707,[234][M]+,[2M+H]+ 313.204 [M+H]+ 626.408,5
627.415297,627.4145419,627.4155064,971.1234741,971.112854,971.3739014,6,0,3,3,1,7130.061127,7049.689797,7106.623418,16498.56704,16355.67508,16751.21067,15943.26504,14562.95808,16025.04216,[235][M]+,[2M+H]+ 313.204,12
628.418961,628.4187644,628.4191248,938.5256348,938.515564,938.5267334,9,3,3,3,1,18798.6425,19433.62793,19297.86926,43246.48258,44304.465,41833.94967,44236.368,43587.1548,44048.85188,[234][M+1]+,,5
628.418631,628.4182559,628.4190913,971.1203826,971.112854,971.3739014,4,0,3,1,1,2682.592101,3050.298225,2609.421125,6954.049826,7062.0948,6765.347043,6408.887039,4759.687052,6739.382,[235][M+1]+,,12
629.4219867,629.4217389,629.4221987,938.5260925,938.5182495,938.7731934,6,0,3,3,1,4212.750777,4207.509321,4709.861437,9885.957727,9783.531429,9449.715783,9835.26087,9383.220182,10122.2233,[234][M+2]+,,5
630.1342183,630.1332819,630.1345211,512.9976196,512.5158691,513.6112061,6,3,0,3,1,28571.94065,27800.40848,29039.41735,4725.399108,2597.548995,5675.143171,21058.91229,24579.04154,25000.83378,[236][M]2+,[2M+H+K]2+ 610.153,52
630.6360511,630.6350078,630.6363463,512.8738708,512.5158691,513.8562622,6,3,0,3,1,17737.31585,16792.68889,17680.81055,2901.742482,1430.974632,3751.894261,12423.04314,15264.4734,14916.578,[236][M+1]2+,,52
631.4468182,631.4463754,631.4475097,1003.426025,1003.418152,1003.679199,9,3,3,3,1,9324.389565,9065.034,8865.996957,34745.18767,32806.00885,33433.86148,33982.67156,31000.44625,33991.99222,[237][M]+,[2M+H]+ 315.22,9
631.464323,631.463885,631.4650583,1196.231934,1196.19104,1196.495605,9,3,3,3,1,9484.730385,9238.212571,9182.3635,10305.28696,8921.131818,9614.777421,10415.63808,9803.410435,10551.35976,,[2M+Na]+ 304.238,46
632.2131312,632.2126523,632.2134142,916.301178,916.0516357,916.4950562,6,3,0,3,1,10689.34052,10905.90612,9693.71969,2358.955452,3648.374228,2863.849968,9781.129621,9818.630818,9300.0098,,[2M+H+K]2+ 612.231,29
632.450047,632.4496851,632.4509153,1003.426013,1003.418152,1003.431885,6,0,3,3,1,3947.70611,3191.544044,3216.051351,15470.50339,13714.76244,14181.0689,14906.39564,12898.06514,15006.78652,[237][M+1]+,,9
633.1500264,633.1497193,633.1512714,1231.11145,1230.848877,1231.358276,9,3,3,3,1,18033.855,17496.42892,21849.66439,26027.38784,27751.19364,29864.36698,25868.56822,29519.50785,28739.0745,,[M+Na]+ 610.161,175
633.1426627,633.1421099,633.142998,513.4170837,512.7510986,514.3527832,8,3,2,3,1,125761.8995,120761.508,134961.5555,52956.38869,27533.59683,57496.88031,101073.3651,127753.9483,123858.6711,[238][M]+,[M+Na]+ 610.153,52
633.4021761,633.4020546,633.4022129,939.7926636,939.7901611,939.7996826,5,0,2,3,1,6674.998169,6867.796216,6715.692932,8494.284038,8080.740167,7982.473345,7858.149167,7915.346154,8401.969393,,,293
634.1507025,634.1504975,634.1516953,1231.112061,1230.890869,1231.358276,9,3,3,3,1,10168.33324,9822.226875,11278.10903,14422.03311,15431.68733,16561.43067,14000.84,16062.44318,14943.88962,,,175
634.1459325,634.1452756,634.1462008,513.4170837,512.7510986,514.3527832,8,3,2,3,1,36066.435,33270.92992,36898.36451,15632.45867,7859.638706,16162.64325,29260.436,37674.57214,35629.30869,[238][M+1]+,,52
634.8764624,634.8760674,634.8781693,1639.962158,1639.909302,1640.243652,9,3,3,3,1,73258.10811,73440.409,80800.75008,59172.82345,60398.08457,62328.85347,50083.35219,57351.5721,66972.9375,[239][M]+,[M+H-HCOOH]+ 679.875,32
634.8757692,634.8749132,634.8770063,65.33278275,65.2694397,65.57565308,8,3,2,3,1,5563.87,5865.38975,5908.535364,1231.437227,6930.012917,6656.638917,6649.6917,6918.591692,6566.509091,,,83
634.8760423,634.8760322,634.8760632,4.939370155,4.931148529,5.228487492,3,3,0,0,1,790965.9013,801090.7126,812060.6607,NA,201.3613217,364.7546439,85.56884162,94.00352992,83.00590246,[240][M]+,,20
634.8759979,634.8759596,634.8761967,1294.276367,1293.75769,1295.81,3,0,3,0,1,44187.56304,156588.1065,158823.3089,133617.172,60151.01,88087.128,152421.6523,149277.6707,150594.1074,,,168
634.8761356,634.8761222,634.8762548,1325.099609,1324.331421,1326.627,3,0,3,0,1,145673.48,154562.7732,153991.8037,109580.5488,99291.75798,93431.43122,124574.2957,139190.6739,139176.0447,,,141
634.8759249,634.8759013,634.876213,1386.121901,1381.290405,1389.175659,4,0,3,0,1,193523.0021,195268.2886,197737.5307,58220.33518,67089.2266,106827.7978,135127.9394,143997.8432,145590.6861,,,365
634.8760075,634.875944,634.8762832,1352.308105,1347.718018,1353.063,3,0,3,0,1,95097.61628,133264.2157,133008.3703,45838.486,59471.97,126846.5002,93913.95607,105003.7071,111937.0115,,,132
634.876083,634.8759479,634.876115,1368.561768,1363.992676,1369.839,3,0,3,0,1,3046.993086,189336.4609,188742.5835,138161.8253,53936.79975,54721.42896,141057.7079,148237.8039,153074.8843,,,364
635.1484977,635.1481958,635.1504179,1231.11145,1230.890869,1231.380493,7,1,3,3,1,6236.478108,5243.818211,7778.55264,10197.66516,10541.71068,11423.28516,9442.339677,11050.40483,11136.06116,,,175
635.2212098,635.2210693,635.2219286,916.073,915.8354492,916.2436523,9,3,3,3,1,245349.4737,246682.92,250489.02,128303.8716,132148.2013,129824.1806,233228.9225,238673.5378,236960.4023,[241][M]+,[M+Na]+ 612.231,29
635.3772378,635.3772017,635.377269,4.939370155,4.931148529,5.228487492,3,3,0,0,1,46895.46728,48469.56275,49579.02027,NA,NA,NA,NA,NA,NA,,[M+H]+ 634.37,20
635.879387,635.8789226,635.8811696,1639.95056,1639.909302,1640.217651,8,3,3,2,1,7161.781185,5394.5662,6175.335,5331.73875,5610.027429,5711.698,4313.795632,5181.407455,5993.30625,[239][M+1]+,,32
635.8789421,635.8789257,635.8789554,4.939370155,4.931148529,5.228487492,3,3,0,0,1,79006.09364,78655.21129,79007.09791,NA,NA,NA,NA,NA,NA,[240][M+1]+,,20
636.0928572,636.0923035,636.0932604,516.8521729,516.572998,517.5767212,9,3,3,3,1,35252.5624,35681.49555,34923.6321,27206.07574,26351.48929,28603.29223,30742.67444,37341.258,37883.44323,,[M+K+CF3COOH]+ 483.135,14
636.2243059,636.2240983,636.2250256,916.073,915.8354492,916.2436523,9,3,3,3,1,81925.15702,83420.63814,83241.39636,45549.64539,45545.66905,44731.40039,82284.16257,83093.87107,82724.91114,[241][M+1]+,,29
636.8800401,636.8798682,636.8801114,4.939370155,4.931148529,5.228487492,3,3,0,0,1,22396.9451,23039.12876,23788.57652,NA,NA,NA,NA,NA,NA,[240][M+2]+,,20
637.0993245,637.0987972,637.0996001,516.598,516.4886475,517.0836792,9,3,3,3,1,55549.88879,57614.0599,56062.1962,34285.50173,34172.32444,36411.73606,45953.64167,56351.4635,57805.16589,[242][M]+,[M+Na]+ 614.108,14
637.2268844,637.2264524,637.2275618,916.073,915.8354492,916.3468628,9,3,3,3,1,17607.98268,17971.39468,17705.128,9753.452353,9830.036212,9051.871063,18440.4234,18505.02042,18940.72507,[241][M+2]+,,29
638.1027854,638.1021135,638.1034136,516.598,516.3179321,517.0836792,9,3,3,3,1,17498.45034,17419.2768,17379.115,11021.53,10885.72264,11697.6115,15034.50133,17624.91055,18208.60682,[242][M+1]+,,14
639.1379572,639.1375611,639.1383766,517.0922852,516.572998,517.8255615,9,3,3,3,1,15859.7082,16121.35066,15538.56303,15662.7617,14802.40853,16329.39859,15625.72666,18499.84462,18768.624,,,14
641.2172104,641.2167777,641.2176037,916.085022,915.795105,916.2683716,6,3,0,3,1,8244.909692,7638.79525,8625.58864,2756.973114,2393.010084,2447.936653,8605.236727,8840.713692,8128.479545,,,29
644.0105543,644.0105476,644.0106454,7.433276653,7.258513451,7.470372677,3,3,0,0,1,64155.50967,58043.9265,59293.61294,NA,NA,NA,NA,NA,NA,,,169
644.8313385,644.8308139,644.8331164,1641.297119,1640.991455,1641.545654,9,3,3,3,1,8310.827077,8123.186783,8503.955185,10928.9935,9796.59,10205.50321,10435.53378,10811.29719,10172.04876,,[M+Na+HCOOH]+ 575.835,101
645.3197693,645.319127,645.3202989,1093.340942,1092.997314,1093.373047,7,3,2,2,1,9881.412187,10309.90727,9891.939655,8944.255345,5838.949142,9011.031933,9184.498103,9401.249571,9529.934545,,[M+Na+NaCOOH]+ 554.343,62
649.1236083,649.1233581,649.1237988,1231.107056,1230.890869,1231.114,6,0,3,3,1,6091.743873,4665.360097,7079.622499,7951.542857,8473.317742,8777.17384,7989.747097,9485.075529,8158.761,,[M+K]+ 610.161,175
649.3973576,649.3971666,649.3974791,938.5265808,938.5182495,938.7731934,6,0,3,3,1,6532.971367,7095.067169,7244.216805,13144.48607,12477.91018,12318.91336,12249.22284,12142.4715,12406.06231,,[2M+Na]+ 313.204 [M+Na]+ 626.408,5
650.8497571,650.8485853,650.8506331,65.57499847,65.2694397,65.5956955,8,3,2,3,1,6617.2571,7520.1755,7646.973538,1665.515018,8786.061,8711.672727,8580.237818,8729.800833,8534.769231,,[M+Na+CF3COOH]+ 513.868,83
651.3948804,651.3942874,651.3956156,959.9055786,959.6461792,959.9307251,9,3,3,3,1,9868.541731,10724.40283,9808.456857,10275.06944,10414.40331,10226.02673,9140.4652,10455.39527,10806.94946,,[M+H]+ 650.386,88
656.2448685,656.2443555,656.245323,921.697937,921.6672363,921.8284912,6,3,0,3,1,13907.9094,13651.2271,14162.14034,5072.968424,4904.471883,5087.817107,13156.07661,13758.67507,13043.01868,,[M+H]+ 655.238,60
659.98524,659.9850132,659.9853257,1650.916992,1650.162476,1651.601929,3,3,0,0,1,85917.2717,82473.03828,68395.20226,NA,NA,NA,NA,NA,NA,,,374
663.2241577,663.2234672,663.2247924,85.4412384,85.41252136,85.44987488,6,3,0,3,1,6290.750571,7115.808737,6988.062667,3119.738088,3911.477321,5926.514065,6778.886368,6906.112,6334.473471,,[M+Na]+ 640.241,31
663.4524623,663.4518005,663.4534775,1470.996521,1470.865112,1471.372925,6,0,3,3,1,3423.661499,2055.084137,2500.531158,8774.790429,8619.251111,8407.694789,7293.437684,7643.625,8569.64319,,[M+H]+ 662.446,53
664.1161275,664.1156887,664.1168613,85.44322205,85.41622925,85.70391846,9,3,3,3,1,59171.69594,59874.43488,61133.97682,58627.24941,57465.71442,60759.99941,68531.52727,70590.68912,68929.07094,[243][M]+,[M+H]+ 663.109,31
664.1161716,664.1155305,664.1165613,112.689,112.5258636,113.6370392,9,3,3,3,1,82806.96509,83891.59855,93865.94274,89325.54178,82657.71944,86083.31231,86507.63736,81154.45615,82982.90733,,[M+H]+ 663.109,114
665.1192706,665.1185173,665.1197283,85.44322205,85.18,85.70391846,9,3,3,3,1,15796.19667,16394.23509,16088.97116,15558.17891,14590.58688,15720.07394,17481.11048,17996.62226,17871.37213,[243][M+1]+,,31
666.8236678,666.8231839,666.8251371,65.58567429,65.52590942,65.83061981,8,3,2,3,1,4650.059727,4575.861,4306.6352,450.9528055,5606.434167,5487.8245,5381.5563,5184.2323,5428.12,,,350
667.2566328,667.2560671,667.2571278,361.4894104,361.2150269,361.9155273,9,3,3,3,1,20602.68987,20028.98845,20479.0424,15290.308,19564.94487,19296.70161,19858.75593,19482.64665,19827.2945,,[M+H]+ 666.249,142
668.8700051,668.8695581,668.8718872,1640.074585,1639.909302,1640.217651,8,3,3,2,1,14914.44,15542.46392,15656.652,13085.83792,12989.7,14126.2697,11430.7402,13122.4275,14488.04,,[M+H]+ 667.863,32
668.8696581,668.8695598,668.8697024,4.939370155,4.931148529,5.228487492,3,3,0,0,1,319936.5701,326678.9591,331913.6386,NA,NA,NA,NA,NA,NA,[244][M]+,[M+H-HCOOH]+ 713.868,20
669.3711769,669.3711496,669.3712671,4.939370155,4.931148529,5.228487492,3,3,0,0,1,71076.27253,70431.25321,72126.8605,NA,NA,NA,NA,NA,NA,,[M+H]+ 668.364,20
669.8718326,669.871721,669.8718737,5.159612656,4.939370155,5.228487492,3,3,0,0,1,32141.43122,32172.20877,33125.352,NA,NA,NA,NA,NA,NA,[244][M+1]+,,20
673.3770475,673.3762818,673.3776516,959.909729,959.6461792,959.9307251,9,3,3,3,1,103794.929,101664.0878,101052.4127,102175.1169,99560.17385,98632.306,91262.643,102314.2582,102314.5223,[245][M]+,[M+Na]+ 650.386,88
674.1861557,674.1857603,674.1865657,563.8817139,562.7195435,564.5109253,8,3,3,2,1,33010.47049,32096.39433,31564.94582,26308.87186,26751.38357,29404.88207,25103.15912,31969.08263,32326.75286,[246][M]2+,,35
674.3802749,674.3797512,674.3809054,959.9128645,959.6530762,959.9307251,8,3,3,2,1,37365.22103,36933.80167,36717.79778,36020.0477,35433.98712,35267.87794,22021.93237,36893.45624,36389.51995,[245][M+1]+,,88
674.6876144,674.6873161,674.6882977,564.0003052,562.7195435,564.5109253,9,3,3,3,1,23081.90517,22868.547,23690.96351,18611.52652,18130.69964,19830.51144,21127.23865,21741.111,21791.79012,[246][M+1]2+,,35
674.6877133,674.6866875,674.6882365,556.8887329,556.6200562,557.382,7,3,1,3,1,15679.39164,15306.49,14995.18971,16163.988,14672.70337,14917.32002,14217.51386,15247.729,16059.417,,,159
675.3828398,675.382014,675.3836578,959.9183577,959.3887329,960.1828613,6,0,3,3,1,8052.218724,8539.024146,8310.236227,8225.982857,7812.102667,7965.500522,5640.73787,8674.845,8907.138897,[245][M+2]+,,88
678.2267075,678.2262963,678.2275133,921.8846436,921.6672363,921.9536133,6,3,0,3,1,10056.096,8914.061032,9465.904,3992.687988,3673.38028,4144.023743,8839.741533,9139.71,9925.209633,,[M+Na]+ 655.238,60
679.1658148,679.1650982,679.1659958,491.291687,490.872,491.4045715,9,3,3,3,1,25068.14545,26181.791,25503.61877,13129.69745,13446.71736,14946.62727,22240.99089,22773.43567,23823.201,[247][M]+,[2M+Na+K-H]+ 309.109,21
679.4261324,679.4257574,679.4270004,1042.622192,1042.144775,1042.666,9,3,3,3,1,16761.00292,15906.03223,16634.38462,17512.78875,16837.75494,18845.89657,18027.23,18718.2432,18890.68474,,[M+H]+ 678.418,80
679.418197,679.4178757,679.4185904,1128.224121,1127.949463,1128.239868,4,1,0,3,1,7754.628189,7683.111966,7779.520559,6378.997238,5304.432947,7063.930439,7354.368667,7485.794897,7787.491379,,,357
680.1684848,680.1678143,680.168771,491.3739471,491.1239624,491.4045715,6,3,0,3,1,13425.28291,12882.92847,12981.70172,7431.947447,6986.981998,7258.239409,11335.58682,11884.25479,11086.89244,[247][M+1]+,,21
681.1558963,681.1550783,681.1563033,491.3706665,490.872,491.6556396,9,3,3,3,1,30306.48632,29190.1446,30073.77847,18486.41161,16265.50661,18017.7,26972.53032,28473.54794,30153.24,[247][M+2]+,,21
682.1590899,682.1581475,682.159199,491.3706665,491.1279907,491.4045715,5,3,0,2,1,11846.309,11779.19187,12246.44813,6895.258527,6773.741222,6337.19628,9589.483989,10899.2691,12082.04644,[247][M+3]+,,21
683.4779465,683.4775551,683.4785064,1028.890503,1028.651978,1028.951294,6,0,3,3,1,1524.857823,1172.198265,957.1812053,5325.09,6508.320316,6752.9177,6270.266667,6401.669235,6396.978947,,[2M+H]+ 341.236,18
685.4357709,685.435281,685.438221,1471.124023,1470.61377,1471.886475,9,3,3,3,1,172447,175555.8753,166939.5492,189880.026,196448.292,199071.2662,218633.2302,233608.56,242278.0855,[248][M]+,[M+Na]+ 662.446,53
686.4389991,686.4386194,686.4414455,1471.124023,1470.61377,1471.886475,9,3,3,3,1,80916.82349,80857.46019,74461.72286,87448.72283,92709.37573,93688.88114,101025.5943,106868.205,113050.9497,[248][M+1]+,,53
687.4419813,687.4412997,687.4440598,1471.124023,1470.61377,1471.889404,9,3,3,3,1,18533.5507,18001.67771,18399.125,20521.43056,21311.28829,22520.0616,24633.40186,26028.76626,26198.31458,[248][M+2]+,,53
695.1330779,695.1320164,695.1335088,85.44322205,85.41622925,85.93900299,9,3,3,3,1,7085.685,7887.630318,7713.86087,6739.378435,5903.6418,6872.809682,7833.271429,7978.4145,7817.493,,[2M+2Na-H]+ 325.082 [2M+H]+ 347.063,31
695.1433459,695.1425894,695.1437175,491.1776428,490.872,491.4045715,9,3,3,3,1,58561.62593,57081.32379,57283.53389,33977.73,28282.66356,34432.02573,48584.18795,51894.51726,56173.69938,[249][M]+,[2M+2K-H]+ 309.109 [2M+H]+ 347.067,21
695.3588774,695.3580955,695.3593723,959.9118042,959.8922729,959.9307251,9,3,3,3,1,14990.13984,14691.7603,14537.25758,15493.60613,14412.2286,14486.796,13402.95075,15269.0103,15166.41719,,[M+2Na-H]+ 650.386,88
696.1466729,696.1461696,696.1469703,491.1350708,490.872,491.4045715,9,3,3,3,1,22742.15856,21900.66589,21882.48103,12283.095,11295.38662,13244.8491,19194.08361,20604.804,21099.67709,[249][M+1]+,,21
699.392552,699.3921271,699.3934791,1006.719177,1006.458,1006.838989,9,3,3,3,1,40315.77874,38603.47622,39894.55589,40675.4425,33437.09278,40939.49111,41197.999,38519.06134,40868.03351,[250][M]+,,61
700.3958539,700.3956539,700.3975785,1006.713989,1006.204,1006.838989,9,3,3,3,1,14832.39252,13920.22776,14447.35913,14220.08936,10623.01604,15528.387,14969.62444,13703.445,15008.45216,[250][M+1]+,,61
701.4084133,701.408024,701.4091065,1042.622192,1042.02063,1042.916382,9,3,3,3,1,177321.0645,172265.8731,174493.8799,164372.6629,156988.6331,175502.3207,175866.3752,180437.955,178252.309,[251][M]+,[M+Na]+ 678.418,80
702.4116046,702.4112656,702.4123785,1042.624146,1042.02063,1042.918335,9,3,3,3,1,65250.162,63852.47733,64090.06384,63250.39783,60170.74869,66850.90653,66732.38936,68095.8015,67655.262,[251][M+1]+,,80
702.8638203,702.8628525,702.8658491,1640.175659,1639.909302,1640.243652,9,3,3,3,1,74843.95537,75735.0545,75558.11647,60730.10104,62063.68286,63411.88277,60788.60137,58503.14659,66258.448,[252][M]+,[M+Na]+ 679.875,32
702.8630731,702.8624277,702.8643694,65.32274628,65.2694397,65.57499695,7,2,2,3,1,5032.543638,5257.171182,5172.9678,932.9315958,5985.127273,5678.0892,5921.8914,6330.657231,5973.418182,,,345
702.8634655,702.8634611,702.863478,4.939370155,4.931148529,5.228487492,3,3,0,0,1,861154.685,871018.599,878624.3511,NA,83.44847454,150.7882246,NA,NA,118.5707755,[253][M]+,,20
703.3648732,703.3648476,703.364914,4.939370155,4.931148529,5.228487492,3,3,0,0,1,86461.22727,87328.85897,87549.56445,NA,NA,NA,NA,NA,NA,,[M+Na+HCOOH]+ 634.37,20
703.4140722,703.4138137,703.4147036,1042.624146,1042.02063,1042.918335,9,3,3,3,1,14886.96295,15462.25951,15890.13881,15012.10371,14725.43926,16732.35119,15504.08898,15983.56328,16213.67254,[251][M+2]+,,80
703.8668294,703.8652567,703.869079,1640.19083,1639.909302,1640.243652,8,3,3,2,1,6132.59675,6391.599375,6885.765,6090.336,6245.205,6667.041231,6070.285385,5199.456755,6425.15175,[252][M+1]+,,32
703.8664313,703.8664035,703.8664698,4.939370155,4.931148529,5.228487492,3,3,0,0,1,93205.80019,95578.67153,97019.36173,NA,NA,NA,NA,NA,NA,[253][M+1]+,,20
704.8675495,704.8674839,704.8676445,4.939370155,4.931148529,5.228487492,3,3,0,0,1,22896.14727,23554.95987,22218.0312,NA,NA,NA,NA,NA,NA,[253][M+2]+,,20
707.1688374,707.1677938,707.1706044,1286.629,1286.136963,1286.670776,9,3,3,3,1,15473.38975,15289.6258,20431.92967,18181.42095,23807.43174,23132.82521,19416.522,22583.4553,21693.32238,[254][M]+,,189
708.1697238,708.1687566,708.1716239,1286.390015,1286.136963,1286.670776,9,3,3,3,1,8876.742,9389.792375,11750.3938,11815.7244,14772.9842,14929.79562,12407.27561,14235.37575,13743.38571,[254][M+1]+,,189
708.5112761,708.5109167,708.513682,1471.124023,1470.61377,1471.886475,9,3,3,3,1,27776.55825,25792.3114,24195.81633,35588.02117,40360.74695,43124.9659,41811.93522,40139.11173,48908.29054,[255][M]+,[M+H-C4H8]+ 763.566,53
709.1676129,709.1665595,709.1681505,1286.390015,1286.136963,1286.670776,7,1,3,3,1,7502.586953,7265.494936,9387.919543,8839.833375,10595.07874,11392.31956,9261.063,10882.44056,10225.32622,[254][M+2]+,,189
709.5144681,709.5140974,709.5169304,1471.124023,1470.61377,1471.639648,9,3,3,3,1,12683.12128,13108.96203,11069.27344,17402.87859,18928.4035,20232.67486,20454.02811,19538.17518,22902.4134,[255][M+1]+,,53
711.22799,711.2276122,711.2287249,559.4212036,559.4175415,559.6737671,6,3,0,3,1,10715.21603,10812.81918,11613.84529,5736.756367,5043.8849,4975.720764,11168.45965,11162.20384,11637.79782,,[M+Na]+ 688.243 [M+H-C2H4]+ 738.258,15
712.8187233,712.8180868,712.8208712,1641.231201,1640.991455,1641.545654,9,3,3,3,1,8067.44432,7614.288,7753.40152,9587.08,9595.801929,9529.672154,9353.28225,9163.837577,9605.24032,,[M+Na+CF3COOH]+ 575.835,101
713.2595274,713.2589156,713.2596113,750.6848145,750.2550049,750.7614136,8,3,2,3,1,31499.1031,31875.2252,31585.48368,22267.94382,15743.4776,21454.83725,30868.24632,30613.50293,31467.0078,[256][M]+,[3M+Na]+ 230.093,16
713.3065996,713.3064598,713.3068572,1093.341187,1093.270264,1093.599,6,0,3,3,1,10181.9775,9993.959188,9544.122318,10679.69864,9470.339455,10339.50255,10052.81134,10671.4775,10202.90303,,,62
714.2623649,714.2618427,714.262571,750.76,750.4140015,750.9812012,9,3,3,3,1,18402.92921,18225.73837,17701.99482,13046.20624,10619.94885,12251.24844,17956.92722,17774.95668,17885.78492,[256][M+1]+,,16
715.249632,715.2489768,715.2499069,750.5368042,750.4140015,750.7614136,8,3,2,3,1,46779.37795,46206.6858,45214.58963,36370.905,23301.19341,35474.69425,48485.08211,49233.78825,48657.5695,[256][M+2]+,,16
716.2524773,716.2520815,716.2530163,750.7307129,750.5105591,750.8925171,9,3,3,3,1,21264.8451,20861.31595,19993.09724,16060.09558,15609.45729,15982.86276,20917.53195,21624.56954,21429.5048,[256][M+3]+,,16
718.8369619,718.8364337,718.8382744,65.57499695,65.2694397,65.57702637,8,3,2,3,1,6290.564,6381.50525,6010.311667,2420.168819,8401.535154,7747.020545,7889.19,8153.561077,7889.894833,,,351
721.2995523,721.2989267,721.3002007,85.4459343,85.41622925,85.66501617,6,3,0,3,1,6202.983353,5688.707875,6026.881412,3242.911054,4238.905151,5433.812274,6005.200941,5267.3205,6098.29925,,[2M+Na]+ 349.166,31
723.3900107,723.3897567,723.3906489,1042.413,1042.02063,1043.1698,9,3,3,3,1,27149.43932,25968.671,26386.46957,23301.0616,22541.95261,24501.71404,25316.64573,24542.962,25725.70553,,[M+2Na-H]+ 678.418,80
727.423835,727.4232629,727.4242617,1085.446,1084.597656,1085.477661,9,3,3,3,1,15420.12382,14854.8073,15405.86013,18156.82994,16027.17073,17835.52745,18219.96475,18046.34287,18523.51447,,,208
729.2372814,729.2368951,729.2377395,750.720459,750.4140015,750.7614136,9,3,3,3,1,182430.0013,177491.9502,177437.5211,128370.5806,120677.9284,123490.7845,176293.3014,181423.8801,179479.8803,[257][M]+,[3M+K]+ 230.093,16
729.4394883,729.4391214,729.4403502,1121.608521,1121.580933,1121.854,9,3,3,3,1,46011.45369,47134.09108,46975.92177,53275.10749,50149.2809,52573.02,53887.72683,57367.40444,56626.93516,,[M+H]+ 728.436,122
730.2404784,730.2400224,730.2407715,750.546936,750.2550049,750.7614136,9,3,3,3,1,80977.319,80434.41463,81088.10344,58800.41903,53968.64425,54761.78497,81575.26603,82425.26867,80617.23237,[257][M+1]+,,16
730.4429039,730.4424276,730.4438794,1121.649292,1121.580933,1121.860718,9,3,3,3,1,18596.52214,18590.36481,18129.58417,22429.83471,20392.23877,20669.52851,21734.118,22618.74484,22528.58822,,,353
731.2430767,731.2424918,731.2437662,750.6381531,750.2550049,750.7546387,8,3,2,3,1,19677.0768,20433.63658,20230.92283,15544.08545,10680.26045,14728.37657,20971.52319,21263.29042,20890.72705,[257][M+2]+,,16
734.8107749,734.8103168,734.8110104,65.56434021,65.2694397,65.57702637,4,0,1,3,1,1162.462379,779.6567153,259.4265722,1488.260293,5314.665,3454.889966,5257.849,5170.085455,5365.037818,,,352
735.2544022,735.2536097,735.2548834,750.720459,750.4140015,750.7783203,9,3,3,3,1,26596.584,26368.98815,25893.24545,21221.60047,19784.77576,20356.46748,28094.80184,29161.25468,29070.07062,[258][M]+,[3M+2Na-H]+ 230.093,16
736.2573008,736.2571059,736.2575794,750.6491699,750.5266724,750.7307129,3,0,0,3,1,11187.55973,12262.0568,9507.152318,9392.691629,6801.487201,8717.009152,12272.52541,12882.5128,12974.19966,[258][M+1]+,,16
736.8574029,736.8562102,736.8594276,1639.973511,1639.909302,1640.243652,9,3,3,3,1,18146.57523,17783.14031,18711.888,15666.4608,15626.614,16483.13855,14951.51215,14906.44436,17164.28,,[M+Na+HCOOH]+ 667.863 [M+K]+ 697.894 [M+H]+ 735.85,32
736.8570463,736.8570407,736.8570674,4.939370155,4.931148529,5.228487492,3,3,0,0,1,378093.4565,379498.0264,388462.2677,NA,NA,NA,NA,NA,NA,[259][M]+,[M+Na]+ 713.868,20
737.3586088,737.3585739,737.3586498,4.939370155,4.931148529,5.228487492,3,3,0,0,1,91597.24048,92237.16775,95446.67618,NA,NA,NA,NA,NA,NA,,[M+Na+HCOOH]+ 668.364 [M+H]+ 736.351,20
737.859229,737.8592,737.8592802,4.939370155,4.931148529,5.228487492,3,3,0,0,1,44257.27447,44035.14291,44234.7622,NA,NA,NA,NA,NA,NA,[259][M+1]+,,20
744.202767,744.2023405,744.203348,750.7698669,750.4140015,751.0097046,8,3,2,3,1,22682.304,22461.01738,23041.50725,17539.59335,12174.91537,16980.62096,23035.41486,24549.05579,23727.74907,,,16
745.209027,745.2086374,745.2093567,750.6491699,750.2550049,750.7614136,9,3,3,3,1,70034.78941,70558.90273,70737.31235,46264.896,42250.40857,47773.36164,72065.81684,78320.4531,73205.67247,[260][M]+,,16
746.2123507,746.2118175,746.2128126,750.6491699,750.2550049,750.7614136,9,3,3,3,1,32248.08331,32373.19138,32425.22721,20020.21,17990.1839,20569.01265,31768.2092,34528.81646,31225.97979,[260][M+1]+,,16
747.2134933,747.2130886,747.2138549,750.5368042,750.4140015,750.9812012,6,3,0,3,1,11714.00129,11912.69603,11730.17903,8328.662324,6486.988439,7932.034406,12759.11,13542.32727,12006.90331,[260][M+2]+,,16
748.1880491,748.1878824,748.1881148,5.159612656,4.939370155,5.228487492,3,3,0,0,1,11909.6788,12356.267,13810.75779,NA,NA,NA,NA,NA,NA,,,20
751.4307135,751.4296556,751.4334158,1121.599976,1121.095825,1121.85083,9,3,3,3,1,10710.66624,10557.84847,11116.40318,12465.05366,7403.28975,8523.472222,11423.06375,11957.45264,12213.29081,,[M+Na]+ 728.436,122
757.2355747,757.2350286,757.2359484,750.7255859,750.5105591,751.0097046,8,3,2,3,1,26928.86957,27841.64232,27027.90257,24730.25406,17006.34093,23310.42581,29044.1195,28096.88,28746.53027,[261][M]+,[M+K]+ 718.274,16
758.2386164,758.2383703,758.2389427,750.704585,750.5057373,750.9812012,6,0,3,3,1,10742.98997,12904.26511,10453.22908,11246.726,10635.59793,10894.365,12697.60873,12275.284,13237.79937,[261][M+1]+,,16
761.2496735,761.24859,761.2500524,559.5486145,559.4175415,559.6759644,6,3,0,3,1,10034.22579,10353.28493,9924.65536,4081.698189,3636.418168,3555.676884,9142.706036,10191.895,10020.954,,[M+Na]+ 738.258 [M+H]+ 760.242,15
764.5736712,764.573097,764.5738105,1471.124012,1470.865112,1471.372925,6,0,3,3,1,5438.219467,6476.898601,6367.848089,9803.024,9906.985379,9578.883871,9886.584483,10136.37291,11290.97136,,[M+H]+ 763.566,53
770.8513552,770.8508421,770.8534749,1640.074585,1639.909302,1640.2146,8,3,3,2,1,61881.24484,60751.768,61920.15754,50174.27532,51391.36643,53625.09142,42156.74579,48761.40679,55557.3664,[262][M]+,[M+Na+NaCOOH]+ 679.875,32
770.8508976,770.8508913,770.8509229,4.939370155,4.931148529,5.228487492,3,3,0,0,1,675334.3523,688892.8514,695988.776,NA,NA,NA,NA,NA,NA,[263][M]+,[M+H]+ 769.846,20
771.1850619,771.1850112,771.1853824,4.939370155,4.931148529,5.228487492,3,3,0,0,1,11752.04077,12037.27178,12814.79214,NA,NA,NA,NA,NA,NA,,,20
771.3523559,771.3522916,771.3524278,4.939370155,4.931148529,5.228487492,3,3,0,0,1,90094.50745,90784.33553,94067.67364,NA,NA,NA,NA,NA,NA,,[M+Na+CF3COOH]+ 634.37,20
771.854248,771.8535296,771.8562349,1640.175659,1639.909302,1640.2146,7,3,3,1,1,6434.153333,6164.622,6600.852143,5910.2208,5704.285636,5907.463167,5142.148658,5103.632751,6189.71625,[262][M+1]+,,32
771.853471,771.853468,771.8536225,4.939370155,4.931148529,5.228487492,3,3,0,0,1,80123.28212,80643.24847,83278.076,NA,NA,NA,NA,NA,NA,[263][M+1]+,,20
772.8552386,772.8550319,772.8552425,4.939370155,4.931148529,5.228487492,3,3,0,0,1,15174.67714,15864.11313,16150.17858,NA,NA,NA,NA,NA,NA,[263][M+2]+,,20
779.217949,779.2172143,779.2181867,750.7375488,750.5105591,750.9812012,8,3,2,3,1,30856.25589,31145.84279,30928.5027,30205.99355,22195.50988,28917.765,34078.91619,32868.35953,34031.91405,[264][M]+,[M+Na+K-H]+ 718.274,16
780.2210834,780.2202352,780.221334,750.6848145,750.4140015,751.0097046,8,3,2,3,1,13472.97455,14575.59979,14524.8972,13454.76279,9436.270092,13083.90525,15192.89324,15017.92727,16013.36429,[264][M+1]+,,16
780.8063417,780.8052373,780.8087548,1641.231201,1640.961304,1641.545654,9,3,3,3,1,6654.359263,6347.754714,6526.681773,8090.046,8253.318476,8253.035526,8228.550588,8703.748696,8349.595158,,,101
781.1876186,781.1866847,781.1900154,1333.723022,1333.491821,1333.761597,9,3,3,3,1,11128.56715,10327.55593,13341.47733,13596.10752,18437.65614,18537.49493,13466.33581,16416.18405,16715.59744,,,126
782.1881455,782.1876233,782.1888732,1333.723022,1333.237427,1333.761597,7,1,3,3,1,3671.739847,7435.576661,8884.134,10748.0853,12550.54423,12134.10008,9339.8937,12168.32385,11710.47886,,,126
783.1864923,783.1862211,783.1868352,1333.502441,1333.237427,1333.757,6,0,3,3,1,4404.477654,5487.740365,7714.886327,8202.767226,9749.675323,9485.804483,7775.514214,9559.955355,8702.236579,,,126
783.5740069,783.5736194,783.5754834,1266.288818,1266.034,1266.54126,9,3,3,3,1,7998.208,8895.08448,7963.497636,9851.168889,8138.9835,9879.645333,9493.485,9479.013143,9489.493276,,,66
793.5130982,793.5129935,793.5131221,4.939370155,4.931148529,5.228487492,3,3,0,0,1,56444.93535,57651.70688,60781.26013,NA,NA,NA,NA,NA,NA,[265][M]3+,[2M+Na+2K]3+ 1139.81,20
793.8475402,793.8474497,793.8475415,5.170216084,4.931148529,5.228487492,3,3,0,0,1,22559.16667,21836.41516,24269.54607,NA,NA,NA,NA,NA,NA,[265][M+1]3+,,20
794.1813932,794.181217,794.1815594,5.159612656,4.939370155,5.228487492,3,3,0,0,1,12180.80661,12721.74633,13312.96993,NA,NA,NA,NA,NA,NA,[265][M+2]3+,,20
799.2082584,799.2076931,799.2086316,516.6890869,516.3179321,517.0836792,9,3,3,3,1,40672.40259,41230.7313,39439.86825,25109.11769,24129.04335,25881.78065,31321.19571,38421.05639,39289.52263,[266][M]+,[2M+Na+K-H]+ 369.131,14
800.2108431,800.2105091,800.2116088,516.598,516.4886475,517.0836792,9,3,3,3,1,23765.31566,23904.61161,22733.45564,13546.20262,13339.506,13986.35123,17364.72637,20646.0232,22750.26448,[266][M+1]+,,14
801.198549,801.1979027,801.1992208,516.598,516.3179321,517.0836792,9,3,3,3,1,65951.57956,65841.9495,65652.06632,40031.74525,38552.39071,40679.23019,53906.12053,64760.39646,66162.72694,[266][M+2]+,,14
802.2015184,802.200817,802.2019859,516.598,516.4886475,517.0836792,9,3,3,3,1,29562.64869,30113.328,29808.70971,16418.53424,16231.36455,17165.02625,22684.42642,27092.9925,27667.14987,[266][M+3]+,,14
803.5424143,803.5420663,803.5428274,1267.044434,1266.794067,1267.046753,5,0,2,3,1,5026.016235,4171.257019,5567.550659,6176.165545,2770.957947,6156.9872,5508.898286,5384.754286,6200.323286,,[2M+Na]+ 390.277,66
804.8448997,804.8431614,804.8470438,1640.175659,1639.909302,1640.243652,9,3,3,3,1,15655.37867,15065.3286,15853.536,13331.38255,13686.36,14396.5185,13237.31867,13200.83625,14857.26883,,[M+Na+CF3COOH]+ 667.863 [M+K+NaCOOH]+ 697.894 [M+Na+HCOOH]+ 735.85 [M+H]+ 803.838,32
804.8445859,804.8445771,804.8445987,4.939370155,4.931148529,5.228487492,3,3,0,0,1,342559.0007,347515.3172,357907.7664,NA,NA,NA,NA,NA,NA,[267][M]+,[M+Na+NaCOOH]+ 713.868,20
805.345976,805.345943,805.3460495,4.939370155,4.931148529,5.228487492,3,3,0,0,1,90887.65044,90962.67775,94731.65673,NA,NA,NA,NA,NA,NA,,[M+Na+CF3COOH]+ 668.364 [M+Na+HCOOH]+ 736.351 [M+H]+ 804.339,20
805.8468457,805.84684,805.8468949,4.939370155,4.931148529,5.228487492,3,3,0,0,1,43630.16306,42909.98406,45128.139,NA,NA,NA,NA,NA,NA,[267][M+1]+,,20
809.6666634,809.666401,809.6669792,1639.957579,1639.939209,1639.973511,4,0,3,1,1,357.4505609,2558.528278,769.4169785,7900.8384,7581.66,7345.844,5357.2051,4890.314909,4554.056435,,,32
815.1859385,815.1852232,815.1861725,516.7696533,516.572998,517.3297119,9,3,3,3,1,80801.8478,81261.85458,80191.49803,54535.76514,51077.25618,54565.24994,62568.73773,76562.84615,78770.00605,[268][M]+,[2M+2K-H]+ 369.131 [2M+H]+ 407.088,14
816.1889656,816.1883405,816.1893341,516.7696533,516.572998,517.3297119,9,3,3,3,1,34930.67246,34670.6496,33988.68344,23027.79169,21927.5595,23462.24174,26882.48829,33385.47022,34189.75869,[268][M+1]+,,14
816.1755961,816.1755624,816.1756066,5.159612656,4.939370155,5.228487492,3,3,0,0,1,84015.62881,83657.119,87943.82036,NA,NA,NA,NA,NA,NA,[269][M]3+,,20
816.5100681,816.5100415,816.5101511,5.159612656,4.939370155,5.228487492,3,3,0,0,1,34478.10077,33948.8331,36259.93032,NA,NA,NA,NA,NA,NA,[269][M+1]3+,,20
816.8441544,816.8440556,816.8442413,5.170216084,5.159612656,5.228487492,3,3,0,0,1,19091.8706,18265.65148,20433.88852,NA,NA,NA,NA,NA,NA,[269][M+2]3+,,20
819.3517325,819.3515584,819.3520913,1006.490051,1006.461914,1006.574524,5,0,2,3,1,4121.39736,3058.706424,2724.779448,6260.232706,2791.618746,6244.082889,5958.851471,5009.038286,5689.708313,,[2M+Na]+ 398.182,61
821.386965,821.3862253,821.3875671,624.064209,623.8865356,624.1376343,8,3,2,3,1,18222.45624,16405.75031,15617.24761,6908.920238,5956.803005,6801.859429,19317.78078,19337.39446,18112.97975,[270][M]+,,3
822.3904858,822.388834,822.3906069,623.9978333,623.8865356,624.3828735,6,3,0,3,1,8123.996333,8227.557087,7805.182478,2576.06578,3038.409557,3360.944366,9718.593739,8556.400286,8922.10925,[270][M+1]+,,3
829.1769424,829.1769105,829.1771049,513.7022095,513.2803955,514.1050415,5,3,0,2,1,6051.979957,5839.359474,6634.96375,1823.214888,1125.47681,2688.446954,1944.850881,6568.617333,6123.0988,,,118
830.1504861,830.1501297,830.1508789,516.8395996,516.572998,517.3297119,9,3,3,3,1,15377.81721,15665.36933,15290.41053,10471.62419,10109.93336,10772.29897,12837.62245,15643.07032,15898.68,,,14
838.8388258,838.8375012,838.8411031,1640.175659,1639.909302,1640.243652,9,3,3,3,1,49197.63342,52201.02507,52488.63812,43146.12361,43714.32043,45435.012,42650.69939,41887.10377,47229.32579,[271][M]+,[M+H]+ 837.832,32
838.8385566,838.8380167,838.8388624,1293.495605,1290.71228,1298.604126,5,0,3,1,1,66016.93224,113437.6245,99197.27432,37046.71912,35508.89845,104593.0202,118286.8104,105616.1853,102824.3795,,,168
838.8385008,838.8381322,838.8386023,1271.875122,1267.296,1275.18,5,0,3,1,1,51080.77046,61756.87715,65126.70428,63736.61184,39145.154,63006.7032,61317.94441,63514.24704,63314.63419,,,369
838.8383085,838.8382685,838.8383181,4.939370155,4.931148529,5.228487492,3,3,0,0,1,655282.7034,668633.8084,674468.8525,NA,289.313435,100.259771,NA,NA,NA,[272][M]+,[M+Na+HCOOH]+ 769.846,20
839.1722934,839.1722537,839.172304,5.159612656,4.939370155,5.228487492,3,3,0,0,1,42050.44148,42436.471,45041.77066,NA,NA,NA,NA,NA,NA,[273][M]3+,,20
839.5063473,839.506328,839.5063596,5.159612656,4.939370155,5.228487492,3,3,0,0,1,25243.60227,25589.179,26746.89884,NA,NA,NA,NA,NA,NA,[273][M+1]3+,,20
839.8419334,839.8416811,839.844073,1640.175659,1639.909302,1640.2146,5,3,1,1,1,5919.138875,6200.064,5829.390273,5299.015909,4493.218099,6175.789388,2706.480062,5036.846598,5626.269273,[271][M+1]+,,32
839.8410174,839.8409767,839.8410725,4.939370155,4.931148529,5.228487492,3,3,0,0,1,84813.18339,84820.98212,84507.52206,NA,NA,NA,NA,NA,NA,[272][M+1]+,,20
840.8422517,840.8422448,840.8423805,4.939370155,4.931148529,5.228487492,3,3,0,0,1,14899.40821,14800.51779,14359.02182,NA,NA,NA,NA,NA,NA,[272][M+2]+,,20
844.5622291,844.561574,844.562508,899.7722168,899.7630615,900.0336914,6,0,3,3,1,4176.607593,4249.267139,3538.730493,9607.954909,9977.31125,9908.843318,9619.497542,10016.50642,9985.676409,,[3M+Na+K]2+ 542.388,4
845.3792784,845.3785768,845.3803166,624.1376343,623.6326294,624.6370239,9,3,3,3,1,56030.12532,57428.14829,57273.25685,44870.40686,44655.4716,47741.39443,57986.35954,57498.71024,57804.88692,[274][M]+,[3M+Na]+ 274.13,3
846.3819324,846.3801295,846.382229,624.1376343,623.5061646,624.3828735,9,3,3,3,1,30076.158,28644.11903,29145.47579,24443.85086,24233.49817,26302.65326,32010.22524,31034.90274,31062.39225,[274][M+1]+,,3
846.5764607,846.5755918,846.5771219,900.2797852,900.275,900.5446167,6,0,3,3,1,4011.279733,4212.842335,3456.259896,8351.189474,8296.4455,8751.655143,8793.350909,9028.843091,9113.008875,,,4
847.36238,847.3616818,847.3632619,623.5061646,623.3747559,624.39,9,3,3,3,1,72997.588,72218.84977,70302.10611,55052.89192,54647.66226,58440.06359,69795.26872,70274.57705,71317.17614,[274][M+2]+,,3
848.3647809,848.363728,848.366247,623.3786621,623.2571411,624.14,9,3,3,3,1,33506.7523,31944.2511,32682.69249,26892.94869,25830.75153,28535.32329,34329.15034,34281.52174,35089.48059,[274][M+3]+,,3
848.793841,848.7932146,848.7960961,1641.220067,1640.734497,1641.516968,8,2,3,3,1,6033.443273,6664.564312,5287.8915,7160.791294,6871.939412,5900.7648,6811.545,6383.827235,6729.21075,,,101
855.2062204,855.2056886,855.2068155,1376.704,1376.450806,1376.962402,7,1,3,3,1,6311.464282,8159.389703,9431.731553,14691.94961,18277.0282,16833.44308,13381.58357,15618.58568,13755.19508,,,205
856.2074438,856.2070561,856.2080843,1376.734558,1376.450806,1376.962402,6,0,3,3,1,5592.220703,6496.707475,8076.644551,11803.44,14632.79671,14049.39979,10660.41433,12335.2075,10633.96906,,,205
856.5258918,856.5252577,856.5265538,869.9511719,869.7165527,870.2183228,9,3,3,3,1,7190.643,7919.454957,7373.764091,13998.76357,12481.10769,13970.69369,13174.05504,14110.49975,13687.76348,[275][M]+,[3M+H]+ 285.174,13
857.2057325,857.2053458,857.2060543,1376.598094,1376.448486,1376.72229,6,0,3,3,1,2921.619232,4138.122589,6168.894196,9766.796471,12778.95744,10786.36975,8059.240933,10349.76152,9412.134516,,,205
857.5293031,857.5285452,857.5298274,869.9535859,869.94104,869.9702759,6,0,3,3,1,4799.969882,4568.040223,4617.607807,8301.619048,8081.108182,8568.484826,7661.502944,8190.586857,8256.130435,[275][M+1]+,,13
859.2918368,859.2914805,859.292818,1006.8367,1006.724854,1007.217834,6,1,2,3,1,8770.642776,7824.571087,9321.74761,9983.36152,7913.678357,10031.9584,10304.07319,9954.518654,10020.05396,,,61
861.3499817,861.3491693,861.3506142,623.9938965,623.1247559,624.6370239,9,3,3,3,1,126407.8621,128092.5017,127800.9937,103478.6682,100691.8717,108407.9338,128664.8892,128992.4191,130216.8783,[276][M]+,[3M+K]+ 274.13,3
861.5004529,861.5004392,861.5005169,4.939370155,4.931148529,5.228487492,3,3,0,0,1,115828.2698,117457.6559,121050.7636,NA,NA,NA,NA,NA,NA,[277][M]3+,,20
861.8349246,861.8348898,861.8349889,5.170216084,5.159612656,5.228487492,3,3,0,0,1,49844.54453,50261.6406,52722.09473,NA,NA,NA,NA,NA,NA,[277][M+1]3+,,20
862.1691819,862.1689156,862.1692281,4.939370155,4.931148529,5.228487492,3,3,0,0,1,27735.83172,27371.058,28967.23736,NA,NA,NA,NA,NA,NA,[277][M+2]3+,,20
862.3529605,862.3519387,862.3536015,623.5061646,622.8648071,624.39,9,3,3,3,1,62457.5716,62609.60351,63115.86682,51808.97167,50144.26297,54882.05333,64983.22507,64634.84136,64969.17757,[276][M+1]+,,3
862.5728491,862.5723092,862.5728841,899.7722168,899.7630615,900.0392456,6,0,3,3,1,2821.881168,3340.744072,3354.419952,11507.2724,10964.1145,11070.54446,10972.49568,11563.58917,11089.60967,,[3M+2H]2+ 574.378,4
863.3550988,863.3545257,863.3552786,624.1312256,623.1221313,624.39,9,3,3,3,1,18083.08197,18392.67335,18197.0516,15484.82024,13669.4495,16397.41989,19176.36293,19052.88881,19084.58722,[276][M+2]+,,3
867.3661565,867.3654062,867.3663053,626.9431763,626.9321899,627.4592896,5,0,3,2,1,21017.49841,20884.80644,20603.37105,21056.552,22473.38938,23886.19,21619.0602,20668.64694,21571.83739,,,178
867.3658059,867.3654973,867.3660205,621.339,621.3233643,621.5955811,3,0,3,0,1,14300.45368,13661.2794,13852.19414,17269.137,14308.254,16329.6085,14382.77471,13216.71396,15006.69492,,,173
872.8323483,872.8320166,872.8348111,1639.973511,1639.909302,1640.217651,7,3,2,2,1,12144.6054,12075.987,12921.78667,10941.744,9214.888184,11166.8592,8732.990479,10503.47375,11607.75556,,[M+Na+CF3COOH]+ 735.85 [M+Na+HCOOH]+ 803.838,32
872.8319812,872.8319441,872.8319842,4.939370155,4.931148529,5.228487492,3,3,0,0,1,294845.453,298723.6235,305665.7565,NA,NA,NA,NA,NA,NA,[278][M]+,[M+H]+ 871.825,20
873.2808118,873.2803822,873.281843,559.428,559.4185181,559.6940918,9,3,3,3,1,75317.34926,75901.25936,77701.66057,38938.5665,37690.08627,39386.78517,71001.29,76306.16089,77754.04337,[279][M]+,[2M+H]+ 436.138,15
873.3334784,873.333356,873.3334819,4.939370155,4.931148529,5.228487492,3,3,0,0,1,85258.40334,85658.68945,87284.30206,NA,NA,NA,NA,NA,NA,,[M+Na+CF3COOH]+ 736.351 [M+Na+HCOOH]+ 804.339 [M+H]+ 872.326,20
873.8341338,873.8339271,873.8342175,4.939370155,4.931148529,5.228487492,3,3,0,0,1,40863.47129,41464.4195,43722.34236,NA,NA,NA,NA,NA,NA,[278][M+1]+,,20
874.284234,874.2836669,874.2850953,559.428,559.4185181,559.6737671,9,3,3,3,1,30947.35259,31037.19211,32051.715,18081.01566,17423.81377,17207.77553,30359.97786,33278.94221,33029.895,[279][M+1]+,,15
875.2872036,875.286492,875.2873584,559.4257813,559.4185181,559.6737671,5,3,0,2,1,10134.78194,9246.964034,10033,4497.125126,3229.667969,4654.564642,7532.237903,10181.25934,10417.54552,[279][M+2]+,,15
876.3152263,876.3145358,876.3170407,623.6984863,622.6150513,624.6370239,8,3,2,3,1,19942.1047,19954.57487,20157.217,16688.11856,18952.75206,20905.93742,23297.39793,23234.96952,23684.7396,,[3M+K]+ 279.112,3
877.3216124,877.3207624,877.3224492,623.6339722,623.5026245,624.14,9,3,3,3,1,65458.90465,66351.80195,67410.31591,51085.81528,49269.70553,56355.46405,68514.68186,68771.90273,71234.6526,[280][M]+,,3
878.324732,878.3238221,878.3252132,623.7541504,623.3786621,624.1376343,8,3,2,3,1,28357.73826,28795.7124,29576.47622,23892.33257,20558.40969,26448.26861,31453.45929,32230.35,33436.3848,[280][M+1]+,,3
879.3253076,879.3245748,879.3259285,623.8103027,623.5061646,624.1376343,4,0,1,3,1,13665.80352,13817.00892,13375.06382,10808.46247,9021.748981,11930.09164,14201.75663,14291.9565,14389.21733,[280][M+2]+,,3
884.1629494,884.1629153,884.1629499,5.159612656,4.939370155,5.228487492,3,3,0,0,1,117229.4602,117288.7728,122334.7691,NA,NA,NA,NA,NA,NA,[281][M]3+,,20
884.4973159,884.4972973,884.4973186,5.170216084,4.931148529,5.228487492,3,3,0,0,1,52359.82473,52638.23813,54728.33418,NA,NA,NA,NA,NA,NA,[281][M+1]3+,,20
884.8311928,884.831168,884.8314032,4.939370155,4.931148529,5.228487492,3,3,0,0,1,31106.2598,30012.20768,31719.09669,NA,NA,NA,NA,NA,NA,[281][M+2]3+,,20
892.2544863,892.2541784,892.2549327,563.514801,562.2156372,564.00177,8,3,3,2,1,13614.98933,13956.73469,12292.17825,12553.42563,11806.46727,14736.195,11511.03817,13534.45436,13980.01321,[282][M]2+,,35
892.2546018,892.2539611,892.2549078,557.1399536,556.8757324,557.15448,5,3,0,2,1,9563.453,9733.7035,10480.83429,9334.189974,8317.428492,9906.640424,8345.74195,9745.5365,10326.90942,,,159
892.7562492,892.7556959,892.7567334,563.514801,562.2156372,563.7462769,8,3,3,2,1,13951.79293,13525.90979,12866.74731,19162.2753,11670.96426,20722.76856,12170.63012,13332.91971,13590.4847,[282][M+1]2+,,35
895.2620545,895.2617961,895.2630217,561.9628296,557.6334229,563.7456665,13,3,3,3,1,29108.79324,52802.75937,28776.14197,43325.265,24523.26042,44802.42364,27514.36471,28459.64936,28212.49828,,,200
896.2654662,896.26484,896.2661552,560.4448242,557.3849487,563.7456665,13,3,3,3,1,10334.26261,11557.408,21339.99863,10587.408,10490.32772,984.504,21931.9924,23701.63961,11626.80709,,,297
906.8261519,906.825772,906.8288147,1640.19083,1639.909302,1640.217651,8,3,3,2,1,33599.62441,34335.0036,34934.82345,29955.7268,30713.07657,31789.02067,24496.98467,28471.32318,32837.84012,,[M+Na+HCOOH]+ 837.832,32
906.8257029,906.8257012,906.8257553,4.939370155,4.931148529,5.228487492,3,3,0,0,1,488601.08,491901.4282,500274.7773,NA,130.9243286,NA,NA,NA,NA,[283][M]+,[M+Na+CF3COOH]+ 769.846,20
907.1596605,907.1596492,907.1598448,4.939370155,4.931148529,5.228487492,3,3,0,0,1,51074.08994,51701.97639,53174.82656,NA,NA,NA,NA,NA,NA,[284][M]3+,,20
907.327129,907.3270849,907.3271431,4.939370155,4.931148529,5.228487492,3,3,0,0,1,80969.44424,82083.73075,83744.94684,NA,NA,NA,NA,NA,NA,,[M+H]+ 906.32,20
907.5781586,907.5773988,907.5788441,977.231,977.2075195,977.5147705,9,3,3,3,1,13657.74696,12702.282,14033.67207,15753.38538,15272.90857,15681.939,15975.9585,14225.87077,15534.04052,[285][M]+,[2M+H]+ 453.284,34
907.5784035,907.5775781,907.5789299,999.1140137,998.7861938,999.5861816,9,3,3,3,1,23744.99275,23948.28188,24243.266,26087.80688,25964.7929,27170.89239,26257.43925,23140.57703,26745.93,[286][M]+,[2M+H]+ 453.285,27
907.4939425,907.4937875,907.4940616,5.170216084,4.931148529,5.228487492,3,3,0,0,1,29618.3932,29462.46625,30562.52465,NA,NA,NA,NA,NA,NA,[284][M+1]3+,,20
907.8281794,907.8281119,907.8282158,4.939370155,4.931148529,5.228487492,3,3,0,0,1,65886.63944,66751.16727,68194.02355,NA,NA,NA,NA,NA,NA,[283][M+1]+,,20
908.5813945,908.5806699,908.582244,999.0878906,998.7861938,999.5861816,9,3,3,3,1,10544.81545,10524.864,10433.2435,12689.5395,11444.85911,12496.34364,12507.64345,11286.798,12479.1948,[286][M+1]+,,27
908.5811319,908.580782,908.5816686,977.2093506,976.954895,977.2324219,6,0,3,3,1,5938.113077,6374.458351,6567.447026,6896.540857,7073.801,6855.9755,7059.475238,6671.972,6773.611783,[285][M+1]+,,34
913.3453051,913.3446206,913.3461468,737.5385437,737.2774048,739.119751,8,3,2,3,1,6732.726,5881.326056,6200.574947,5519.052,5078.338366,6247.769263,6111.438667,6200.343947,6178.181333,,[2M+Na]+ 445.177,56
929.2250073,929.2247014,929.2256548,1420.970947,1420.695068,1421.46228,6,0,3,3,1,2624.81127,4597.387249,6677.931974,11683.50812,12640.71978,12008.96212,8673.420706,11148.36328,9962.588778,,,241
929.4879177,929.48786,929.4880199,5.159612656,4.939370155,5.228487492,3,3,0,0,1,108063.3796,107778.8653,111242.9411,NA,NA,NA,NA,NA,NA,[287][M]3+,,20
929.5598329,929.559094,929.5607764,977.2324219,977.2075195,977.5147705,9,3,3,3,1,9898.798,10417.10707,11334.8784,11999.85444,11449.53692,12489.29364,12065.44554,10857.6716,11911.3648,,[2M+Na]+ 453.284,34
929.559791,929.5593056,929.5608811,998.8571167,998.7861938,999.5861816,9,3,3,3,1,14944.0603,14793.315,15527.484,16946.99658,16149.06,16985.295,16283.16469,13579.0328,16896.38963,,[2M+Na]+ 453.285,27
929.8223659,929.82223,929.8223888,4.939370155,4.931148529,5.228487492,3,3,0,0,1,53072.70544,53363.774,54106.88544,NA,NA,NA,NA,NA,NA,[287][M+1]3+,,20
930.1562392,930.1562216,930.1563522,4.939370155,4.931148529,5.228487492,3,3,0,0,1,29048.91062,29220.488,30138.14143,NA,NA,NA,NA,NA,NA,[287][M+2]3+,,20
930.2258457,930.2252743,930.2261854,1420.967773,1420.71936,1421.46228,5,0,3,2,1,2631.012295,3949.266988,6193.388808,9311.333294,9728.584806,10430.46542,8598.283871,9405.349297,8903.978034,[288][M]+,,241
931.2241124,931.2240593,931.2250728,1420.967773,1420.946533,1421.225,3,0,3,0,1,2885.306234,2704.744621,5382.680968,7788.718,9629.327556,8175.81,7375.117255,5159.541508,7673.964903,[288][M+1]+,,241
933.5939102,933.592659,933.5948721,999.6187744,999.322876,1000.10144,9,3,3,3,1,9466.41408,9396.013538,10107.61111,11463.09958,11614.30073,10963.40832,11639.54,10966.68186,12083.79531,,,302
939.5956146,939.5946885,939.5987346,1289.447388,1289.432,1289.717651,7,1,3,3,1,6826.764955,3993.393263,6067.64567,6718.238357,6882.640609,7274.890417,7448.38755,6943.1145,8157.106935,,,270
940.819477,940.8178296,940.8220477,1640.190857,1639.909302,1640.243652,6,3,1,2,1,9394.2308,9105.348,9375.78,8197.5312,7774.810791,9056.692123,7915.8504,8289.499283,8666.9975,,[M+Na+CF3COOH]+ 803.838,32
940.8194054,940.819287,940.819484,4.939370155,4.931148529,5.228487492,3,3,0,0,1,238425.8366,238593.0169,244499.5024,NA,NA,NA,NA,NA,NA,[289][M]+,[M+Na+HCOOH]+ 871.825 [M+H]+ 939.812,20
941.3206851,941.3206361,941.3208393,4.939370155,4.931148529,5.228487492,3,3,0,0,1,75166.17176,76624.55624,77197.60364,NA,NA,NA,NA,NA,NA,,[M+Na+CF3COOH]+ 804.339 [M+Na+HCOOH]+ 872.326 [M+H]+ 940.313,20
941.8218405,941.8218185,941.8218554,4.939370155,4.931148529,5.228487492,3,3,0,0,1,36487.45319,36680.53025,37503.13523,NA,NA,NA,NA,NA,NA,[289][M+1]+,,20
943.3537954,943.3531488,943.3546923,750.6491699,750.5105591,750.7614136,9,3,3,3,1,44892.29584,44131.71005,44436.40358,27246.9735,25401.96552,26954.265,42301.314,43391.06595,43477.00778,[290][M]+,[M+Na]+ 920.369,16
944.3566628,944.3560264,944.3572358,750.546936,750.4140015,750.7614136,9,3,3,3,1,34348.95314,33605.46162,33228.81308,20419.96767,18601.914,19548.3,30765.5712,31173.89294,31052.93139,[290][M+1]+,,16
945.3442184,945.3436429,945.3447478,750.5266724,750.4140015,750.7614136,9,3,3,3,1,116431.9371,115256.8412,112531.8482,73286.48844,68252.3903,72169.65355,112627.3095,115165.4178,113136.0335,[291][M]+,,16
946.3469777,946.3462435,946.3474709,750.546936,750.4140015,750.7614136,9,3,3,3,1,66633.75939,68001.32768,66280.61832,42639.92641,37825.03829,43067.36619,66317.29127,67377.18649,66318.08611,[291][M+1]+,,16
947.3494611,947.3490051,947.3500431,750.5105591,750.4140015,750.7614136,9,3,3,3,1,21342.09031,20794.25753,21606.50917,13954.57778,13058.1405,13724.14014,22226.94676,21646.72219,21873.41841,[291][M+2]+,,16
952.1504164,952.1503711,952.1504986,4.939370155,4.931148529,5.228487492,3,3,0,0,1,104015.2673,104012.2921,106278.3788,NA,NA,NA,NA,NA,NA,[292][M]3+,,20
952.4847022,952.4846654,952.4848961,4.939370155,4.931148529,5.228487492,3,3,0,0,1,50735.98403,51235.00375,51728.7936,NA,NA,NA,NA,NA,NA,[292][M+1]3+,,20
952.8187332,952.8185397,952.8187903,4.939370155,4.931148529,5.228487492,3,3,0,0,1,29385.51917,29237.4075,30009.38628,NA,NA,NA,NA,NA,NA,[292][M+2]3+,,20
959.3316615,959.331129,959.3320955,750.720459,750.4140015,750.7614136,9,3,3,3,1,125921.1478,123803.9582,122843.2436,79371.01542,71509.24921,76650.87237,115813.9545,119129.4149,117019.7181,[293][M]+,[M+K]+ 920.369,16
959.6095851,959.6086493,959.609872,1021.407227,1021.198181,1021.98938,9,3,3,3,1,18453.51966,18672.44445,19128.3015,23677.27813,22511.49714,24407.44138,23998.07048,24023.26748,23984.0502,[294][M]+,[2M+H]+ 479.3,26
960.3349452,960.3344,960.3352688,750.5266724,750.4140015,750.76,9,3,3,3,1,69972.9744,70151.51677,69547.70454,45997.9497,42127.33139,45807.17569,68227.35884,68884.53056,69291.93316,[293][M+1]+,,16
960.6129692,960.6115975,960.6134314,1021.407227,1021.198181,1021.98938,9,3,3,3,1,10645.4075,10603.29214,9711.643333,12284.26339,12030.74222,12788.88352,12288.312,11762.69092,11672.23984,[294][M+1]+,,26
961.337807,961.3369649,961.3381866,750.5266724,750.4140015,750.76,9,3,3,3,1,24937.91439,24124.23378,23893.34486,15197.57069,14136.7115,15241.31839,22707.64727,22729.89224,22441.37703,[293][M+2]+,,16
965.3480721,965.3471796,965.3481679,750.6381531,750.5266724,750.7546387,6,3,0,3,1,12689.97552,12490.13775,12370.57933,7706.152423,5437.476165,7936.747102,12060.884,12450.65325,12634.44721,,[M+2Na-H]+ 920.369,16
974.2959451,974.2951989,974.2967342,750.720459,750.5105591,750.9812012,9,3,3,3,1,15846.688,16029.70874,16444.74333,12195.31676,10585.97379,12766.2389,18177.4315,19112.20622,19028.75612,[295][M]+,,16
974.8138923,974.8118136,974.8165526,1640.206,1639.909302,1640.243652,9,3,3,3,1,24252.76818,24736.75556,26070.86815,21123.2,21288.93,22469.146,20694.40687,20465.27271,23079.71,,[M+Na+CF3COOH]+ 837.832,32
974.8131541,974.8131239,974.8132057,4.939370155,4.931148529,5.228487492,3,3,0,0,1,363153.9505,367756.0588,369660.2868,NA,NA,NA,NA,NA,NA,[296][M]+,,20
975.1472741,975.1472662,975.1472973,4.939370155,4.931148529,5.228487492,3,3,0,0,1,48576.32938,47125.02638,48582.74447,NA,NA,NA,NA,NA,NA,[297][M]3+,,20
975.2991789,975.2986607,975.2996609,750.6381531,750.5266724,750.9812012,4,1,0,3,1,11567.91269,11454.84593,9252.232346,7732.161066,5928.710463,7455.886134,11271.56642,12431.30175,11462.69961,[295][M+1]+,,16
975.3143681,975.314337,975.3144359,4.939370155,4.931148529,5.228487492,3,3,0,0,1,69894.26364,69525.20047,70949.22164,NA,NA,NA,NA,NA,NA,,[M+Na+HCOOH]+ 906.32 [M+H]+ 974.307,20
975.4812958,975.4812904,975.4814654,5.159612656,4.939370155,5.228487492,3,3,0,0,1,27999.00071,28082.54265,28552.12179,NA,NA,NA,NA,NA,NA,[297][M+1]3+,,20
975.8155107,975.8154575,975.8156555,4.939370155,4.931148529,5.228487492,3,3,0,0,1,52691.85928,53308.66624,52437.31182,NA,NA,NA,NA,NA,NA,[296][M+1]+,,20
981.5913721,981.5904036,981.5917114,1021.407227,1021.198181,1021.98938,9,3,3,3,1,15013.61671,14710.386,15396.16217,17276.5521,16343.0069,17164.498,17252.11286,17254.7296,17815.607,[298][M]+,[2M+Na]+ 479.3,26
982.5944446,982.5930508,982.5947036,1021.442505,1021.256836,1021.660767,6,0,3,3,1,5748.912223,5746.333195,7238.129193,7096.230815,8554.1196,8604.455357,9492.478519,8514.106571,9105.126885,[298][M+1]+,,26
991.5541946,991.553227,991.555297,1076.041626,1075.269653,1076.293335,9,3,3,3,1,48809.7988,46667.78092,48320.48672,29425.604,27973.11085,26775.77804,39300.45696,39331.392,39973.10467,[299][M]+,[2M+Na]+ 484.282,39
992.557617,992.5562053,992.5586659,1076.041626,1075.269653,1076.293335,9,3,3,3,1,29292.33888,28445.42933,29050.218,18248.89728,17580.65867,16668.7968,24574.76942,24752.01121,24716.30568,[299][M+1]+,,39
993.560269,993.559733,993.5612384,1076.037842,1075.269653,1076.299683,7,3,1,3,1,8812.248909,8743.12,8782.282174,6183.496474,2670.755284,2883.752098,7317.66,7626.412444,8598.739857,[299][M+2]+,,39
997.4753609,997.4753093,997.475393,4.939370155,4.931148529,5.228487492,3,3,0,0,1,90436.58816,89553.7011,91367.85718,NA,NA,NA,NA,NA,NA,[300][M]3+,,20
997.8096065,997.809581,997.8096371,5.159612656,4.939370155,5.228487492,3,3,0,0,1,43878.97594,44510.55175,44767.15528,NA,NA,NA,NA,NA,NA,[300][M+1]3+,,20
998.1435921,998.1435746,998.1437343,5.170216084,4.931148529,5.228487492,3,3,0,0,1,25454.55513,26200.7816,26720.35535,NA,NA,NA,NA,NA,NA,[300][M+2]3+,,20
1003.573011,1003.571574,1003.573481,1021.428833,1021.198181,1021.660767,7,1,3,3,1,7750.191735,7011.182824,8521.7509,9639.431867,9042.721333,8856.022522,9380.948,8962.634429,9226.248571,,[2M+2Na-H]+ 479.3,26
1007.528038,1007.526752,1007.529103,1076.045,1075.269653,1076.297607,9,3,3,3,1,26663.98938,25904.82793,26238.33143,16634.85913,16584.44856,15626.992,21513.15865,20839.9733,21514.73676,[301][M]+,[2M+K]+ 484.282,39
1008.531536,1008.530253,1008.532406,1076.045044,1075.269653,1076.297607,9,3,3,3,1,15903.01581,15088.26192,15275.31633,10432.24087,9719.324773,9878.403261,13223.21739,12375.88568,13462.5185,[301][M+1]+,,39
1008.806765,1008.806713,1008.806892,4.939370155,4.931148529,5.228487492,3,3,0,0,1,184870.5182,181990.0832,187348.9414,NA,NA,NA,NA,NA,NA,[302][M]+,[M+Na+CF3COOH]+ 871.825 [M+Na+HCOOH]+ 939.812 [M+H]+ 1007.8,20
1009.308357,1009.308329,1009.308449,4.939370155,4.931148529,5.228487492,3,3,0,0,1,61712.8505,62472.51588,61943.048,NA,NA,NA,NA,NA,NA,,[M+Na+CF3COOH]+ 872.326 [M+Na+HCOOH]+ 940.313 [M+H]+ 1008.3,20
1009.809253,1009.80915,1009.809318,4.939370155,4.931148529,5.228487492,3,3,0,0,1,30663.31187,30314.06964,31444.27738,NA,NA,NA,NA,NA,NA,[302][M+1]+,,20
1011.61659,1011.615986,1011.620042,1279.39032,1279.249634,1279.525635,6,2,1,3,1,6373.831909,5647.160095,6681.183175,5972.93125,5987.037737,6867.853097,6470.373,7170.855,7198.190182,,,283
1020.13785,1020.137809,1020.137875,5.159612656,4.939370155,5.228487492,3,3,0,0,1,82424.06331,82743.23761,86623.50964,NA,NA,NA,NA,NA,NA,[303][M]3+,,20
1020.472217,1020.472191,1020.472424,5.170216084,5.159612656,5.228487492,3,3,0,0,1,41777.48413,41020.2385,42868.75918,NA,NA,NA,NA,NA,NA,[303][M+1]3+,,20
1020.806006,1020.805969,1020.806126,5.159612656,4.939370155,5.228487492,3,3,0,0,1,25899.8718,25920.46337,26816.26676,NA,NA,NA,NA,NA,NA,[303][M+2]3+,,20
1031.648755,1031.648023,1031.649858,1009.234985,1009.035645,1009.439148,9,3,3,3,1,14909.224,15274.79652,15510.15552,15169.67773,13873.03433,15131.88379,15235.27513,13863.33904,15197.80045,[304][M]+,[2M+Na]+ 504.327,11
1032.651995,1032.650561,1032.652924,1009.234,1009.02655,1009.503174,9,3,3,3,1,8848.085818,8723.046182,8686.065,8209.4425,8055.752947,8857.053158,9006.541333,8453.044286,8948.965778,[304][M+1]+,,11
1035.333204,1035.333025,1035.334264,559.6705627,559.4257813,559.6759644,6,3,0,3,1,10129.35845,9864.730333,10455.64136,4501.186111,3556.814961,4646.853711,9117.238179,9546.047679,9567.117037,,,15
1042.800871,1042.800475,1042.804519,1640.19083,1639.909302,1640.217651,8,3,3,2,1,16398.65289,17150.22391,17529.55409,15283.4885,15991.05,16194.35677,12681.98636,14644.2344,15826.25109,,[3M+2Na]2+ 679.875,32
1042.800735,1042.800613,1042.800738,4.939370155,4.931148529,5.228487492,3,3,0,0,1,263549.3443,263603.9138,265801.8541,NA,NA,NA,NA,NA,NA,[305][M]+,,20
1043.13469,1043.13453,1043.134782,4.939370155,4.931148529,5.228487492,3,3,0,0,1,40410.83347,39891.537,41371.46981,NA,NA,NA,NA,NA,NA,[306][M]3+,,20
1043.302136,1043.302087,1043.302231,4.939370155,4.931148529,5.228487492,3,3,0,0,1,53703.12413,54919.64538,55720.88881,NA,NA,NA,NA,NA,NA,,[M+Na+CF3COOH]+ 906.32 [M+Na+HCOOH]+ 974.307 [M+H]+ 1042.29,20
1043.468624,1043.468482,1043.468881,4.939370155,4.931148529,5.228487492,3,3,0,0,1,24240.74913,24135.42517,24758.94503,NA,NA,NA,NA,NA,NA,[306][M+1]3+,,20
1043.803,1043.802889,1043.803006,4.939370155,4.931148529,5.228487492,3,3,0,0,1,39764.51903,39986.49224,39850.70219,NA,NA,NA,NA,NA,NA,[305][M+1]+,,20
1064.508963,1064.508243,1064.510703,918.1204224,918.0448608,918.3869629,6,3,0,3,1,7493.706667,7325.63604,7182.384,3551.387026,4038.272861,4500.589851,7808.589333,8855.289615,8126.82624,,[M+K]+ 1025.54 [M+Na]+ 1041.52,314
1065.462624,1065.462606,1065.462716,5.170216084,4.931148529,5.228487492,3,3,0,0,1,70484.778,69349.32109,71438.53553,NA,NA,NA,NA,NA,NA,[307][M]3+,,20
1065.797156,1065.797066,1065.797175,4.939370155,4.931148529,5.228487492,3,3,0,0,1,37517.77219,37739.31788,39012.70673,NA,NA,NA,NA,NA,NA,[307][M+1]3+,,20
1066.131124,1066.131113,1066.131296,5.170216084,5.159612656,5.228487492,3,3,0,0,1,23655.4758,23133.814,24181.53733,NA,NA,NA,NA,NA,NA,[307][M+2]3+,,20
1076.794231,1076.794231,1076.794297,4.939370155,4.931148529,5.228487492,3,3,0,0,1,123852.4316,124718.4395,126590.9894,NA,NA,NA,NA,NA,NA,[308][M]+,[M+Na+CF3COOH]+ 939.812 [M+Na+HCOOH]+ 1007.8,20
1077.295593,1077.295557,1077.29577,4.939370155,4.931148529,5.228487492,3,3,0,0,1,46843.82281,47787.77897,47424.77536,NA,NA,NA,NA,NA,NA,,[M+Na+CF3COOH]+ 940.313 [M+Na+HCOOH]+ 1008.3,20
1077.796242,1077.796101,1077.796374,4.939370155,4.931148529,5.228487492,3,3,0,0,1,22193.75779,23161.68939,23341.79644,NA,NA,NA,NA,NA,NA,[308][M+1]+,,20
1088.125156,1088.125123,1088.125211,5.159612656,4.939370155,5.228487492,3,3,0,0,1,65290.2291,65929.60667,66807.87591,NA,NA,NA,NA,NA,NA,[309][M]3+,,20
1088.459816,1088.459716,1088.459836,5.170216084,4.931148529,5.228487492,3,3,0,0,1,35420.98219,35464.1744,36590.71219,NA,NA,NA,NA,NA,NA,[309][M+1]3+,,20
1088.793731,1088.793414,1088.793737,5.170216084,4.931148529,5.228487492,3,3,0,0,1,22463.65258,21785.34174,22715.98262,NA,NA,NA,NA,NA,NA,[309][M+2]3+,,20
1110.788035,1110.787907,1110.788037,4.939370155,4.931148529,5.228487492,3,3,0,0,1,170550.6558,173940.8115,174031.8156,NA,NA,NA,NA,NA,NA,[310][M]+,,20
1110.788483,1110.786848,1110.791543,1640.175659,1639.909302,1640.243652,9,3,3,3,1,11481.15386,11641.63664,11437.2076,10950.8,11476.02,11278.9755,10333.864,10441.54523,12629.15877,,[M+K]+ 1071.83,32
1111.121974,1111.121902,1111.122062,5.159612656,4.939370155,5.228487492,3,3,0,0,1,35491.57793,35133.94675,35930.87591,NA,NA,NA,NA,NA,NA,[311][M]3+,,20
1111.289826,1111.289748,1111.289828,4.939370155,4.931148529,5.228487492,3,3,0,0,1,36395.41632,37023.2392,37642.12518,NA,NA,NA,NA,NA,NA,,[M+Na+CF3COOH]+ 974.307 [M+Na+HCOOH]+ 1042.29 [M+H]+ 1110.28,20
1111.456011,1111.455888,1111.456168,5.159612656,4.939370155,5.228487492,3,3,0,0,1,21446.70513,20251.87497,21264.06059,NA,NA,NA,NA,NA,NA,[311][M+1]3+,,20
1111.790147,1111.790051,1111.790168,5.170216084,5.159612656,5.228487492,3,3,0,0,1,28350.67877,29488.21164,29379.62387,NA,NA,NA,NA,NA,NA,[310][M+1]+,,20
1121.493891,1121.492808,1121.49553,623.7481689,623.5061646,624.14,9,3,3,3,1,54921.98687,53774.99574,51171.1091,40500.36273,38943.13303,42295.85836,53889.51579,53979.59338,54871.14371,[312][M]+,,3
1122.496492,1122.495492,1122.497932,623.8724365,623.5026245,624.14,9,3,3,3,1,32761.02692,32617.12297,31330.93825,26517.17003,25841.55603,28405.138,34823.96968,35464.066,36009.78156,[312][M+1]+,,3
1133.450194,1133.450138,1133.45022,4.939370155,4.931148529,5.228487492,3,3,0,0,1,55717.25841,56356.78248,56529.66264,NA,NA,NA,NA,NA,NA,[313][M]3+,,20
1133.784958,1133.78476,1133.784995,5.170216084,5.159612656,5.228487492,3,3,0,0,1,32709.33766,32873.24425,33376.28753,NA,NA,NA,NA,NA,NA,[313][M+1]3+,,20
1134.118393,1134.118146,1134.118459,5.159612656,4.939370155,5.228487492,3,3,0,0,1,19417.079,20674.87413,20214.45186,NA,NA,NA,NA,NA,NA,[313][M+2]3+,,20
1135.481699,1135.480331,1135.483832,624.1376343,623.6326294,624.3828735,9,3,3,3,1,62345.77122,59919.21647,59530.78344,49161.34473,46856.7585,51305.6448,63423.192,63782.79571,64190.34375,[314][M]+,[M+Na]+ 1112.49,3
1136.484585,1136.483524,1136.486357,623.8832397,623.6326294,624.3828735,9,3,3,3,1,39408.42197,39009.18323,38259.48836,32562.59906,30901.995,33831.07721,42170.64421,42340.93213,43320.76128,[314][M+1]+,,3
1137.487304,1137.48608,1137.487952,623.8848877,623.7481689,624.39,8,2,3,3,1,14687.77157,14265.71806,14533.84635,11943.0314,11228.94253,12449.96691,15488.83663,15451.09135,15363.991,[314][M+2]+,,3
1144.781687,1144.781587,1144.781699,4.939370155,4.931148529,5.228487492,3,3,0,0,1,71535.47581,73819.77575,73504.61236,NA,NA,NA,NA,NA,NA,[315][M]+,[M+Na+CF3COOH]+ 1007.8,20
1145.283152,1145.283151,1145.283212,5.170216084,4.931148529,5.228487492,3,3,0,0,1,28115.6251,28869.2215,28555.28807,NA,NA,NA,NA,NA,NA,,[M+Na+CF3COOH]+ 1008.3,20
1145.784174,1145.783839,1145.784203,5.170216084,4.931148529,5.228487492,3,3,0,0,1,14352.17447,14640.24533,14244.01366,NA,NA,NA,NA,NA,NA,[315][M+1]+,,20
1151.452481,1151.451135,1151.453835,623.7541504,623.5026245,624.1376343,8,3,2,3,1,14278.47,14084.73257,14221.52949,11199.61543,9924.703914,12488.625,14849.5585,14877.77546,15391.50631,,[M+K]+ 1112.49,3
1156.112682,1156.112649,1156.112876,5.170216084,5.159612656,5.228487492,3,3,0,0,1,51691.20368,50702.19613,52610.02413,NA,NA,NA,NA,NA,NA,[316][M]3+,,20
1156.447063,1156.447007,1156.447201,5.170216084,5.159612656,5.228487492,3,3,0,0,1,29401.84207,29375.7837,30310.872,NA,NA,NA,NA,NA,NA,[316][M+1]3+,,20
1156.781117,1156.780652,1156.781275,5.170216084,4.931148529,5.228487492,3,3,0,0,1,19490.12181,19432.677,19714.80952,NA,NA,NA,NA,NA,NA,[316][M+2]3+,,20
1178.776179,1178.775024,1178.779489,1640.074585,1639.909302,1640.2146,6,3,2,1,1,7754.090667,8024.170385,7816.484,7673.905417,6886.56665,7723.3845,6275.945984,7294.932999,8293.190182,,[M+K+NaCOOH]+ 1071.83,32
1178.77546,1178.77546,1178.775484,4.939370155,4.931148529,5.228487492,3,3,0,0,1,107808.2101,106890.7976,106021.5921,NA,NA,NA,NA,NA,NA,[317][M]+,[M+K]+ 1139.81,20
1179.109708,1179.109407,1179.109775,5.170216084,5.159612656,5.228487492,3,3,0,0,1,27583.31393,27711.3152,28192.38952,NA,NA,NA,NA,NA,NA,[318][M]3+,,20
1179.277029,1179.276996,1179.27717,4.939370155,4.931148529,5.228487492,3,3,0,0,1,22450.94907,23053.60225,22482.47491,NA,NA,NA,NA,NA,NA,,[M+Na+CF3COOH]+ 1042.29 [M+Na+HCOOH]+ 1110.28,20
1179.443736,1179.443423,1179.443877,5.170216084,4.931148529,5.228487492,3,3,0,0,1,17552.53186,17478.69228,17945.94735,NA,NA,NA,NA,NA,NA,[318][M+1]3+,,20
1179.777687,1179.777662,1179.777996,5.170216084,4.931148529,5.228487492,3,3,0,0,1,18113.12445,18512.34465,18325.98234,NA,NA,NA,NA,NA,NA,[317][M+1]+,,20
1195.772013,1195.771609,1195.772196,5.170216084,5.159612656,5.472931862,3,3,0,0,1,10268.262,10036.08856,10415.92923,NA,NA,NA,NA,NA,NA,,,300
1201.437665,1201.43762,1201.437863,5.170216084,5.159612656,5.228487492,3,3,0,0,1,42054.25729,41864.46775,42924.64181,NA,NA,NA,NA,NA,NA,[319][M]3+,,20
1201.772251,1201.771994,1201.772526,5.170216084,4.931148529,5.228487492,3,3,0,0,1,25144.38381,24801.843,26938.8495,NA,NA,NA,NA,NA,NA,[319][M+1]3+,,20
1202.106067,1202.105717,1202.106284,5.170216084,5.159612656,5.228487492,3,3,0,0,1,17175.43862,16613.84747,16948.16329,NA,NA,NA,NA,NA,NA,[319][M+2]3+,,20
1212.768989,1212.768937,1212.769101,5.170216084,4.931148529,5.228487492,3,3,0,0,1,39585.6125,38984.1883,38447.479,NA,NA,NA,NA,NA,NA,[320][M]2+,,20
1213.270679,1213.270468,1213.271059,5.170216084,4.931148529,5.228487492,3,3,0,0,1,18099.89632,17573.34973,17811.44335,NA,NA,NA,NA,NA,NA,[320][M+1]2+,,20
1224.100203,1224.100102,1224.100372,5.170216084,5.159612656,5.228487492,3,3,0,0,1,37261.60439,38788.5616,40133.65888,NA,NA,NA,NA,NA,NA,[321][M]3+,,20
1224.434463,1224.434391,1224.434753,5.170216084,4.931148529,5.228487492,3,3,0,0,1,22871.59722,23332.78489,23682.58759,NA,NA,NA,NA,NA,NA,[321][M+1]3+,,20
1224.768398,1224.768231,1224.768716,5.170216084,5.159612656,5.228487492,3,3,0,0,1,14869.86278,15512.189,15786.60455,NA,NA,NA,NA,NA,NA,[321][M+2]3+,,20
1225.471005,1225.470477,1225.472839,916.085144,915.8354492,916.3468628,9,3,3,3,1,31364.641,31996.85352,33640.38047,7377.74,7000.766667,7487.651429,32743.00914,33156.746,33193.69486,[322][M]+,[2M+H]+ 612.231,29
1226.47481,1226.473671,1226.47569,916.1618042,916.0516357,916.3468628,6,3,0,3,1,23811.42582,23497.43507,24607.69548,4146.17872,5259.363161,5439.935492,23897.1698,24210.158,24297.59528,[322][M+1]+,,29
1227.477751,1227.476435,1227.47917,916.1618042,916.0516357,916.3468628,6,3,0,3,1,8874.114667,8874.37184,9140.71696,1584.341585,1202.416274,1943.240213,8683.26,8339.868167,9085.722958,[322][M+2]+,,29
1243.295742,1243.294431,1243.296766,512.7459106,512.2258911,513.6112061,6,3,0,3,1,8084.434286,7613.317381,8252.393826,1072.275943,330.1752717,1464.888205,6676.69181,8432.309167,7816.670217,,[2M+Na]+ 610.153,52
1246.762877,1246.762719,1246.763033,5.170216084,5.159612656,5.228487492,3,3,0,0,1,65087.55382,65717.77042,66056.11027,NA,NA,NA,NA,NA,NA,[323][M]+,[M+K+NaCOOH]+ 1139.81,20
1247.097272,1247.097137,1247.097559,5.170216084,5.159612656,5.228487492,3,3,0,0,1,22070.11574,21217.14904,21445.4768,NA,NA,NA,NA,NA,NA,[324][M]3+,,20
1247.264057,1247.26395,1247.264796,5.159612656,4.939370155,5.228487492,3,3,0,0,1,13680.76966,13563.45933,13652.53884,NA,NA,NA,NA,NA,NA,,[M+Na+CF3COOH]+ 1110.28,20
1247.452424,1247.452056,1247.454663,916.0633545,915.8320313,916.2436523,7,3,1,3,1,21191.05333,21209.7085,22527.03484,5363.674105,6511.401824,5759.111369,21735.10613,21064.03429,22716.28407,[325][M]+,[2M+Na]+ 612.231,29
1247.431024,1247.430937,1247.431383,5.170216084,5.159612656,5.228487492,3,3,0,0,1,13989.94292,14258.05643,14006.02658,NA,NA,NA,NA,NA,NA,[324][M+1]3+,,20
1247.765664,1247.765575,1247.765804,5.170216084,5.159612656,5.472931862,3,3,0,0,1,12598.31019,13156.96794,12131.16941,NA,NA,NA,NA,NA,NA,[323][M+1]+,,20
1248.456996,1248.455511,1248.458575,916.0716553,916.0210571,916.3468628,6,3,0,3,1,15883.87967,15709.628,16709.29448,3054.959536,3618.072726,3728.798669,15387.975,15951.23009,15336.18356,[325][M+1]+,,29
1269.42532,1269.425189,1269.425396,5.170216084,5.159612656,5.228487492,3,3,0,0,1,28981.43519,28330.94,28995.18297,NA,NA,NA,NA,NA,NA,[326][M]3+,,20
1269.759558,1269.759513,1269.760036,5.170216084,5.159612656,5.228487492,3,3,0,0,1,18146.57223,18795.72933,19284.35628,NA,NA,NA,NA,NA,NA,[326][M+1]3+,,20
1270.093622,1270.093305,1270.093802,5.159612656,4.939370155,5.228487492,3,3,0,0,1,12908.19444,12890.16112,13143.4365,NA,NA,NA,NA,NA,NA,[326][M+2]3+,,20
1280.756144,1280.756143,1280.756368,5.170216084,4.931148529,5.228487492,3,3,0,0,1,20493.17013,21547.16768,21446.542,NA,NA,NA,NA,NA,NA,[327][M]2+,,20
1281.257851,1281.257806,1281.257993,5.159612656,4.939370155,5.228487492,3,3,0,0,1,11055.11446,11204.105,11267.07932,NA,NA,NA,NA,NA,NA,[327][M+1]2+,,20
1292.087378,1292.087323,1292.08746,5.170216084,4.931148529,5.228487492,3,3,0,0,1,25056.56927,25181.97697,25666.95257,NA,NA,NA,NA,NA,NA,[328][M]3+,,20
1292.422292,1292.421941,1292.422429,5.170216084,4.931148529,5.228487492,3,3,0,0,1,16216.59722,15842.95738,17001.57507,NA,NA,NA,NA,NA,NA,[328][M+1]3+,,20
1292.75613,1292.756043,1292.756319,5.170216084,5.159612656,5.472931862,3,3,0,0,1,10855.75023,11463.936,11327.40973,NA,NA,NA,NA,NA,NA,[328][M+2]3+,,20
1314.750324,1314.750223,1314.750455,5.170216084,5.159612656,5.228487492,3,3,0,0,1,39065.2089,38524.27568,38547.8402,NA,NA,NA,NA,NA,NA,[329][M]3+,,20
1315.084918,1315.084409,1315.085061,5.159612656,4.939370155,5.228487492,3,3,0,0,1,14373.54967,14014.76821,13951.109,NA,NA,NA,NA,NA,NA,[329][M+1]3+,,20
1337.413002,1337.412881,1337.413091,5.170216084,5.159612656,5.228487492,3,3,0,0,1,17505.76638,18418.09593,18544.19665,NA,NA,NA,NA,NA,NA,[330][M]3+,,20
1337.74725,1337.746897,1337.747718,5.170216084,5.159612656,5.228487492,3,3,0,0,1,11925.636,11831.76517,11697.08967,NA,NA,NA,NA,NA,NA,[330][M+1]3+,,20
1360.075322,1360.075263,1360.075358,5.159612656,4.939370155,5.228487492,3,3,0,0,1,15107.43056,15568.05883,15402.40589,NA,NA,NA,NA,NA,NA,,,20
1382.737745,1382.737626,1382.737854,5.170216084,5.159612656,5.228487492,3,3,0,0,1,22485.69253,22268.74333,21643.72607,NA,NA,NA,NA,NA,NA,,,20
1450.725202,1450.725115,1450.725356,5.170216084,5.159612656,5.472931862,3,3,0,0,1,11561.646,11662.43832,11558.4111,NA,NA,NA,NA,NA,NA,,[2M+Na]+ 713.868,20
