correlation group ID,row ID,row identity (all IDs),row m/z,row retention time,Pool-4umSi11_neu MS_GA3_01_50026.mzXML Peak area,Pool-8umSi11_neu MS_GA4_01_50031.mzXML Peak area,Pool-8umSi11_neu MS_GA4_01_50030.mzXML Peak area,Pool-10um Si11 MS_GA2_01_50172.mzXML Peak area,Pool-10um Si11 MS_GA2_01_50173.mzXML Peak area,Pool-4umSi11_neu MS_GA3_01_50025.mzXML Peak area,Pool-10um Si11 MS_GA2_01_50174.mzXML Peak area,Pool-8umSi11_neu MS_GA4_01_50029.mzXML Peak area,Pool-4umSi11_neu MS_GA3_01_50027.mzXML Peak area,
0,1,,151.0351676185607,1.0370296,82.73106,99.03995,91.94571,118.046036,93.35789,83.54822,94.08179,93.98535,100.25218,
0,2,,84.95973427699374,1.0384518,155.36234,204.73021,187.09753,298.0246,287.97067,163.92166,296.76483,206.55438,170.01135,
0,3,,125.98621934568945,1.0389149,235.13098,280.86548,273.2969,390.25974,384.7987,212.89499,381.54468,275.85654,236.89752,
0,4,,128.0192159665843,1.0389222,63.049206,79.24111,77.68468,69.276825,71.38548,73.93615,77.44687,81.21325,80.07839,
0,5,,111.00992939223424,1.0393944,95.32608,114.4821,118.34846,150.82118,147.28584,120.63779,137.7346,114.43925,114.904976,
0,6,,110.00866997793138,1.0403278,906.484,946.6041,934.2641,1057.2734,1053.1672,893.4413,1073.5795,941.6489,983.96265,
0,7,,112.0062615036695,1.0403445,103.94674,110.292274,99.3106,139.38492,120.9331,103.67117,138.92166,96.79823,115.80064,
,8,,164.96997831780084,1.0370296,57.641052,70.82831,78.56021,57.937084,62.703495,71.188255,82.75139,65.542816,68.279526,
,9,,151.94957816832877,1.041252,6.7239103,34.376972,5.9329863,84.49288,36.010406,6.030736,21.05647,0,46.119247,
,10,,149.95273558789572,1.0426927,83.15685,109.239395,79.54508,167.63007,95.32472,71.8136,86.45174,72.5053,99.80526,
,11,,288.92113557565534,1.0781426,33.436028,39.039597,36.8194,53.3313,55.73144,7.351488,56.718983,40.34553,29.381744,
45,12,,786.8246400764048,1.0885296,71.130035,70.89819,69.27128,62.427498,52.31421,49.17768,54.069283,62.09603,71.42362,
,13,,802.7990104381907,1.0908906,47.44487,48.685337,45.624302,27.050606,40.063473,20.41439,41.428585,49.881866,50.32427,
45,14,,718.8371528334862,1.0904183,117.92127,112.96759,122.81059,82.13808,84.03662,87.237114,93.443344,116.50252,110.692245,
,15,,854.8121067806817,1.0871018,39.330647,44.751854,41.633667,39.291344,32.87269,15.250461,40.879635,45.740955,54.842293,
45,16,,650.8496646345661,1.0908834,126.34735,118.7986,130.80676,98.70705,112.40159,100.00898,98.35308,131.09798,126.96179,
45,17,,446.88757747376974,1.0922999,294.51556,264.36697,273.87164,254.3866,248.86577,213.95451,245.67613,274.0163,288.12378,
45,18,,582.8623894450355,1.0922999,140.3008,137.17961,128.32918,110.61981,120.49396,106.43558,112.88844,141.76724,128.81772,
45,19,,734.8116555886128,1.0927758,71.26313,71.747734,61.247894,51.46012,50.68485,36.0499,64.02637,75.34049,74.0603,
,20,,310.9129531521789,1.0955925,58.21091,53.615524,58.196896,39.39249,39.245983,31.807686,44.212307,51.91905,50.661026,
45,21,,514.8749536201454,1.0936999,149.38954,138.59297,140.32596,123.46009,124.52341,109.8639,111.71088,138.74712,157.7126,
45,22,,378.90023429229245,1.0937258,213.59543,208.26796,213.925,185.78416,181.48747,153.10873,190.60104,205.67838,206.91661,
45,23,,666.824102664341,1.0937129,72.550804,70.39625,70.53617,54.18268,54.47592,62.09529,52.512444,79.38129,75.04185,
45,24,,598.8364662299123,1.0951408,79.38467,81.00279,70.56246,62.3126,54.115826,53.45447,53.131466,74.08886,78.62269,
45,25,,462.86156495708593,1.0956036,158.33029,137.68323,146.7717,121.82894,122.347916,89.01668,132.38933,148.59521,147.46794,
,26,,244.92421069185514,1.0951314,61.43578,63.77081,53.796963,57.97296,42.771614,47.957016,48.167206,63.12757,62.966354,
45,27,,530.8489978231124,1.095124,77.43818,69.74601,68.229,59.225056,58.801826,61.03155,60.70618,69.8249,79.59648,
45,28,,174.93799495027275,1.0965407,217.86827,222.80089,220.19995,199.18611,206.75005,178.11714,218.40805,212.86914,214.14626,
45,29,,242.92549167342804,1.0965389,1021.16675,1003.2285,1030.242,965.2274,954.4715,869.55005,988.2773,1012.75616,1015.2976,
,30,,692.833563562725,1.096087,48.926933,43.48652,42.91708,32.694256,39.41479,30.471119,39.831394,45.187325,42.449,
45,31,,394.8741730939457,1.0974833,129.38387,109.443985,111.48139,98.194786,106.41916,90.373146,114.2577,117.79741,123.70305,
45,32,,106.95057086669846,1.0989074,234.61328,229.28691,231.26064,211.2736,213.71085,195.31235,224.30457,227.21608,218.86124,
45,33,,258.8993819032539,1.0998389,545.73315,520.3647,514.42017,498.48627,482.6672,440.7807,483.1596,520.7873,521.45264,
45,34,,260.897843557554,1.0984296,56.19338,50.439064,56.172607,49.213406,58.02871,57.50038,50.871372,58.359238,57.01132,
45,35,,708.8082503347551,1.0993723,51.18982,49.976326,51.386734,43.206535,36.4956,44.272797,43.797043,51.49453,51.7207,
,36,,640.8211375580819,1.1003019,49.163696,26.160835,48.179028,46.50076,48.388706,42.837486,53.072556,58.225407,54.248783,
45,37,,274.8732982855837,1.1017222,142.73422,130.26968,136.98839,130.32802,132.01225,117.4898,134.407,150.00116,135.37364,
,38,,504.8463733274767,1.1040666,52.29356,40.538746,44.890114,36.088253,46.953342,30.412735,43.234337,41.35197,43.034668,
45,39,,190.91193589151328,1.1035925,72.49634,65.25948,72.7366,71.60687,61.075294,61.795845,65.83847,79.624954,67.2936,
45,40,,122.92447050972535,1.1045333,376.99808,370.16858,367.76923,345.5815,338.8216,342.41663,356.8021,366.73642,376.34607,
45,41,,436.85875675115716,1.1054722,67.067986,65.337494,67.194466,63.752224,52.033077,45.941936,60.61631,62.79615,53.5095,
,42,,420.8848388254753,1.1040592,32.73706,39.52051,39.474873,40.341377,39.941555,28.349169,26.488834,38.498005,39.2164,
,43,,572.8335847020383,1.1031259,46.713844,43.4019,44.53353,43.769062,37.171486,31.522001,43.90488,44.430756,45.560173,
,44,,659.9853045142276,1.1087111,0,0,0,347.20215,328.6353,0,281.9589,0,0,
,45,,368.87136990369504,1.1073666,43.835186,39.89383,42.798607,46.972572,35.05678,23.373667,41.249325,40.988544,45.11558,
18,46,,266.84191315389006,1.1121056,69.506935,68.57898,69.40754,65.35876,69.071014,29.841661,69.85091,67.684586,74.42236,
18,47,,250.8679080471993,1.1120963,102.08583,102.86173,118.40939,114.70807,106.76082,86.25818,120.3233,104.044395,114.962944,
18,48,,232.89657294955975,1.1121056,283.15942,289.14194,288.85477,301.69586,286.27084,238.91905,300.47177,276.1803,283.4871,
18,49,,264.84439916252506,1.1125685,140.05615,142.63821,151.35637,150.98929,134.00818,129.08511,149.40845,140.62283,141.81235,
18,50,,216.92261758888654,1.1130297,169.38136,168.23177,164.4307,172.66035,162.34851,139.78345,178.12706,168.24954,154.15852,
18,51,,248.87050797583404,1.1130297,255.8272,254.17847,260.16696,266.09753,259.3181,216.65927,256.46808,272.6948,265.3148,
18,52,,234.89387176967728,1.1135112,101.695496,92.26919,100.89859,93.321815,102.513725,85.471886,104.390045,91.30853,90.7501,
21,53,,112.8956590430985,1.1233945,904.7185,903.0617,900.8017,898.4111,870.41486,825.30566,932.4262,894.1998,908.598,
21,54,,96.92172679518539,1.1238723,220.70845,216.82263,218.60811,224.31403,213.42314,200.425,221.90807,226.62393,217.21744,
21,55,,114.89302536011925,1.123876,430.46323,430.27106,415.53992,421.55954,423.7017,384.92505,435.3287,428.24313,412.49503,
21,56,,98.9189673530086,1.1248204,68.173935,63.06809,65.87308,70.37482,56.30139,58.236717,63.165874,67.22914,67.34074,
21,57,,164.92992458828394,1.1262444,423.99707,425.4584,441.5671,398.0009,411.08633,367.1643,425.84686,428.7042,427.7687,
21,58,,180.90389930071078,1.1267221,402.93054,394.75473,408.04648,383.94598,365.6977,342.83966,371.5151,378.9011,387.95078,
21,59,,196.8777793800701,1.1286149,157.76862,150.83226,159.5599,140.34926,144.26732,134.77794,142.31473,153.92068,150.4953,
,60,,142.94802383080085,1.1304834,213.66331,218.83827,213.29807,189.64682,191.50821,175.7404,202.32422,191.2144,205.47565,
,61,,238.86254698852457,1.130013,59.660633,54.459637,53.026016,58.975758,49.967407,41.925896,45.074287,52.424347,58.703808,
,62,,192.02425823102732,1.1625723,153.82722,153.98718,154.67186,154.2476,144.21947,125.620804,148.82483,155.93712,143.61435,
,63,,150.11242134854288,1.1658945,98.381386,107.91771,103.20572,125.860855,117.37547,88.71385,121.101776,98.934746,88.75271,
,64,,186.01626405249107,1.1668334,51.679962,53.542957,44.74225,58.268715,52.63511,60.622993,47.418865,50.321056,53.199196,
44,65,,98.98415982032365,1.1729779,2175.439,2133.7864,2166.5781,1918.24,1870.1279,2154.834,1859.2513,2186.3206,2160.973,
44,66,,170.04235006990223,1.1739353,328.7874,325.64944,334.14978,324.77835,313.096,309.93222,319.61658,324.82068,319.60587,
44,67,,216.06313874664912,1.1781945,145.69424,142.15192,152.99919,146.49443,127.64026,127.35573,140.37816,137.79721,155.25638,
,68,,247.05772998306864,1.1819556,119.48529,117.56385,112.255714,115.57392,111.027054,110.85257,101.1941,121.93994,103.94591,
55,69,,104.07060933363135,1.1880983,283.8712,292.37134,271.50348,262.65637,262.26877,285.5156,278.26517,282.8636,281.37567,
55,70,,84.04446820851285,1.1885536,120.68968,130.27141,128.39139,117.004196,111.903305,117.49049,101.637215,118.9149,124.918655,
55,71,,130.04986625022252,1.1899742,1189.1414,1206.3663,1196.4896,1207.741,1148.3347,1178.4727,1183.0775,1192.286,1231.337,
55,72,,148.0604394925969,1.1909091,3822.9795,3796.1235,3787.3174,3732.4062,3646.7717,3740.637,3678.8696,3776.2578,3818.9187,
,73,,164.0918306339327,1.1966056,0,0,0,235.99225,91.124886,0,51.110344,0,0,
55,74,,102.05494482915122,1.1951426,268.53326,257.69257,267.76028,257.48245,266.02545,259.21738,278.54532,271.22717,252.24274,
,75,,391.18227239656034,1.1975148,132.69946,138.29301,136.46146,127.0714,122.05139,136.0228,129.18092,130.444,133.775,
73,76,,176.1029750464112,1.2003334,186.74245,199.51598,189.8151,170.97057,175.3947,190.67247,175.16762,193.1853,189.84532,
73,77,,159.076382415357,1.2008,132.30104,127.77684,137.22183,127.97279,119.51494,127.48544,118.027504,126.51112,128.55371,
,78,,275.13498169113046,1.202687,97.630135,91.575714,93.85501,42.0309,80.45167,95.58078,81.89154,97.2638,107.48312,
,79,,196.09489983540203,1.2069223,101.59712,108.564766,97.551186,103.55711,93.4916,90.00235,95.84012,93.993744,101.31481,
,80,,112.99977945303255,1.2059871,65.67752,89.7319,96.84951,82.08838,88.11434,98.46412,79.553894,76.132126,96.816734,
85,81,,161.09202172978405,1.2337832,171.64975,177.53947,171.68005,183.23068,172.40959,179.1655,160.64674,157.30467,166.49773,
85,82,,427.09486654089875,1.2385241,114.02158,97.79734,64.24306,104.50049,97.75261,98.75061,104.778595,105.79658,100.59367,
,83,,214.05127693514504,1.2394519,174.84073,175.08159,173.1662,182.54744,172.292,172.71693,156.38916,157.75662,167.76645,
,84,,204.08660412768276,1.2474908,59.701378,69.80277,60.13049,68.768524,69.74783,74.992096,72.02504,68.657036,68.6019,
94,85,,116.0705652618812,1.2498462,922.041,906.4842,933.62964,920.035,882.1103,906.7884,888.5999,924.7511,927.1914,
94,86,,608.0884044450207,1.251713,173.07962,150.7823,169.7407,153.36024,133.73341,162.1212,137.68285,167.00365,169.1363,
99,87,,134.02696820255812,1.2710557,248.70393,272.58093,257.57837,264.90063,263.59674,266.43027,261.87302,248.26515,260.1127,
99,88,,403.193274560993,1.2715316,166.24353,182.87056,184.05716,168.62103,147.49675,177.51103,158.58766,179.69904,192.53221,
,89,,533.1041542650962,1.2842611,87.02981,103.73568,94.82624,98.48138,95.3235,93.181694,66.480705,81.79208,91.87379,
4,90,,324.0591145505035,1.2804925,802.41034,794.648,805.6948,770.8183,769.19147,791.1649,777.47906,804.32733,831.9424,
4,91,,112.05050036286224,1.281411,283.21927,293.05298,278.6799,257.56345,243.3164,280.86514,275.38034,278.84695,272.53485,
4,92,Kinetin: [M+NH4]+: 0.659,233.11317021518803,1.2828391,159.25992,158.07034,145.23685,148.87582,138.53094,148.95753,134.68913,148.0018,148.50436,
57,93,,241.08190179252682,1.29085,41.4741,87.95978,87.90016,71.47763,72.5422,57.924007,79.262405,91.584656,80.31306,
57,94,,277.1031120217219,1.2917889,2846.5837,2918.1538,2914.2847,2781.0198,2717.4648,2829.535,2760.6594,2859.2634,2880.5164,
57,95,,259.0925278894872,1.2917981,1670.4835,1719.4172,1699.4697,1639.2795,1623.36,1654.8077,1654.3903,1689.3723,1717.8717,
,96,,301.1142576893476,1.3219943,364.35635,394.8942,398.37762,368.11163,369.6229,378.9152,388.15762,381.5409,389.17746,
,97,,347.02499082155504,1.3470536,83.6281,90.49315,89.588264,77.34013,81.75066,80.64685,91.38044,73.69697,86.67539,
,98,,531.2517229584294,1.3390241,75.67401,78.45343,82.98737,26.53456,58.09995,67.149536,58.521294,65.17492,69.18508,
,99,,325.043144554104,1.3451685,334.5871,361.76672,358.57462,341.52808,333.75195,338.74643,340.66537,331.56796,347.7405,
,100,,231.61349067622217,1.3598186,161.33186,176.86926,159.22527,179.10194,167.27016,151.11917,186.9024,152.2834,161.64282,
,101,,242.56206615493855,1.3701851,259.97833,245.25075,245.63289,276.47403,281.0738,250.82372,274.66864,237.53276,262.46368,
,102,,191.0484340456312,1.3862388,310.97424,331.31198,332.98785,336.56332,332.2608,310.15646,351.1355,329.30673,305.9984,
19,103,,118.08623989196222,1.3947314,1225.2109,1294.9823,1316.693,1299.3171,1279.7148,1232.6215,1297.597,1264.2828,1249.8201,
,104,,484.1162701152799,1.396163,142.34383,181.80113,185.95534,174.81816,176.74464,148.8737,186.65894,164.9324,142.55487,
19,105,,162.0760462560516,1.3999408,667.86743,716.5214,714.78296,710.14325,717.01166,643.0497,724.65924,691.4733,698.0342,
,106,,130.04981677782195,1.4022982,130.19133,134.23398,137.3273,134.00662,143.61606,135.3339,148.39853,135.1095,151.42786,
,107,,308.064014277993,1.4103148,7.500822,58.588943,64.534805,57.679512,81.53549,6.598171,67.956894,64.78756,33.682045,
49,108,,146.09234137215805,1.4145445,89.88927,88.19981,98.35668,92.48007,95.01623,74.46519,87.76126,92.36743,85.24514,
49,109,,316.16148505391726,1.4164056,480.94754,518.4295,527.9815,493.1706,513.36273,474.6538,510.90613,520.59735,500.72763,
49,110,,112.05051930491943,1.4183056,313.18683,334.4833,326.70453,323.48514,315.0542,296.2562,312.59082,337.75613,310.7426,
49,111,,542.0681361249115,1.4192408,145.609,158.09485,148.40855,74.30296,114.249565,167.37697,105.42341,141.50098,179.29675,
49,112,L-(+)-Alpha-Phenylglycine: [M-H]-: 0.438,150.05830025333165,1.4201944,352.3802,383.67047,406.5137,386.79617,389.08716,362.58435,402.17953,383.89194,362.57504,
49,113,,388.13493561206155,1.4206574,112.44765,145.60388,128.61224,121.76719,130.72556,123.7635,121.40738,126.204895,124.811035,
49,114,Trans-Ferulic Acid: [2M+NH4]+: 0.000,406.1456407373746,1.4206649,2162.9966,2365.3823,2325.3582,2333.725,2303.6875,2113.9263,2331.737,2321.1394,2193.5398,
49,115,,332.5618887589034,1.4211316,1370.3158,1374.5049,1391.1892,1241.7156,1232.0338,1415.0475,1251.0309,1333.1145,1452.4749,
49,116,,613.1588805381493,1.4216056,157.89378,216.25468,223.9679,220.19315,218.30766,170.37485,212.2036,231.2033,190.86015,
49,117,,124.03929052048245,1.4220741,272.91714,284.0199,285.3255,286.22205,273.3371,270.30853,286.9181,288.65372,276.4896,
49,118,,307.0833115680716,1.4220908,1586.5529,1752.83,1725.6809,1790.9972,1755.9163,1618.0544,1803.1206,1693.7819,1656.8241,
49,119,,308.0906914834368,1.4225554,1872.5697,2129.6326,2128.3003,1891.4504,1861.2012,1897.7197,1903.2382,2104.729,1958.8182,
49,120,,364.06518461770816,1.42255,282.40747,343.41342,354.06982,324.7461,321.63272,309.63773,345.0808,326.82382,325.93222,
49,121,,350.07491981602743,1.4225574,96.604706,122.76686,113.40711,119.20662,105.9246,66.056885,113.52877,111.22112,99.85118,
,122,,721.2996333952301,1.423974,52.89479,69.223885,70.93032,75.54035,72.519005,36.34158,74.33728,65.50398,52.735786,
49,123,,663.2241501915546,1.42255,61.07504,87.58394,84.057785,89.78973,93.45872,48.356056,87.31911,90.833855,61.65705,
49,124,,79.02133310935187,1.4230351,2627.7983,6204.6934,6222.0254,6594.4365,6470.8794,2681.4883,6636.8574,6108.8794,2676.93,
49,125,,348.07041982373136,1.4230295,7626.3506,8409.48,8374.412,8389.777,8308.744,7867.252,8369.217,8243.944,8100.9736,
49,126,,535.1880750367137,1.4230239,708.33185,817.2317,824.1831,763.2171,743.69366,716.63715,753.9365,797.8218,760.7175,
,127,,113.03456211699536,1.4211316,122.430176,79.98679,92.5245,61.990654,83.11801,114.40901,65.1225,83.61473,128.65817,
49,128,,81.01711979379346,1.4234853,120.21285,308.6724,301.17462,310.34216,338.97723,123.83635,335.55533,297.9694,118.21462,
49,129,,157.03512975161016,1.4234927,609.4288,1691.7457,1697.8063,1737.3926,1704.1261,685.09454,1753.1904,1660.201,651.29535,
49,130,L-(+)-Alpha-Phenylglycine: [M+H]+: 0.995;L-(+)-Alpha-Phenylglycine: [2M+2H]+2: 0.995,152.07058462397916,1.4234945,450.73495,1290.8109,1304.9628,1371.6082,1359.8969,474.74976,1385.556,1332.4283,500.89438,
49,131,,664.1162711029208,1.4234909,926.612,1128.111,1145.0974,951.8975,959.799,944.1213,985.71106,1107.151,987.66785,
49,132,,133.0317049157769,1.423026,86.60071,95.80893,84.62247,95.16254,83.62238,80.24141,99.136826,98.66526,79.19235,
49,133,,695.1329296826656,1.4235036,78.14863,93.11707,95.38317,88.80995,98.768906,68.14452,94.84978,101.89132,68.59013,
49,134,2-Methoxybenzoic Acid: [M+H-H2O]+: 0.999,135.04405078607638,1.423963,600.7367,1492.5002,1519.2307,1501.2324,1453.0751,578.61426,1434.5525,1453.2983,659.5335,
49,135,,136.06172940282295,1.423963,435.17618,459.57062,473.1433,393.73752,396.13098,446.13907,413.77533,467.81693,464.55676,
49,136,,623.2449395801749,1.4239705,74.8328,78.78844,84.255646,64.98233,71.998886,66.50468,66.65131,81.25395,70.639595,
49,137,,106.0651095185789,1.4243361,0,86.874886,85.90521,91.980865,82.04409,0,86.98219,86.12754,0,
49,138,,332.07537934668414,1.424437,152.60623,202.3485,189.59302,195.04597,179.83511,165.82205,173.06702,185.87479,178.6077,
49,139,,139.05014780084872,1.4234945,100.85347,122.71713,130.66551,124.44281,135.32158,90.6975,130.16975,120.08262,111.75343,
49,140,,152.05643709989369,1.4239593,91.78578,214.45273,194.41309,94.296295,91.52916,65.45849,94.25018,171.34389,91.87114,
49,141,,107.04912045849197,1.4253742,41.421135,196.17818,186.97879,179.27826,189.46036,47.08648,189.09714,191.69226,49.695015,
49,142,,144.98786104569425,1.4258592,254.93253,904.49335,841.5222,690.5176,908.08215,261.70728,901.5795,814.53827,287.27686,
49,143,,153.0100211846078,1.4267889,124.89962,402.2625,383.43292,532.4709,518.59845,150.94496,502.649,391.54993,153.19662,
49,144,,129.012920360398,1.4264722,0,76.366425,96.374054,107.743996,117.28082,0,125.59621,82.81543,0,
49,145,,145.9867183882297,1.4258537,6.28654,106.57969,108.38629,107.25117,109.62413,6.5365763,104.08364,112.52722,5.9415693,
49,146,,123.05527259232122,1.4272704,692.66736,697.224,691.8183,558.75,568.1577,732.7458,575.1367,660.93164,770.186,
49,147,,101.0031338079542,1.4272778,3493.0972,7021.3467,7120.691,7870.878,7916.638,3578.7834,7705.114,6962.309,3667.636,
49,148,,139.01288281418388,1.4279333,6.1193733,131.43488,116.404625,135.50514,120.6714,0,140.56924,119.110565,0,
49,149,,137.00170245559696,1.4281869,259.3828,960.49115,953.204,1181.2656,1173.7739,290.0436,1186.5934,935.6146,297.03342,
,150,,464.1332448399636,1.4221,73.92194,74.244965,81.30987,86.04378,71.163376,8.083594,73.48945,81.17788,76.16753,
,151,,1011.179617734731,1.4225482,12.728826,41.47471,30.760412,39.365173,20.244358,6.600327,41.470955,18.443739,33.07341,
49,152,,146.00698952560995,1.4305611,83.7718,426.19122,300.21652,432.2061,378.17938,98.88864,340.289,329.74948,98.895256,
,153,,385.12876392086736,1.4357611,70.08357,87.059906,110.933624,48.525795,68.34981,89.29714,21.520817,114.77497,92.00603,
,154,,97.99472963911035,1.4310519,33.063957,126.641075,136.70074,143.86482,186.24739,37.574074,168.6297,144.15569,52.237846,
,155,,256.9597839140689,1.4291333,25.63887,154.77261,67.424095,54.195305,228.67807,48.671597,211.84882,242.65445,119.81409,
,156,,137.0458509340269,1.449861,244.70312,361.86353,388.44058,286.81622,285.2018,328.48404,264.49182,346.78513,344.1658,
,157,,194.9902056143851,1.5022167,6.0825195,149.67142,96.592545,155.11414,50.643543,6.1624856,113.5045,31.810148,7.0262523,
,158,,308.0910049711149,1.579113,305.49753,349.85788,309.7422,271.0585,222.34583,336.88116,268.39447,283.00244,348.3103,
31,159,,406.14552274043103,1.5833797,276.8238,326.0558,325.8199,283.51498,271.88733,354.86145,311.84338,298.66513,347.5933,
,160,2-Methoxybenzoic Acid: [M+H-H2O]+: 0.996,135.04404090171485,1.5008891,315.1187,3973.4617,2595.4666,3252.4243,6005.6987,215.5669,7124.8984,689.7697,449.49884,
31,161,L-(+)-Alpha-Phenylglycine: [M+H]+: 0.992;L-(+)-Alpha-Phenylglycine: [2M+2H]+2: 0.992,152.07057316926986,1.5579352,460.4701,560.10986,521.3855,590.0462,587.1454,482.74786,574.94794,479.2148,124.47624,
,162,,372.54501577402027,1.6942334,747.9407,801.8993,824.11066,774.56506,804.12897,812.2627,852.62317,810.9975,783.1287,
,164,,428.0365476523054,1.8664703,439.23672,687.2656,510.67316,193.26659,427.3156,603.76666,469.05823,566.2148,662.9032,
,165,,137.04579474357337,1.8749332,359.4854,393.0973,365.63602,428.81656,421.0599,371.69742,456.275,373.83472,388.4501,
32,166,,123.05520991958409,1.8772795,1961.4418,2051.7454,1929.039,1841.8003,1776.2394,2041.8735,1912.1346,1918.5537,2055.1091,
32,167,,664.1160886353632,1.8773112,1470.1841,1484.818,1375.3883,1484.1553,1493.9407,1490.4553,1532.0358,1493.5835,1473.7812,
32,168,,332.5618765883206,1.8787223,2221.949,2342.4448,2273.0198,2602.5247,2515.5825,2283.5623,2589.1194,2320.059,2348.528,
,169,,542.0681872190625,1.8824741,201.30322,230.28285,166.86119,203.36896,163.80132,194.68977,217.76381,231.25842,250.26811,
,170,,535.1880204665157,1.9546704,464.0534,470.67255,431.88666,433.14722,397.36334,462.66678,455.40878,451.42938,480.62094,
56,171,,132.10191362360155,2.0458093,3174.5679,3696.6917,3615.5876,3772.7788,3679.2488,3248.926,3757.1555,3571.365,3269.3396,
56,172,,86.09650500015647,2.0515018,888.2694,956.88513,926.3554,1018.4074,1061.9108,919.94794,1073.3176,923.41266,904.1727,
71,173,,307.083299964512,2.0712833,1153.2594,1220.5833,1095.6309,1316.1129,1290.6365,1130.8147,1341.9794,1186.3268,1188.3569,
,174,,308.08405989520566,2.069404,14.945803,57.80006,46.809456,70.83958,60.324203,56.88537,93.49485,7.948955,68.23203,
71,175,,153.04064018265416,2.0873315,596.1068,1022.7819,573.6429,1005.3486,984.9153,506.2791,1040.6565,996.90784,615.74274,
86,176,,136.07567800612102,2.102435,2670.548,2887.4822,2818.5684,2884.048,2844.4128,2708.8076,2911.0547,2779.28,2799.267,
86,177,p-Coumaric Acid: [M+NH4]+: 0.993,182.08119496047047,2.103837,8656.202,9396.445,9275.171,9616.45,9499.742,8864.59,9666.686,9148.166,9030.426,
86,178,,119.04910324772874,2.1052501,182.57814,267.22455,231.505,280.19513,466.69272,197.8319,496.1145,223.44997,206.82013,
86,179,p-Coumaric Acid: [M+H]+: 0.996;p-Coumaric Acid: [2M+2H]+2: 0.996,165.05460371680962,2.105265,3083.8125,3263.07,3242.6265,3378.2207,3315.4136,3108.0142,3395.4688,3190.519,3204.6472,
86,180,p-Coumaric Acid: [M+H-H2O]+: 0.981,147.04397761527582,2.1075945,148.62532,201.7663,193.08107,242.34312,455.62943,134.29016,297.60403,177.82161,51.90859,
86,181,,123.04403713874018,2.1062224,838.381,967.2136,944.18036,941.87714,925.24567,889.4362,962.34705,938.8706,887.30585,
,182,,288.0647258538753,2.7074945,144.50807,225.3711,199.11977,324.4072,255.5549,151.55844,517.5618,198.56696,191.2333,
,183,,173.078353124327,3.0771167,27.615227,138.32584,19.340405,366.83835,354.30054,56.32878,343.2845,70.88356,14.093166,
,184,,149.05974181644163,3.6808276,116.00009,120.133545,127.0804,105.46106,64.49509,76.55003,130.39307,46.048943,86.82732,
9,185,,103.05421817891983,3.6869833,490.3824,512.6561,519.6796,464.9101,431.61307,477.17453,457.95706,500.89706,478.72488,
9,186,,166.08626182450806,3.6898112,9089.263,9504.312,9528.057,9773.278,9625.147,8904.248,9948.396,9232.232,9018.744,
9,187,,120.08076412249436,3.6921403,6849.596,7074.837,7079.544,7059.418,6929.0283,6720.8384,7128.719,6934.8564,6894.0864,
,188,,276.1078046343172,4.0292096,283.23593,321.12253,333.77463,315.55405,304.9292,326.02383,322.15662,328.1724,306.3975,
,189,,311.1236901387372,5.27904,210.41457,228.87802,210.72337,233.648,240.1742,181.6643,239.29703,207.86728,210.60074,
39,190,,501.1689076367126,5.331896,168.31633,168.07375,162.06953,153.43958,149.03815,167.06258,151.82329,78.95196,178.5977,
39,191,,479.1870142998553,5.3380113,826.88043,847.9395,848.8082,865.72906,817.08215,834.49774,839.2335,758.0609,837.16644,
,192,,609.6583902460183,5.4923224,40.428432,107.38964,113.077515,101.6883,123.61556,10.848423,138.53088,70.02633,79.67857,
,193,,616.6513471407563,5.495124,7.9939604,82.4885,98.93156,145.7134,133.08133,49.841957,156.4832,73.926476,71.13085,
65,194,,608.6681593502922,5.489929,233.96558,229.86581,262.62054,230.09828,262.22577,207.4832,243.43483,71.63887,237.97523,
65,195,,597.6778973381337,5.4932384,1131.0203,1190.6112,1177.6244,1130.1821,1127.5034,1136.5585,1159.3354,1097.3463,1150.5427,
75,196,,217.10461357854734,5.6075497,899.3253,579.76996,571.9374,641.1974,633.92053,863.97217,627.5726,558.25885,902.6946,
75,197,,195.12264165612936,5.609433,339.21704,198.0451,177.97781,207.29718,204.27414,322.42615,197.60732,172.95538,327.4776,
,198,,376.15401730229905,5.6571445,56.53613,61.70981,85.766014,81.080025,87.26203,44.720184,89.42707,68.703995,73.91226,
,199,,525.1825229480099,5.7062407,851.72656,843.1742,786.6693,820.1659,812.9284,835.1049,848.3574,843.4677,839.8626,
,200,,120.04434619206523,5.7067113,64.68275,43.921074,78.5605,67.99456,95.41303,100.38652,109.63067,95.31078,85.66671,
,201,,367.6406080501638,5.896939,336.89218,329.85648,340.4317,198.16615,196.7639,307.02176,207.632,326.9192,323.3631,
,202,,344.10033560059105,5.993667,68.30879,42.293552,91.05001,96.427475,106.601204,52.142387,106.398026,81.24323,76.75253,
58,203,,334.132162049231,5.9931984,608.9824,619.3657,644.0373,718.52747,699.05316,411.00275,728.2526,614.5877,614.75116,
58,204,,667.2567017579703,5.9932055,282.35764,288.398,305.00305,303.7987,293.72455,192.85542,304.0287,288.25302,265.59045,
25,205,,188.0705435316467,6.0706167,541.53326,602.12244,611.0597,623.1133,597.51416,551.66595,625.65533,587.7157,575.73724,
25,206,,205.0971548497607,6.0715594,220.57666,352.74844,346.55368,350.66635,338.45508,284.6824,365.20026,324.692,328.8947,
,207,,151.07535451354585,6.309625,0,151.6804,148.0953,171.49797,152.4099,12.891384,171.62296,150.5466,11.815646,
15,208,,261.1308876200643,6.325068,536.32007,305.2782,291.34665,271.78412,253.90944,517.44885,253.89294,290.2262,561.0426,
15,209,,239.14898349336968,6.326938,307.97775,162.2078,163.4427,124.17926,109.7526,327.3738,119.63788,156.29567,347.0143,
15,210,,298.0968074916434,6.329767,252.41599,265.03662,248.91249,271.97507,262.54324,234.47626,254.09866,254.5631,259.78992,
,211,,223.05345704570783,6.378439,142.27768,169.75612,153.47289,160.45465,167.14124,161.06586,176.4816,175.32356,173.62294,
,212,,211.08659979417132,6.429434,2191.8057,2263.9219,2252.5337,2480.0312,2265.4604,2253.6914,2418.741,2284.0728,2317.4182,
,213,,553.1772735249983,6.4426775,201.33627,213.5481,183.16084,184.74274,194.97395,204.7695,206.8308,195.86511,207.74222,
,214,,295.1288374327609,6.6663775,185.2677,208.05858,184.97246,198.22551,196.02715,175.69212,198.48029,187.62895,203.2155,
,215,,305.15690744493077,6.8122387,249.29616,197.74887,167.51355,167.1728,146.96815,228.90265,173.16103,36.160263,258.21207,
,216,,283.1749737969966,6.810344,173.55896,116.82916,89.28264,82.56697,92.46706,173.11264,85.02617,26.881985,184.371,
82,217,,148.0617382302868,6.97365,76.90322,285.5461,280.24753,290.44373,280.5057,85.30066,286.88263,268.09985,92.57465,
82,218,Kinetin: [M+H]+: 0.992;Kinetin: [2M+2H]+2: 0.992,216.08801865956818,6.976956,4097.1987,9889.225,9758.544,10294.726,10147.008,3961.021,10291.117,9840.244,4175.4346,
,219,Phlorizin: [M-2H+Na]-: 0.986,457.11166922858047,7.1618905,568.4665,565.5475,535.7721,539.2174,518.98596,534.18726,548.65,565.42224,571.96545,
,220,,195.08771992044115,7.2732315,3808.691,4089.1323,3962.1108,4103.344,4051.4907,3759.5332,4228.0327,3935.8203,3940.7952,
,221,,217.06962708457522,7.2741613,97.8234,80.92557,70.58302,38.340416,58.747787,99.81071,63.00199,71.57223,96.49919,
,222,Trimetoprim: [M+H]+: 0.977;Trimetoprim: [2M+2H]+2: 0.977,291.14525998373676,7.442107,15290.479,37961.082,37607.67,39146.14,38186.74,16922.107,38570.04,36383.12,16895.121,
,223,,261.09826630710614,7.4428387,0,69.442566,62.953697,34.592865,25.729784,0,46.26676,79.26001,0,
,224,,348.5771343672639,8.16163,255.95004,682.7509,661.0223,785.3811,771.37,454.06995,733.8025,631.4435,443.79248,
,225,,203.0016804725754,8.1673,14.522937,137.23485,133.05188,165.45123,143.01237,69.21066,161.40402,86.087166,22.99815,
1,226,,275.0570783157366,8.163062,28.197016,263.25885,240.34247,258.61328,256.7635,188.98941,275.40988,253.04587,181.16586,
1,227,,499.09614272849547,8.166843,52.427902,207.54153,196.80429,167.73155,157.4878,87.52413,163.382,175.9169,113.38652,
1,228,,515.1183609361436,8.162136,206.42227,357.6252,328.60388,408.09848,386.09006,225.79575,392.06726,313.99973,230.65768,
1,229,,348.0753111104363,8.161643,901.5732,1770.9177,1730.9232,2005.4159,1959.7268,1157.9325,1965.2336,1624.1263,1188.4713,
1,230,,517.1074457361543,8.163522,1620.0841,2507.4775,2378.2585,2549.4727,2505.1467,1674.0493,2562.5083,2248.9116,1710.5828,
1,231,,549.106486227603,8.1635475,218.23943,332.72702,324.74643,317.55087,298.8206,238.6664,288.65012,308.85583,236.06584,
1,232,,119.04911537184823,8.164471,1703.4045,3455.6982,3385.8013,3185.6885,3157.1982,1739.2787,3257.1726,3276.922,1745.796,
1,233,p-Coumaric Acid: [M+Na]+: 0.992,187.03659543944067,8.164941,2146.6758,4831.725,4812.9717,4912.7334,4912.5566,2268.5532,4931.882,4592.298,2233.2385,
1,234,p-Coumaric Acid: [M+H]+: 1.000;p-Coumaric Acid: [2M+2H]+2: 1.000,165.05461888321526,8.164948,10929.243,21916.668,21901.227,23307.125,22958.271,11312.293,23170.082,21113.973,11291.535,
1,235,,547.0670861286967,8.164943,416.152,805.848,766.6992,804.04224,799.6385,447.23285,822.8655,725.2624,454.9104,
1,236,p-Coumaric Acid: [M+H-H2O]+: 0.994,147.04403032295852,8.165423,15448.721,30609.883,30068.295,31288.64,30917.568,15838.172,31636.17,29156.91,15989.233,
1,237,,430.0989674496707,8.165867,262.1142,466.25476,460.87988,523.6833,490.41177,295.19125,517.92365,431.91916,282.8987,
1,238,,695.143212120195,8.16731,509.23813,910.56757,861.1668,952.57715,926.36646,545.4707,936.95935,781.45605,547.156,
1,239,,91.05423924357812,8.168252,140.45694,324.27673,327.6249,295.66788,284.13837,130.42056,278.60025,319.96432,123.55683,
1,240,,537.1131704781933,8.168233,137.08957,254.11069,236.1758,242.52739,223.30954,141.5968,240.23332,194.0681,151.61243,
1,241,,681.1557696960305,8.168252,263.85474,481.49878,455.1033,476.05008,462.09155,281.91757,479.09064,423.25204,279.52722,
,242,,424.0475332112629,8.165422,27.394508,205.73376,173.3417,21.939669,105.53755,125.85376,118.97763,147.69495,131.90942,
1,243,,383.0209236674852,8.170139,220.5783,357.36374,355.69235,382.9002,379.02725,251.18059,369.38434,324.2283,253.7176,
1,244,,531.0959410618151,8.170615,712.89655,1058.8484,1012.58154,1122.4801,1088.4286,742.10315,1124.2943,968.2635,756.96857,
1,245,,367.04874932622283,8.171083,514.48773,748.518,727.4709,778.25385,755.81854,519.7534,791.691,680.79144,547.01556,
1,246,,443.105297082946,8.171553,2412.0667,2711.7898,2646.697,2694.4004,2646.8013,2533.921,2686.2302,2426.0486,2540.576,
1,247,,679.1656125934592,8.171575,185.8508,368.44238,356.56168,396.89157,405.0716,200.11784,395.87613,325.45868,212.1492,
1,248,,546.0606988030985,8.172028,499.794,749.77386,744.9443,715.0435,676.7221,512.9746,684.9027,686.625,523.9206,
1,249,,445.1029052131642,8.172969,223.3525,237.05345,214.98705,217.92996,202.40593,222.21991,222.6802,206.80354,227.87367,
1,250,,385.05922913068275,8.17344,217.55014,352.38654,321.7299,302.146,298.3871,231.56192,289.63052,309.17093,240.85184,
1,251,,266.0519506189772,8.178165,78.591736,229.98618,219.38158,284.46695,255.96034,142.68196,277.9631,109.77475,143.34268,
,252,,365.01036997621645,8.17015,14.027337,137.86084,129.50851,98.62445,52.756382,26.129272,58.079536,35.298035,19.655245,
,253,,371.07045814689616,8.18049,24.44436,40.535957,82.9596,13.718364,13.866461,60.60515,19.140736,27.79327,38.968754,
,254,,245.59147398455013,8.290041,182.5596,199.86145,188.83542,211.38824,188.84956,198.54172,189.84784,189.15146,188.16545,
,255,,116.51771853619819,8.431591,43.72932,22.420391,46.23923,52.522865,29.824348,16.175104,28.985073,26.433535,79.94162,
,256,,375.06558541783744,8.432522,101.311935,93.53734,140.79297,69.36643,162.812,95.46977,170.23308,50.938797,84.561615,
89,257,,495.09616238817335,8.41599,593.5264,714.72,711.04596,693.6626,666.67267,589.35645,703.21265,623.6467,616.71643,
,258,,181.033483738839,8.430141,183.47195,120.349,58.455475,111.29059,139.67465,163.88766,68.42129,83.6566,176.8229,
,259,,135.58930176570504,8.437901,0,54.753887,46.714165,45.403694,34.848526,0,42.87748,37.267532,0,
,260,,347.07081827981995,8.429211,70.998184,185.22278,179.38991,172.855,171.80171,67.51076,181.62051,161.07379,126.98557,
,261,,501.06586712242097,8.440548,6.5233755,112.123795,117.64039,131.93254,110.35416,6.255231,103.939514,83.85668,12.65579,
89,262,,135.1665586988322,8.43913,52.60372,265.67862,236.32314,211.08931,198.54695,22.280235,216.10315,166.1097,45.54477,
89,263,2-Methoxybenzoic Acid: [M+H-H2O]+: 0.985,135.04411472306086,8.433918,126347.66,194296.55,194706.38,197210.27,196079.9,126749.93,199340.39,188093.02,128348.5,
89,264,,359.02129963665465,8.435359,642.82623,1203.1079,1182.7653,1132.5781,1118.3977,645.0652,1168.6678,1031.3572,670.8642,
89,265,,172.02818910343936,8.435824,323.13654,431.9146,417.69992,491.03717,492.30194,338.34506,484.5983,381.75873,325.3767,
89,266,,332.0621109598744,8.438655,5.897546,134.85689,139.12917,137.32751,138.79413,6.021406,132.07896,113.34459,25.936321,
,267,3-Indoleacetonitrile: [M-2H+Na]-: 0.575,177.0417161141549,8.43819,197.0612,244.75253,287.16916,209.87856,317.63687,110.734604,317.1965,272.2548,142.33084,
89,268,,135.11098713354113,8.4391365,43.14038,571.74133,527.60376,438.56635,387.11578,36.3824,389.23618,325.32147,50.888798,
89,269,,105.0334924285488,8.442457,58.20749,188.3678,182.23181,163.76564,174.38399,72.956184,160.88826,175.90817,70.13248,
89,270,2-Methoxybenzoic Acid: [M+K]+: 0.820,191.00978211537475,8.436769,190.03569,323.0008,305.86633,336.2136,347.2163,180.00876,345.55795,275.47815,200.27895,
89,271,2-Methoxybenzoic Acid: [2M+Na]+: 0.989;p-Coumaric Acid: [2M-H]-: 0.113,327.08386368427165,8.436758,2833.0237,4478.2075,4468.5044,4649.558,4679.631,2832.013,4708.6016,4067.06,2914.8562,
89,272,,343.0489343274796,8.436765,501.1038,818.70105,808.5937,787.1704,776.0196,515.74963,797.5406,721.17554,557.4645,
89,273,,135.15768921041027,8.437716,91.43949,406.2656,408.71814,324.38254,304.0379,89.68025,301.60068,349.0034,88.88993,
89,274,,241.06240070914822,8.440081,41.702545,154.12067,162.50085,188.62239,182.51172,43.170284,196.60579,153.6075,47.090305,
89,275,,317.08454916983504,8.438659,111.61507,244.27641,241.34824,274.6622,252.75966,108.44136,273.8021,223.67923,106.543396,
89,276,2-Methoxybenzoic Acid: [M+Na]+: 0.989,175.03660732884907,8.438184,26279.973,36292.008,36283.86,37878.35,37842.168,25991.04,38430.957,34253.785,26635.182,
89,277,,135.0246471288575,8.4381895,126.15175,342.8264,335.9858,323.19946,314.5016,129.141,330.32138,338.38773,129.54897,
89,278,,240.06312991221571,8.438198,435.85446,818.8084,820.46875,959.18835,940.6315,447.29156,967.25323,746.2224,467.41013,
89,279,,153.2219347718155,8.439322,0,94.37746,95.23596,89.522545,89.86736,0,89.01753,80.42648,0,
89,280,,135.45392179181204,8.438609,0,109.31185,123.05943,108.28913,112.419716,0,111.592285,107.94066,0,
89,281,,256.0381239118693,8.438656,239.94547,512.4902,507.15884,534.9299,537.70123,241.24481,542.284,475.48807,259.12955,
89,282,,248.0519138650967,8.438667,2626.7568,4699.9023,4601.8354,5129.1646,5064.357,2616.7515,5233.307,4230.435,2694.5916,
89,283,,257.0571600842335,8.438671,681.32935,1075.9655,1069.0376,1051.3184,993.50653,675.57166,1028.7501,979.4829,708.52185,
89,284,,511.0666707495146,8.438655,335.33044,656.17706,670.83124,670.83594,641.26654,340.6677,656.7744,583.313,370.78427,
,285,2-Methoxybenzoic Acid: [M+NH4]+: 0.992,170.08113683288994,8.439605,76.79425,157.45934,156.29956,135.91608,112.76265,112.22198,133.56114,151.00351,116.16742,
89,286,2-Methoxybenzoic Acid: [M+H]+: 0.997;2-Methoxybenzoic Acid: [2M+2H]+2: 0.997,153.05463274864667,8.43913,36432.777,73189.0,73526.91,76588.625,75472.45,36169.953,77049.46,68531.836,36640.074,
89,287,,135.20137069378868,8.439132,534.49976,1616.4996,1624.1246,1495.715,1480.876,522.1175,1507.0048,1561.8666,535.4422,
89,288,,316.0868047034792,8.439128,323.48975,644.80383,658.13525,737.8916,742.1254,327.8363,771.44476,585.4881,334.61926,
89,289,,135.33175448645272,8.439596,557.4768,1636.3735,1644.7693,1512.2578,1492.3975,550.2647,1537.66,1536.285,551.6311,
89,290,,120.0205792845746,8.439602,254.01866,530.5873,530.3669,501.54013,487.7355,246.3718,491.97238,501.9572,246.49034,
,291,,153.36052268254141,8.436475,0,47.16148,49.21916,53.560234,45.642788,0,45.659958,36.95184,0,
,292,,107.04926985536143,8.438372,0,107.62083,108.249146,60.43915,94.70024,0,101.903275,107.552155,5.9015155,
89,293,,77.03871997111685,8.44007,131.76807,313.97345,325.97113,293.98077,301.56534,139.73166,291.77747,296.34015,142.50568,
89,294,,135.31716009278205,8.440073,373.42493,1359.6233,1389.4365,1379.4972,1345.146,383.9452,1353.7931,1251.4153,403.3961,
89,295,2-Methoxybenzoic Acid: [2M+H]+: 0.970,305.10208342626584,8.440069,694.83093,1891.0238,1891.295,2019.96,1957.2998,716.6467,1988.0433,1718.587,715.2506,
89,296,2-Methoxybenzoic Acid: [M-H+2Na]+: 0.999,197.01850684637782,8.440089,562.7299,668.1734,657.5403,644.0836,658.7997,573.21545,670.9736,635.4721,559.0285,
89,297,,324.0755869507599,8.440078,3215.2942,5999.6357,6012.0215,6798.4204,6625.1255,3138.3074,6848.203,5432.2393,3263.005,
89,298,,92.02568160237793,8.440556,384.40067,771.34045,775.46423,694.1963,660.28845,382.61816,661.482,745.9031,380.68436,
89,299,Phlorizin: [M-H+2Na]+: 0.880,481.10762820328324,8.441021,2251.0486,4157.383,4101.5063,4350.6685,4234.2783,2244.7502,4340.1543,3625.5554,2308.8572,
89,300,,479.1185727175124,8.44244,151.77396,274.95407,273.3796,293.64462,281.69727,154.32027,288.51794,231.21864,154.47202,
89,301,,510.06089411792084,8.443859,575.16907,1057.0015,1070.5499,1012.72626,985.21,574.7065,1009.8356,913.93787,592.27637,
,302,,361.05956064867,8.434895,80.68933,175.851,165.50343,59.539516,56.867897,59.091373,46.819004,147.77495,83.73454,
,303,,371.0477613865863,8.440104,158.11385,189.46307,121.62463,159.03741,177.4978,168.80544,61.780888,33.639057,136.36708,
,304,,477.1049099177575,8.501017,32.886814,109.911896,79.51544,154.32779,166.5581,12.915177,108.10835,120.29168,0,
,305,,401.08124504110214,8.507111,245.83951,539.70483,462.1903,618.10455,640.27576,230.84384,514.84033,524.0977,216.10182,
,306,,409.06755316430946,8.502358,0,78.49739,57.195324,92.689705,112.828445,0,72.47605,80.540886,0,
,307,,787.1661170010857,8.502353,0,37.668663,18.89398,48.765167,65.048485,0,26.251724,44.255764,0,
,308,,393.09247424519407,8.506583,0,69.983345,37.054905,80.10996,97.15513,0,53.886745,65.68508,0,
79,309,,630.1339415228921,8.528325,6.345807,398.22467,389.98227,448.14047,437.1196,66.63852,457.00644,326.38095,44.11464,
79,310,Rutin: [2M+Na]+: 0.965,1243.295644366079,8.53132,0,99.059006,104.69443,101.586716,105.34614,0,102.69097,86.55077,0,
79,311,,465.10237318711864,8.531342,0,174.69698,180.1737,166.56055,160.54051,11.8790245,159.29254,139.38773,44.88839,
79,312,Quercetin: [M+H]+: 0.997;Quercetin: [2M+2H]+2: 0.997,303.04991622847683,8.530683,162.41208,495.64517,511.25333,417.9187,414.5274,172.62332,444.81274,419.5669,201.04791,
79,313,Rutin: [M+H]+: 0.968;Rutin: [2M+2H]+2: 0.968,611.1608192461256,8.531636,1506.8418,4125.8203,4114.6387,4269.7524,4167.1436,1737.8712,4286.4634,3474.1553,1861.2317,
,314,,829.1767967907962,8.5405035,0,70.31582,75.643364,71.0338,68.20938,0,80.96352,26.695427,0,
79,315,Rutin: [M+Na]+: 0.995,633.1425768733272,8.545277,745.1736,2054.1062,2138.7024,2039.8461,1982.4302,843.19183,2221.0515,1661.479,930.27075,
,316,,422.0864667391892,8.555653,221.88948,640.33264,681.3165,697.6723,664.92523,235.2552,771.6608,465.92746,311.97034,
,317,,162.03114233165712,8.596495,0,77.0509,89.81858,58.28121,70.17543,0,72.37729,75.06504,0,
,318,,219.0524765808076,8.592013,13.408136,120.83817,138.90007,98.77212,98.40318,18.855,137.44994,112.31683,12.56568,
92,319,,637.0992068762731,8.592004,543.11395,937.9952,923.39496,904.33435,932.362,529.2014,900.80554,753.54596,583.5428,
92,320,Trans-Ferulic Acid: [M+Na]+: 0.975,217.04722737041655,8.593437,6149.9585,12546.603,12633.988,13025.299,12924.678,6368.209,12789.384,11438.99,6263.734,
92,321,Trans-Ferulic Acid: [M+H-H2O]+: 0.986,177.05467605869043,8.593913,26627.947,51877.12,51591.7,53288.395,53349.332,27187.555,53306.47,46645.45,27590.143,
92,322,Trans-Ferulic Acid: [M+H]+: 0.980;Trans-Ferulic Acid: [2M+2H]+2: 0.980,195.06526542383972,8.593913,15472.407,30737.291,30547.537,32526.27,32303.094,15949.436,32219.53,27591.332,16065.21,
92,323,,145.0284309750473,8.594387,990.0468,1992.8014,1959.6825,1981.5431,2014.9984,1006.0893,1989.2223,1797.7935,1056.3187,
92,324,,134.03623136524777,8.594849,165.61684,407.79938,416.42188,359.15073,350.201,182.13446,368.48566,369.18018,182.09026,
92,325,,89.03865023444212,8.595332,150.66518,362.15387,347.0523,317.4272,320.55814,165.89581,305.0811,333.46167,158.85777,
92,326,,117.03347135832539,8.595333,373.26773,779.27655,782.57715,729.8589,731.47565,396.69232,735.6423,729.6088,373.8027,
92,327,,149.05972079981808,8.595333,1160.2703,2351.6814,2334.3088,2142.0154,2183.8943,1197.9838,2192.4207,2128.818,1214.1998,
92,328,,443.04167733447696,8.595342,215.5824,312.21503,309.14282,312.767,323.99142,195.15816,306.4464,251.03642,253.20728,
92,329,,799.2081425432094,8.595332,376.302,628.6458,627.7056,658.93475,654.73773,390.4216,633.8777,483.15338,402.65378,
92,330,,801.1985697178271,8.595791,623.2305,1084.236,1052.3182,1078.1301,1081.039,630.24023,1077.1293,877.79443,656.59595,
92,331,,815.185756068151,8.595813,831.9127,1293.6525,1245.0273,1334.5742,1339.541,883.4055,1313.2207,1024.1771,885.55945,
92,332,Trans-Ferulic Acid: [2M+Na]+: 0.940,411.1047954665066,8.596265,431.89035,869.4081,845.32404,826.31226,816.2119,472.51035,823.2221,716.88464,432.4752,
92,333,,607.1393032462981,8.596275,1733.2097,2673.4263,2622.8418,2722.085,2705.361,1783.2673,2661.4133,2189.7634,1828.1864,
92,334,,627.1448865752618,8.59673,205.89165,381.56134,356.11118,385.1836,357.35916,204.03976,378.4495,282.346,209.235,
92,335,,235.0575798544054,8.597694,35.15002,188.28227,183.69705,151.13768,139.48776,73.5067,149.5516,155.51616,71.36657,
,336,,194.05732703264843,8.598624,61.92633,130.6853,155.68661,151.80197,158.5112,76.45615,137.42435,70.4313,64.89201,
92,337,,408.09663978280054,8.599592,1382.6154,1915.1245,1882.2554,2067.843,2083.083,1442.7822,2031.9457,1635.8245,1456.564,
92,338,,636.0926984916243,8.600061,418.02567,601.10583,603.00836,557.66046,562.40643,420.37177,549.85144,485.35486,452.02286,
,339,,627.0977628609594,8.600513,7.108387,120.2312,128.57141,124.20843,119.871475,13.968252,93.174126,54.399963,26.12431,
92,340,,505.1255428809703,8.600542,1151.3801,1679.766,1596.0232,1795.5233,1790.2753,1197.1592,1778.7405,1425.919,1212.6238,
92,341,,605.1501789954898,8.600536,196.19858,332.3319,311.0049,352.91568,349.6117,203.41855,339.23856,248.52853,221.52791,
92,342,,830.1505341615716,8.6019335,91.34158,232.67719,230.4529,217.58868,237.19357,128.53714,214.09264,160.50244,142.48512,
92,343,,621.127677976351,8.60101,608.9516,852.9811,831.7371,833.5338,840.9955,637.4849,821.9084,669.0559,645.9276,
92,344,,427.0699229651043,8.6014595,274.42694,362.80606,364.91824,343.97296,350.4985,256.28952,344.54922,268.413,293.59976,
92,345,,639.1380559933493,8.6038265,125.65276,278.79285,283.68082,228.6919,229.39215,206.29959,212.76653,214.4286,225.56328,
92,346,,409.09809091415894,8.600063,109.57666,276.08752,260.1598,280.32468,284.4518,171.33134,271.5552,234.03796,178.80241,
,347,Quercetin: [M+NH4]+: 0.124,320.07297088983046,8.59911,62.520985,63.19841,112.27727,88.96352,31.07142,96.657326,33.54433,14.561928,82.45946,
,348,,484.06857873852954,8.602375,45.862118,239.34402,231.51736,222.83983,215.86862,112.3517,220.24904,65.32569,185.07294,
,349,,445.08046084308603,8.600532,69.3746,123.58182,80.95818,40.93437,13.4411125,85.636154,33.101467,42.806324,71.34066,
,350,,311.0676454161413,8.602874,35.607162,131.41887,43.330715,154.11111,126.051865,71.48378,123.15254,10.818468,45.47761,
,351,Trans-Ferulic Acid: [M+NH4]+: 0.449,212.08952681040068,8.646703,0,54.620094,56.53466,58.864105,59.21364,0,37.13554,25.448126,0,
,352,,294.2274034720665,8.850666,241.05537,639.3756,622.91534,665.65924,642.1902,210.10114,654.5573,583.9419,234.8554,
,353,,163.1328627959154,8.865768,475.34662,405.2874,398.1135,611.5435,612.9446,468.35715,644.9066,362.72333,471.1085,
,354,,107.0702634824553,8.868598,46.904266,33.802628,13.8990755,147.22293,130.32228,6.8885574,164.98088,26.989609,14.137424,
,355,,185.11482907133444,8.885627,4776.1553,4830.282,4829.4443,7353.9707,7427.957,4686.6426,7333.04,4394.463,4770.0757,
,356,,174.03892756496896,8.942242,34.411858,109.721466,115.97199,73.91939,34.75206,14.084505,75.239044,71.72081,34.439247,
106,357,Indole-3-carboxaldehyde: [M+H]+: 0.981;Indole-3-carboxaldehyde: [2M+2H]+2: 0.981,146.06011679166866,8.935607,141289.06,208457.72,210271.22,214616.05,212590.25,142884.69,214263.23,192932.53,143203.17,
,358,,145.05199569431622,8.94413,84.90611,166.8821,166.34615,134.48648,150.43446,46.570625,152.63184,85.299225,77.43514,
,359,Indole-3-carboxaldehyde: [M-H]-: 0.724,144.04438337050246,8.941291,74.11477,143.39496,173.54431,106.487335,102.80531,104.04174,60.34139,55.89287,95.93855,
106,360,,253.56832474795172,8.938441,511.2352,970.11273,976.145,1094.4227,1086.452,527.3969,1065.3302,831.88745,522.8989,
,361,,146.6266593914335,8.93866,0,90.00906,88.54063,25.745716,0,0,12.417212,78.33163,0,
106,362,,165.03355322176608,8.938913,144.56317,292.80014,282.55536,293.99847,295.56808,144.06715,304.1206,242.02928,151.95584,
106,363,,310.08640475032615,8.938915,1562.3604,3052.9834,3048.3062,3641.0627,3547.1445,1564.7294,3571.7556,2510.5176,1602.5535,
106,364,,146.1873807854894,8.940341,55.68404,314.47357,330.57214,253.48299,286.57117,59.314865,294.67136,73.70987,61.733456,
106,365,,146.3440304684059,8.940334,526.0606,1594.5365,1622.5352,1531.1421,1485.0641,511.3589,1509.6664,424.14343,528.19574,
106,366,,239.570974298508,8.939391,392.71478,858.52277,844.82043,951.47363,918.18243,377.23163,905.79193,723.4881,388.9202,
106,367,,146.12961548210995,8.940803,45.006668,629.6251,585.01306,462.63916,456.57895,34.79069,496.0186,351.5573,55.50364,
106,368,,91.05426373152356,8.94032,607.3869,1191.1283,1216.7681,1039.9557,999.46747,624.8395,1034.3103,1072.3506,621.46075,
106,369,,118.06511862204638,8.940334,28843.281,53610.234,53680.414,51618.99,51221.42,28903.479,51595.105,47917.758,29347.639,
106,370,,146.178417594338,8.940341,109.34712,464.95633,469.0711,406.21616,366.12097,107.04509,382.33374,408.1949,127.13625,
106,371,,146.03894580745,8.940347,140.95694,381.18524,398.11838,397.53427,382.39648,151.23567,384.8063,356.2226,150.93129,
106,372,,245.54622155878621,8.940342,513.77167,1070.2899,1079.3081,1166.4109,1154.2056,518.85614,1164.8055,896.95917,532.16046,
106,373,,237.56003513845178,8.940348,645.7445,1285.4312,1290.1938,1487.1609,1453.1053,644.8151,1457.8925,1103.6814,670.2246,
106,374,,246.56527277553693,8.940811,489.6464,816.26373,829.4216,842.62714,818.4357,515.1815,813.21875,695.78827,500.66177,
106,375,,229.5713666677098,8.942685,20.52044,131.32947,131.4705,172.70471,165.78156,6.119728,149.7437,80.87702,20.283594,
106,376,,382.61280944423027,8.940336,49.820213,180.25339,154.32193,214.89224,205.7067,28.592617,208.63564,93.40368,44.336395,
106,377,,146.35911134331892,8.9412775,744.14215,1845.6588,1871.847,1837.979,1809.5162,746.97266,1862.151,1717.0981,740.4224,
106,378,,302.0975913748484,8.941265,350.18494,714.6693,712.8805,873.9933,871.0705,343.85156,862.486,589.35034,360.95065,
106,379,,240.56920533357757,8.940336,134.74556,315.68945,307.93802,324.6461,302.614,138.43356,208.31792,262.34406,133.34134,
106,380,,146.2238640051343,8.941755,696.3903,1845.2173,1868.4933,1804.4025,1758.8112,691.5568,1800.8661,1770.0417,704.2644,
106,381,,303.094889887092,8.941749,108.02965,331.1588,334.33707,401.3184,392.15344,108.46303,408.28033,286.83066,107.08173,
106,382,,146.48660616287134,8.941911,0,171.36385,183.84457,142.86603,126.71042,0,144.18979,169.48979,0,
106,383,,117.05730939987221,8.942227,2585.0742,4762.61,4809.2944,4259.064,4190.6533,2579.0156,4283.5356,4348.084,2595.3792,
106,384,Indole-3-carboxaldehyde: [2M+Na]+: 0.995;Indole-3-acetyl-L-valine: [M+K]+: 0.956,313.0947261641547,8.94271,358.93323,664.8316,662.1676,663.1104,640.6603,356.78778,669.0252,542.49817,344.27402,
106,385,,318.0726093210515,8.94363,93.44381,277.04938,289.09216,307.9755,323.1691,101.85023,316.33383,232.22095,90.59884,
106,386,Indole-3-carboxaldehyde: [M+Na]+: 0.989,168.04202514313397,8.944591,5401.639,9208.956,9299.845,9479.561,9265.093,5360.2803,9446.912,8325.294,5336.0273,
,387,2-Methoxybenzoic Acid: [M+H-H2O]+: 0.999,135.04405726211095,9.037999,1437.7634,3939.442,3668.9324,4268.787,4185.5156,1186.1096,11780.841,3107.4224,1576.3564,
,388,2-Methoxybenzoic Acid: [M+H]+: 0.995;2-Methoxybenzoic Acid: [2M+2H]+2: 0.995,153.05464037605873,8.837889,90.95029,884.43134,742.00793,930.61304,1041.219,75.28674,972.39435,743.7384,35.105373,
,389,2-Methoxybenzoic Acid: [M+Na]+: 0.999,175.03656733971818,8.841642,159.49437,1075.3253,1057.7664,1454.7583,1518.6886,95.86324,1418.8588,846.0926,111.8927,
,390,,243.08754411862253,9.248608,92.049835,81.840576,74.43716,87.31968,75.246735,91.34089,89.04909,63.617985,105.967155,
,391,,892.7559525057271,9.328848,152.419,122.57398,186.62701,199.17667,350.57178,195.18733,222.05362,60.240505,321.655,
,392,,675.1891634255131,9.301982,68.07888,33.642727,48.869667,39.966526,85.75846,55.122513,40.540848,30.388906,54.45717,
103,393,,927.1997205484588,9.376099,111.36888,110.70695,105.52507,37.394836,74.36291,100.338936,81.05763,89.24105,100.78862,
,394,,892.2543497455355,9.360518,115.22892,374.646,239.85133,357.45392,282.25714,323.09778,143.30505,61.65917,262.27628,
,395,,896.2654054971657,9.354891,183.98666,364.91788,349.61792,271.6467,125.35429,298.00104,284.6079,73.54218,309.51624,
51,396,,461.10196492312247,9.342598,155.55917,235.81584,209.84558,140.81993,226.45135,292.81717,97.66344,63.090233,315.08948,
,397,2-Methoxybenzoic Acid: [M-H]-: 0.717,151.03893708362156,9.310027,63.231476,159.31502,180.42305,139.71117,124.413246,71.50959,116.76052,163.05762,71.878426,
,398,,674.6876817567128,9.324167,204.31557,588.5695,488.31836,211.5239,517.72614,228.432,600.9003,530.41626,533.98004,
53,399,,761.2494246997996,9.313462,0,111.30056,114.42068,130.15318,130.04515,0,128.36725,94.55702,6.094571,
53,400,,169.04956626659498,9.313326,2153.3367,3693.709,3683.9358,3616.6006,3581.2043,2157.8591,3650.2122,3498.888,2217.9543,
53,401,Phlorizin: [M+H-H2O]+: 0.975,419.13355698705817,9.313324,356.95013,722.27374,731.52014,701.7762,684.4154,378.9704,691.8973,686.6358,382.83636,
,402,,1035.3334159633953,9.315225,0,129.42595,125.52571,118.53867,123.11145,0,130.58691,118.60502,0,
53,403,Naproxen: [M+FA]-: 0.749,275.09149123967484,9.3142805,37315.59,63081.848,63512.492,65663.32,64795.434,37978.418,65011.72,60706.88,38454.33,
53,404,Phlorizin: [M+H]+: 0.975;Phlorizin: [2M+2H]+2: 0.975,437.1443215777885,9.315232,4517.3667,8327.87,8366.038,8639.799,8542.023,4622.3857,8675.865,7899.0415,4743.146,
68,405,Phlorizin: [M+Na]+: 0.993,459.1261380132082,9.316165,6245.6006,8230.618,8142.104,8093.487,8151.272,6246.729,8151.769,7528.176,6387.398,
53,406,,599.1971418682896,9.316642,2100.4497,4328.6353,4330.2397,4436.686,4397.5903,2189.9568,4432.8955,4037.698,2241.3013,
53,407,Phlorizin: [2M+H]+: 0.974,873.2809914223972,9.316642,597.5252,1266.1512,1254.0812,1238.469,1236.246,614.70276,1282.8887,1156.8866,624.1956,
53,408,,711.228037470316,9.315681,13.196981,150.81909,143.06212,132.17393,128.55437,12.949974,130.011,118.5935,20.396236,
53,409,,107.0491491237533,9.317119,4378.974,7485.3228,7504.7407,7001.7017,6955.074,4433.831,6973.2964,7221.847,4460.2256,
53,410,,149.059705827916,9.318064,945.9319,1648.8788,1642.8296,1717.9414,1694.9592,967.03723,1716.4855,1564.8773,970.0372,
53,411,,317.1018731712387,9.318069,214.36485,444.30493,448.9356,447.7208,429.51764,228.74808,420.21008,419.97665,228.97173,
53,412,,127.03896380508861,9.320414,148.78255,268.01868,271.05844,267.3781,263.60925,132.85713,272.37726,264.8766,137.69458,
51,413,,456.1177061137688,9.335491,1192.0901,1475.8843,1451.0974,1603.517,1563.8524,1169.942,1533.5533,1329.8826,1236.838,
,414,,456.61940967808937,9.35205,343.3515,215.05203,352.4585,680.4939,669.04877,528.33997,664.6909,583.83044,550.875,
103,415,,674.1860798494397,9.351543,720.91486,857.19214,837.5159,855.38965,832.05756,737.8555,829.7769,762.74457,755.63495,
68,417,,238.04934792097836,9.36812,1192.1976,1566.9778,1451.7103,1696.3997,1661.25,1110.6239,1679.8384,1487.9509,1206.0005,
,418,Phlorizin: [2M+Na]+: 0.887,895.2623030809528,9.37087,691.8216,839.2379,815.8912,823.91205,821.4706,683.8918,835.1299,743.74475,712.77985,
,421,,897.2401595861076,9.383181,53.997738,115.37068,99.2501,90.14818,68.94589,90.2007,72.08261,34.88813,103.15481,
87,422,,151.0965590577966,9.394958,115.51958,106.6732,99.54904,198.81874,195.32156,84.736145,196.59691,105.9547,95.64514,
87,423,,229.14114687770228,9.394032,3789.6482,3937.3643,3955.5688,6314.362,6199.6245,3587.5269,6232.5015,3680.6243,3822.8936,
87,424,,207.15915221095764,9.395453,941.5025,901.8687,885.79364,1382.422,1343.6675,913.58777,1333.6023,848.25195,925.761,
,426,,118.06511463350876,9.075798,697.4575,2324.9075,1903.2299,1885.3174,1933.2903,510.59598,2025.7781,102.45372,549.76324,
,427,2-Methoxybenzoic Acid: [M+H]+: 0.981;2-Methoxybenzoic Acid: [2M+2H]+2: 0.981,153.05469778409872,9.262822,0,1099.9368,396.868,686.0454,448.65536,0,304.99777,69.20328,0,
,428,,218.21148226097094,9.505488,116.43842,96.131004,104.075806,181.48843,195.89429,124.59788,171.64545,105.32704,125.00052,
,429,,273.07582805173627,9.562138,7.368658,190.37343,130.61147,202.908,201.17178,25.95586,212.58951,190.63805,20.274723,
,430,2-Methoxybenzoic Acid: [M+Na]+: 0.993,175.03659128481402,9.251926,6.494214,354.77472,273.98746,430.7123,460.74713,0,432.40894,1982.9192,6.726966,
,431,,234.20641951875828,9.785985,1088.8989,753.44824,770.18884,968.3729,950.54205,1111.3279,972.1061,734.29834,1134.2698,
,432,,251.18528999857406,9.792614,0,32.426163,30.74377,115.690926,129.21593,0,121.23685,13.923821,0,
,433,,171.14917688240905,9.811047,357.2475,384.6325,395.81915,563.011,592.7728,372.9497,577.5555,395.96533,371.45444,
,434,Phlorizin: [M+Na]+: 0.933,459.1258981564993,9.544651,313.5197,563.25006,512.7226,1576.9573,750.2427,256.19888,1430.9061,69.89763,463.00677,
,435,Indole-3-carboxaldehyde: [M+H]+: 0.997;Indole-3-carboxaldehyde: [2M+2H]+2: 0.997,146.06002748779136,9.561165,334.98297,2592.4783,433.86816,3146.1873,2912.3862,39.313076,5074.849,803.092,557.9931,
,436,,160.07564787016088,10.20563,50.448776,238.86537,269.79984,249.75323,246.96385,53.555973,274.64032,234.69666,48.924206,
47,437,Indole-3-acetyl-L-valine: [2M-H+2Na]+: 0.969,593.2344958465864,10.362286,306.69473,158.16011,165.79305,155.49399,126.40548,178.89886,125.994675,160.7856,405.5981,
,438,Indole-3-acetyl-L-valine: [M-H+2Na]+: 0.969,319.1027803129712,10.394374,69.046524,70.74383,65.39644,123.87971,109.44668,61.63476,98.90506,69.1315,160.97824,
47,439,,867.3659729770546,10.350937,383.56927,209.05013,191.33139,192.38776,185.07771,610.6774,180.0633,197.89825,315.52206,
72,440,,876.3156091708174,10.35706,277.2518,363.34354,362.5796,303.53598,304.66385,295.87534,300.12894,353.63275,318.99017,
72,441,,861.349781172382,10.358015,1655.8054,2153.4426,2121.382,2084.5222,2109.9397,1701.6776,2102.4043,2117.283,1790.9948,
72,443,Indole-3-acetyl-L-valine: [2M+K]+: 0.122,587.2225174432517,10.36227,895.85504,1146.1115,1131.6519,1031.5262,1065.7848,925.6805,1044.1132,1117.6204,969.1967,
,444,,574.2322120113253,10.376371,265.8692,187.91283,302.30502,319.55807,312.485,247.55968,155.05173,229.69861,313.619,
72,445,,847.3623368975533,10.36884,886.24493,1155.8566,1146.959,1197.2854,1173.0022,899.74384,1148.1588,1129.5771,943.5333,
72,446,,845.379017428815,10.368843,719.32,947.6968,929.8523,913.84033,930.75824,730.06165,933.4671,947.9957,777.07214,
72,447,,573.2291497778627,10.3749695,123.358154,1123.9092,1106.5546,1050.653,1030.844,370.22717,1008.6201,1077.6553,946.5513,
72,448,,1121.4939846473872,10.377338,622.4158,889.9327,880.5165,893.5845,879.7636,653.3355,832.61993,881.0589,684.23303,
72,449,,574.2607303587564,10.378282,261.23425,346.9822,355.57703,330.57278,343.41428,256.44537,353.0909,347.8461,272.14264,
72,450,,877.3214758414974,10.378277,801.28455,1171.7776,1115.8918,1065.7156,1084.1217,831.2077,1095.7819,1122.7706,916.9784,
,451,,868.368969009312,10.349514,95.87418,95.28967,80.359695,81.98808,81.64218,141.18582,78.150345,90.8705,109.62771,
72,452,,294.11267385797834,10.37969,1173.0176,1464.076,1460.7816,1483.0609,1460.0756,1219.221,1453.5424,1459.9768,1283.1466,
72,453,Indole-3-acetyl-L-valine: [2M+Na]+: 0.932,571.2530139165109,10.380164,30120.557,40852.72,39929.848,41308.547,41322.723,31201.555,41347.12,40225.117,32566.66,
,454,,102.04642213132263,10.3886,0,101.10127,110.03186,48.687378,48.47476,0,48.210823,101.95964,0,
72,455,Indole-3-acetyl-L-valine: [M+H]+: 0.932;Indole-3-acetyl-L-valine: [2M+2H]+2: 0.932,275.13928891989946,10.382512,127883.07,199882.36,198113.66,205222.69,204587.5,131531.2,205805.5,197709.52,135825.89,
72,456,,274.13108471248484,10.383936,615.52606,751.6163,734.3274,799.4857,759.34265,620.5443,721.8504,770.6387,629.52716,
72,457,,431.1784809873825,10.383941,638.8758,875.82135,845.76843,887.9786,873.2747,675.85284,877.3739,849.357,720.7978,
72,458,Biochanin A: [M+NH4]+: 0.142,302.09886432789637,10.384409,231.39598,327.08624,347.96454,307.0906,313.56796,226.38159,295.78882,318.96747,269.6451,
72,459,Indole-3-acetyl-L-valine: [M+Na]+: 0.949,297.12116527494163,10.385797,25707.67,34304.59,33616.78,33592.945,33667.777,25548.92,33652.336,33621.49,27073.604,
,460,,1151.4522470453085,10.381084,46.01254,223.70317,194.65433,220.72314,115.6501,73.08812,195.14676,213.18353,170.62509,
72,461,,568.2442270884499,10.387222,412.9123,550.3061,552.79626,567.8611,581.12067,428.52225,583.03937,561.7785,450.21875,
72,462,Indole-3-acetyl-L-valine: [M+H-H2O]+: 0.941,257.1286901749968,10.38818,3699.9082,6542.1763,6452.888,6689.2017,6722.226,3787.544,6768.8726,6375.215,3920.9456,
72,463,,278.14742309999485,10.388642,160.32245,374.77527,367.5551,374.79913,351.995,184.7091,356.96234,363.13824,184.13518,
72,464,,275.5290253115302,10.388654,336.29184,1431.6023,1449.8116,1453.8447,1489.2239,239.74632,1540.6571,1432.3099,489.19354,
72,465,Indole-3-acetyl-L-valine: [2M+H]+: 0.924,549.271094364237,10.388648,37496.973,82388.88,81892.38,86222.87,85264.11,39020.39,85704.7,80896.43,40678.594,
72,466,Indole-3-carboxaldehyde: [M+H-H2O]+: 0.998,128.04946821477253,10.389597,71.499794,209.62164,200.43771,183.46101,177.27184,67.94125,180.76808,210.57689,77.17234,
,467,Naproxen: [M+FA]-: 0.360,275.0950573700436,10.39101,135.74281,315.10626,269.76703,282.0263,277.60406,110.43297,271.67444,316.28186,126.222496,
72,468,,307.12891643890765,10.389126,313.95352,413.38345,435.61908,492.50003,464.05106,318.7331,439.06583,418.2918,327.16327,
72,469,,563.2498638245895,10.387695,54.483734,160.08757,158.05426,195.63358,155.52254,31.138784,147.8625,166.99481,60.192932,
72,470,,229.1337492299803,10.389594,8372.631,15144.578,15030.186,15614.313,15633.139,8568.874,15707.422,14898.068,8896.645,
72,471,,275.3022341981184,10.389599,118.34058,419.94998,444.1695,368.11996,365.06482,118.58349,368.91162,409.44504,118.0457,
72,472,,1135.4819366475542,10.389611,751.62415,1056.3572,1035.1233,1009.59467,979.7198,799.2738,971.1471,1038.7087,833.54346,
72,473,,157.0470828257043,10.390048,379.98343,490.63892,473.1808,567.65466,513.3945,376.24106,534.2438,468.3753,411.24738,
72,474,,549.8216090838241,10.390022,0,116.14663,116.36179,106.66623,108.70417,0,110.96908,121.56958,0,
72,475,,275.3641631449065,10.390068,662.04047,1824.9021,1839.5397,1792.2787,1779.0155,676.32324,1805.787,1806.4836,691.84607,
72,476,,275.549421258584,10.390069,627.26306,1736.0737,1757.1927,1718.0447,1709.9637,649.39923,1708.7908,1729.7571,672.3157,
72,477,,275.2340997307331,10.390712,0,122.914055,126.46951,121.613884,118.5805,0,98.16124,126.32058,0,
72,478,,275.7236605369597,10.390722,0,170.7397,189.62654,154.19724,158.73524,0,168.76791,173.8583,0,
72,479,,549.590119981018,10.390053,5.999035,271.30338,292.2092,284.96872,287.8351,12.18652,304.18057,268.81528,5.8778186,
72,480,,549.849945564583,10.390728,0,185.36163,192.86076,208.01346,200.32224,0,190.88983,172.43513,0,
,481,,552.2794591786146,10.389112,298.566,726.6747,737.3866,746.1446,727.19763,326.36502,743.0171,714.34735,338.06345,
72,482,,158.06008370324594,10.391003,129.28421,316.84155,323.22244,273.77075,291.28757,136.08229,297.23196,300.06073,138.67758,
72,483,,130.0651766386829,10.391015,30837.969,58555.14,59000.22,55543.902,54957.58,31343.006,55311.652,58137.883,31991.604,
72,484,,603.1894148831622,10.391035,364.81686,510.0522,485.83456,407.08478,418.35532,384.08975,410.63113,483.85867,411.44992,
72,485,,103.05426290771412,10.391478,488.4098,1022.0844,1013.7174,861.23444,843.58466,503.80942,869.1919,1024.9009,524.02814,
72,486,,118.08632347402607,10.392426,2022.9904,3552.0205,3538.137,3742.339,3740.477,2057.324,3730.2139,3516.8562,2084.5247,
72,487,Indole-3-carboxaldehyde: [2M+Na]+: 0.960;Indole-3-acetyl-L-valine: [M+K]+: 0.921,313.094585293711,10.394268,888.61,1168.3599,1152.3319,1218.1107,1250.3268,944.0507,1241.4924,1146.8899,960.8948,
72,488,Indole-3-acetyl-L-valine: [2M-H]-: 0.769,547.2551996731096,10.394314,462.22815,1006.9093,1005.733,1012.37604,927.7786,488.87964,897.17865,1017.7541,494.89752,
72,489,,821.3868692154626,10.393833,62.54744,273.61584,294.28497,275.2116,239.22566,94.85346,243.21535,298.77405,81.66162,
72,490,,291.1338703672143,10.3957405,203.72984,371.81796,382.60852,392.88538,383.83325,203.80418,392.27097,383.63275,221.09088,
,491,Indole-3-carboxaldehyde: [M+H]+: 0.993;Indole-3-carboxaldehyde: [2M+2H]+2: 0.993,146.060068226423,10.228188,181.86102,1126.5164,342.01517,2633.069,2873.755,201.10852,969.79486,319.58383,215.91452,
,492,,177.56001064314694,10.399033,312.85895,374.83755,389.10406,424.77115,425.076,340.14816,394.43414,376.72446,343.3571,
,493,Indole-3-acetyl-L-valine: [M-H]-: 0.735,273.1234078001988,10.400911,167.78102,230.79337,244.62517,255.22859,228.44138,178.75969,232.44855,243.10054,182.21938,
,494,,345.10279675588805,10.409869,155.11868,141.76436,275.9594,148.21912,283.81815,98.385956,145.92555,283.9076,250.83401,
,495,,1119.504486880133,10.382529,80.94692,54.07065,154.96295,184.51642,184.34122,66.28757,135.88652,59.842087,143.35823,
,496,,588.225197761783,10.379702,108.124,138.22682,361.8562,244.37424,173.51831,156.01527,194.83499,290.4206,178.74815,
,497,,166.05204019802048,10.410763,80.54972,42.18908,93.9462,61.1649,69.36285,23.687847,43.528206,78.967125,72.47322,
30,498,,867.3661628629969,10.446214,576.064,311.55835,296.26703,273.65335,284.64465,283.1001,280.5133,305.51602,646.6093,
30,499,Indole-3-acetyl-L-valine: [2M-H+2Na]+: 0.998,593.2346354376807,10.462251,306.69473,256.68033,237.48352,212.39153,211.00423,271.998,191.53578,234.53554,475.0449,
,500,Indole-3-acetyl-L-valine: [M-H+2Na]+: 0.985,319.10296413077106,10.46981,115.735634,167.67062,148.08664,116.20778,109.44668,105.15339,98.90506,91.21474,153.44135,
,501,Quercetin: [M+H]+: 0.976;Quercetin: [2M+2H]+2: 0.976,303.0500261645362,10.493423,764.71893,2351.171,2345.6519,2641.7568,2450.0278,722.3823,2466.976,2116.4297,714.14435,
3,502,,340.10450153456986,10.59257,12.763428,151.1107,170.39848,179.57156,181.5362,6.83624,190.15613,175.92393,20.43708,
3,503,3-Indoleacetonitrile: [M+Na]+: 0.997,179.05797967899971,10.591632,406.98157,835.3821,836.58386,855.5921,827.03314,418.33682,828.51636,842.62885,418.43317,
3,504,,117.0572786278993,10.594931,69.50286,233.1674,227.0963,231.8642,233.59393,65.58365,242.68881,243.35553,83.843605,
3,505,,130.06513218630607,10.593046,2316.5977,4662.3022,4584.9897,4836.589,4751.6875,2379.6,4760.476,4577.6133,2448.0906,
3,506,,254.08391925601185,10.5914,0,141.64899,117.381134,183.11873,176.85501,6.44729,168.51894,131.25925,13.576293,
3,507,3-Indoleacetonitrile: [M+H]+: 0.985;3-Indoleacetonitrile: [2M+2H]+2: 0.985,157.07596266168005,10.593513,766.35693,1712.186,1732.3214,1832.8932,1805.539,769.9588,1780.9446,1665.7402,769.5187,
3,508,,332.1182716028336,10.592588,7.123083,192.86789,188.8841,248.63216,234.62733,13.163706,243.551,197.84395,35.626553,
3,509,,156.06806973012922,10.594949,186.20067,309.13342,302.56027,316.2106,287.68552,181.64485,304.58658,322.59747,172.96036,
,510,,263.08925469090525,10.596047,0,64.13759,55.20075,90.46264,71.766,0,81.1662,60.74595,0,
,511,3-Indoleacetonitrile: [M-H]-: 0.715,155.06033226228035,10.600308,0,93.51259,89.70315,119.511795,112.917854,0,124.91178,99.44945,0,
,512,,224.0818414897154,10.669623,118.10126,152.61777,139.46219,123.42035,128.7715,123.388725,141.68336,134.90245,133.25269,
,513,2-Methoxybenzoic Acid: [M+Na]+: 0.998,175.03657051994932,10.805111,0,108.57804,72.60283,993.6904,1115.0082,0,286.81406,227.24739,0,
,514,,299.11010880612895,10.799905,29.173918,58.30979,53.52838,113.13702,122.372696,49.191967,125.56009,67.16953,63.82486,
,515,,145.10426923714033,11.182703,270.76117,188.54509,147.32307,227.56604,72.97908,117.98241,342.52222,304.93396,138.65073,
,516,,186.13084330352683,11.188857,101.64369,712.80237,520.9431,272.06018,381.39633,994.98206,671.81036,747.84845,171.72491,
,517,Quercetin: [M+H]+: 0.953;Quercetin: [2M+2H]+2: 0.953,303.050116045777,10.621348,144.06071,1144.8214,636.0382,484.3924,1326.7715,136.08429,995.38983,27.525133,213.74179,
91,518,,197.07095585637424,11.028806,312.7224,359.03702,339.36536,304.0848,318.3108,341.89578,320.14655,330.06595,313.50723,
91,519,,297.13532884946846,11.029743,134.39815,139.51361,131.92781,156.38754,152.91943,123.16811,162.1488,123.24691,98.651474,
,520,,216.1382651311372,11.087357,224.66737,244.05824,227.14214,236.16481,225.24582,244.70317,225.45184,222.34297,214.92828,
,521,,213.14610613406023,11.108129,104.02539,100.54107,98.23554,86.07227,82.77672,88.06381,81.74914,99.36525,103.15465,
,522,,297.1353915799964,11.113321,105.7725,146.942,114.310745,121.06764,134.34915,41.01137,127.844376,131.02141,105.79967,
52,523,,311.1365075189764,11.168074,158.66312,496.6047,497.95602,517.0195,503.26062,173.3782,523.208,478.756,124.45193,
,524,,144.08079087250772,11.1683855,0,102.34206,127.58322,102.40131,98.85121,0,93.0424,123.890915,0,
52,525,,289.1545645562964,11.173267,362.10596,971.3639,982.42053,1022.2046,1004.0422,351.6235,1051.5048,953.2785,335.51898,
,526,,145.10429944589615,11.257697,949.8589,1499.0265,1409.7471,1100.9572,968.8587,1031.1311,875.6879,1020.733,1425.2407,
,527,,186.13085939036338,11.266648,1929.3541,2264.214,2119.1233,1657.8098,1566.3047,1328.3384,1665.7189,1340.5789,2224.7336,
2,528,Nortriptylin: [M+H]+: 0.917;Nortriptylin: [2M+2H]+2: 0.917,264.17500932553753,11.319028,165512.86,256798.31,257298.42,261904.81,261995.98,164511.97,263990.2,254632.78,166950.16,
,529,,264.3455076341395,11.3313055,71.40771,482.1351,95.79796,648.3964,590.5392,80.83615,627.562,549.40576,15.231274,
2,530,,202.07772891931523,11.330833,35.544327,260.83005,251.42497,168.27509,184.39555,77.77832,180.93227,268.37384,69.93539,
,531,,165.06988956886389,11.335583,6.3028193,163.6259,158.35367,61.68798,90.72251,13.796889,76.054184,135.65671,6.621735,
2,532,,264.2677517159908,11.331983,13.81308,588.13684,562.8102,576.293,451.29922,42.60533,527.63385,590.8997,0,
,533,,265.11951862311577,11.334608,18.932468,177.58487,273.91898,291.52017,179.19862,7.7973175,221.62137,222.5416,7.473604,
2,534,,264.937630796107,11.32892,0,379.3721,399.64243,423.7448,383.05554,6.328268,406.30475,348.3872,0,
,535,,265.10431094487257,11.332252,5.9458194,143.31422,266.19003,121.12384,14.960349,6.871176,14.224091,214.87006,13.660137,
2,536,,155.08554903857635,11.330365,663.04504,1465.0088,1491.6531,1351.6262,1324.2865,646.4221,1340.6166,1464.543,673.98584,
2,537,,264.55676599145386,11.332731,797.02844,2577.7725,2535.5806,2653.575,2635.4727,908.81476,2685.8923,2505.9363,783.80145,
2,538,,191.08560583800124,11.331298,2161.3315,4740.6255,4790.8433,4281.2095,4195.1963,2175.667,4217.981,4673.3813,2186.6108,
2,539,,207.11679400545788,11.331767,245.4896,604.54877,593.9578,539.26654,528.9139,239.42613,516.1026,587.59186,246.35812,
2,540,,203.08537167898922,11.331778,271.12793,691.0282,690.36615,561.14136,566.51807,278.80228,558.72925,693.3299,277.22018,
2,541,,264.13257702739105,11.333202,205.98169,617.6177,633.724,574.6699,566.1619,223.5901,570.36206,616.00836,215.49553,
2,542,,117.06991626511268,11.332245,1232.142,2750.5261,2739.6746,2490.5544,2438.3118,1220.6976,2519.0696,2673.1865,1221.851,
2,543,,105.06990872014177,11.332264,703.6786,1607.8573,1631.6489,1439.6458,1422.776,706.582,1444.075,1597.3202,699.7097,
2,544,,264.33413099056287,11.33226,218.78192,963.5113,958.7919,901.6233,849.1936,216.97383,855.36017,943.9879,217.22983,
2,545,,218.10900500941523,11.332706,735.83997,1706.9841,1656.8069,1459.2633,1430.7184,723.50635,1479.6803,1655.8591,739.49585,
2,546,,233.13261482728876,11.332718,13989.904,30317.543,30434.56,28879.355,28164.543,13983.213,28593.445,29971.648,14004.141,
2,547,,264.74798431172997,11.334614,51.45774,657.43134,662.2194,697.6705,656.946,64.24056,696.52936,614.74506,63.03897,
2,548,,91.05427643867962,11.3331995,187.32709,496.54834,499.19913,450.211,427.70145,199.7302,443.39816,494.65796,200.26483,
2,549,,264.3953674962531,11.333196,1242.1119,3158.6956,3180.5862,3184.7122,3131.6213,1257.3022,3189.5713,3111.8118,1253.9666,
2,550,,264.57680979470774,11.333205,1206.2744,3077.3164,3041.5496,3065.6719,3033.8262,1219.6566,3093.7668,3033.2717,1203.706,
,551,,189.07002194312543,11.334621,7.9041886,170.91351,191.73883,136.4683,132.70712,51.083122,119.62543,183.94133,6.2198997,
2,552,,179.08527601194177,11.333663,840.30347,1909.4711,1908.4299,1690.857,1717.0038,834.83826,1746.2648,1871.8273,858.7751,
2,553,,204.09299681148246,11.333672,324.91202,824.03503,806.083,667.2942,672.3701,339.74924,673.9858,785.9648,328.9163,
2,554,,231.11701597370677,11.33839,18.030756,180.45145,169.22803,139.88795,137.26862,13.239803,139.344,162.0913,5.925562,
2,555,,193.10072051356138,11.334597,295.4195,720.4662,721.7642,602.2084,616.58826,282.41284,612.62134,697.37573,298.06488,
2,556,,178.07776595083777,11.334607,651.09283,1461.9526,1494.1001,1247.0759,1233.3196,645.25696,1264.0171,1454.5972,636.70685,
2,557,,128.06202251123753,11.335071,134.54385,393.56372,385.70135,305.4743,312.02634,135.54564,302.7786,380.05167,133.89084,
2,558,,115.05424025118928,11.335087,387.9812,950.6792,942.29974,746.6932,763.07764,404.69537,789.383,915.8762,391.89444,
2,559,,205.10102345671882,11.335087,714.3776,1648.9023,1643.7577,1427.0068,1396.5026,706.97455,1424.4943,1624.6017,729.72986,
2,560,,192.09084869346472,11.3355465,482.93298,1110.5581,1108.8597,966.3374,953.5885,472.85117,961.17084,1083.2893,489.7892,
2,561,,129.0697833502419,11.336513,337.52274,833.5495,816.613,704.348,694.68005,354.84146,733.6787,798.1863,333.45215,
2,562,,141.0698965301107,11.338385,120.43171,352.08008,375.45715,309.42767,310.4566,131.17386,324.78036,359.2357,134.28882,
,563,,232.13306986700258,11.362021,217.95271,211.53166,210.96658,178.86307,196.63405,204.7413,167.30048,211.891,209.76387,
107,564,,207.05536657665948,11.486206,125.58773,119.70216,108.12852,134.29999,83.38623,120.44694,128.69872,133.72012,134.84799,
107,565,,225.0659432532488,11.489504,1112.6122,1145.5406,1101.8201,1123.6727,1099.9045,1069.5367,1111.0597,1081.2787,1115.9799,
107,566,,247.04788143392292,11.491411,453.84384,449.07294,421.78543,422.21817,430.42664,442.78537,437.79437,434.38922,462.91403,
,567,,262.23766838627375,11.572098,283.51654,295.71762,266.90646,585.5511,565.5437,277.23886,591.0841,258.91293,274.30743,
,568,,221.0808131579286,11.61032,78.06484,282.43256,289.21964,309.29434,295.33072,78.75552,304.18634,275.04965,81.959625,
,569,,313.1986397365484,11.671453,0,5.887115,6.0963535,229.62268,222.29953,0,232.26111,0,0,
80,570,,226.18016745594028,11.679287,416.72095,426.7609,419.90942,445.6416,440.81778,405.9625,443.94043,426.00882,402.92813,
80,571,,244.1906686535938,11.681637,190.65848,202.69305,200.05312,211.17702,193.75943,168.0662,208.13545,192.38135,199.0759,
80,572,,266.1728131659374,11.682125,220.96162,237.4636,232.91277,231.91048,231.5903,226.82068,247.82736,220.84273,224.5714,
,573,,278.19026549603484,11.7086525,0,70.08715,96.961914,86.43242,83.94604,0,88.92982,83.47057,0,
,574,2-Methoxybenzoic Acid: [2M-2H+Na]-: 0.521,325.0674382868406,11.71703,2146.182,2321.903,2209.442,1006.58264,1288.0442,1879.5837,1530.6652,2088.7424,2105.0405,
,575,,327.06387157497596,11.718387,57.951824,26.609152,48.823322,0,0,30.406456,0,61.396603,55.59285,
63,576,,327.11046783435717,11.765113,35.954098,149.48987,135.6905,142.48363,127.76129,13.192253,150.63466,144.06009,33.297184,
63,577,,311.13661625095733,11.7641945,436.7827,1087.4028,1105.1544,1113.5822,1062.6802,399.68088,1075.379,1057.1567,430.6974,
63,578,,289.15464166986095,11.765142,208.12265,595.3477,581.8034,627.1027,608.5276,209.55048,626.2069,582.6551,207.60236,
,579,,360.14935926834687,11.862287,0,87.59593,92.42495,100.100914,87.67475,0,101.46497,70.507195,0,
,580,,181.07606849959222,11.891137,696.18134,755.64264,743.2298,746.8904,732.3962,711.8639,734.28107,701.77466,738.82495,
,581,Nortriptylin: [M+H]+: 1.000;Nortriptylin: [2M+2H]+2: 1.000,264.1746750776468,11.866413,336.2363,1644.2059,1538.2932,2299.8235,648.02344,84.48902,1541.6099,162.54158,491.65317,
48,582,,263.0560487875614,12.211707,107.20187,122.15387,86.65082,6.183822,6.630691,119.614426,13.398411,90.564575,95.10491,
48,583,,223.06362835317046,12.214103,261.2161,274.79147,247.32938,142.08795,142.7298,272.92032,131.54016,246.50183,242.77342,
,584,,415.18371986282,12.2796545,168.67693,189.6183,181.8723,213.42526,198.90927,160.10838,199.18208,167.93011,181.47528,
81,585,,347.0808000304486,12.285774,167.50572,166.69586,168.2646,163.03874,154.75897,163.37125,152.37555,171.64572,170.2062,
81,586,,242.57009357103576,12.290045,145.95026,137.50557,140.06487,174.74924,167.6551,120.83065,160.60168,119.64781,141.89597,
81,587,,321.1015950030912,12.287202,743.7301,755.98285,759.1489,702.20935,708.84406,729.86334,723.9771,707.3701,731.6768,
81,588,,468.167574590249,12.287211,1851.9652,1933.19,1893.4327,1905.6296,1870.0828,1833.0123,1919.272,1826.997,1855.7823,
81,589,,251.57536876577285,12.288633,173.36186,126.62077,140.53789,153.53172,154.58115,154.17043,149.3642,139.82312,158.43385,
81,590,,448.18575428381587,12.287672,197.59131,200.28587,198.75858,192.86673,206.90277,189.70638,194.2916,183.90248,179.23485,
81,591,,913.3453015260495,12.287204,72.82146,75.494354,75.74926,81.92085,72.96132,67.99584,74.52767,77.82304,72.83627,
81,592,,446.1857721194605,12.288151,3744.1611,3851.873,3797.3264,3830.116,3822.53,3685.6782,3892.0752,3612.8013,3670.1042,
,593,,465.15914660266805,12.28769,55.744614,67.3027,74.7116,86.11705,83.73179,54.535984,89.05975,64.21803,68.28907,
81,594,,490.14934672719573,12.28909,128.84613,128.53683,114.864655,100.081345,102.655685,102.4249,97.35145,95.695984,115.152985,
,595,,302.1750899610617,12.3254175,910.19867,943.4209,923.29517,1081.2677,1062.1964,881.463,1066.7817,902.85516,907.93,
,596,2-Methoxybenzoic Acid: [2M-2H+Na]-: 0.519,325.0674317752644,12.353228,77.140335,100.6678,40.867004,345.13388,333.10577,98.18425,308.9804,77.98286,64.021835,
,597,,271.1879329808772,12.370707,121.64479,98.67524,108.25671,320.46066,316.75925,109.39269,305.49976,72.70603,104.090546,
,598,,281.1724859967777,12.381692,0,0,6.3662567,62.966713,88.35164,0,88.32396,0,0,
,599,,158.15392347211267,12.392412,78.483154,96.900375,97.474365,123.277756,119.977036,98.429565,121.152084,67.39186,95.1865,
,602,,342.09156229741757,12.508533,288.50183,218.9116,175.4924,354.8855,236.05292,298.8978,95.095436,335.41336,51.25571,
22,603,,291.0393767663077,12.477801,308.43484,332.23514,342.804,354.94812,361.1585,324.12225,349.1703,343.6016,326.43573,
22,605,,527.1416629164955,12.49055,944.23553,1200.3904,1152.3604,1152.5682,1159.4435,1047.9196,1148.1995,1165.981,970.40295,
,606,,526.1803923988759,12.4956665,278.28342,374.53897,366.23975,374.31415,371.02594,303.98492,354.33252,170.38887,270.81082,
22,607,Indole-3-acetyl-L-valine: [2M-H]-: 0.730,547.2550269731114,12.493359,277.89667,988.2744,1015.4162,1039.5819,1012.7971,307.02036,1053.1819,956.6724,260.76028,
22,608,Naproxen: [2M-H+2Na]+: 0.973,505.15985589676944,12.49763,1729.9049,2296.5671,2287.295,2268.464,2274.0247,1901.5337,2263.816,2282.6545,1744.0616,
22,609,,169.06471005098075,12.502325,30.32693,152.0059,162.39664,123.58832,123.604965,7.1843133,121.8024,156.89912,47.80305,
22,610,,779.2178500671284,12.501423,421.42978,533.5054,528.4181,481.97873,485.41168,476.5099,491.418,533.7277,461.01968,
22,611,,480.16942401501535,12.50184,247.14772,376.85834,387.8416,422.8267,417.59894,276.6896,403.7979,385.8655,265.3322,
22,612,,715.2495146459171,12.501833,546.86237,789.62775,791.9954,751.47296,745.3898,583.08545,730.3575,786.9091,592.7939,
22,613,Naproxen: [M+NH4]+: 0.983,248.12818417005747,12.503724,95.689896,186.36354,193.69948,157.16772,162.88963,100.32212,181.12624,207.3806,94.77876,
22,614,,158.07266311719368,12.503252,414.6968,763.6211,797.8519,716.4915,708.9903,448.1629,723.32916,774.05475,437.82748,
22,615,,154.07729893889962,12.503258,112.75705,319.57938,311.5509,261.72476,269.9259,131.47742,279.3979,319.73904,142.3717,
22,616,,365.12231904738417,12.503258,508.43176,727.2068,718.28656,765.99567,762.28296,547.48627,757.0817,697.3581,531.12964,
22,617,,515.1152039103918,12.503267,1183.6348,1776.2441,1902.9485,1580.4983,1599.0771,1259.0679,1615.9547,1763.4082,1291.4327,
22,618,,945.3442793486419,12.503269,1112.3925,1863.3884,1902.9515,1917.0383,1900.808,1197.9319,1857.9764,1860.7968,1211.5681,
22,619,,170.07254388527565,12.503722,326.24185,703.3827,735.73566,646.54926,625.55457,361.0878,631.63837,713.46124,362.72632,
22,620,,115.05421980784556,12.503729,106.37337,285.63193,276.5888,220.65073,222.04965,107.21134,231.62457,275.1819,134.623,
22,621,Naproxen: [M+K]+: 0.979,269.0573669168831,12.503736,226.26819,463.02402,466.5154,483.78522,493.42993,246.31662,492.48624,462.89725,238.25607,
22,622,Naproxen: [M-H+2Na]+: 0.961,275.0656097103805,12.50374,3906.8145,4897.2207,4826.8315,4844.9883,4851.549,4132.4414,4844.6816,4786.611,4007.618,
22,623,,959.3316946365251,12.503727,1176.8198,1923.8802,1966.7921,2075.7385,2045.6929,1298.7325,2022.6875,1908.4393,1277.2428,
22,624,,141.0699001727569,12.5042,109.31015,285.26443,305.4593,226.70695,240.28297,129.65018,243.05952,284.58426,138.12689,
22,625,,153.06970144220264,12.504202,211.83524,470.1737,489.135,414.09537,398.14258,229.527,409.58545,471.00107,231.07681,
22,626,,142.077322210765,12.504663,41.614475,174.28659,187.1005,157.07274,151.0492,53.71981,154.51326,182.8675,53.677746,
22,627,,943.3538753677489,12.504217,393.98227,705.6678,700.32275,727.85645,714.2043,432.98178,711.39,685.11536,432.22656,
22,628,Naproxen: [M+H]+: 0.964;Naproxen: [2M+2H]+2: 0.964,231.10171328774427,12.504663,19923.375,41098.03,42416.51,43893.8,43375.637,20876.43,44227.297,41075.93,20908.049,
,629,,965.3478586408232,12.503762,17.833645,170.05392,157.51968,166.6578,162.08966,78.33133,155.4356,153.2842,60.093876,
22,630,,185.0961865071495,12.5051365,13716.938,26700.246,27379.332,27501.105,27235.31,14160.686,27696.207,26458.69,14282.993,
22,631,Naproxen: [2M+Na]+: 0.994,483.1778308069686,12.505138,2457.2207,5641.2383,5750.0176,5964.6816,5917.54,2662.9866,5991.7515,5662.161,2612.6548,
22,632,,757.2355050448288,12.505175,337.27847,445.49216,441.24838,418.8577,438.5972,385.81058,423.9759,453.03955,364.98068,
22,633,,152.0620480915779,12.504681,95.64993,259.053,240.28992,190.49274,191.84248,104.65783,184.67369,248.47514,95.549065,
22,634,Naproxen: [M+Na]+: 0.963,253.0836616701292,12.505608,16356.695,34407.406,35219.773,37620.758,37108.895,17470.486,37454.98,34388.33,17225.4,
22,635,,713.2594146710788,12.505619,328.06598,498.5259,482.51935,504.79257,500.5084,352.3423,499.30923,488.552,340.12747,
22,636,,745.2089863882613,12.505621,676.387,1187.1566,1280.6919,1150.3718,1153.2709,745.4625,1161.2692,1178.1752,788.81146,
22,637,,729.2373886074797,12.505652,1996.2172,2968.6858,3009.1125,3010.72,2934.8267,2124.8125,2938.5967,2927.428,2132.0466,
,638,,747.2134036169209,12.499462,30.068327,123.74573,156.22551,143.9787,80.00878,54.843376,138.90143,158.41208,51.23104,
22,639,,155.54126380974483,12.506546,397.60873,473.29852,478.30637,543.1024,525.59845,395.83075,525.18604,472.25003,407.19662,
22,640,,499.1428298217422,12.506573,583.5068,790.6745,804.018,759.9372,725.3511,596.48834,718.2321,793.1258,600.9543,
22,641,,735.2543211772477,12.506564,289.12732,445.8611,460.0444,419.72717,410.68524,326.73242,401.89703,441.89197,322.02368,
22,642,,974.2958755514449,12.507503,132.62424,278.93948,290.39285,235.37225,230.58057,171.7002,233.7784,269.15823,175.01202,
22,643,,155.08502534551857,12.507498,41.669144,168.63579,176.8365,141.38118,121.19939,28.002028,107.450005,179.88805,32.928288,
,644,,230.0937890972793,12.506089,73.24965,211.86786,243.5335,159.01205,163.23103,97.3559,170.50279,209.9546,175.4254,
22,645,,744.2028034560607,12.50938,240.19235,353.612,382.52295,351.32248,328.76498,255.82372,350.2508,353.32974,267.30548,
22,646,,250.07523198995068,12.511776,1387.4569,1717.1487,1760.8596,1819.4089,1815.2169,1439.8843,1811.2836,1720.9957,1421.2888,
,647,,164.54654854482752,12.503685,251.02643,300.38757,169.84773,112.594124,111.047104,270.6699,196.38353,171.42288,219.63052,
,648,,344.18566093078033,12.526378,1107.2662,1189.5002,680.84906,635.2297,622.1834,648.1896,1116.7393,1084.9573,1146.7284,
50,649,,303.17043562381446,12.546645,267.96716,799.7512,816.04205,846.25507,829.8583,274.1162,870.17755,779.96423,253.83089,
50,650,,325.1524043215669,12.549488,836.8116,2260.3083,2280.0269,2337.275,2286.2703,889.5098,2350.0547,2179.5818,851.2266,
,651,Indole-3-acetyl-L-valine: [2M-2H+Na]-: 0.706,569.2368109698176,12.49233,6.045969,272.7323,260.28534,276.1267,118.854546,0,275.18323,262.66718,13.514424,
,652,,328.19068453484994,12.59952,81.76658,71.67734,71.62085,73.77423,61.774406,36.088207,63.674072,22.918766,51.27208,
13,653,,250.1778029606088,12.638691,1262.1237,1257.186,1239.7821,1292.094,1298.7782,1238.1725,1310.862,1176.2764,1230.0083,
13,654,,228.19586419124263,12.641519,1038.1482,1013.7776,999.87933,1107.8073,1098.3174,988.7872,1105.933,951.0412,989.7714,
,655,,561.2704827004814,12.682591,0,119.0946,128.26239,104.66845,112.952156,0,115.9462,102.02247,0,
,656,,288.19578302378943,12.706171,1247.7296,1850.1824,1202.6425,361.2112,380.42255,651.2148,455.81274,947.6773,938.769,
,657,,258.14898839264896,12.738246,4917.3384,5007.4507,5112.978,4613.0405,4534.35,4851.0625,4544.794,3995.5374,4970.7334,
6,658,,404.19713858582844,12.813019,6.1615515,149.83365,151.25685,160.49976,158.63081,0,155.12686,143.51894,0,
6,659,,426.17869634790594,12.814967,0,107.01553,92.46448,102.55832,83.37417,0,103.09936,85.25821,0,
,660,,245.07845697458436,12.896236,349.71927,371.6771,400.75314,478.73083,470.14078,342.8129,489.51794,363.4956,332.335,
,661,,270.22164817979115,12.956462,0,82.414734,74.251396,79.07411,69.7179,0,80.98761,82.71401,0,
,662,,274.27409817029167,12.957108,55.68456,79.72864,78.26031,362.46942,346.07202,49.526257,357.13214,70.90588,37.73997,
,663,,328.19081600288087,13.0141945,8188.6943,8832.745,8867.862,9108.36,8880.656,8834.017,9027.584,8831.629,8925.626,
105,664,,304.19072186478604,13.085952,895.703,912.7525,911.26135,843.4944,821.4583,913.20996,861.0047,907.97955,890.21313,
105,665,,242.1540382664051,13.087371,4548.7812,4730.815,4782.4062,4494.824,4490.0312,4583.6494,4534.43,4647.9526,4706.493,
,666,,290.2690560202934,13.107217,96.533005,47.042385,7.0231447,527.8772,538.64246,92.155655,563.1598,26.976051,101.54707,
,667,,161.09611131840904,13.107683,78.46714,104.59567,105.88958,123.29814,120.97199,100.289894,121.93,108.58502,97.44897,
,668,,575.2862750777847,13.134953,0,59.37628,79.92313,82.263084,91.0497,0,94.138855,86.73304,0,
,669,,266.15150632512734,13.146858,25.014328,77.443695,87.269394,67.58859,50.648777,76.3813,61.69845,79.23501,78.57201,
,670,,244.1696848663593,13.147327,32961.18,35059.098,35657.562,34711.652,34488.01,35891.85,35036.92,35583.203,35817.637,
,671,,312.19591769461226,13.19457,1417.3499,1217.6036,1287.6434,1642.2312,1643.4148,1462.2899,1644.7517,1448.5496,1488.9274,
,672,,172.07570847831548,13.2323265,162.82457,76.734825,97.66633,88.49778,95.7368,152.2183,100.18746,164.71451,176.44215,
114,673,,260.3227746677579,13.231383,139.04362,79.24139,139.64726,85.99928,75.74295,125.99702,85.12737,124.32964,135.4198,
114,674,,260.5636339240381,13.231865,822.9388,375.4907,528.33276,453.3667,423.01266,763.135,418.3085,799.63983,823.6248,
114,675,,260.1646407215598,13.231869,135269.39,62002.01,76114.34,128082.91,122773.5,136207.86,122444.98,136597.75,139531.16,
114,676,,282.14649402681937,13.231393,443.20493,170.95511,228.61093,335.94897,331.27008,437.20575,337.44806,410.97302,463.95688,
114,677,,519.3215956987608,13.233266,578.0012,234.53088,342.11844,408.26428,403.06622,573.99536,399.73688,527.2859,606.707,
114,678,,260.3833208671248,13.232822,829.99603,362.07166,511.9784,536.2806,509.56546,828.5797,480.72977,810.39886,854.8628,
114,679,,260.54371590247973,13.232822,610.9651,258.85904,382.53528,387.98685,373.8523,607.2035,356.32367,570.6304,647.9486,
,680,,260.12386704850496,13.230463,156.84575,62.971153,90.41992,90.34029,96.25898,148.09016,85.29756,125.98596,137.74292,
,681,,260.3339724874424,13.232825,89.07558,30.04059,23.338251,20.873154,6.9889183,12.164473,14.045755,33.207058,90.83057,
114,682,,300.15939834386313,13.23282,279.61496,127.897446,164.75356,247.78825,233.35634,280.5681,248.25229,273.2147,296.97644,
,683,,182.528378121753,13.240359,7.268672,57.450977,71.20515,163.4484,176.68088,12.911889,151.533,142.92934,7.271835,
114,684,,159.06789717268632,13.234252,666.2628,401.17383,501.62338,537.3765,528.4577,737.8225,540.02246,738.6368,752.9908,
,685,,186.09135933869973,13.233756,122.01664,54.152493,76.78827,71.975006,36.58709,52.948837,63.32225,96.81185,118.44591,
114,686,Biochanin A: [M+H]+: 0.955;Biochanin A: [2M+2H]+2: 0.955,285.0759307394145,13.2347,3175.2202,2981.405,3869.516,8158.1206,8002.185,3204.7146,8092.82,7655.618,3337.1123,
,687,,162.0550745694101,13.233771,82.51021,43.156414,66.071884,7.1809907,20.247135,95.76941,35.38411,98.74753,93.17054,
114,688,Biochanin A: [M+Na]+: 0.977,307.0577819383112,13.235191,661.73956,571.608,709.1092,1581.7379,1550.4126,681.4892,1564.3324,1446.962,707.5113,
,689,,593.102213124401,13.23483,0,42.88761,67.53769,113.41786,114.30004,0,117.45702,111.06817,0,
114,690,Biochanin A: [2M+Na]+: 0.936,591.1258623450983,13.236605,105.1339,223.66669,307.65103,567.768,582.9616,89.42326,613.40985,542.63654,101.54884,
,691,,304.0493811237484,13.236252,0,54.079937,79.75166,142.03513,145.61557,0,152.07533,131.61061,0,
60,692,,352.98417510228904,13.453747,136.71988,141.84859,146.28859,115.72942,112.553116,132.98491,126.76442,145.50952,143.72934,
60,693,,350.9870488398217,13.454213,761.14185,792.76807,749.4002,718.89526,725.531,786.7457,724.05475,764.3996,760.8101,
60,694,,348.98999329146073,13.4556265,828.8404,827.1507,806.4399,740.33405,736.55914,809.1591,720.96204,812.2704,820.8617,
60,695,,327.0080500396209,13.456591,284.22052,273.22717,261.6599,277.6181,230.77257,289.43802,232.06711,260.10867,248.39551,
60,696,,329.0051290217079,13.457523,262.3431,258.24243,259.19226,243.35567,227.1945,235.0547,244.99457,260.19373,250.73047,
,697,,391.2167389930116,13.463669,146.56096,506.22708,511.4281,2848.3325,2776.5784,132.63104,2760.7002,491.60095,141.93765,
,698,,172.16957619080014,13.491499,120.38115,126.029335,121.36072,152.04308,141.75664,117.19649,145.57132,124.423836,111.788635,
,699,,314.21145169343276,13.896114,239.94177,597.8834,283.90256,301.91537,293.9341,255.00851,184.76494,232.17801,242.44415,
110,700,,376.2593558606133,13.524512,183.80968,204.14867,201.60721,172.30942,167.07776,189.53513,166.56465,209.17253,202.2706,
110,701,,398.2412933951212,13.52452,293.13058,299.01987,302.3428,282.38232,290.04794,289.48996,288.278,305.60876,303.22028,
,702,,300.1956564339894,13.572194,116.45869,115.34851,123.66491,100.78432,96.605675,108.299095,107.82393,120.86774,121.896736,
43,703,,214.25297068160756,13.6288185,519.0431,539.3704,535.37134,479.89212,474.39453,526.2713,493.03607,527.8478,533.2259,
43,704,,272.1644936958957,13.630243,253.03943,248.70863,273.39285,211.81442,216.59775,261.46976,216.0816,262.38675,244.54211,
,705,,249.1824948196274,13.64774,169.27287,128.1307,126.152824,175.05544,143.6721,71.69206,161.75748,97.72742,68.40579,
,707,,288.2897222264383,13.70006,229.45497,233.46654,230.72089,315.652,311.92828,210.71638,310.92383,226.99077,213.46825,
,708,,249.18250968610872,13.7327,160.95331,199.14738,193.58356,283.40662,293.85013,159.46759,288.5002,192.31653,174.02429,
,709,,209.1899819603351,13.730792,6.93624,66.23407,40.17323,105.402306,105.33318,12.973582,106.24793,51.682365,12.71985,
,710,,342.16984340228373,13.77141,111.53344,109.72568,122.35401,82.223145,44.091682,126.94545,79.73719,119.55969,130.11899,
,711,,326.1750952110182,13.790308,1642.1719,1697.3586,1716.8837,1620.6545,1632.4741,1679.3955,1654.1238,1708.5123,1703.5803,
11,713,,159.13795576809733,13.892806,167.67487,235.47939,223.99666,203.59195,202.35016,174.10902,213.4373,220.9888,170.46886,
11,714,,284.16450720459886,13.894706,434.1402,455.3085,479.4497,387.50345,395.92636,452.65585,405.9357,450.37747,444.64,
,715,,337.23481951053293,13.902246,130.41154,140.95284,129.97992,137.35757,129.66718,139.929,128.54012,136.14563,146.09674,
,716,,297.24236937560613,13.900359,80.308754,81.15833,78.695114,40.397827,64.13462,34.556595,42.27169,77.13154,80.3618,
97,717,,274.1801466640861,13.960328,555.40735,585.44904,555.4098,454.3034,445.93182,541.2115,456.6381,569.4964,531.0533,
97,718,,270.1852115818823,13.961754,136.14854,159.9348,146.47928,138.05603,142.65453,147.93561,141.808,156.21571,134.3742,
,719,,286.18018087274226,14.139205,1547.5454,18273.889,17126.78,1695.0331,1682.0746,1482.9327,1491.3802,15107.316,16451.826,
,720,,330.2063024501986,14.019314,485.867,514.9799,521.6928,479.5012,478.66473,476.38004,459.8626,480.10574,467.6156,
,721,,284.1644997491887,14.045754,376.5497,422.81857,416.64813,317.79117,317.1516,355.11298,314.30457,379.1995,401.21857,
,722,,256.1695821483222,14.066065,138.88199,143.48018,153.25218,130.93724,124.88342,138.61246,140.55228,141.72713,137.22064,
,723,,310.1800440887277,14.084475,329.2018,351.75418,366.19598,385.91608,373.67386,308.99243,375.88342,350.72592,344.53958,
,724,,258.18530096861986,14.099119,1049.8187,1091.018,1126.7919,1039.0387,1017.4016,1005.3642,1014.96893,1060.1193,1078.1423,
,725,,175.1329239332041,14.115564,7.0392733,18.215948,6.0142803,187.04965,183.60109,0,183.46487,5.837804,25.51264,
,726,,253.17744636864143,14.1179695,239.4813,243.07051,266.99234,777.6537,756.4799,224.67188,792.4877,234.36104,237.91527,
,727,,157.122269919436,14.117493,64.85872,73.32221,82.23217,320.5682,317.14902,53.601093,321.5721,72.27666,79.94374,
,728,,274.18024687739734,14.124566,3009.775,3160.5151,3232.5103,2361.3384,2300.8167,2987.9937,2333.009,3127.0015,3077.6511,
,729,,286.18025836913586,14.297321,12501.624,12744.45,13037.825,10851.737,10679.701,12420.151,10699.908,12696.25,12267.183,
,730,,105.03350003168711,14.332272,76.88472,81.54517,85.46939,71.07245,64.12433,82.24852,27.64723,81.25621,80.58196,
,731,,245.11486435015377,14.333218,726.6122,720.0451,721.9439,697.0718,704.6457,723.37305,685.6466,737.2828,716.9014,
,732,,270.1853714801962,14.370441,6042.482,6121.322,6116.255,5850.949,5722.6597,6015.992,5844.5806,5993.379,5887.3335,
,733,,326.17504078219565,14.383654,257.65915,254.08644,257.63177,224.42743,211.34091,258.0111,232.50026,249.9623,252.0588,
,734,,316.2270882824665,14.452626,134.71022,140.2905,144.16566,124.53712,116.35858,133.55487,124.65274,139.77867,137.06982,
54,735,,286.18063851783495,14.474354,232566.5,236133.42,236271.81,221840.52,220473.19,232345.11,222635.31,233288.83,235476.62,
54,736,,268.1697205982539,14.491787,1157.5172,1238.5239,1250.6208,1179.2395,1222.677,1225.9392,1194.2423,1190.7285,1220.5016,
54,737,,185.0818250865317,14.492253,200.44008,206.31825,200.85425,106.58531,88.15884,204.15111,101.07374,189.63942,203.79419,
,738,,286.7771481846459,14.496517,791.94995,846.54456,860.7522,420.0871,415.27335,813.05695,375.8325,787.4366,809.4813,
54,739,,286.97387810697956,14.494607,505.48822,562.82196,578.58185,134.0219,165.55035,544.93243,130.53532,506.10355,534.42365,
54,740,,184.07564740506095,14.495078,903.9294,962.3769,963.367,598.2978,568.1032,933.05273,592.7406,950.50385,943.6935,
54,741,,856.5259698072691,14.495555,184.74059,212.77274,205.76167,93.435036,89.56104,206.3666,85.23441,183.03189,188.50543,
54,742,,240.13837169707028,14.495556,155.04573,144.62238,150.81905,71.239334,71.044815,164.02557,51.945957,154.30948,152.95972,
54,743,,183.0679312420698,14.496024,321.34543,317.74902,339.9603,189.12917,171.27736,330.68735,180.7748,307.47446,324.65024,
54,744,,286.27680247694326,14.496024,625.88904,856.54755,891.6697,274.75412,256.17056,763.0005,254.03618,788.6024,805.1915,
54,745,,286.1342102191792,14.496041,616.896,627.6756,577.2053,422.7014,433.0362,615.23773,426.56323,615.8745,620.42664,
54,746,,286.40989780457835,14.496041,3133.281,3201.822,3239.3098,2457.3523,2439.8594,3149.2285,2451.7068,2988.567,3170.7598,
54,747,,593.3347642858103,14.496037,214.40901,210.52852,226.13188,141.52853,164.4125,239.18077,151.61513,212.87724,230.63672,
54,748,,571.3532811683857,14.496039,3122.281,3251.6956,3283.291,2259.443,2207.5083,3304.9429,2208.881,3173.2632,3247.1125,
54,749,,286.357351895637,14.496516,435.46664,779.5312,738.66705,456.52133,414.55255,781.1368,453.07635,699.9283,750.16003,
54,750,,198.0914098165609,14.496517,948.0106,1003.1024,1000.4334,629.78973,633.8819,982.82404,636.573,985.2586,980.5362,
54,751,,286.59887968980274,14.4965105,3004.822,3093.821,3134.322,2386.1394,2350.9006,3040.7832,2364.264,3041.7974,3073.4558,
54,752,,287.146102587074,14.496521,424.24094,444.8339,429.19412,200.26102,193.83089,405.62888,183.52344,404.17282,404.01517,
54,753,,286.5778174191744,14.496977,2438.7842,2581.8193,2621.4275,1901.7777,1885.4648,2534.6091,1849.9514,2509.23,2558.4688,
54,754,,286.34615006580685,14.496979,1001.1715,1077.5353,1098.6301,530.47015,505.88422,1042.7927,514.8537,1043.7589,1052.7725,
54,755,,287.56566025803573,14.49726,117.14525,124.6784,121.25801,5.9415693,0,106.93329,6.643597,104.27446,100.59155,
54,756,,212.10700814495374,14.496044,134.09459,150.31656,157.16495,51.008026,42.01208,135.57079,47.404575,131.02531,135.44165,
54,757,Nortriptylin: [M+FA]-: 0.136,308.16214720665977,14.498413,1088.431,1175.2035,1166.7451,988.8831,984.04456,1150.6769,979.3598,1128.1683,1155.0696,
54,758,,154.06512973766255,14.49651,111.002975,85.46518,136.3928,31.380417,13.264404,135.82063,6.180706,123.533104,119.54379,
54,759,,172.0757156111352,14.496992,164.81685,165.06543,165.3784,75.330864,64.02318,152.31993,80.30081,159.97198,156.74307,
,760,,199.09615919236717,14.493672,124.189026,147.21637,136.08273,21.468472,64.87138,140.94789,29.765995,133.307,135.7869,
54,761,,159.06781170546805,14.502651,224.1535,237.17615,230.26984,117.99803,128.7382,239.2576,104.43863,229.49052,220.91898,
,762,,226.12259324723877,14.498406,100.79355,98.348656,97.72017,6.0918055,6.00532,89.28154,6.4594097,80.09085,106.933464,
,763,,312.19587782810277,14.552728,119.73617,166.69,169.95204,35.000755,76.28353,156.3787,65.86421,158.61899,154.55544,
,764,,426.261430069056,14.778324,174.1969,101.384964,152.842,146.41743,165.08554,81.804115,169.10825,84.8288,52.36416,
,765,,412.1179322355325,14.598543,241.44778,729.01385,732.69904,730.6687,742.5013,251.01448,762.4837,701.7282,247.70665,
,766,,270.1854153379018,14.631099,12846.041,12958.629,13369.11,12518.414,12539.9,13077.229,12667.683,13156.102,12965.668,
113,767,,337.07494712433834,14.679225,374.73727,354.7219,326.42365,171.29124,185.54454,408.01773,186.78433,355.0962,365.10324,
113,768,,223.06370404887883,14.679681,129.50092,131.26947,113.0124,19.325264,13.293636,143.02002,13.306372,114.18936,122.5358,
26,769,,412.14186481835554,14.704678,6.7378325,157.96606,161.32144,177.70375,168.51767,13.7041855,181.51378,155.91263,6.0045395,
26,770,,245.1077487092203,14.708477,47.162907,160.81624,197.80646,195.86755,194.95009,13.821796,215.18095,202.83292,51.412582,
,771,,332.2219327204773,14.795297,292.29816,314.0636,293.48038,292.54303,282.54868,310.36108,281.5165,306.51962,323.4317,
,772,,300.19591676937307,14.8047285,4000.7512,4015.7183,3774.5862,2752.0266,2751.0366,3968.059,2769.5288,4026.957,4060.1497,
61,773,,270.18544934759313,15.002699,199176.1,200999.28,204044.75,212896.78,212181.78,200377.72,211962.83,198429.14,199170.53,
61,774,,288.19619640226296,14.9706745,252876.06,256907.44,257790.72,228188.12,225992.9,252888.78,224951.64,256215.4,253248.88,
,775,3-Indoleacetonitrile: [2M-H]-: 0.009,311.12625762672593,14.837287,120.52921,114.251114,99.2997,137.53488,82.595505,111.621025,142.68375,141.40382,119.797516,
,776,,426.2614184234627,14.878323,166.21709,175.04465,143.76192,138.6356,157.82988,166.11227,161.61697,166.39685,174.2171,
,777,,284.20093495485247,14.913182,1141.8994,1159.0283,1148.6317,1082.9736,1108.6426,1115.8815,1104.7235,1122.3008,1173.1465,
61,779,,310.17822401288817,14.98575,1597.7054,1617.0187,1590.8143,1226.0381,1215.4742,1615.0612,1208.0839,1598.2153,1591.1238,
,780,,288.79370856651667,14.987615,753.65564,772.6759,766.36975,77.32906,96.02103,748.5222,86.99243,748.4561,742.32245,
61,781,,288.29280891536496,14.986677,712.34503,613.4783,630.9558,85.87541,78.2104,674.87756,62.155624,649.72943,683.0485,
61,782,,597.3659691247134,14.984314,231.22403,216.57611,219.35712,84.182846,89.171135,204.33824,75.47793,204.23886,210.27171,
61,783,,288.61594803120056,14.988091,3276.8406,3318.3738,3329.6145,2054.152,2058.2144,3294.1675,2020.413,3323.956,3271.0283,
61,784,,288.594566627321,14.98856,2729.9631,2789.3132,2792.5337,1528.6075,1522.7424,2248.5298,1511.6749,2747.8916,2717.1418,
61,785,,561.3450547354776,14.989025,487.91122,499.55865,502.34473,671.1695,667.9167,489.56378,690.5209,489.85104,495.7337,
61,786,,288.42627182191103,14.989506,3490.3792,3525.4478,3559.932,2178.4226,2190.6665,3476.9382,2142.3677,3519.5417,3472.7783,
61,787,,579.3553244358797,14.989507,249.38501,256.66666,245.22455,190.80453,196.20792,219.35544,204.72386,242.56279,251.32195,
61,788,,288.14969673678246,14.989034,607.0757,618.33356,617.3773,311.19025,311.76297,597.0599,304.77292,605.96436,607.3156,
61,789,,289.16283224156916,14.989493,357.58868,367.14713,331.26608,40.70404,14.871325,361.31293,19.05172,343.7216,360.23218,
,790,,288.3728139167648,14.989966,734.8764,360.87106,548.1788,182.72076,88.552124,783.6935,26.437336,781.64056,890.031,
61,791,,289.58445771392536,14.991108,130.87216,143.16765,137.17032,0,0,135.70294,0,138.12614,141.90706,
61,792,,288.9911979650753,14.989024,403.04077,442.23425,477.31464,20.604494,26.868422,419.5906,25.057686,416.0913,413.44955,
61,793,,288.36235761736066,14.991389,1350.931,1373.5992,1373.5126,455.7138,428.90378,1349.8033,437.8461,1359.4928,1350.5784,
61,794,,575.3844703981406,14.992808,3626.5813,3641.7417,3708.6875,1680.6012,1666.5616,3638.5818,1624.9802,3633.643,3600.6797,
61,795,Indole-3-acetyl-L-valine: [M+NH4]+: 0.612,292.16711725541813,14.993269,718.97217,733.71313,727.051,801.8687,795.1577,725.59357,784.2728,733.1373,717.7295,
61,796,,862.5727849727992,14.993239,148.34851,159.59673,154.29921,0,0,163.4639,0,148.53354,149.00406,
61,797,,162.05494297568458,14.992321,183.2522,186.65929,204.94006,13.012007,46.26574,196.81499,13.862506,182.54146,204.16473,
61,798,,557.3738365907461,14.994686,2207.3533,2210.3,2250.1516,1506.6466,1475.5227,2198.2727,1480.5044,2173.214,2188.7153,
61,799,,844.5624736988697,14.992803,142.32309,138.04399,130.67697,13.885513,12.908271,128.38963,18.84812,128.12505,132.67181,
61,800,,184.07569206305908,14.996567,1223.3617,1248.2891,1247.5928,1043.4407,1053.767,1227.4572,1059.4282,1231.2231,1224.2593,
61,801,,270.40855461891414,14.997044,1611.352,1626.267,1641.2539,1700.1688,1698.4447,1599.7526,1685.6975,1607.1182,1610.6362,
61,802,,270.3465381924228,14.997046,422.90787,435.52002,453.90298,424.2483,425.757,431.21646,431.37054,422.1231,425.07748,
61,803,,539.3630590345816,14.997046,367.375,371.28833,381.04163,352.97006,352.18335,362.90808,361.60123,361.28888,361.46198,
61,804,,186.09085224295353,14.997513,457.53574,460.3734,463.382,286.86597,297.0982,458.3617,291.18304,446.2914,473.3216,
61,805,,270.5919197195209,14.997511,1465.8114,1556.5231,1556.8796,1532.288,1537.0818,1472.3253,1563.8187,1516.9015,1508.7085,
61,806,,270.57143042472524,14.997517,1245.3455,1238.5211,1273.4586,1350.0143,1353.1229,1085.7498,1303.8282,1248.7831,1257.1581,
61,807,,168.08058299135243,14.999876,146.45216,153.09258,158.41704,110.93118,104.82958,124.54566,110.4697,137.97565,139.55562,
61,808,,270.7648599987036,14.998459,115.30271,105.87582,107.98756,97.575905,109.28189,103.921875,93.2396,111.83327,107.55938,
61,809,,185.0827913784874,14.998928,579.196,615.3008,603.9081,517.81226,502.12152,586.8697,540.5998,608.102,596.28424,
61,810,,270.2793279242006,14.999867,97.73737,94.25792,100.707344,79.793945,65.41061,97.91498,64.902145,89.18112,99.00704,
61,812,,159.06787633564124,15.003141,1604.068,1659.1992,1646.4314,1030.805,1022.12994,1610.6693,1033.7656,1656.6437,1636.8306,
61,813,,270.1423348353183,15.000346,226.57523,243.2345,261.08774,90.18613,220.30235,256.15872,245.1296,257.27637,237.6933,
,814,,832.5391492247654,15.008524,0,0,6.1835346,88.32274,81.064804,0,81.40006,5.8815536,0,
61,815,,846.5766864677025,15.002945,108.34618,120.75334,116.885315,6.34984,0,110.2479,5.8905687,120.08456,118.1406,
61,816,,130.06506990119476,15.004593,202.4385,210.57172,207.61613,94.435814,89.10251,196.31636,98.05496,208.99202,205.33144,
61,817,,559.3889942311363,15.008336,1874.3289,1905.4988,1935.967,1280.256,1243.2563,1869.6589,1251.4902,1888.4342,1874.6562,
61,818,,172.0756977934086,15.009306,820.3242,844.39264,841.61005,567.5843,568.50433,834.1662,563.4832,851.4815,835.32684,
61,819,,541.378578912248,15.010219,725.1003,732.6373,750.4893,779.56055,760.5571,721.3974,757.49603,732.8453,735.27026,
61,820,,563.3605002868644,15.016807,689.2686,693.2864,706.75903,871.6689,877.49146,685.8369,873.71643,682.02277,703.15686,
,821,,581.3702636187359,15.01682,100.444756,114.47026,109.15171,7.4171677,61.790398,83.832886,26.397835,115.589714,102.82306,
,822,,272.78196975317843,15.019553,59.491177,66.4054,65.55864,6.111138,6.87658,71.791176,0,65.12125,65.92226,
61,823,,543.3936436410866,15.02152,417.5723,420.39236,443.10214,414.77716,427.63068,427.19614,429.72955,425.93988,410.62216,
61,824,,272.20095950219945,15.022461,160404.31,161119.22,163529.33,172324.06,169927.53,160947.12,171759.25,160699.66,159972.61,
61,825,,272.4244401320878,15.022938,1098.2722,1121.3903,1138.1323,1023.64276,996.9537,1100.5339,1023.01874,1106.8531,1088.5457,
61,826,,272.6088185315182,15.022944,975.67206,1037.2046,1030.1274,889.52924,881.2071,982.4405,896.0765,994.74146,979.2883,
61,827,,272.58864138313925,15.022949,805.1902,816.16833,826.8344,576.60693,626.16437,524.54736,591.89325,819.36285,827.0298,
61,828,,272.3632698861685,15.023411,201.61519,214.20433,209.8607,174.01938,168.87175,205.57977,168.15857,192.3446,198.20645,
,829,,139.11186174659227,15.027184,0,0,0,98.54135,104.53531,0,99.20961,0,0,
61,830,,294.18266165283165,15.027676,472.16708,496.0849,500.47717,570.8678,548.5518,493.61063,538.41614,483.31287,482.05447,
61,831,,565.3753721691708,15.0305,277.04315,280.54636,297.87158,355.9385,355.2085,281.28802,356.5544,286.84305,284.29684,
,832,,175.13313242182423,15.0314665,0,0,0,137.19618,141.71585,0,150.05685,0,0,
,833,,157.12228312161835,15.033339,55.149063,47.20579,39.66936,321.83038,313.89938,8.581144,304.0231,47.195564,43.930855,
61,834,,452.27733088882843,15.0390215,2616.1807,2673.812,2714.5232,2963.6719,2936.8962,2713.888,2962.9194,2688.5493,2629.2893,
61,836,,496.24090614447937,15.0413685,155.13986,174.67326,178.80124,186.90727,209.40225,187.51094,185.26552,164.70346,168.90245,
,837,,253.17776573515894,15.041472,0,0,0,152.7069,144.87302,0,145.8505,0,0,
61,838,,474.2591989701614,15.041846,703.42725,750.14496,749.29785,844.6745,846.09204,740.9948,844.07104,728.44165,740.43866,
,840,,286.1802398456835,14.7821,6678.08,1838.7656,1862.0695,1109.7198,1141.0784,3977.7046,4384.584,6532.508,7013.122,
,841,,342.2427859743439,15.097965,97.95404,104.82414,108.874306,90.73009,75.21881,98.371765,94.792946,109.737755,98.48012,
,842,,312.19592998481244,15.134249,1211.3676,1263.5021,1281.9991,852.20514,803.2563,1191.6296,825.5189,1201.4786,1215.6309,
,843,,300.19585534484577,15.176649,350.4964,341.10052,362.47177,203.56244,214.47557,313.89642,214.67424,345.3998,323.18985,
,844,,242.28429317769127,15.223762,829.23083,796.7417,805.93427,734.0222,695.4364,806.0466,752.3942,831.6103,797.4769,
,845,,310.1795370259993,15.173244,216.2686,181.60968,198.28847,102.15075,1223.8761,197.52223,1215.2859,183.34866,218.52188,
,846,Novobiocin: [M-H+2Na]+: 0.998,657.2030816588685,15.2614765,14.193383,83.94116,122.53579,126.10288,94.39453,35.778423,120.4438,116.64275,44.802162,
,847,,326.09688124444517,15.260524,27.35105,107.74509,44.406986,125.17757,136.15515,6.109435,154.42657,132.36153,14.299797,
95,848,Novobiocin: [M+Na]+: 0.960,635.2213325173301,15.26292,2205.1257,3999.2998,4041.17,4149.75,4175.0195,2147.9585,4233.2144,3952.8416,2166.4539,
95,849,,218.10237603643205,15.263373,207.77362,496.71823,480.93045,537.803,489.7047,203.06346,516.82574,478.39075,226.18289,
95,850,,355.6154114129594,15.26382,107.27331,116.204865,207.46986,224.941,206.38943,114.242546,206.21213,208.96913,109.446175,
95,851,Novobiocin: [2M+Na]+: 0.997,1247.4530102672197,15.263838,70.200935,340.7201,340.2415,319.65402,319.03555,70.64392,339.37192,339.45322,71.6619,
95,852,Novobiocin: [2M+H]+: 0.959,1225.4714987277766,15.264313,87.02572,521.1875,532.0751,501.92398,507.0372,90.22495,524.16693,520.4126,88.146675,
,853,,938.3284708887744,15.26498,0,56.325947,63.86312,68.32382,51.519184,0,60.445084,51.681644,0,
95,854,Novobiocin: [M+H]+: 0.947;Novobiocin: [2M+2H]+2: 0.947,613.2394472936879,15.265261,4872.2266,10239.411,10349.238,10603.153,10624.694,4773.2407,10799.032,10121.553,4812.9517,
95,855,,641.2173019651675,15.264725,0,97.92707,109.15974,96.10546,97.65082,5.848068,100.55446,109.05594,0,
,856,,938.8303936201388,15.266388,0,53.384193,65.67221,72.09985,58.202427,0,69.25949,53.321384,0,
95,857,,346.61014137924263,15.267142,109.86777,224.62483,229.88551,279.65335,270.11615,110.35248,282.893,219.69312,96.05834,
95,858,,189.09097707709722,15.268551,6.400008,133.70433,133.27547,115.25364,112.7481,13.812164,122.509514,140.1311,12.573233,
95,859,,632.2129750622122,15.269208,0,110.39836,114.86583,126.17383,112.28188,0,137.94295,120.85467,0,
,860,,652.7260344827329,15.260692,0,52.79808,68.16469,64.12144,80.23311,0,76.01472,60.47861,0,
,861,,1064.5086071618516,15.297304,6.0857735,93.16965,107.59841,81.376305,81.7652,6.0045395,85.69739,74.08598,6.392473,
,862,,551.7316076423871,15.302019,26.959972,90.765686,99.06434,91.06177,78.675156,27.172682,107.94847,95.57358,46.331142,
61,863,,311.25806775817165,15.039949,377.92975,370.7605,380.93414,369.28796,371.7558,384.2134,377.71674,389.67914,371.7103,
35,864,,452.2773293409041,15.317117,5047.3193,4821.1543,4828.7676,4739.8345,4672.5894,4999.3213,4765.4116,4556.974,4950.1973,
35,865,,245.6159487537493,15.322296,160.26616,92.10114,120.3507,106.58418,129.13547,133.09334,121.7376,66.86811,147.60757,
35,866,,474.25918828940235,15.322298,1243.8168,1089.414,1064.333,1066.2817,1046.9933,1255.181,1039.5026,996.5642,1264.3113,
35,867,,496.2409258927329,15.324688,303.63654,227.0269,212.41757,210.4154,197.87206,311.74893,213.75854,209.8947,300.03793,
,868,,300.19585378207876,15.3468,1035.5432,1020.0925,1040.888,614.6393,607.62,1044.951,618.4678,989.10455,1019.9927,
29,869,,656.2447974866224,15.355726,12.329517,180.4771,186.8518,195.37825,175.8038,19.439003,187.59721,170.33917,25.335714,
29,870,,678.2267712346496,15.362498,0,118.308365,112.86301,114.02285,109.90233,0,105.73264,100.48534,0,
,871,,312.19593483522135,15.366109,4617.722,4752.243,4715.4365,2515.8328,2491.3716,4646.653,2497.808,4548.279,4579.4097,
,872,,570.2332502350255,15.381624,118.49676,404.6032,398.4093,395.09634,383.79636,132.37947,402.89612,396.21576,117.66979,
,873,,358.2376455246534,15.40569,146.39891,145.8161,154.67941,119.21155,112.3883,156.2741,112.929054,150.33456,141.21973,
42,874,,289.1539628818341,15.430688,656.43054,613.31976,621.55206,688.9876,702.34985,646.0084,701.48035,616.92664,582.7855,
42,875,,304.29986721832375,15.43682,313.41412,314.3826,313.52356,296.7475,280.51773,310.63977,290.16382,328.6007,295.56592,
,876,,271.1887689775763,15.138487,1652.2802,2760.2507,3541.5322,76.49679,3589.4336,382.43353,7184.381,1763.2109,858.0992,
,877,,200.20095813918206,15.510008,193.48544,188.0864,170.74176,195.51436,182.81158,190.29575,181.25641,172.7263,197.46754,
78,878,,302.21156864106456,15.701089,320.3344,335.3788,342.50977,138.45775,145.89088,313.59982,868.6292,328.13388,293.44574,
,879,,296.2010859240559,15.568054,6433.3687,6510.2783,6583.243,8449.734,8469.146,6415.2803,8499.728,6396.9136,6209.3916,
,880,,452.27712567302257,15.5562525,150.83498,151.73378,156.03415,140.1828,141.94579,133.05055,138.8267,138.04395,4948.031,
,881,,289.153962258014,15.589754,204.75612,192.68915,199.46727,294.79587,307.20892,180.5049,294.92142,191.30746,178.88167,
7,882,,314.2117724675161,15.634086,187941.62,189933.1,191095.05,152393.1,152541.78,187510.53,152507.48,189319.2,183831.94,
7,883,,314.16102065961167,15.637401,316.44345,326.38693,321.681,107.08297,100.43618,325.16983,115.93901,319.1653,271.716,
7,884,,627.4158220899976,15.639293,1646.9121,1651.1271,1657.3735,728.91644,732.91895,1610.0166,718.21985,1663.8691,1566.0353,
7,885,,232.09695533721938,15.637425,160.19925,155.97716,140.18645,107.56733,119.74082,150.28836,81.849884,150.0062,141.29765,
7,886,,649.3975478344938,15.641181,178.60536,161.1368,168.882,72.5164,73.67487,158.66743,25.68864,168.49673,169.10898,
7,887,,314.3126557633301,15.640063,131.62946,111.47003,114.60374,0,0,114.167076,0,119.015,104.04199,
7,888,,314.62821729665643,15.64024,1493.372,1531.1974,1520.1578,518.7641,522.374,1472.7487,556.4829,1515.86,1443.5396,
7,889,,314.45225927404624,15.640245,1903.3921,1911.2609,1928.4302,929.387,937.66595,1875.4204,878.29803,1897.1915,1868.1013,
7,890,,314.6498678469318,15.64071,1778.0016,1838.9033,1842.9159,855.2099,844.2795,1787.3344,788.53864,1802.5524,1766.0906,
7,891,,336.19344326207295,15.640708,1133.0819,1110.6816,1121.3049,764.90424,749.3766,1119.8694,764.90515,1113.8674,1060.6758,
7,892,,314.3855945331154,15.641174,466.47345,471.3784,463.45343,124.55748,140.08318,438.71555,138.3394,459.9421,443.41916,
7,893,,314.83657975279,15.641471,253.55127,296.3062,256.85715,0,0,249.3872,0,268.71378,243.68344,
,894,,314.39739373193106,15.639762,278.8223,311.85352,143.2205,10.410961,9.416693,145.12387,10.250528,196.80354,165.9041,
7,895,,315.6449282799194,15.642182,166.46228,184.39597,178.14249,0,0,164.69788,0,152.03337,160.48737,
7,896,,315.04358806107575,15.642184,144.07655,164.8061,145.13106,0,0,127.180435,0,154.96533,148.1004,
7,897,,315.4527772252703,15.64214,225.75638,239.43715,231.96942,12.433759,6.5188484,212.34389,6.285742,235.71829,217.253,
66,898,,159.06790223656614,15.652989,405.8191,393.30984,407.94778,200.3408,203.50801,390.71783,197.95844,389.18405,390.8001,
66,899,,611.4206653569555,15.658173,634.3927,640.1123,643.64557,393.20206,403.99503,614.1666,414.8146,630.6608,584.66284,
66,900,,172.0757383156127,15.658652,365.3699,385.17862,380.47653,228.52435,210.63535,375.18768,241.98811,365.69135,363.26785,
,901,,633.4022538366293,15.660548,97.73322,90.62036,84.39667,60.867092,53.29684,87.341606,71.94426,83.42359,90.18949,
,902,,216.10194253437265,15.663354,62.54481,87.70786,102.872505,12.975512,13.1926155,84.082054,13.05122,101.52355,107.07728,
62,903,,298.6224808945674,15.6697855,74.5995,87.49422,84.477554,0,0,81.40369,0,75.33617,81.12341,
62,904,,298.4502412492411,15.669974,208.2119,219.75188,209.40648,129.6986,145.40619,202.03699,140.08984,207.31691,169.54678,
62,905,,298.6432491797798,15.670445,185.6113,180.8109,174.18929,79.90618,84.50299,173.8875,83.27696,189.26149,158.38196,
62,906,,320.19843042952294,15.670914,345.89648,331.0957,351.65137,353.9075,351.51962,351.3734,344.65805,348.96164,318.31638,
62,907,,298.2167180032299,15.671391,81996.74,82151.45,83184.95,82127.805,81348.01,80493.336,81772.586,81877.34,77271.875,
62,908,,617.4076012760493,15.671389,147.54852,140.2825,137.20715,149.55988,144.2218,137.81029,144.15872,146.1442,132.23648,
62,909,,595.4256608655824,15.671395,141.21979,146.65944,142.29732,146.20116,136.62173,145.2927,143.07887,153.68855,115.648384,
,911,,483.2717631941906,15.6978,128.1234,110.62746,123.89351,68.01959,11.277166,104.671646,109.31136,110.15193,40.749702,
78,912,,311.2581497417091,15.701085,401.3809,408.17313,396.16742,433.86652,415.00455,409.26962,431.79062,384.9374,375.13593,
78,913,,505.2536054192325,15.701115,686.8191,685.99994,686.12805,782.5751,789.7348,671.4023,798.23694,678.6455,614.66254,
78,914,,527.2354837005521,15.70253,242.02765,257.5282,251.52516,292.1644,289.1582,233.53339,274.33475,252.42458,195.49294,
,915,,312.1959802939049,15.708659,2338.059,2407.6978,2401.4993,1595.0962,1567.3345,2275.1714,1576.1172,2336.3345,2138.929,
,916,,284.2008843712381,15.832291,101.370735,92.3709,103.322876,825.0222,833.0762,96.38921,859.1737,781.6585,807.3451,
46,917,,319.22451193034016,15.824707,3045.8083,3244.532,3261.7754,3275.9973,3207.2253,3203.9663,3285.8901,3128.895,3129.7231,
46,918,,335.1982438068633,15.826109,256.4279,267.64117,262.85678,259.6461,268.78494,278.75226,267.547,262.97125,256.2211,
46,919,,279.2318854647393,15.826116,258.20706,283.14273,272.43948,266.94644,265.04813,274.14166,267.00012,265.59525,267.79724,
46,920,,615.4592662371659,15.826597,138.52252,144.03429,163.40164,164.2961,156.55528,163.9386,161.8333,149.60847,148.89673,
,921,,269.2087595012763,15.849721,397.26068,98.27982,108.671295,115.739006,128.27893,111.898415,122.82372,94.34208,102.34163,
111,922,,296.20104352621394,15.860073,11328.279,12126.376,12228.8955,7997.441,7921.6426,11831.447,8024.948,11785.179,11807.604,
111,923,,302.21157170508747,15.862437,1849.0739,2026.6409,1995.9642,876.33844,878.9197,1920.8433,883.1745,1953.3221,1914.2902,
37,924,,284.20087371054456,15.913476,819.4565,913.07074,916.117,818.289,824.70044,890.4668,852.7423,854.752,872.86017,
37,925,,286.2165240499628,15.919152,938.83154,1012.71594,1018.40137,930.40155,931.8633,1014.97235,954.62585,951.67896,973.10004,
37,926,,314.21155204923565,15.923869,6052.826,6533.0215,6403.9995,3729.1187,3788.9087,6138.0166,3950.2283,6317.9067,6379.814,
,927,,298.2165449401619,15.961626,2264.0242,2469.2896,2548.069,2611.4668,2556.103,2371.3,2654.1675,2248.4832,2300.4438,
,928,,354.18007990630906,15.991835,51.96563,45.774284,43.070206,7.7398643,55.16024,65.759155,42.350475,29.315046,52.407566,
98,929,,651.3949650288038,15.991329,105.29567,141.83139,132.28389,129.04218,136.30023,131.35782,122.97807,81.79457,122.07437,
98,930,,673.3769936474617,15.991815,1632.1276,1667.5359,1671.5281,1693.3341,1665.0226,1665.9365,1650.3065,1492.972,1630.5983,
98,931,,345.1748155092821,15.992284,136.0149,133.16351,136.36426,135.28969,159.72025,140.29482,151.70482,129.98604,136.06659,
98,932,,695.3588145895693,15.9927435,198.0234,206.50581,206.3819,211.15251,198.56508,206.76099,190.85072,191.66959,206.42488,
98,933,,359.27910841823496,15.994659,181.61082,191.12764,187.58086,180.5521,174.14153,177.82979,167.87839,173.24776,184.17204,
,934,,247.22696966518546,16.016464,0,6.1688232,19.04414,95.53794,86.45186,0,88.04052,5.993866,0,
,935,,348.2144550409417,16.015862,22.113794,68.93375,77.47113,49.543026,61.73019,67.08688,65.923416,34.803932,71.17435,
23,936,,269.20882748690894,16.017733,835.6026,1136.0477,1132.8566,1877.2197,1856.8555,865.9513,1869.4792,1037.2141,869.1164,
23,937,,326.21141736074037,16.022903,401.90466,419.6257,422.95435,235.73291,230.87767,412.167,244.91101,394.7599,422.01736,
,938,,313.2349737465208,16.039442,358.17462,743.49207,750.4723,1079.9397,1079.6991,383.44897,1071.0641,736.90546,387.04547,
,939,,505.2535480750847,15.986498,155.97217,166.79031,168.75792,743.2075,742.333,171.20212,182.89494,150.6575,166.33278,
,940,,357.26124539105354,16.080238,0,71.91519,68.87083,12.35347,6.6091785,0,26.16682,61.17888,0,
,941,,296.2009251834744,16.069113,193.32481,208.17784,196.8629,8004.487,114.32931,201.61317,133.5961,197.41557,187.1893,
,942,,298.21659253447206,16.0989,1268.2603,1282.7742,1224.8281,1192.7717,1213.7631,1291.4,1208.8442,1298.9618,1324.3345,
,943,,270.1853255332328,15.772276,611.891,170.78531,846.7178,530.6472,840.19946,29.99361,456.60663,641.44244,73.30037,
5,944,,314.2116420727523,16.183374,71059.37,73133.94,68085.43,43721.242,43060.258,71077.3,42754.38,72254.68,71182.766,
5,945,,314.4518161081392,16.185583,91.834404,107.110565,100.80195,0,0,93.97405,0,101.076126,114.848366,
5,946,,627.4155016719951,16.184313,244.89812,237.50714,207.99986,75.63904,71.42724,236.77208,68.64389,236.94925,239.58875,
5,947,,336.19339220250254,16.18621,351.26877,360.34897,327.67007,199.77554,207.50406,366.24603,199.82591,364.42957,353.27664,
,948,,314.649628516776,16.184856,56.62216,66.90126,30.863781,0,0,51.763947,0,58.86072,60.704086,
,949,,296.2010218598409,16.26824,2180.2256,2302.0676,2208.55,2114.0242,2078.2424,2255.9116,2135.34,2277.1304,2240.3882,
59,950,,498.2567240360778,16.285679,743.6077,770.6213,685.1825,707.3126,710.75354,744.0798,694.37964,777.0858,764.4729,
59,951,,454.29305010387253,16.287075,8268.275,8598.315,8051.9272,8162.6167,8117.2017,8474.709,8312.825,8484.78,8432.407,
59,952,,473.26625203685785,16.287086,135.21658,136.9435,112.72389,120.510704,121.19493,128.12755,134.39336,141.34341,132.92053,
59,953,,476.274978842799,16.287088,2675.904,2808.37,2627.0652,2764.1248,2719.8762,2745.265,2766.9473,2813.8564,2738.0652,
59,954,,929.5600082994744,16.287079,157.80534,158.5518,136.8618,124.146996,133.61572,160.6588,142.90656,168.81181,174.67531,
59,955,,313.27386019786076,16.287548,1621.7954,1702.9753,1604.7861,1481.2678,1455.0618,1630.7485,1478.2395,1657.9214,1667.9832,
59,956,,907.5781274224742,16.28756,222.10283,228.40794,198.83733,205.39139,195.66022,229.26923,194.69281,239.49261,226.9971,
59,957,,246.6237162453976,16.288496,291.40323,293.6818,277.8773,301.49118,298.19186,310.65616,321.20538,291.51416,293.7152,
,959,,270.185350448792,16.057804,113.32761,137.81635,71.64516,60.379387,123.821045,534.836,66.055275,235.06894,449.8647,
,960,,298.2166915280956,16.393105,4290.3477,4384.702,3998.817,4067.0718,3981.7742,4151.2964,4032.4155,4292.293,4328.5376,
101,961,3-Indoleacetonitrile: [2M+Na]+: 0.665,335.1253740375046,16.400187,471.948,486.2919,430.9036,430.92346,426.75757,501.488,414.50385,452.11945,482.5883,
101,962,3-Indoleacetonitrile: [2M+K]+: 0.638,351.09920840314214,16.400187,107.89223,112.42365,96.77455,99.90092,100.75166,124.798584,96.56531,115.76835,120.50801,
,963,,634.2313005450645,16.593073,107.30817,109.42035,55.81614,63.377895,14.708735,156.47585,88.73145,150.59465,118.818016,
,964,,328.2272379479926,16.456753,7487.0347,7758.335,7563.059,3516.1382,3443.4463,7367.5117,3377.2004,7581.007,7600.08,
96,965,,301.14112470706027,16.475636,3000.5957,2958.675,2864.276,3203.6719,3109.683,2970.1624,3061.0112,2976.4897,3035.681,
96,966,,149.02332575034535,16.477514,140.11269,153.91338,140.00635,148.02359,119.632225,136.04594,124.7285,131.88847,155.45906,
28,967,,411.09371149738377,16.485512,940.80054,942.6635,868.2189,468.07068,451.53696,959.86694,511.7009,937.6064,992.5028,
28,968,,412.0943549324395,16.485983,293.68576,278.75754,266.88052,107.73034,99.09785,284.1844,120.74008,269.18292,294.5404,
28,969,,427.0675779562684,16.488333,150.7544,143.18095,127.942604,46.236824,53.012383,160.9291,28.145588,145.45328,161.99234,
28,970,,413.0917077342103,16.484581,156.83855,149.0087,135.96225,14.283644,7.345682,159.06337,67.29712,146.99504,170.88136,
,971,,312.23235654546244,16.530779,4064.4858,4095.5044,4048.6304,3789.162,3710.3306,4004.724,3770.2148,4063.594,4059.708,
,972,,321.24006518132063,16.552954,698.8839,700.7568,689.4699,720.9998,721.0169,713.35474,710.63696,693.2929,704.285,
84,973,,302.144472876744,16.539701,207.25421,215.43877,183.91452,279.58185,223.22823,214.28609,227.39276,214.37723,204.00595,
84,974,,149.02333042642007,16.573675,164.38751,169.25084,159.38254,170.3394,165.14236,171.13457,168.02481,154.87088,163.73499,
,975,,310.2165849169525,16.630327,474.31314,484.69293,448.40887,429.84357,414.83456,470.95837,439.23282,478.16296,487.58795,
64,976,,498.25669869993067,16.63599,873.67804,888.97833,796.86005,848.7301,826.24115,893.1577,844.7588,884.65735,875.55817,
,977,,951.5423590088695,16.64828,88.84271,87.006485,51.17501,46.30934,42.625206,78.922714,72.14722,69.400475,101.96015,
64,978,,476.27496131941746,16.644026,3392.4788,3451.8787,3181.7913,3404.516,3405.5625,3411.7173,3442.2812,3441.8503,3439.9128,
64,979,,929.5598732701377,16.645454,232.59325,249.08566,212.28682,209.89432,218.86475,225.52797,215.83727,234.16437,248.79144,
64,980,,454.2930381869502,16.64591,12577.423,12898.371,11877.912,12414.9375,12241.925,12789.819,12535.833,12731.41,12823.031,
,981,,255.62896055409095,16.644962,102.18956,71.91432,93.452545,79.790504,81.68536,136.02365,45.28102,106.46697,114.79952,
64,982,,436.28222822854264,16.647806,217.93896,236.48584,164.74544,191.15405,192.89478,219.25832,194.3546,204.69716,218.5674,
64,983,,907.5782851981685,16.648737,411.4726,415.64145,378.6238,365.47293,370.70438,404.19315,356.0411,401.88968,431.5607,
64,984,,473.26636171382336,16.649216,200.09425,217.4358,187.64153,209.2019,217.96165,191.84216,219.2907,214.9407,217.75443,
64,985,,246.62370726749324,16.65016,276.05963,274.6097,233.85144,316.10443,316.46606,283.6905,323.12714,283.8921,277.30093,
64,986,,313.2737690668257,16.650635,344.3177,318.8639,314.1523,278.27585,272.3398,329.21008,272.62643,347.84854,341.744,
,987,,955.5756457450856,16.660591,70.28525,84.63251,62.38205,67.125305,62.681522,84.523224,72.683304,92.73732,83.24458,
,988,,933.5938720383771,16.65822,155.80615,168.83191,151.27412,105.20188,118.16155,152.74715,127.82269,158.5136,158.14503,
64,989,,480.3086455523148,16.664831,2977.6123,3090.9854,2876.7,2898.9624,2834.957,3058.0164,2894.1343,3045.5408,3082.2556,
64,990,,339.289391740916,16.6653,374.688,381.78915,344.21658,313.0904,291.0465,389.40186,326.05548,385.92084,388.82672,
64,991,,502.2903824598777,16.67334,789.1079,821.81116,754.73956,777.9533,767.68665,792.9789,785.71625,802.5323,794.2554,
64,992,,340.2272930931362,16.676144,15285.988,15718.727,14881.558,9237.3955,9013.36,15729.376,8877.215,15741.852,15713.544,
,993,,524.2721452688604,16.793705,155.53755,163.72142,706.73706,871.0342,873.79156,151.94319,149.74509,159.27776,152.67723,
,994,,324.2322641119388,16.713387,312.43582,316.6235,272.61423,292.05136,293.61868,311.85904,286.63187,314.53027,322.19202,
38,995,,631.4468801179391,16.721884,517.8484,535.4025,493.7621,131.64653,121.148506,550.9546,115.37575,539.87164,528.7284,
38,996,,338.2090633456445,16.7233,564.72925,573.2985,519.05756,275.61856,250.1084,586.3456,247.86182,574.9443,563.67126,
38,997,,316.2272991956959,16.724243,110841.06,114441.23,109345.64,53906.426,51989.094,113717.15,51323.67,115162.766,113692.586,
38,998,,316.66685113252385,16.72433,437.3308,494.49646,436.44745,0,0,481.47754,0,469.69327,460.40652,
38,999,,316.4684344922551,16.724045,467.56354,525.98456,493.96185,0,6.1277733,492.8163,0,494.19635,486.3056,
38,1000,,316.64530169244705,16.725727,330.1774,328.06903,240.35602,0,0,327.04166,0,331.42868,327.07477,
,1001,,316.40204035537835,16.725733,65.22996,76.17288,73.39195,0,0,70.27758,0,67.60144,72.497696,
,1002,,159.06786606327321,16.726423,80.21244,100.27403,89.36325,0,0,104.63499,0,84.65461,59.799706,
20,1003,Phlorizin: [M+H]+: 0.853;Phlorizin: [2M+2H]+2: 0.853,437.14481223252864,16.769972,286.74054,308.06842,299.3746,265.9945,269.10944,340.82712,274.13742,325.13235,322.965,
,1004,,819.3524697324964,16.77423,52.170967,69.08355,74.400696,47.29575,40.1802,72.245094,42.76156,63.592293,67.99156,
20,1005,,421.17051325510187,16.772802,311.46967,345.61597,329.7338,307.20337,305.98108,368.67896,308.1615,348.72238,351.33847,
20,1006,,699.3926926086357,16.775196,332.91046,643.49927,595.1288,632.32196,608.4525,641.4143,630.29474,641.0317,641.1785,
20,1007,,415.183869400184,16.776106,130.65712,145.35735,125.56325,128.9825,144.23167,159.0806,144.04727,148.57222,150.03203,
20,1008,,401.19023211971376,16.776136,86.216,133.01701,128.9095,101.13913,101.70217,138.33374,110.04674,129.0985,133.82004,
20,1009,,399.1891616599301,16.777044,1593.7004,2991.2886,2885.7385,2538.2427,2563.4402,2931.4465,2700.351,2960.0369,2987.7734,
20,1010,,859.2920100622274,16.776114,111.2061,140.46117,122.19699,96.10506,91.09117,128.85486,83.67419,135.86264,131.76923,
20,1011,,383.2117857952699,16.780348,120.98798,197.13191,164.99265,189.72517,177.10925,194.59512,186.5091,187.34007,186.81796,
,1012,,405.1936780697587,16.774223,58.992386,69.06546,68.913315,66.71654,63.944324,85.70082,50.04908,76.78953,82.43445,
,1013,,835.326660058538,16.77424,48.260334,69.4887,65.70836,33.66566,34.3097,67.88582,22.575054,65.90732,68.74704,
20,1014,,367.21682468211867,16.786488,345.82916,391.65344,353.96463,443.34106,433.98547,400.78687,414.4805,391.69775,380.9907,
36,1015,,320.19838143829134,16.80296,243.6282,278.58878,255.96558,239.96747,239.2447,256.14362,243.07516,267.62555,266.14648,
,1016,,184.07577583868482,16.803463,88.26534,102.19668,98.5676,19.945564,18.77198,99.05068,48.615723,100.1281,93.664635,
36,1017,,298.2167247576057,16.804409,50763.59,55324.254,53204.727,50394.816,49753.023,54218.36,50436.25,54713.8,54426.12,
,1018,,619.4230192168251,16.808598,70.33144,83.7355,47.768967,64.72777,46.264675,85.1416,25.894363,84.3101,84.68171,
,1019,,597.4410973487874,16.81146,94.62262,132.81856,119.571495,97.720894,99.89502,125.10836,96.47743,130.11322,121.94905,
36,1020,,153.12748094500455,16.8171,140.75285,150.72043,151.9588,142.81058,145.61888,143.74005,135.37743,159.28325,165.79979,
36,1021,,300.23229134810856,16.81758,67225.45,72009.336,69150.22,66502.336,65031.824,70701.69,65989.81,71280.57,70695.53,
36,1022,,359.27932346655393,16.817575,897.59735,1050.142,971.8428,1014.56635,994.7561,1031.1399,1037.7355,1019.32086,1047.1659,
,1023,,292.65907466900234,16.82137,83.806046,91.540695,89.268,79.59062,93.54849,83.6011,99.22512,60.430206,91.058,
36,1024,,543.2868338160972,16.818535,96.6193,123.51804,99.17754,105.74456,109.9685,113.32968,115.07678,116.02478,112.45938,
36,1025,,599.4562682097048,16.818062,97.68347,124.657166,114.48302,86.98552,89.33491,119.023224,93.453,118.32005,125.763756,
36,1026,,171.1380459666759,16.818497,212.13579,242.49258,233.42305,230.93857,231.69485,241.43634,233.40898,243.10507,222.89426,
36,1027,,524.3106165112418,16.817547,63.630375,66.26092,88.00597,83.06068,84.75445,76.32981,75.69023,81.08889,83.92384,
36,1028,,549.3010450014144,16.818977,685.13104,791.7843,726.0544,755.5669,737.763,749.10614,729.17786,742.3726,749.47284,
36,1029,,300.4670331599371,16.818045,96.46623,97.10432,89.363144,41.833145,29.113607,94.46019,42.47465,92.95017,96.598366,
36,1030,,1031.6487291645624,16.81897,206.1336,239.02327,219.93353,229.39758,228.86688,221.45273,229.17549,219.75957,229.97029,
36,1031,,189.14858308927535,16.819454,223.55873,230.40585,225.87149,245.9277,234.51749,230.84718,242.05951,230.81282,248.68901,
36,1032,,272.14588261982635,16.819923,115.70257,127.72284,119.91249,149.19731,139.33882,120.56896,152.02188,129.85901,125.66893,
36,1033,,322.2140795292955,16.819939,321.48862,355.0322,324.78674,332.1972,322.31528,342.03906,323.67603,350.29028,344.19617,
36,1034,,527.3192772610455,16.820396,4306.248,4770.8784,4494.961,4726.153,4684.97,4668.706,4736.0063,4658.92,4670.1387,
36,1035,,341.2683303162264,16.821802,120.54459,141.7055,119.59694,122.37144,112.71164,137.09146,129.6595,129.49834,119.61765,
,1036,,300.659892319718,16.819757,60.39752,58.79614,36.76137,0,0,58.65482,0,60.805622,61.457024,
,1037,,522.3634102423307,16.820389,77.281746,92.443054,56.41186,70.93019,74.24059,99.471954,50.826683,78.61588,82.157135,
,1038,,281.1511167990282,16.820368,51.505272,71.41019,35.056183,50.888363,71.81457,90.89106,63.666843,73.19546,64.88083,
,1039,,685.2755511923584,16.825605,72.289505,104.05825,34.69786,14.607883,85.40677,105.282074,71.11374,92.35802,82.527985,
,1040,,324.2322252451637,16.909046,622.643,674.87695,654.29565,605.1166,601.8828,617.9353,607.1937,681.4284,650.44,
,1041,,319.22442995594827,16.92785,586.31116,640.7444,602.8687,637.4164,620.8072,598.4698,608.654,633.9673,633.49554,
,1042,,267.61768975710976,17.02261,101.089775,130.06265,93.781075,40.508163,25.607094,92.02336,19.458946,59.0341,123.18814,
83,1043,,502.2905623160125,17.019781,3752.5842,3908.711,3747.9158,3728.3298,3733.7615,3769.142,3776.8828,3887.388,3869.3381,
,1044,,592.2595673591428,17.021664,128.45767,115.49849,99.61594,140.48444,141.34424,100.15346,139.69127,135.89748,147.71413,
,1045,,660.2470174656264,17.027845,188.86774,201.14552,152.44742,171.31511,147.29166,196.07964,151.48186,205.19315,197.27374,
83,1046,,981.5913071584026,17.020247,240.4757,264.34833,254.05898,212.00253,198.2204,237.38568,209.81877,254.72495,247.22426,
83,1047,,499.2820897532153,17.020718,219.57077,219.22151,209.28528,204.62256,200.27156,201.41069,194.69461,203.24576,225.0347,
83,1048,,959.6094997555467,17.020718,346.25208,370.72427,371.4529,280.0284,269.845,353.32007,288.40628,367.80536,373.94067,
83,1049,,524.2723412034017,17.022118,1058.2727,1093.4573,1040.6329,1025.8848,1022.24603,1068.4307,1043.6498,1101.749,1090.2725,
83,1050,,480.308702764311,17.02214,12843.251,13434.189,12985.916,12551.254,12228.451,12967.651,12408.633,13364.052,13399.515,
,1051,,462.29766562937726,17.018822,80.890045,96.636696,88.677826,62.45093,41.178665,67.66095,20.455482,82.767845,98.03288,
83,1052,,259.63152061496606,17.023558,425.3572,414.51257,388.9501,447.03452,434.21033,420.49066,424.13318,414.57513,433.96207,
83,1053,,339.2893647817624,17.023558,238.02237,235.00551,234.27405,141.52148,157.80539,229.59756,159.84663,220.64948,236.12979,
,1054,,1003.5728912673866,17.024475,111.231064,118.88408,98.21887,89.24321,81.73625,103.52833,85.43473,119.757675,110.90169,
17,1055,,342.2429372108429,17.144783,35237.52,36783.71,37407.34,17801.498,17169.2,35464.71,16933.21,37103.312,36292.45,
,1056,,683.4779323503877,17.14474,64.715744,80.65764,70.73796,0,0,74.00481,0,79.685974,89.22176,
17,1057,,364.2246973060392,17.145277,242.94318,243.65195,268.8656,92.42886,90.78998,249.0928,39.679977,242.98775,258.403,
,1058,,300.2322209384208,16.932037,1139.8401,2228.8545,23530.617,4155.049,899.23535,33.008247,2832.5127,2930.869,2588.3542,
77,1059,,348.2297235733923,17.237663,118.18727,135.76376,130.69637,120.372795,105.40071,148.21835,127.13015,128.66646,142.0404,
77,1061,,324.23241873502934,17.245205,15220.733,16308.5625,16072.599,14831.8545,14535.063,15966.986,14765.138,16351.861,16144.536,
,1062,,346.21416988336836,17.248514,77.42467,77.20602,33.06389,13.706863,38.478165,95.825806,54.443535,77.60634,83.99672,
,1063,,467.2769112179493,17.387062,220.14223,236.64714,226.64372,183.84264,123.67241,93.137596,222.74039,237.58786,253.04366,
41,1064,,679.4261738096434,17.379995,203.76411,249.89062,249.61354,223.69089,209.29326,240.7746,214.73312,258.1436,229.55353,
41,1065,,359.1905015239902,17.380455,133.19954,127.3726,146.57393,156.82953,158.22382,98.98233,150.7888,134.76639,140.44423,
41,1066,,309.2036855344602,17.380457,272.5755,300.73013,291.51736,288.48605,278.0533,272.7274,269.63892,298.39975,299.7715,
41,1067,,701.4084648713406,17.38046,2586.8098,2949.718,2976.741,2931.6472,2850.6147,2709.452,2883.8545,2901.9226,2899.6785,
41,1068,,387.3104983261107,17.381401,327.84418,353.82492,367.37476,334.2063,344.4521,332.4681,347.89923,349.10196,365.14835,
27,1069,,529.2512573589977,17.382324,1235.1132,1349.6005,1381.2909,1520.1155,1507.1224,1294.535,1519.0516,1389.734,1390.7983,
27,1070,,313.27383411449523,17.384224,1573.518,1681.6821,1710.2224,1621.8333,1601.808,1615.5643,1617.0312,1680.2968,1715.329,
27,1071,,485.28735088042555,17.38468,552.89154,613.55286,644.1779,600.56305,592.94055,594.67224,599.02045,632.141,626.6611,
27,1072,,507.2694430878615,17.385162,2869.6648,3197.2366,3214.913,3299.297,3300.6719,3000.9685,3307.593,3145.8108,3173.4807,
41,1073,,723.3900914665267,17.38518,333.49207,375.44803,365.45068,391.39133,385.93228,345.12613,392.21857,377.54404,361.52777,
,1074,,298.34687595527305,17.451181,1462.5485,2060.9448,2132.7688,2116.8445,1975.2014,1482.7307,2021.0931,2093.9756,1613.6628,
77,1075,,326.2479865600595,17.238152,24148.873,25572.87,25239.924,23617.107,23207.781,25152.45,23442.59,25711.084,25581.693,
,1076,,280.1621599633969,17.469116,260.85254,275.08774,265.93832,194.00745,189.71173,269.39014,199.02824,271.6319,281.5145,
,1077,,352.24601853710533,17.541744,150.90976,159.0489,150.29352,193.0533,153.13141,171.22656,139.9532,161.79831,185.48874,
,1078,,425.2146303841898,17.543709,239.23193,248.71033,235.7347,187.63753,207.15918,261.96933,178.39642,245.25905,266.32162,
,1079,,326.3782472087425,17.555948,3967.7266,4311.068,4168.496,3721.5186,3823.7139,4147.649,3805.518,4326.9097,3985.9453,
,1080,,342.24280705555196,17.688015,154.61003,185.62228,199.52705,1147.6163,1112.7798,144.86261,1061.7827,156.09547,171.80695,
112,1081,,575.3166128357437,17.615244,402.34152,430.94778,423.6584,379.48734,380.1563,411.7175,379.14264,402.80524,408.8936,
112,1082,,385.2943735813645,17.615713,387.9109,392.7354,401.7669,363.15012,365.76862,393.8811,367.20828,360.2143,388.70663,
112,1083,,553.3348726235976,17.618082,2084.6292,2183.5562,2230.0217,2101.0134,2059.131,2148.6484,2100.2483,2135.8325,2168.6775,
,1084,,280.16214259300375,17.606756,130.56532,128.75272,135.40823,200.6942,196.27563,126.20509,205.43367,131.51183,132.47392,
,1085,,553.3347153616955,17.70389,86.381134,72.58144,2236.613,82.86185,89.93777,2157.468,2107.541,87.24332,91.22799,
,1086,,352.24626742308527,17.762438,180.17633,161.24551,191.57657,185.03404,185.02998,199.16162,187.17563,174.63322,156.45284,
,1087,,351.2505188704017,17.806738,66.10904,75.17944,74.47507,63.076714,72.09865,76.114044,58.776188,71.280266,27.587244,
,1088,,429.3183358381226,17.851599,43.58493,92.50172,84.39402,85.04637,71.37663,45.878906,76.27136,76.40417,19.315979,
100,1089,,342.2428297029797,17.848751,2195.7866,2495.372,2456.5618,1140.7488,1105.7506,2291.051,1054.8958,2493.4404,2085.3318,
100,1090,,341.2661895497155,17.850637,304.83548,428.3617,395.69455,387.49957,394.71707,274.22437,397.52338,421.79263,281.01556,
100,1091,,385.2926321118541,17.825197,132.7109,171.93456,169.37338,161.131,135.35808,151.71274,149.44374,183.91566,397.08273,
,1092,,297.2400880996812,17.861988,599.94385,800.4281,767.61475,1047.8513,1011.35266,653.3686,1018.6519,783.41064,569.8673,
,1093,,135.0804134129192,17.88463,69.020744,54.111378,55.527134,24.498116,48.842068,74.31171,21.479347,62.253765,44.811165,
24,1094,,339.28936656210425,17.915354,284.7258,330.0786,323.64105,276.52045,240.41951,310.59277,280.7878,332.4765,277.214,
24,1095,,533.2849444925447,17.915344,798.3738,892.691,862.1551,890.0468,862.4952,830.33575,870.8262,876.79034,790.26825,
24,1096,,555.2667428111384,17.917702,294.03183,377.55576,360.80713,371.85394,342.22632,307.1441,353.7762,369.25232,301.30847,
16,1097,,485.2891590172406,17.93279,1202.0724,1497.7682,1471.1667,1543.9932,1518.0795,1265.385,1594.8846,1470.3253,1129.3186,
16,1098,,507.2713659914323,17.932793,5617.479,6867.2866,6630.7837,7514.7983,7336.5015,5830.5225,7381.578,6761.397,5613.993,
16,1099,,991.5543268865944,17.932795,441.4329,638.84033,620.50024,787.2607,758.2278,473.04626,782.0656,636.248,427.7792,
16,1100,,1007.5281932808828,17.932817,253.1797,330.1212,328.4934,417.17255,402.72504,255.4448,408.497,332.60266,242.02066,
16,1101,,523.2456000887727,17.935144,1822.621,2101.9446,2035.0249,2336.6758,2346.0417,1878.6971,2351.9106,2132.5886,1780.5997,
16,1102,,525.247636457444,17.93611,155.9909,192.89651,170.11568,200.26308,192.74518,151.91354,208.03801,186.51945,151.5664,
,1103,,467.2769471366551,17.954088,255.16318,328.91055,327.12927,156.61533,248.98157,268.1324,268.38837,291.7312,254.65804,
,1104,,529.2511908639831,17.947931,612.02496,646.25867,648.9066,752.58655,722.7987,569.7197,709.59045,652.8732,587.97125,
12,1105,,486.1133315372392,18.051632,569.12836,608.11304,601.3459,279.9411,283.41006,653.34875,320.62695,604.7036,631.1461,
12,1106,,487.1109526490032,18.052092,352.68387,380.191,377.56894,154.74138,158.61554,417.54486,186.04114,374.08,388.91522,
12,1107,,501.0863525016093,18.053047,252.26872,271.91406,270.6342,130.68129,104.706696,289.89694,147.31737,272.2614,286.4805,
12,1108,,485.11263578215375,18.053978,1432.9227,1542.38,1515.3049,787.418,787.41986,1605.9655,856.3152,1519.4059,1591.9288,
,1109,,502.08722955918233,18.050697,64.48004,83.80132,99.62591,0,0,78.904915,0,74.51131,76.47925,
,1110,,727.423756629526,18.08651,215.81007,266.36328,271.0927,221.16997,216.1925,258.87195,214.26651,269.40924,261.38663,
,1111,,326.2478907495656,18.117601,242.35147,274.32703,268.07245,203.40567,191.6768,258.46133,196.9593,251.18887,268.49365,
,1112,,354.40950885502986,18.146843,41.83656,403.15417,388.97546,375.8743,362.40527,77.96385,361.44296,395.73282,88.020645,
,1113,,368.25846068359283,18.17233,194.98126,226.59642,244.297,27.989532,59.282036,215.50346,39.08745,213.21649,195.28497,
,1114,,311.25575429408315,18.447924,121.92833,636.31555,580.4278,301.77298,1130.0414,86.41322,1167.035,434.67816,324.6707,
102,1115,,555.3505616848067,18.220991,3476.569,3765.4417,3846.1785,3536.9048,3493.3213,3670.9382,3530.4548,3704.846,3560.231,
102,1116,,577.3322803426939,18.22147,683.4008,731.0556,762.70825,687.7535,673.77686,722.6117,694.55096,721.98596,707.59076,
102,1117,,387.31050061364266,18.22192,613.98157,646.3973,686.2567,614.385,609.05176,646.49884,611.86816,654.8991,630.2692,
,1118,,645.3196136027367,18.220982,36.949806,58.245995,45.696674,129.64755,114.22621,99.19087,122.85041,97.326195,58.86173,
102,1119,,713.3067929702536,18.22337,106.22412,109.48626,129.02716,101.09123,88.25602,118.87181,75.050766,126.81101,69.18589,
,1121,,399.3081080933023,18.270084,621.6416,691.29095,682.373,655.43304,660.21814,692.02606,634.4801,685.72156,672.16925,
,1122,,443.33428006752064,18.351707,652.52954,681.02814,708.6698,579.3224,613.92065,692.46234,605.72565,688.2929,701.6783,
,1123,,293.16994101471795,18.418238,219.26791,183.64252,205.37793,152.05597,92.55303,201.58409,97.52447,195.42119,202.37602,
,1124,,531.3866027035496,18.364902,78.6449,432.43274,433.00934,372.7764,193.60042,418.0299,144.33951,445.39954,255.06833,
,1125,,575.4126781445507,18.371452,14.255245,102.446625,130.16705,40.80279,62.467693,109.32829,46.642998,115.17473,64.837975,
,1126,,487.3604536245623,18.387033,500.3323,524.89087,554.77966,513.8292,517.81726,540.30585,498.8596,564.68396,520.7238,
,1128,,355.2819021508851,18.434702,819.0931,935.4429,950.04114,1015.31903,583.5249,866.7583,697.6288,935.3894,433.2778,
,1129,,344.25861152932083,18.434717,3122.6704,3603.285,3627.7073,1459.3419,1414.5668,3497.9958,1309.6743,3493.633,3455.9775,
70,1130,,285.1723640009784,18.584696,183.86894,225.91476,196.97023,6.625209,20.18893,184.97473,6.8263454,185.37476,204.63586,
,1131,,691.2416814143409,18.476719,121.53371,289.75842,307.2227,146.03694,207.07935,282.88974,228.33328,255.1729,280.8174,
74,1132,,555.2670032974448,18.478601,2086.5981,2367.384,2412.4622,2508.0076,2474.3647,2367.8108,2534.9507,2242.5469,2358.4998,
74,1133,,533.2851560530437,18.479078,4556.743,5087.838,5224.0063,5348.348,5196.767,5156.8633,5158.2036,4848.243,5081.926,
,1134,,623.25412063988,18.469643,104.998276,276.9376,335.37988,347.435,311.5989,321.47952,311.41525,146.68837,320.42154,
74,1135,,511.30313493837417,18.482857,1508.257,1709.7472,1718.819,1587.6222,1574.8795,1680.6934,1625.8647,1637.1957,1716.5579,
74,1136,,339.28943110647083,18.483768,412.47153,528.38947,503.74347,400.38754,413.41782,541.0745,396.38577,499.16202,536.7267,
74,1137,,493.29251915708716,18.484734,899.28503,1044.4785,1029.9293,966.436,940.9144,976.35925,965.7745,921.4695,1022.18915,
,1138,,311.25572810448955,18.521042,243.74435,628.93756,572.9166,1100.6597,1125.661,304.87244,1178.5806,514.91943,318.13672,
,1139,,293.17012050855334,18.547417,536.64435,609.611,607.2917,152.05597,92.55303,574.28046,97.52447,570.6633,599.3277,
,1140,,326.24799492680233,18.569618,2484.9038,2628.9556,2721.201,2090.409,2057.8987,2676.3596,2073.0403,2607.1235,2687.9841,
70,1142,,328.2636553448631,18.591303,5699.537,6143.4272,6323.7666,5083.6567,5007.7827,6179.64,4966.3306,6044.7524,6148.24,
,1143,,280.16218501618164,18.616812,942.6095,1022.1289,1025.4171,596.45764,607.9947,992.30286,585.95575,974.2326,997.9378,
104,1144,,255.23201610386292,18.624346,123.46318,113.00047,135.97139,116.46976,109.06343,128.74261,111.56788,111.97599,119.0613,
104,1145,,299.19580385218217,18.625765,258.40924,282.73474,295.64786,228.2146,247.23029,276.87085,265.62576,269.3387,279.42822,
,1146,,354.3185761324337,18.909788,101.541145,42.45766,56.271496,34.604324,99.38453,93.128685,20.675623,26.233961,217.50679,
88,1147,,751.4310731222773,18.69323,132.40492,169.01076,163.85397,146.87027,134.51364,150.9409,146.06816,148.80399,143.44266,
88,1148,,729.4396168726827,18.694658,829.4223,948.45123,931.2854,736.23694,763.0548,879.5371,748.4322,893.4684,796.9303,
,1149,,258.1488635347795,18.847178,634.63855,1324.0793,1882.1251,0,0,660.9454,420.48083,644.804,784.5844,
,1150,,370.274172523137,18.714914,1866.7349,2063.3804,2081.893,763.89044,740.936,1949.9865,692.99866,1989.4508,1835.6625,
,1151,,695.391595231675,18.80163,66.11821,64.648834,78.53991,18.229313,71.3407,69.92516,66.44795,63.215622,67.33835,
,1152,,679.4183724823572,18.802113,32.027336,85.939316,81.434616,92.663086,80.82888,75.36977,85.897194,71.40412,77.70306,
,1153,,497.2792720470548,18.82241,133.3487,142.77258,119.51216,19.40223,11.830938,107.273834,13.332193,110.01834,116.88467,
,1154,,352.26346945555673,18.863369,218.4639,215.26015,235.19296,161.64313,133.87639,223.35364,141.89995,221.7369,218.9794,
,1155,,354.27938336748963,18.881767,4451.986,4514.3926,4622.6846,3673.9792,3640.0862,4439.2637,3681.6453,4406.0493,4419.993,
,1156,,581.3656680153462,18.929335,232.65163,255.46387,244.9783,215.94708,216.75204,241.42467,215.6098,243.09949,228.99353,
,1157,,501.37618468865395,19.038363,113.49653,139.23535,128.05698,84.62466,70.34369,122.63671,80.345985,129.73799,80.08341,
,1158,,457.34987103566374,19.020908,297.08014,332.91513,295.84146,215.64545,173.42328,314.13498,296.42877,190.4437,154.31267,
,1159,,369.2975904803199,19.127556,440.30328,798.4667,151.00813,1204.9336,1068.5029,499.23016,186.33667,138.0649,150.3381,
,1160,,353.2662444608029,19.029402,150.76022,175.9889,165.63754,227.65823,233.13821,168.84897,237.61906,179.13976,165.29807,
,1161,,413.32382616498154,19.05016,317.24103,415.98495,651.6063,359.9598,370.1624,341.85287,348.37433,409.7926,362.5637,
,1162,,280.16217109719105,19.127556,498.3801,481.57346,521.9178,344.1927,322.39786,493.02972,329.85434,477.7294,460.8653,
,1163,,256.26356552494167,19.144053,311.5385,348.5566,341.32962,322.70917,299.22708,316.3838,306.69495,329.5141,297.8075,
,1164,,457.3499069375159,19.125633,304.37387,133.17973,209.32198,178.75296,181.62846,181.14134,104.857346,180.66754,154.31267,
,1166,,369.29756672166826,19.20678,432.9145,790.8412,754.1125,1258.3645,1060.0737,492.34357,1047.3407,770.2022,365.6703,
,1167,,413.32375604115765,19.127092,197.21243,212.12234,256.0854,237.2715,140.19827,314.3255,355.5076,234.99509,131.9975,
,1168,,379.2819191676587,19.241703,175.72795,196.49193,197.7151,192.0726,178.94263,197.44997,181.76854,188.38869,133.87056,
67,1169,,304.26118810760494,19.351572,233.19792,318.60394,318.8923,305.30472,314.54013,274.53696,291.95587,301.47324,231.30777,
67,1170,,282.27927191195937,19.354391,806.79486,1010.64343,1042.3367,969.4647,936.738,847.60565,908.60266,1018.90826,771.77185,
,1171,,325.27150556604727,19.411001,1128.5248,2303.117,2339.0493,4513.2163,4460.771,1193.9739,4378.757,2288.147,1111.1422,
69,1172,,576.1058605815798,19.395912,90.70261,89.24948,102.26089,19.216993,12.928679,82.05888,20.156649,88.029526,70.915306,
,1173,,562.1297884383482,19.395214,83.65616,93.71298,92.03198,0,0,92.94448,0,84.50348,84.443375,
69,1174,,559.1314030947568,19.39591,1109.9021,1173.4272,1191.2356,662.3413,662.2642,1148.307,706.6548,1162.3152,1097.8799,
69,1175,,560.1321645156077,19.395914,504.414,552.98267,550.86255,281.06638,289.2168,535.70496,322.67288,526.94086,498.27292,
69,1176,,561.129809014235,19.397331,358.75757,369.803,365.04254,182.82294,196.87242,362.03238,195.60074,363.6573,337.58102,
69,1177,,575.1051904500584,19.398737,238.41061,246.21173,258.0784,115.602844,108.57647,245.62476,136.92181,234.53271,214.11522,
,1179,,369.2975853314462,19.46625,99.721405,119.58484,124.169136,108.64249,110.1238,116.795784,123.67131,121.66728,197.71432,
,1180,,583.3815174019632,19.511509,361.84207,404.43555,414.2064,341.90283,345.781,394.0003,350.82007,411.0962,323.5416,
,1181,,354.31864327199935,19.67944,80.553955,106.933395,265.87054,149.66875,208.93858,145.44173,314.73923,1144.8099,306.0071,
,1182,,282.2792380952505,19.604492,178.36366,190.80428,183.9079,189.44704,179.49004,180.4203,155.40706,173.92831,153.62535,
,1183,,427.3392532595501,19.75541,6.6075516,145.87856,142.68594,139.1031,132.77989,55.814003,157.075,125.18897,33.912086,
,1184,,239.23702480672486,19.777628,53.712856,88.003,77.60021,65.225555,38.707813,81.53396,63.35207,79.495926,92.33529,
34,1185,,301.21142924032875,19.77716,769.02893,865.24255,869.0121,831.10126,788.71094,852.7265,771.7116,793.67194,859.4566,
33,1186,,369.19861326403594,19.780933,112.59034,130.65097,125.61325,142.03278,146.9721,135.3566,135.85506,113.90319,73.63738,
,1187,,354.31866565145395,19.956663,126.58856,455.59412,265.87054,83.19874,208.93858,124.33334,284.36386,271.9413,52.595432,
33,1188,,257.24760267840855,19.779995,408.48297,471.33862,463.9642,397.23096,395.6156,442.57526,385.02042,422.9115,459.0704,
33,1189,,282.146442898006,19.799208,112.52836,149.18651,136.73451,0,99.0916,130.05135,95.541435,132.02951,125.9476,
,1190,,437.18622245836247,19.78331,82.78621,131.68494,119.12591,118.499664,81.716896,66.27944,113.51117,53.096424,109.18446,
34,1191,,310.1776129944396,19.825459,84.92344,135.3587,113.41021,0,0,96.703514,53.552048,108.28712,103.89413,
,1192,,293.1699406930348,19.857965,134.79343,124.31859,154.53647,0,0,116.77487,0,121.544174,99.33016,
,1193,,310.1776610995092,19.915789,123.68284,142.59665,138.44078,0,0,103.965034,53.552048,50.14605,147.34291,
,1194,,282.1463985404151,19.934427,149.4614,194.32443,189.09875,0,99.0916,193.3973,164.54738,177.11766,185.14685,
109,1195,,265.25258608698084,19.936054,158.0657,176.43024,165.87135,126.90169,136.34663,175.34682,132.76245,175.10088,168.31978,
108,1196,,631.4644238786675,19.937,131.58446,145.0763,125.04169,119.63739,129.77477,149.44998,132.68774,138.18622,142.07298,
108,1197,,283.2632022711027,19.937468,449.0315,479.00626,468.61917,401.8432,417.5761,478.04318,423.96503,456.55942,488.38956,
108,1198,,327.2271307775359,19.937464,1620.8156,1731.7026,1702.6606,1647.4249,1685.9677,1742.0127,1664.867,1687.606,1712.433,
109,1199,,609.4825949725328,19.937471,203.94922,227.67136,223.6126,178.78806,186.51164,221.49475,188.26645,216.98434,221.67343,
,1200,,289.1992730115282,19.938091,3561.1543,6183.3525,3430.5925,0,250.58887,4089.0938,2159.2844,3413.561,3824.0298,
108,1201,,395.2144187724012,19.942669,220.1797,231.31628,235.87062,248.38918,257.19998,245.02733,253.67177,227.60982,226.4475,
,1202,,463.20171414791065,19.94553,129.2683,171.58296,167.14136,164.48076,177.15257,147.471,173.08083,145.95386,167.95265,
,1203,,258.148845182969,19.915777,883.2031,1249.5608,1205.9233,0,0,1052.1913,950.58093,964.2954,1611.6786,
14,1204,,408.30846575827405,20.008188,249.86343,270.1652,270.51224,253.61627,260.12164,268.1001,248.32735,263.24283,270.8673,
14,1205,,383.313230878013,20.009146,483.75806,948.50006,958.09717,1412.3789,1402.0675,519.97797,1393.903,921.84906,526.38885,
,1206,,489.3549379045754,20.08698,258.0161,297.53592,290.38205,299.76508,288.79898,292.168,296.12018,302.15497,300.7014,
,1207,,529.4073845259122,20.155859,87.061104,100.834854,106.34156,74.7693,79.57688,85.42847,72.719734,107.26103,86.417404,
,1208,,372.28952196135737,20.161049,205.24452,220.05879,233.93289,6.8694496,6.549444,205.80302,6.323201,239.6366,195.03964,
,1209,,408.30841075609374,20.21528,175.48831,177.32355,190.09851,173.02136,185.4444,171.30545,176.11658,185.67723,172.2067,
,1210,,485.3812738120671,20.282217,152.37518,157.25763,167.67459,146.92859,135.43884,172.34378,156.70168,154.25992,164.12003,
,1211,,398.30547144736664,20.326532,825.05994,894.60236,913.6789,311.135,290.1545,884.1629,262.88336,839.2042,806.97284,
,1212,,356.2948123032453,20.393532,1209.1925,1249.7734,1289.9692,781.17773,768.78455,1218.9406,741.70044,1224.5833,1187.1633,
,1213,,406.3291490543319,20.40812,235.30832,239.59932,235.66913,229.0047,221.35982,184.5859,208.27463,236.13725,142.53537,
,1214,,441.3551498373549,20.433125,411.8351,523.3343,504.52258,478.0601,453.02655,413.98447,472.34116,491.44226,436.90424,
,1215,,354.3182975358513,20.590652,376.93375,113.43757,193.85939,1191.5775,32.14095,1155.363,55.28726,1222.6056,35.179726,
40,1216,,633.1502620452115,20.51805,383.80365,432.7828,440.9698,258.0646,252.11221,365.8885,308.67868,364.45932,449.27432,
40,1217,,635.1489932563512,20.517569,129.05574,129.60773,128.36229,72.39847,79.58513,128.23692,96.59871,115.16118,148.55374,
40,1218,,634.15093826619,20.519926,216.54335,207.13853,226.95395,133.9851,107.75861,191.14857,155.31828,203.90144,228.75787,
,1219,,649.1239693424776,20.518042,96.65305,98.06852,101.41118,49.3918,39.776405,86.023254,80.65305,72.396065,103.00833,
,1220,,382.3105812865681,20.567177,1023.3847,1074.8712,1093.0808,679.52844,647.0337,1052.5013,619.46136,1086.8799,1108.9587,
,1221,,397.3288491612078,20.620476,1256.1523,1305.4587,1349.0001,1178.461,1133.9966,749.6222,1144.7546,1310.2501,1259.3442,
,1222,,974.8135487074528,20.727982,69.02493,20.381062,79.89681,347.03738,147.90848,134.05493,260.1233,175.58463,142.97267,
,1223,,294.17782159038876,20.705847,191.40472,25.117111,176.9801,0,0,114.42691,0,189.71384,93.03296,
,1224,,310.3105110305764,20.808983,104.8484,272.27463,271.40112,68.28151,80.728905,106.489685,83.2184,273.69473,117.03191,
,1225,,354.3176842600914,20.84776,4385.049,5301.5073,836.6189,897.8165,13.184624,1382.7444,3068.7961,1953.6616,833.4543,
,1226,,353.3027245314452,20.859991,636.00494,1000.01807,910.9983,971.3618,977.3643,689.4578,969.09375,993.29126,667.6263,
,1227,,397.32880249676003,20.943619,690.61743,897.5958,906.40826,683.0181,623.7047,1002.6836,681.22797,860.2036,854.7057,
,1228,,329.24253228098326,21.032747,131.11203,128.09608,143.92139,153.29236,145.46884,131.17699,137.04259,132.06207,106.96641,
,1229,,289.19930194796393,21.052988,1340.663,5418.0513,3357.2378,0,1256.257,4865.8887,2099.7563,4783.5796,2405.2502,
,1230,,763.6054874596023,21.08081,63.54664,55.83465,59.262028,49.872093,29.810982,62.423954,38.811005,35.090057,60.25246,
,1231,,393.2976898586748,21.08269,6719.142,6358.7056,6538.5347,5798.5913,5698.9854,6558.562,5737.586,6482.3413,6738.359,
,1232,,783.5742314600312,21.101547,97.97315,117.663315,129.65497,104.29813,100.8394,127.98903,96.512215,118.92159,110.849815,
93,1233,,391.2842050385028,21.112846,116.695114,127.8972,113.93911,96.356415,75.31966,139.61992,75.882454,104.88444,129.65134,
93,1234,,413.2663716280646,21.113783,4130.1396,4127.834,4102.206,3534.6143,3646.202,4295.296,3390.443,4094.5999,4291.1475,
,1235,,803.5427699417678,21.115189,26.42617,71.314384,67.84392,50.56924,69.72003,62.73623,55.91847,71.94457,69.59898,
,1237,,260.16471146382696,21.046429,8329.352,31743.463,32440.629,3585.5645,19138.143,29515.795,27071.379,24788.115,23897.365,
,1238,,955.5907025745081,21.186836,64.76965,54.191326,67.97538,24.962778,32.841385,55.454163,25.8587,62.869152,55.32986,
,1239,,353.30275576572404,21.2,690.6913,731.30206,764.7548,627.79706,601.5444,706.8942,568.2324,694.4863,776.44653,
,1240,,1011.6169727269046,21.323097,77.67619,76.38273,81.46076,82.17604,70.69117,80.82725,72.880325,75.81365,73.95977,
,1241,,411.3445719584935,21.367485,32.313217,136.67972,127.63839,154.19789,160.25606,20.27538,149.60161,119.259514,55.835873,
,1242,,741.8746298624985,21.729631,216.70036,168.84448,694.74835,118.64968,1046.7843,635.5953,515.9618,529.5467,355.03928,
,1243,,682.7816525813424,21.434425,27.94383,31.689873,26.672497,15.146963,37.635983,39.52947,35.965134,37.636086,96.04896,
8,1244,,708.1697828531609,21.440527,187.28963,173.93144,184.49245,93.97009,104.14645,130.72864,158.33357,143.82123,194.19418,
8,1245,,709.1678133320698,21.440077,129.12616,116.21238,131.454,60.221107,68.77569,87.45125,110.09003,96.842445,141.23726,
8,1246,,707.1689488935842,21.441946,323.12448,316.08472,327.7311,218.01299,204.9961,240.13957,280.06085,272.1899,343.33032,
,1247,,723.1426898983024,21.442904,67.51351,52.516273,59.51617,31.835388,19.5271,39.987816,72.73268,41.819794,60.154945,
,1248,,939.5960296551522,21.49042,82.05134,92.324905,91.51908,67.212616,68.020096,87.019005,72.84559,93.56626,88.62517,
,1249,,663.4320686536512,21.149618,199.89975,203.09378,587.1387,186.14578,345.78326,456.35123,276.46594,571.58234,512.4077,
,1250,,454.4255798182628,21.531233,0,0,0,0,0,0,0,91.33844,25.727144,
,1251,,413.2663768199273,21.232523,336.82596,722.85547,760.158,222.0781,209.63062,528.7518,283.97855,364.09634,70.43391,
,1252,,877.8495757577483,21.864996,186.26613,378.11182,308.78598,242.42824,932.5352,233.91866,331.31967,354.14587,273.3845,
,1253,,838.8388156098077,21.9126,878.31067,2217.499,1604.0176,3752.8784,4006.7144,2451.0813,3909.4128,893.1838,1723.187,
,1254,,945.8371283845959,21.917294,7.2177086,70.400536,101.2919,325.4048,358.28342,49.69213,45.373787,75.67126,65.16381,
,1255,,741.8746251446398,21.960625,216.70036,1045.9255,577.3993,827.1772,1986.2251,601.16693,124.964355,272.67987,635.7628,
,1256,,413.2663919205232,21.416513,395.9543,96.509094,180.60376,334.49307,186.1742,363.18607,336.1296,200.40768,284.4609,
,1257,,877.8496144094684,21.989914,556.3518,378.11182,685.3689,565.2362,387.48245,65.26968,341.66617,497.14508,273.3845,
,1259,,441.2975671493831,21.80648,1099.0552,966.45435,970.75525,770.43646,773.6943,952.80457,733.81726,530.59875,732.413,
,1260,,425.3602709198698,21.801285,168.76569,171.94142,179.54567,138.96754,150.27512,174.50531,141.66502,169.53749,157.02753,
,1261,,770.851153241875,21.99649,8995.652,4800.1406,4701.175,5316.7876,5266.5483,1535.0181,4062.1985,2118.4573,2296.2388,
,1262,,838.8388892168327,22.008362,7228.983,3437.8638,2424.1794,1049.7139,4465.97,4859.488,4169.0947,1437.7565,1723.187,
,1264,,809.8618843265324,22.047523,104.448044,1134.1285,262.4736,683.40454,409.86523,488.17914,1455.3745,1051.7498,3496.6077,
,1265,,702.8638837684034,22.10877,12858.066,18126.0,6065.041,7316.4023,7300.1797,11741.427,7279.859,2215.1597,4195.092,
,1266,,974.8136276503961,21.914057,901.71423,3411.0452,3246.4358,774.9919,1324.6323,531.6105,215.64586,870.8551,1548.386,
,1267,,381.3340597180743,22.0196,236.10385,255.79935,251.89578,205.08594,214.83572,231.394,203.7377,243.70601,249.8338,
,1268,,1042.8012104379586,21.935663,54.166637,34.763783,46.546013,57.781452,147.04987,72.96076,149.41594,99.867966,72.7286,
,1269,,721.4734216698475,22.071527,51.33835,496.82077,108.686646,169.8816,126.1651,131.0814,280.53894,94.23727,259.93774,
,1270,,668.8703299560187,22.011349,5.9124823,6.3276196,6.006035,68.497055,90.14465,0,95.48508,6.1217003,0,
,1271,,877.8495032867444,22.140879,274.81332,3629.2554,3649.564,305.36426,7204.7935,65.26968,1181.645,497.14508,2104.561,
,1272,,736.8575679945912,22.026703,0,6.6216736,6.276619,42.55339,214.36064,0,265.20758,12.598621,6.0210323,
,1273,,707.4565448302443,22.039728,34.58326,36.931194,33.972866,6.67004,7.309265,97.60878,7.500927,26.075289,27.758478,
,1274,,783.1868831411634,22.225739,103.07445,100.33482,104.97359,48.906578,46.91408,86.35829,63.29577,79.96771,104.51414,
76,1275,,338.3419335645608,22.226692,479.99792,856.47205,907.3897,413.14966,395.81845,490.09018,398.33987,860.16345,491.81573,
76,1276,,360.3238788228806,22.22761,215.54858,497.27283,465.6066,262.72812,269.028,240.90211,258.32047,461.74454,257.24866,
76,1277,,781.1879221217109,22.22809,255.73872,211.62248,227.64238,138.11449,120.45029,192.23773,190.5094,180.22487,252.32088,
76,1278,,782.1886161415227,22.228563,154.78232,142.60245,146.18217,73.325714,61.27288,134.82549,109.98067,88.4669,163.37631,
,1279,,469.38653585330826,22.243595,101.898735,124.3617,122.88274,80.79731,83.557976,100.81382,90.48109,101.18524,114.23354,
,1280,,416.2257736736657,22.527733,116.154076,82.095634,51.699375,12.729939,37.839607,53.619545,12.652906,67.64454,25.798733,
,1281,,425.3602893342204,22.263353,182.83868,176.01218,187.00172,130.9983,147.52492,165.0279,144.20818,181.4239,176.02211,
,1282,,381.3340976518323,22.293983,199.58244,204.98618,199.88559,146.86723,169.08398,202.8231,165.44563,190.98311,207.72694,
,1283,,417.2460406956886,22.56823,215.52377,249.3563,83.87683,26.011427,200.58925,181.01009,201.89352,56.105293,257.03143,
,1284,,461.27238879662036,22.551712,179.35233,63.298283,352.18195,215.47403,161.71948,88.80493,71.88174,574.26746,55.878796,
,1285,,741.874648308368,22.416916,5157.1226,8268.477,6973.6426,1565.5881,1927.924,3370.7651,427.06885,4143.2075,4738.85,
,1286,,945.8369937559954,22.325201,7.2177086,40.952297,67.86686,82.99289,233.2983,7.0342026,268.77548,26.712986,20.861183,
,1287,,534.3275611789791,22.521523,133.87042,45.774734,162.84167,32.129993,19.870932,180.9748,6.869734,228.44937,59.37714,
,1288,,537.9121948973074,22.555128,8700.629,711.71716,3239.8093,3524.586,3320.6316,129.75981,3503.4072,481.1928,5567.893,
,1289,,101.07101316173026,22.422586,270.46417,141.42754,592.47284,24.07826,156.34502,1129.3077,38.80171,157.29451,143.16626,
,1290,,1013.8243503779992,22.382706,0,6.826782,6.285038,62.79567,46.76369,0,212.60902,6.709876,6.081791,
,1291,,605.8993281255869,22.554228,8492.443,3643.923,690.67365,826.6753,3498.0193,5894.973,4031.9429,716.9473,6961.549,
,1292,,606.385928456682,22.559244,164.51959,129.97722,111.02713,113.99323,50.11116,232.3443,73.30694,135.36125,77.308205,
,1293,,809.8619411058455,22.388731,3685.8477,5501.2314,5119.7905,9230.356,9449.606,285.61227,9356.59,2959.9048,869.2485,
,1294,,304.97320270394613,22.468306,13.841301,10.901689,7.806465,96.09068,37.524612,6.953861,40.641953,33.763046,7.0072527,
,1295,,333.9498881972413,22.533434,26.005747,48.36768,48.93223,6.87537,7.328286,19.839802,12.586555,87.86432,65.10933,
,1296,,673.887189915768,22.575457,5983.719,8693.386,7870.4375,2675.727,549.042,155.47095,3787.0415,721.14307,4867.1704,
,1297,,974.81371309013,22.395308,254.68297,188.29317,511.82748,1282.8066,6642.3447,103.88982,6837.1943,187.52322,110.40518,
,1298,,722.3698299732893,22.608912,0,0,0,159.4613,173.9952,0,215.06662,0,0,
,1299,,535.3445324289969,22.652672,14.129939,45.012516,70.661224,13.135179,7.152031,20.747456,7.1604443,8.234227,62.091614,
,1300,,566.8890034541465,22.620735,4583.103,9205.157,25060.902,10401.346,10413.493,1733.4175,10504.336,5254.9897,7702.795,
,1301,,1042.8011914117449,22.336563,12.40278,28.90951,21.006922,365.76508,3459.4624,6.425557,32.42986,17.060078,19.517357,
,1302,,227.9550304468881,22.709633,20.273645,21.68592,27.953741,227.17087,29.789406,39.506447,123.61491,52.139572,8.140938,
,1303,,418.2424772018268,22.694109,49.749123,25.40981,20.658264,7.2125874,7.226557,30.925194,13.544986,13.936769,22.441675,
,1304,,688.3762091373856,22.572138,0,0,0,121.524994,63.01945,0,177.79239,0,0,
,1305,,197.9750294949991,22.69939,7.372925,11.807438,61.73423,112.28255,79.98356,7.39266,92.163605,14.135076,14.696209,
,1306,,449.3601883149311,22.61024,177.97812,172.13356,173.83856,109.23819,107.15908,206.13666,145.76172,186.86214,188.68726,
,1307,,649.4138425898268,22.824074,173.41309,823.8319,50.360306,430.6931,303.64734,336.9875,126.13776,315.73962,43.265175,
,1308,,668.8705904827044,22.705032,0,0,0,805.2112,406.4646,0,66.67171,0,0,
,1309,,838.8385873600314,22.532524,329.42,446.17374,597.3245,14896.04,1837.4662,48.89177,252.36768,1208.4133,1631.021,
,1310,,510.3449996123924,22.68473,20.16623,13.411091,11.648618,45.503464,66.19389,19.442215,87.90489,27.00106,19.53248,
,1311,,178.15918092540056,22.8981,141.24454,25.166615,33.66403,47.380142,34.021587,74.01411,47.774925,28.922085,229.92001,
,1312,,945.8361846963804,22.525963,6.344612,40.952297,45.079514,3143.2356,2190.725,7.0342026,3323.6648,7.782566,6.9877815,
,1313,,756.3634424673106,22.604555,0,0,0,98.838715,45.524654,0,15.0155735,0,0,
,1314,,375.235131534763,22.788528,42.181957,304.55914,236.09181,568.959,16.276306,392.72687,43.823524,520.4914,250.5375,
,1315,,469.3288682607559,22.721968,315.4313,272.70148,305.50824,227.69234,227.51028,354.15564,226.80927,325.0312,315.2388,
,1316,,447.344511464583,22.786964,94.28284,57.444157,47.25569,19.498852,47.55207,120.478836,59.117973,110.79695,52.33692,
,1317,,521.3811997899722,22.781796,89.210846,62.841377,33.818336,59.69619,66.47319,51.16391,40.881084,55.113487,73.79525,
,1318,,770.8511954566771,22.604553,744.5005,1934.3984,602.4375,18997.457,19417.047,578.01196,19031.33,669.8982,1442.0135,
,1319,,430.9140128127243,22.768764,3872.643,42568.637,13175.696,15748.235,13398.6455,300.63568,15739.746,12047.085,6948.0254,
,1320,,416.2257306061099,22.894527,219.87735,28.341248,28.74211,20.562664,7.3768845,137.3633,34.042213,50.598427,33.177765,
,1321,,906.8261894031307,22.732424,74.65095,413.73584,291.32178,794.67664,8900.579,48.62357,3224.573,122.782845,286.69348,
,1322,,702.863861510751,22.651222,944.4942,3432.085,2159.6973,26612.146,26874.953,969.6578,27366.332,2025.0261,1213.8679,
,1323,,668.8705646332013,22.782888,0,0,0,511.36447,406.4646,0,1265.0942,0,0,
,1324,,606.3859792478767,22.991503,106.36772,69.40242,307.69507,63.547348,192.16786,216.11943,1651.6342,426.17224,59.797897,
,1325,,534.3273385344338,22.93825,287.95868,20.166569,143.38991,20.3014,27.362858,551.78546,34.450096,99.03586,135.53224,
,1326,,498.90149309340336,22.753595,3736.5894,7916.528,25289.744,10741.331,8525.111,3633.3801,10660.448,9030.702,630.8192,
,1327,,101.07102145561241,22.88077,147.05873,1178.2748,943.8233,225.0715,99.91362,221.19852,102.429726,347.77072,330.19672,
,1328,,259.15195518165024,22.835833,14.450151,30.870237,14.310722,7.1707344,6.733262,62.287567,6.4505453,87.92885,8.21091,
,1329,,635.398447577811,22.965034,67.24155,39.097874,131.15636,74.65835,13.898722,90.00431,27.35443,73.02945,83.01677,
,1330,,741.8745598270598,22.722492,363.9711,651.53784,357.58087,1080.5089,1429.3844,335.44583,1158.0238,615.6956,982.95197,
,1331,,877.8496383355492,22.72723,53.920273,59.085278,55.815228,1057.1865,676.3153,168.46426,7008.4854,341.12936,289.7164,
,1332,,477.3026538991119,23.120634,126.723724,134.50581,49.012638,78.90196,28.478819,119.50809,27.579388,249.056,24.939243,
,1333,,359.2041303141848,23.103186,65.52016,54.245583,81.75539,7.5373926,7.4625263,160.29271,7.5080795,161.51172,51.533005,
,1334,,214.25315890918117,23.217693,137.95349,115.78107,56.174854,40.078613,119.8226,154.70267,62.496822,485.99826,122.56673,
,1335,,317.19334563486643,23.136034,253.51462,55.384827,79.05821,259.75092,61.705242,109.652916,67.35875,365.59738,108.55765,
10,1336,,857.206095554766,22.948631,149.2215,90.423904,133.4301,12.69895,5.8549643,104.427734,36.637817,98.60055,144.57378,
10,1337,,855.2065720816516,22.946732,247.18413,170.1866,216.83388,50.190926,83.46081,187.41797,114.71278,163.25043,211.80687,
,1338,,242.28439735625346,23.131401,26.16592,33.12667,172.2745,37.901627,183.68977,141.62366,129.693,34.429283,256.58646,
,1339,,878.2827697938638,22.94876,88.990425,13.1964035,13.183157,0,0,6.0374355,0,36.89646,75.66379,
,1340,,856.2075531882197,22.947214,209.23294,119.12428,163.5216,35.10128,47.614033,153.56804,59.527626,84.986885,178.86736,
,1341,,663.4289485139357,22.8017,40.45019,117.45238,59.320168,7.5630445,25.648903,20.913322,26.723372,48.13085,87.10928,
,1342,,399.30837649474057,23.02001,190.07613,120.52553,135.52632,7.493829,62.84362,8.168318,20.55038,93.33121,149.80899,
,1343,,476.2855763952746,23.100243,107.360756,27.573818,222.59747,16.210365,79.60105,48.46328,85.40233,130.17499,136.71889,
,1344,,534.3273166259959,23.092476,60.962067,20.166569,76.19382,20.3014,64.42182,54.239754,34.450096,99.03586,76.00769,
,1345,,304.9734850891575,23.00646,6.5871086,10.901689,68.130295,68.72949,46.57505,6.643818,47.684982,19.201122,12.77455,
,1346,,634.8764143467873,22.80309,90.02608,4238.551,5636.539,29734.8,29455.54,2267.2395,9084.789,6530.5356,1078.411,
,1347,,121.96618563829513,23.26354,450.7424,121.21439,74.22743,6.910987,7.766876,148.50958,6.849577,278.71494,357.1411,
,1348,,105.95375986147502,23.310532,204.49611,94.299706,127.350494,11.388314,54.883667,150.20967,35.02352,358.26263,172.73592,
,1349,,409.358397797184,23.078165,0,223.34657,253.58492,141.1759,128.51443,0,131.54999,241.01894,6.2568665,
,1350,,1042.8017037300644,22.892313,0,28.145384,14.214698,1379.5331,34.30732,0,301.73874,13.133658,5.8780117,
,1351,,838.838728915668,22.828102,374.23532,693.5049,460.3654,3793.0054,15295.002,243.63327,15590.748,438.81488,400.96524,
,1352,,534.3273026225298,23.221628,60.962067,52.76095,369.97345,20.3014,64.42182,115.04572,34.450096,99.03586,76.00769,
,1353,,416.2257524348472,23.181044,211.92139,472.77646,28.74211,39.7856,13.855093,82.77213,34.042213,227.10216,60.460262,
,1354,,668.8707350132408,23.02484,0,0,0,368.52502,1225.7996,0,436.75644,0,0,
,1355,,592.369137501932,23.218498,15.691284,45.95373,140.64816,20.393139,8.213983,111.65633,17.096361,124.07176,112.15804,
,1356,,664.4285061506039,23.38263,20.603643,102.71443,92.91581,28.86195,137.05406,118.16215,72.52097,90.31828,25.695576,
,1357,,403.2302603280333,23.258526,108.64501,155.99939,68.600586,79.33537,8.058998,83.09057,27.468363,16.075703,47.6871,
,1358,,688.3761079682353,22.893366,0,0,0,33.965717,60.117992,0,55.743835,0,0,
,1359,,178.1591594577535,23.355417,382.03143,208.64113,284.49298,55.164158,210.28325,83.29164,171.8332,171.78024,384.38144,
,1360,,945.8371789271756,22.97834,0,42.770287,12.966069,77.70025,638.6451,0,116.69809,6.057949,0,
,1361,,665.4431356472977,23.371778,157.7243,105.26146,245.82678,75.17155,81.59417,33.461525,44.843628,353.41147,136.82028,
,1362,,417.2458916845826,23.330326,127.24417,250.15897,672.42395,101.0984,727.4651,199.52512,451.00922,106.75847,92.977806,
,1363,,566.8889652363556,23.025164,3499.733,2925.8813,5792.2534,10816.56,5994.251,1059.7285,35413.773,8082.3086,793.02216,
,1364,,906.8261115695327,22.963287,196.19383,198.3492,137.09787,200.51721,644.34753,56.709106,9562.965,212.75298,172.08282,
,1365,,477.3027875276674,23.475443,91.59375,35.727592,49.012638,151.2858,33.192867,131.99947,27.579388,125.49495,101.825836,
,1366,,274.1708934127707,23.4836,25.745897,69.4567,8.886771,14.285835,20.31231,54.38676,8.021469,58.671787,100.93275,
,1367,,649.4138112836366,23.513212,49.701794,239.59875,44.058914,104.29574,214.41049,129.36829,184.45084,464.4089,126.895004,
,1368,,635.3985028824837,23.619408,193.47818,84.20016,101.61026,33.326233,33.224396,36.538284,7.91613,236.0325,48.559914,
,1369,,664.4283245037188,23.583445,332.6479,161.30487,92.91581,68.99788,137.05406,52.006912,27.967587,605.798,48.470566,
,1370,,416.2257064857135,23.492897,991.75946,465.71466,512.68933,52.473225,8.470954,244.46889,34.042213,223.77745,137.14517,
,1371,,592.3692482383477,23.636745,59.75839,336.16748,90.59358,63.159843,27.875679,60.91232,28.001375,55.629684,42.395855,
,1372,,399.30829400934226,23.645683,200.21877,124.59,69.575386,41.366127,20.33889,114.72876,7.724762,114.40634,54.512703,
,1373,,197.97500778218836,23.482674,50.457924,46.99624,106.40609,138.62315,250.28072,7.2449684,104.73922,65.89795,13.780014,
,1374,,242.28436906883292,23.584538,665.836,356.25055,984.9064,332.34464,61.483704,179.14677,122.250595,1407.8118,22.387436,
,1375,,317.19335693365997,23.490654,921.7609,55.384827,1504.3553,204.20848,35.519516,205.12823,240.94572,359.23648,182.90106,
,1376,,534.3274542760685,23.59675,60.962067,52.76095,49.20591,53.757103,35.986656,152.57272,93.01838,1734.9194,305.51193,
,1377,,227.95509355329673,23.344988,25.534237,54.058174,14.929377,53.14325,316.63712,6.8513727,518.57526,27.215654,30.012291,
,1378,,577.3563875287906,23.715508,44.43245,141.48465,133.2219,155.14172,125.916756,297.84753,314.3335,59.553226,248.80043,
,1380,,476.28538730806173,23.660427,47.160397,128.12843,433.7203,114.07042,157.1447,59.482857,48.951935,90.64419,37.67216,
,1381,,304.9734157048892,23.837622,6.731043,8.171401,7.8136597,307.68204,383.64893,6.499055,113.099655,20.671923,12.511833,
,1382,,259.1518395781766,23.683083,103.85455,45.085846,18.320446,7.449501,20.166794,147.51123,14.644268,21.79513,67.12198,
,1383,,593.3864659227833,23.646324,13.949563,33.729023,70.827324,7.1562805,13.421286,54.339165,13.266915,40.978485,13.783821,
,1384,,477.3027895711896,23.59149,135.96066,35.727592,91.65897,151.2858,99.29776,698.5914,97.80294,125.49495,87.48109,
,1385,,418.242537193251,23.73394,130.97214,388.01654,181.67462,73.66994,33.971333,95.31261,78.65244,73.386734,84.204185,
,1386,,358.18387433067056,23.77785,53.171524,159.45786,38.94743,13.119841,43.97498,52.463337,7.2181644,39.704567,35.839703,
,1387,,121.96615389125317,23.803278,326.60858,617.1649,2288.5898,23.768301,48.778034,313.9139,56.449253,580.2153,229.47906,
,1388,,579.3709890508309,23.758934,73.7042,47.98054,39.784218,6.740593,6.785391,27.215502,6.724333,82.36841,33.914185,
,1389,,931.2243124065501,23.684063,114.146645,54.370113,39.439705,0,0,81.82698,6.2936172,52.85727,97.880196,
,1390,,929.2254542003445,23.688618,165.37013,115.47045,126.976166,6.4180603,5.888915,139.6636,47.92607,101.853134,124.575775,
,1391,,178.1591509097526,23.861214,655.853,320.93195,124.8194,44.20374,300.09174,517.98987,325.19174,2340.693,557.5021,
,1392,,930.2257610166242,23.689062,138.77666,61.059517,49.872288,6.273834,5.998108,48.738834,23.259861,81.78569,116.99349,
,1394,,105.95375783552353,23.715528,142.07549,297.29047,628.3347,95.87565,79.29187,258.55035,617.818,99.458725,370.37625,
,1395,,101.0709766181237,23.583466,84.77181,80.9487,317.27692,42.567226,69.89691,45.34388,14.392124,40.62218,26.405275,
,1396,,197.97508293717195,23.830645,7.33432,46.464455,106.40609,130.86723,495.3927,7.4973106,425.89777,25.951874,13.780014,
,1398,,663.4282860970915,23.852777,17.397253,144.47603,41.026947,7.649231,10.814832,105.4915,14.135253,56.638863,28.197132,
,1399,,416.22567474356947,23.967333,246.51048,208.78064,198.72586,27.751886,46.98593,260.22858,54.34072,136.64357,69.198555,
,1400,,707.4545104348379,23.811792,14.305443,40.28474,27.743856,38.18103,33.790253,49.480686,13.659394,29.78005,42.969433,
,1401,,635.3983614288436,23.815102,463.69717,142.88602,101.61026,26.182707,64.312004,390.29047,39.385307,45.05814,277.16068,
,1402,,809.861871565827,23.524124,13.016445,725.36316,35.666286,365.06393,367.1894,12.521999,892.4364,133.40656,46.33187,
,1403,,592.3695373245941,23.894669,148.2446,110.25525,46.46782,63.159843,64.913925,230.97922,28.001375,55.629684,83.100624,
,1404,,403.2302534801756,23.938076,403.23416,51.52615,444.5645,49.204937,17.466164,75.55312,29.8752,769.7591,45.784477,
,1405,,665.4431640728747,23.859884,157.7243,178.14029,68.23139,85.644745,191.3684,82.38952,149.84271,248.88913,49.051376,
,1406,,521.3290980158794,23.942373,21.73267,27.191048,49.85266,7.3952045,20.025673,8.456697,19.903866,129.76984,26.722439,
,1407,,487.3610746966133,24.066427,27.270527,78.71839,22.15713,20.896614,26.72616,32.16902,14.303496,128.53105,121.03825,
,1408,,259.1518059258598,24.058777,73.30689,62.627636,52.175377,26.52912,7.332671,140.19495,38.119186,47.80844,163.04015,
,1409,,359.20401743819394,24.02388,64.62,63.439545,423.5999,94.42311,65.95178,31.094933,42.1706,318.5655,33.565834,
,1410,,101.07095688149784,23.871145,8.370223,31.207428,33.430656,14.761727,20.128906,198.38484,7.583475,53.84915,26.405275,
,1411,,477.3027700172853,23.989002,432.126,35.727592,243.10814,212.60286,107.15144,143.09052,113.07997,147.9088,283.3789,
,1412,,535.3442038161019,24.178656,63.730473,625.1791,507.9752,41.442314,40.47853,129.02873,77.16394,46.35441,41.18009,
,1414,,592.369369668842,24.224688,889.83594,127.81357,196.42934,134.94745,26.088863,165.18646,17.441484,55.629684,357.35034,
,1415,,649.4137579441144,24.136656,121.04881,231.09317,165.77968,76.56831,209.46956,125.95437,793.7019,1098.5446,452.89343,
,1416,,242.28437464565155,24.171976,265.2555,61.16022,934.9221,311.5238,92.84541,241.39493,121.42486,372.5536,133.16234,
,1417,,416.2256800377852,24.223867,246.51048,208.78064,516.17664,287.10162,46.98593,254.6748,293.979,156.74539,82.362946,
,1418,,477.3027664196069,24.30584,434.34586,94.1609,243.10814,64.13651,138.17665,369.15588,128.81381,243.00957,621.25183,
,1419,,403.23006618985636,24.288918,118.81532,51.52615,261.53113,49.204937,171.64426,423.8058,53.88356,58.57316,36.09069,
,1420,,476.2852729086037,24.28886,52.517223,33.854305,269.26797,72.33384,25.891874,418.91513,69.3494,157.08472,199.07602,
,1421,,332.2127417486487,24.359583,75.8271,38.30727,76.45447,32.848133,26.93383,90.6626,42.075603,99.798515,119.36708,
,1422,,443.334414996079,24.404976,77.83473,362.7763,242.22052,31.711697,43.6575,59.276855,58.302483,116.26017,622.2726,
,1423,,317.19332706050676,24.333557,106.99181,259.88422,563.30475,863.7216,647.2126,563.4597,557.43634,922.25336,441.92343,
,1424,,164.14345023033258,24.520817,52.9886,71.47134,224.94626,8.183633,63.537994,79.14766,21.81587,30.867134,108.6129,
,1425,,707.4547564563562,24.379377,37.928146,71.01434,66.605,7.0372925,7.5393276,33.805355,20.121002,173.02417,71.96788,
,1426,,664.4275711078244,24.47313,249.44757,14.984116,131.9274,21.234812,46.06192,49.536194,62.716167,470.57938,235.04584,
,1427,,665.4433022300597,24.364344,114.02996,261.1874,35.321465,221.50748,191.3684,1860.3846,56.546844,142.15894,103.6651,
,1428,,635.3983592060987,24.199287,143.0862,147.90192,484.51523,23.072973,64.312004,127.135826,76.46349,45.05814,150.04404,
,1429,,521.3290816071714,24.458632,70.26171,154.89287,79.64418,7.3952045,7.65773,118.844406,32.622925,56.667522,119.818886,
,1430,,359.20403899452725,24.493004,147.18184,784.42126,118.72034,77.389656,49.10471,102.11865,140.39235,118.73869,92.7841,
,1431,,418.24231788884276,24.418537,669.19824,214.35593,174.62067,46.782875,72.15058,71.97839,130.91809,229.2245,944.45404,
,1432,,534.3274807118465,24.32368,378.64536,128.08917,258.26306,166.90959,145.7758,38.91636,222.45808,89.89823,216.68097,
,1433,,419.261237628705,24.513165,99.58614,73.9842,15.535974,8.262672,7.208893,62.00636,7.5457993,59.28287,67.18374,
,1434,,332.2125970508921,24.450502,61.15639,67.28979,32.846607,45.43235,26.93383,90.6626,42.075603,236.38847,126.30058,
,1435,2-Methoxybenzoic Acid: [M-H+2Na]+: 0.933,197.01877277412473,24.420982,0,0,0,14.0509205,19.69565,0,83.80836,0,0,
,1436,,105.95374138428278,24.428413,218.10603,181.98524,135.92459,148.82394,233.45894,17.216152,161.34734,334.70554,340.07068,
,1438,,579.3709997750832,24.411398,12.126427,36.672516,45.56577,6.721078,25.361341,51.44624,13.469542,30.846601,99.56296,
,1439,,474.2678355852243,24.57966,119.102684,45.29682,74.27904,19.947336,7.788208,21.28049,32.688087,8.517151,46.914745,
,1440,,358.183813052123,24.469364,45.970016,213.05911,127.5596,14.079033,13.936724,93.6854,7.981838,64.513504,63.96233,
,1441,,304.9734410846495,24.691763,7.2662563,215.88257,98.72993,151.90668,280.16223,7.9906235,333.62155,68.3926,20.737186,
,1443,,403.23012560542884,24.442146,798.83984,51.52615,196.32613,49.204937,171.64426,423.8058,243.07765,58.515854,36.09069,
90,1444,,764.5740760853244,24.522211,113.834015,127.179306,107.46732,8.135156,6.149132,115.72612,6.7483215,101.53866,116.3548,
,1445,,593.386263832026,24.477911,67.72827,41.44683,33.53585,7.7525244,13.195075,71.42067,13.926613,165.2795,39.380848,
90,1446,,663.4528006314524,24.518978,120.64129,113.896935,122.20375,11.963724,0,125.4932,0,92.095085,123.16319,
90,1447,,708.511562197625,24.519375,640.67426,780.1408,613.32745,409.37448,377.86725,529.1148,331.49106,631.9568,659.8262,
90,1448,,685.4360492607334,24.520327,3439.8699,4267.4707,4148.1763,3138.7053,3200.8416,3304.813,3064.8406,3864.6394,3549.584,
,1449,,274.1708587322633,24.675835,288.6597,187.12645,286.51663,194.14796,100.829025,211.60352,8.672954,90.617485,123.70476,
,1450,,164.14346391313995,24.619888,105.653404,71.47134,92.09987,8.183633,63.537994,74.83331,133.8757,131.52328,26.123512,
,1451,,521.3291589387532,24.640053,91.37945,250.59239,159.4475,14.438497,27.068111,277.3826,45.012436,26.72887,233.25394,
,1452,,477.30273142618626,24.602316,329.0838,94.1609,255.77606,160.30695,495.5159,259.8558,128.81381,195.89896,172.69176,
,1453,,665.443406687343,24.684805,114.02996,70.904884,185.28717,183.2784,97.97318,178.70764,89.43003,98.6342,103.6651,
,1454,,259.15179164304925,24.61125,111.43788,66.616776,48.67243,13.933419,8.337208,152.31906,39.32692,43.86784,149.80151,
,1455,,649.4137536266614,24.614044,74.96401,520.1121,102.78045,91.33328,83.56908,67.63337,513.0774,122.718956,409.18182,
,1456,,635.3985122189571,24.731504,76.10808,147.90192,329.38474,42.58896,54.642635,143.45444,73.195595,50.1157,137.47348,
,1457,,197.97504336636524,24.619717,13.232555,38.1122,31.823242,62.718624,68.85162,7.351591,339.81555,81.907646,20.93982,
,1458,,121.96614996696437,24.756947,43.101677,248.3064,245.17265,38.75636,15.205519,245.91739,71.0573,90.96917,53.236584,
,1459,,359.2040317764838,24.663567,397.22607,93.00324,381.9413,25.196936,47.030815,102.11865,156.88725,118.73869,65.36223,
,1460,,418.24236476145444,24.64571,171.59875,214.35593,174.62067,46.782875,123.13629,71.97839,79.47833,159.05334,632.211,
,1461,,535.3443098772083,24.767746,299.01398,115.99791,158.01468,54.98651,182.45326,1818.5453,18.691734,584.87964,41.18009,
,1462,,476.28541045771846,24.623098,292.97708,33.854305,161.5278,157.9195,28.393677,28.614265,69.3494,315.55667,199.07602,
,1463,,592.3692838988395,24.667974,174.3785,69.484314,196.42934,127.36559,95.53965,153.51556,81.925224,198.6106,247.37187,
,1464,,274.1707580770193,24.86567,288.6597,30.547077,93.60133,28.172071,129.96193,50.63257,8.672954,107.24467,187.45999,
,1465,,416.22559154541074,24.796112,539.2142,337.6165,203.77745,435.48477,187.57082,197.95895,58.280727,370.1384,243.10338,
,1466,,679.4595081614414,24.648083,73.03,21.38239,34.943085,7.040929,21.100277,22.999508,32.627636,38.712547,67.59944,
,1468,,332.2126264464448,24.631973,107.57055,447.79572,76.45447,47.232994,20.345413,90.6626,42.075603,206.17766,126.30058,
,1470,,447.2564693150605,24.665947,8.142181,39.538208,69.83308,7.312891,6.616742,13.981339,7.098198,50.940773,59.481743,
,1471,,403.2302019623415,24.887022,173.58122,136.4501,85.02066,232.89305,314.06735,72.93752,70.25871,179.90399,38.495975,
,1472,,487.36064568165693,24.795944,53.843994,35.88953,17.611988,13.654358,19.963129,15.026119,14.277962,59.745926,107.710526,
,1473,,521.3291347517784,24.832764,99.372635,136.19226,81.51364,51.928726,27.068111,156.06972,45.012436,142.07716,233.25394,
,1474,,359.20407448576225,24.80126,147.18184,93.00324,381.9413,146.2355,154.09715,43.664932,83.34591,218.39734,65.36223,
,1475,,664.4277544633692,24.842556,37.491184,294.12476,48.066284,21.234812,40.404877,20.200096,32.034843,154.71478,304.56842,
,1476,,358.1838261112082,24.808825,140.9325,82.89877,193.67381,14.079033,25.822884,21.140083,7.981838,88.78049,165.38376,
,1477,,164.14347572381556,24.749466,312.42874,71.47134,353.94675,27.24509,63.537994,74.83331,157.66351,131.52328,26.123512,
,1478,,474.2679109043933,24.762947,113.803696,68.17314,74.27904,19.947336,7.788208,8.339533,26.867668,8.517151,50.450638,
,1479,,419.26121402624517,24.768663,99.58614,73.9842,167.21582,20.320312,20.750454,155.37434,14.537718,37.35375,83.38174,
,1480,,399.30823532716363,24.830008,160.35608,778.96344,36.61201,14.044558,35.679935,45.793747,21.699078,199.34087,91.59565,
,1481,,663.4284817868088,24.871935,11.589607,59.02414,60.894997,13.799042,39.393852,28.159338,44.87669,15.02162,24.913475,
