"","mzmed","mzmin","mzmax","rtmed","rtmin","rtmax","npeaks","PA14_Si11_10uM","PA14_Si11_4uM","PA14_Si11_8uM","ms_level","Pool.10um.Si11.MSMS_GA2_01_50175.mzXML","Pool.10um.Si11.MSMS_GA2_01_50176.mzXML","Pool.10um.Si11.MSMS_GA2_01_50177.mzXML","Pool.4umSi11_neu.MSMS_GA3_01_50028.mzXML","Pool.8umSi11_neu.MSMS_GA4_01_50032.mzXML"
"FT0001",61.007568219684,61.007314327154,61.0076026731024,62.663,62.3455276489258,63.4260711669922,5,3,1,1,1,9821.7509375,9502.83333333334,8914.75524999999,5897.44333333334,8255.51788235293
"FT0002",68.9937068154991,68.9934664879887,68.9938313480486,1646.29809570312,1646.0703125,1659.32824707031,5,3,1,1,1,77980.5751999997,65229.0702926828,37260.0834545453,35438.9355000002,82252.0071315788
"FT0003",70.0127475642124,70.0125542015502,70.0128272155072,62.663,62.3455276489258,63.4260711669922,5,3,1,1,1,5982.595375,6604.3159375,6328.1804,5172.5128,5374.1098125
"FT0004",72.0809545913015,72.0807584826805,72.0810701103317,84.1982879638672,84.0180816650391,84.227668762207,5,3,1,1,1,14220.847,14183.2654545455,13520.437,13909.4847692308,12818.1237
"FT0005",72.0810046795289,72.080833008746,72.0811136172872,623.948120117188,623.250244140625,624.432067871094,5,3,1,1,1,23111.4722222222,22590.7839999999,23681.4174705881,14778.2737777779,24124.5222222221
"FT0006",72.9373114980496,72.937107669995,72.9374865547668,1646.72820556641,1646.09985351562,1647.58264160156,4,3,0,1,1,69323.2878653844,65689.7577142856,40832.9278518518,58023.302927983,102679.740625
"FT0007",73.5320158330115,73.531795745027,73.5321070048633,62.663,62.6166763305664,62.7350311279297,3,2,1,0,1,4555.16111111112,4366.1739079895,3902.62211111111,3411.1025,2013.12898483276
"FT0008",77.0012266534149,77.0011170125742,77.0013362942556,1647.66073828125,1647.383,1647.9384765625,2,1,0,1,1,8703.96019604483,10059.0160892658,6468.74799999996,9899.01193920887,16107.4551428572
"FT0009",77.0387197040312,77.0386393721977,77.038905812615,623.772,623.250244140625,624.432067871094,5,3,1,1,1,7351.34399999997,6734.66485714288,7075.36821428574,4006.10880000003,8685.57746666665
"FT0010",77.0389130285656,77.0385755293549,77.0390349539825,507.495,507.043090820312,507.681671142578,5,3,1,1,1,42612.0422000001,42673.2674499998,42766.0750000001,26230.8302222224,48035.2790000003
"FT0011",77.9989934588434,77.9987848336399,77.9990113309837,1650.03237353516,1647.32141113281,1651.2041015625,4,3,0,1,1,256317.096393442,260005.192984127,258157.149666667,57453.0399698988,310442.313125
"FT0012",78.5000237639765,78.499861398418,78.5000420697923,1646.93505859375,1646.0703125,1648.017,3,2,0,1,1,9444.90482312499,9877.80383999992,10024.9452857143,11805.1668498884,12140.8026666667
"FT0013",78.9990418842018,78.998924100843,78.9992978486924,1644.19616699219,1643.99426269531,1644.37097167969,5,3,1,1,1,14223.6801000001,13938.1120000001,17205.3475862069,16567.2315,14854.7252941176
"FT0014",79.0214359169874,79.021159358111,79.0215158152778,86.705,85.8856201171875,87.3609848022461,5,3,1,1,1,527470.852173913,468011.240952381,502018.588869565,241956.305722222,476059.900375
"FT0015",79.0214828320973,79.0210532311029,79.0217083594969,507.561983642578,507.403869628906,507.659881591797,4,3,0,1,1,12532.6479166667,11607.0341428572,13612.2991153846,2065.30590794372,11133.3096666667
"FT0016",79.9969326045884,79.9967120120123,79.9971531971646,1644.51519775391,1644.19616699219,1644.83422851562,2,1,0,1,1,5936.96114999995,5330.48603258635,5186.41884251645,4288.7620980399,5962.22700000004
"FT0017",80.0243549489729,80.0239191630428,80.0243755901645,86.705,85.254264831543,87.3609848022461,5,3,1,1,1,13695.4636666667,12767.7052941177,15093.0433333333,6165.00166666667,13701.5522222222
"FT0018",80.9479528388652,80.9477161537358,80.9480786982603,67.7034683227539,67.6823120117188,68.2795028686523,5,3,1,1,1,4583.47999999999,4101.17666666667,4314.55050000001,4320.98624999999,4074.90742857143
"FT0019",81.0172284426322,81.0169970084863,81.0172924630211,86.705,85.8856201171875,87.3609848022461,5,3,1,1,1,26257.79,24646.7361111111,26200.335,12850.1709411765,25262.0377777778
"FT0020",81.9988530931717,81.9988530931717,81.9988530931717,1646.0703125,1646.0703125,1646.0703125,1,0,0,1,1,5267.33773643092,6784.00334472656,6921.98529052734,6987.22387695312,9531.36571428578
"FT0021",82.5372987374398,82.5370650883184,82.5374180385796,62.7350311279297,62.6166763305664,63.4260711669922,5,3,1,1,1,5626.26680000001,5198.68933333334,5046.853,5901.06933333333,5470.33821428571
"FT0022",82.9967636197949,82.9964551996621,82.9968272628347,1649.28820800781,1646.0703125,1658.76953125,5,3,1,1,1,226914.174999999,231829.461875,214921.826399999,102847.68175,239736.275350001
"FT0023",83.4974161329032,83.4973988266524,83.4977846978404,1647.9384765625,1645.495,1648.83215332031,3,2,0,1,1,15839.2774657068,17848.5175,9749.03130434774,16414.0957540792,19703.878775
"FT0024",83.9969077035038,83.9967539206328,83.9971666149006,1644.18798828125,1643.72216796875,1644.254,5,3,1,1,1,11085.7416521738,9564.61289473695,9909.85166666665,11410.3856086955,11826.9720000001
"FT0025",84.0445867486238,84.0443315077153,84.0446876601973,72.163,71.4267807006836,72.5416793823242,5,3,1,1,1,6327.14861538462,6400.77333333333,6191.4375,7052.87064705883,7219.848
"FT0026",84.9598707489432,84.9596553900509,84.959964833899,62.663,62.3455276489258,63.4260711669922,5,3,1,1,1,14622.52325,14110.62325,13957.2435882353,9407.13475000001,10923.358875
"FT0027",85.99760554757,85.99760554757,85.99760554757,1590.97778320312,1590.97778320312,1590.97778320312,1,0,0,1,1,6773.271484375,9125.4180733817,9644.08560616629,7459.23123372396,7534.33312500004
"FT0028",85.9975602423632,85.9975602423632,85.9975602423632,1604.26000976562,1604.26000976562,1604.26000976562,1,0,0,1,1,NA,1742.03198242188,797.381713867188,1453.30810546875,2134.23100000005
"FT0029",85.997626388815,85.997626388815,85.997626388815,1631.59289550781,1631.59289550781,1631.59289550781,1,0,0,1,1,8151.61037868924,19667.0766673369,15244.2143205915,15271.6061662946,19101.9652777777
"FT0030",86.0967128137336,86.0964093578176,86.0967781739304,124.802,124.125350952148,125.424812316895,5,3,1,1,1,42302.5444137931,42611.61,44593.0928888889,43101.9788965517,42363.3135357143
"FT0031",87.0043005460212,87.0040739702721,87.0043297506579,1651.94214892578,1650.43054199219,1652.4638671875,4,3,0,1,1,149356.853969231,150493.432640624,150009.131478261,84166.9867425029,224446.939810811
"FT0032",88.0043874571653,88.0043077065142,88.0046979077002,1644.83422851562,1644.19616699219,1645.01599121094,3,2,0,1,1,8978.17857142857,7620.05494736831,7157.24081420898,9004.90090110085,8871.44333333326
"FT0033",88.5091199391472,88.5089728613249,88.5092450117771,1646.0703125,1645.65637207031,1646.757,3,2,0,1,1,6797.83436015619,7791.09284210515,8839.82261904754,10727.0257238991,13225.5842727273
"FT0034",89.0387331922908,89.0386180799633,89.0388492095422,516.907,516.25146484375,516.925109863281,5,3,1,1,1,10018.7530625,11238.39255,9875.78099999994,3606.00133333332,11163.9930555556
"FT0035",89.5067222393437,89.5066735331537,89.5069617762444,17.5076942443848,17.456,19.0585021972656,5,3,1,1,1,4193.2878,7211.32133333333,5455.957375,10813.95,13889.0206956522
"FT0036",89.5068731280475,89.5067501427591,89.5069558103882,1647.66937255859,1646.135,1655.88879394531,6,3,0,1,1,290043.888327586,154387.228875,142786.134666667,256662.07993335,386297.637846154
"FT0037",90.0079257445728,90.0078789235892,90.0080924929483,1646.11742675781,1645.45227050781,1646.29809570312,4,3,0,1,1,13720.3195909091,14894.7954545453,13514.9178181817,15466.072719574,19752.1320000001
"FT0038",90.5071030859253,90.506882900731,90.5071869118215,1644.18798828125,1643.55615234375,1644.37097167969,5,3,1,1,1,36727.7947000002,38527.643809524,36997.3960000001,39918.6480869564,40753.5893999997
"FT0039",90.5070165771562,90.5070165771562,90.5070165771562,20.1236724853516,20.1236724853516,20.1236724853516,1,0,0,1,1,NA,704.028732061386,603.306480407715,482.4104347229,2553.444
"FT0040",90.9767474624638,90.9765120128592,90.9768944339787,1639.20812988281,1639.16711425781,1639.816,5,3,1,1,1,70823.9434782614,69158.6419130438,68743.9792173916,61226.6251428578,67410.8984347825
"FT0041",90.976672223352,90.976601998832,90.9768145973145,65.82,65.8088073730469,66.4627227783203,5,3,1,1,1,13603.38525,13050.798,13142.466,14530.99375,14035.2435
"FT0042",90.9766190917075,90.9766133278687,90.9766248555463,1457.46185302734,1454.35302734375,1460.57067871094,2,0,1,1,1,78570.2935536702,157915.235773722,140794.077981485,115083.555,120794.920124999
"FT0043",90.9766667673352,90.9766482698079,90.9766852648626,1437.86572265625,1434.6552734375,1441.076171875,2,0,1,1,1,156143.066845405,178535.075455439,173199.822360899,134906.545833333,144496.539514287
"FT0044",90.9766572598349,90.9766530675218,90.976661452148,1564.29516601562,1560.61315917969,1567.97717285156,2,0,0,1,1,24666.9881559673,73300.2815668015,70780.4853515625,49308.1863800049,41149.2860714283
"FT0045",90.9766802986608,90.9766557733251,90.976696660282,1380.69030761719,1370.5400390625,1388.92395019531,3,0,1,0,1,139572.217712402,137434.695770264,137693.23538208,62525.4786000001,134548.322982788
"FT0046",90.9766014200048,90.9766014200048,90.9766014200048,1579.11987304688,1579.11987304688,1579.11987304688,1,0,0,1,1,6360.64618185292,79148.3533882473,59151.8593800863,50273.7836026278,68746.8138333327
"FT0047",90.9765619490213,90.9765619490213,90.9765619490213,1420.90930175781,1420.90930175781,1420.90930175781,1,0,0,1,1,110560.059051514,110474.814624023,109221.808802287,96876.2832275391,106472.700230769
"FT0048",90.9766374862687,90.9766374862687,90.9766374862687,1404.73205566406,1404.73205566406,1404.73205566406,1,0,1,0,1,78047.8515625,90193.2431175595,94552.0862397693,91804.9195000008,80127.7698335193
"FT0049",90.9766630033252,90.9766630033252,90.9766630033252,1607.421875,1607.421875,1607.421875,1,0,0,1,1,74860.6445232889,113799.582405977,137968.884113659,72873.9210422092,134223.755434783
"FT0050",90.9766798698252,90.9766798698252,90.9766798698252,1529.30749511719,1529.30749511719,1529.30749511719,1,0,0,1,1,104484.827197266,112120.675455729,107059.426680501,77039.3056477865,92721.552
"FT0051",91.0544030985477,91.0541228895403,91.0545334340197,537.173706054688,537.013549804688,537.754333496094,5,3,1,1,1,25503.6854210526,26018.5636,25405.47,17358.5704705882,29423.5648000001
"FT0052",91.0543711708437,91.0541997848898,91.0544522908193,491.129,490.265258789062,491.849822998047,5,3,1,1,1,8478.5016842105,8183.74333333335,7806.07712499999,5516.12076923078,7418.23050000003
"FT0053",91.0544113359475,91.0542402126366,91.0544213637809,680.149,680.145446777344,680.867370605469,5,3,1,1,1,10830.96,11089.4153333333,12266.891,6535.30769230768,13123.2332000001
"FT0054",91.5048153308328,91.5046515775966,91.5049283279753,1643.72216796875,1643.55615234375,1644.18798828125,5,3,1,1,1,14868.0509999999,15094.4000000001,14171.1359999999,17382.2054166667,16262.0178947366
"FT0055",92.0258441412406,92.0256426347378,92.025988652462,507.403869628906,507.043090820312,507.628967285156,5,3,1,1,1,17293.9760666667,18023.5590624999,17563.5016250001,11980.0821428571,21249.5627647058
"FT0056",95.0492189872733,95.0492189872733,95.0492189872733,507.043090820312,507.043090820312,507.043090820312,1,0,0,1,1,2256.9814453125,676.718098958333,1977.46744791667,1638.08203125,4094.05499999999
"FT0057",96.9217614213673,96.9217018262313,96.9218861594243,67.7034683227539,67.6823120117188,68.2795028686523,5,3,1,1,1,6955.44742857141,6507.06933333333,6808.78125000001,6696.57412499999,6133.650625
"FT0058",96.9996842345887,96.999516972688,96.9998592656251,1647.383,1646.74035644531,1658.76953125,5,3,1,1,1,25397.7206153843,37459.8124999999,35983.171512195,18716.3256153847,48132.3190714283
"FT0059",97.5144640774475,97.5144640774475,97.5144640774475,1648.56311035156,1648.56311035156,1648.56311035156,1,0,0,1,1,12624.9847673689,12014.1265613645,12997.6785576399,14953.6856918335,20646.3156666666
"FT0060",97.9689171213917,97.9687345928841,98.0002014282519,1645.01599121094,1643.72216796875,1670.25756835938,15,3,1,1,1,34104.3619999995,31445.4753684213,30318.9152105261,12826.875,50737.0021363637
"FT0061",97.9687239874155,97.9685838921738,97.9688177442607,16.4995155334473,16.448,19.0585021972656,5,3,1,1,1,24580.346875,28046.3055769231,26011.8912,37993.6777777778,43029.7550967742
"FT0062",97.9687841263559,97.9686916473634,97.9689457235996,58.2286739349365,57.637,59.2499160766602,4,2,1,1,1,12677.7038132019,12960.4066206897,13348.6283333333,15388.3569230769,16196.1638275862
"FT0063",97.9687998637361,97.9687112563879,97.9689213851976,1694.47509765625,1683.72924804688,1706.471,7,3,0,1,1,21984.3118695653,17195.1894782607,26551.6981935483,31605.7773220486,24837.3156666669
"FT0064",97.9688067627255,97.9686731583579,97.9688553383855,1792.529,1784.53,1798.1044921875,5,3,0,1,1,5884.97849999987,2612.14714285716,7168.50000000001,7968.18033272879,3805.35666666668
"FT0065",97.9687373198478,97.9687284283696,97.9688828582707,1760.08203125,1759.26171875,1762.29992675781,3,2,0,1,1,7696.18470588241,8141.33333333326,9466.98591414742,7705.26753566576,13459.7191333334
"FT0066",97.9687965971952,97.9687222434699,97.9688683315045,1746.09447705078,1743.62976074219,1752.2568359375,4,3,0,1,1,13443.8192307694,6819.10000000011,18162.1995789475,13442.1121296876,10059.16125
"FT0067",97.9687992402289,97.9687509100597,97.968838928659,1722.821,1717.22094726562,1730.06555175781,5,3,0,1,1,18775.2166388888,13096.0132692307,15246.9336666666,23086.4875157278,14211.1195833335
"FT0068",97.9687577248779,97.9686549266435,97.9687891932828,1774.11706542969,1772.30676269531,1778.20349121094,3,2,0,1,1,9113.92138095239,10075.0375384615,12629.7750322896,11161.9451274257,14699.79175
"FT0069",97.994859077174,97.9948182035458,97.9948999508022,86.7106581115723,86.705,86.7163162231445,2,2,0,0,1,5623.39411764706,4163.76966464862,5849.71468421053,3202.79391353114,5277.2648710556
"FT0070",98.51216096034,98.5120874481546,98.5121833398019,1651.30966259766,1650.43054199219,1651.82897949219,4,3,0,1,1,264700.183366666,259866.146983607,263858.802772727,277142.619049303,393291.450307692
"FT0071",98.5121359814376,98.5120295455424,98.5123023776015,19.0585021972656,17.5076942443848,20.5701313018799,3,1,1,1,1,2761.57664048044,3344.9739375,2833.52838917782,5006.88,8395.51257142857
"FT0072",98.5119770370818,98.5119585848742,98.5119954892894,58.854341506958,58.4587669372559,59.2499160766602,2,0,1,1,1,4722.2163275572,4187.07021804956,3561.66621208191,7897.5976,6107.45522727273
"FT0073",98.9515438750505,98.918980151243,98.9843207814088,69.5778846740723,67.6823120117188,71.9112014770508,10,3,1,1,1,55856.075,2428.99083333334,2975.456,65445.3489473684,2731.37828571429
"FT0074",99.0055493920739,98.9975528669983,99.0133470180827,1647.64762988281,1643.40258789062,1651.829,6,3,1,1,1,6041.5764999999,26970.7085409835,5043.85833333328,6085.00305000001,39558.3202727273
"FT0075",99.5123992243005,99.5122406660487,99.5125905804146,1644.22508349609,1644.18798828125,1644.37097167969,4,3,0,1,1,30983.5750476189,29941.6061904764,30435.8838947366,32454.7077344811,36751.7546666663
"FT0076",99.948038463975,99.948038463975,99.948038463975,1647.32141113281,1647.32141113281,1647.32141113281,1,0,0,1,1,10737.0084256904,9646.63077614524,10411.1345214844,16291.734975179,21776.1919999999
"FT0077",100.510099880811,100.509986757262,100.510365765704,1644.31248583984,1644.19616699219,1644.83422851562,4,3,0,1,1,12548.5394736841,15546.0201923077,11181.5739473683,11521.9611413574,16273.7970000001
"FT0078",101.003295982616,101.003226072736,101.00334710432,87.338249206543,86.504280090332,87.9663543701172,5,3,1,1,1,167381.133266667,164936.854931034,170431.112911765,98967.4657142857,163267.651625
"FT0079",101.003076054699,101.003076054699,101.003076054699,163.667358398438,163.667358398438,163.667358398438,1,0,0,1,1,16367.8205449031,19650.3273808406,19299.8513905452,4238.58955618051,18092.4297037037
"FT0080",102.127777013055,102.127667881295,102.127937812575,86.0728454589844,85.254264831543,86.0800018310547,5,3,1,1,1,6192.22136842105,5135.08509090909,4831.06666666667,6269.71937499999,5768.52
"FT0081",102.055028709854,102.0549976687,102.05518480372,72.049201965332,71.5139312744141,73.1478500366211,5,3,1,1,1,9175.69500000001,9045.712,8331.40470588236,9199.11883333334,5030.15153846154
"FT0082",102.127885432542,102.127672117177,102.128062374123,1640.44580078125,1640.35388183594,1640.47204589844,5,3,1,1,1,163739.526206896,139797.455090908,141175.434545456,157287.289391305,161986.206545454
"FT0083",102.127715074336,102.127688075544,102.127751886723,5.89868211746216,5.396,16.9140224456787,5,3,0,1,1,31587.0297391304,29968.4641666667,29853.5780869565,9868.30277531772,10546.14
"FT0084",102.12766873491,102.127589662688,102.127749750596,1405.3720703125,1399.51647949219,1407.69226074219,3,0,1,1,1,34316.7472070313,73179.800374349,68218.1567179362,60186.5144705886,54609.0706666668
"FT0085",102.127739921998,102.127686155239,102.127781774813,1307.3798828125,1302.66955566406,1311.505859375,3,0,1,1,1,84952.1295711436,90756.9259474734,83039.406656901,35282.8275333334,116708.656779661
"FT0086",102.127685773825,102.127659824104,102.127711723547,1603.70013427734,1603.61352539062,1603.78674316406,2,0,1,1,1,167958.51121739,188921.797050707,189503.826074039,242175.795000001,136286.065227272
"FT0087",102.127759704903,102.127756345851,102.127827963599,1384.38916015625,1378.78747558594,1390.78857421875,3,0,1,1,1,63425.9095371791,78996.3503754714,77263.5942803745,38385.7918333329,76359.6287999996
"FT0088",102.127807690661,102.127770956023,102.127844425299,1368.31616210938,1366.09228515625,1370.5400390625,2,0,1,1,1,67127.6991882324,66973.5963897705,69441.2881627966,57290.7801999995,86117.5334193555
"FT0089",102.127704644994,102.12768436761,102.127724922378,1540.35266113281,1539.1201171875,1541.58520507812,2,0,0,1,1,9862.20721435547,58429.7121658325,60134.4207458496,58097.7585144043,14594.1659999997
"FT0090",102.127731255762,102.127726855613,102.12773565591,1432.46276855469,1430.18017578125,1434.74536132812,2,0,1,1,1,142231.480994485,145887.868666215,139125.905647971,128824.174714285,172320.381666668
"FT0091",102.127731076785,102.127662108998,102.127800044573,1571.64495849609,1568.521484375,1574.76843261719,2,0,1,1,1,155175.089609574,252049.736911549,241934.089321214,159887.954653844,321589.510983051
"FT0092",102.127698234705,102.1276711542,102.12772531521,1457.44653320312,1453.70092773438,1461.19213867188,2,0,1,1,1,6577.15237192007,137462.868603046,108707.954859683,147691.561710527,108869.198785714
"FT0093",102.12774192922,102.12774192922,102.12774192922,1617.01245117188,1617.01245117188,1617.01245117188,1,0,0,1,1,46502.2434794108,185363.790394176,197728.801426479,157807.335836356,227461.059722222
"FT0094",102.013015158878,102.013015158878,102.013015158878,1657.24194335938,1657.24194335938,1657.24194335938,1,0,0,1,1,23940.061086347,23600.4080829923,22412.8580243511,18628.7068381238,26646.7220156249
"FT0095",102.127773152736,102.127773152736,102.127773152736,1523.79614257812,1523.79614257812,1523.79614257812,1,0,0,1,1,92136.0498102362,99075.2254361239,97353.4125453404,85103.4474376332,107137.992956522
"FT0096",102.12776653749,102.12776653749,102.12776653749,1276.27722167969,1276.27722167969,1276.27722167969,1,0,1,0,1,77931.6279353652,83151.3705299014,79250.7973746366,84438.8025000002,82189.094096339
"FT0097",102.127730712575,102.127730712575,102.127730712575,1343.3291015625,1343.3291015625,1343.3291015625,1,0,0,1,1,39249.9545026507,71750.1503583123,67587.1789371266,80273.9150390625,83359.6742857147
"FT0098",103.131283224927,103.131081570412,103.131363565347,1640.35388183594,1639.816,1640.47204589844,5,3,1,1,1,9955.45433333326,10040.7084761904,12207.1838,11203.1023999999,12174.918
"FT0099",103.054323524264,103.054287586105,103.054487378543,623.772,623.250244140625,624.432067871094,5,3,1,1,1,19441.0919999999,18947.8895333333,19997.4730588234,12951.0971428571,23418.8809333333
"FT0100",103.054334933936,103.054220853153,103.054367686074,222.322,221.680145263672,222.348617553711,5,3,1,1,1,13605.2671666667,13005.485,13437.9243478261,15973.2512857143,14854.3191428572
"FT0101",103.131102784917,103.131005777683,103.13119979215,1600.42125488281,1599.02,1601.82250976562,2,1,1,0,1,6521.13164568866,9633.86823519532,7983.11831578951,11236.2388888889,11837.7277131536
"FT0102",103.130976322856,103.130950113463,103.131094545206,1576.05102539062,1568.59643554688,1582.25695800781,3,0,1,1,1,11576.9278594226,14456.8489888509,15557.8610287621,18607.9617674419,7250.00850000004
"FT0103",103.131076795846,103.131076795846,103.131076795846,1556.3212890625,1556.3212890625,1556.3212890625,1,0,0,1,1,3859.66810913086,6527.11596679688,6515.24346313477,7169.15151367187,8486.67733333335
"FT0104",103.131118000107,103.131118000107,103.131118000107,1541.58520507812,1541.58520507812,1541.58520507812,1,0,0,1,1,5804.2421468099,6592.39979619565,6219.24194335938,6253.77197265625,9217.26480000004
"FT0105",103.131050121356,103.131050121356,103.131050121356,1525.63000488281,1525.63000488281,1525.63000488281,1,0,0,1,1,7108.48388671875,8635.22858796296,8014.67013888889,7926.84064592634,9724.27344827588
"FT0106",103.955652270684,103.955509741319,103.95579480005,1638.15563964844,1637.11853027344,1639.19274902344,2,1,0,1,1,15247.5952777778,14315.5937638716,15105.60913804,14647.876739502,13772.728125
"FT0107",104.070799474399,104.070711369379,104.070825043158,72.163,71.5139312744141,72.5416793823242,5,3,1,1,1,10295.2131176471,9293.242,9341.275,11154.946,9848.65223529412
"FT0108",105.044665569159,105.033523879338,105.045169541902,507.495,507.043090820312,507.681671142578,9,3,1,1,1,5157.16061538459,14825.9296874999,5060.05900000001,3425.56666666667,16132.7881578948
"FT0109",105.07011081437,105.069876528751,105.070176969678,680.149,680.145446777344,680.867370605469,5,3,1,1,1,31632.3874999999,32907.3695999999,31660.8750000002,19170.5754736843,36454.8380000003
"FT0110",106.065202407408,106.065196635697,106.065208179118,86.0764227294922,86.0728454589844,86.08,2,1,0,1,1,1560.93277079773,285.522094129289,3163.42399999999,495.534212951659,2925.316
"FT0111",106.950692324195,106.950582242061,106.950819722196,66.445,65.8088073730469,67.0774993896484,5,3,1,1,1,5930.95249999999,5634.972,6192.91285714285,5724.42857142857,6565.40685714286
"FT0112",106.991864180424,106.991857815856,106.991976631083,14.9477167129517,14.4822263717651,16.3684520721436,3,2,0,1,1,12128.325,9865.4996,10187.3496079866,7200.7549602447,20308.1878421053
"FT0113",106.991994530307,106.991920638184,106.99202258428,1751.65026855469,1740.30480957031,1756.41723632812,4,2,0,0,1,13692.9821538461,6122.91150000008,11278.7842292786,13490.1161117554,12891.1724090576
"FT0114",106.992093126812,106.992041939346,106.992119725004,1688.87817382812,1684.49401855469,1694.51843261719,4,2,0,0,1,4832.86542857132,2841.60875000006,7241.91936990489,5875.51948879076,6599.71142578125
"FT0115",106.99204733577,106.991899857106,106.99208065002,1779.33154296875,1767.54870605469,1793.11267089844,5,2,0,0,1,7420.00295454551,7323.1060909091,12692.8964342949,12394.5538236178,14255.5144171464
"FT0116",106.992103694527,106.992048363096,106.992159025959,1728.283203125,1727.734375,1728.83203125,2,2,0,0,1,13342.8232000001,11063.5,11490.2363222562,12809.8707709679,11134.4974024846
"FT0117",106.992028642288,106.992009778108,106.992047506468,1714.03283691406,1713.80456542969,1714.26110839844,2,2,0,0,1,9364.64687999998,11471.8742857143,8493.66076660156,8932.87668457031,10357.7447949219
"FT0118",107.049297231286,107.049137739962,107.049377689161,559.755,559.130004882812,559.873474121094,5,3,1,1,1,166830.516857142,163746.595636364,166133.970095238,105045.819047619,184875.317095238
"FT0119",107.049197413679,107.049123007582,107.049304899379,86.0800009155273,86.0728454589844,86.7453002929688,4,3,0,1,1,7026.83146666667,5723.71586666667,5836.5684,3403.42435635158,6288.32742857143
"FT0120",107.070519179585,107.070438026862,107.070526671553,532.647,532.068725585938,533.427856445312,3,3,0,0,1,6730.512,7437.14419047617,7112.08959999996,4674.56217692872,4155.90806445314
"FT0121",108.052634932057,108.052532405079,108.052827827509,559.755,559.130004882812,559.873474121094,5,3,1,1,1,13113.436736842,12354.7422631579,12537.8492105264,8090.04826666672,14883.4234
"FT0122",108.96133497327,108.96133497327,108.96133497327,1649.18957519531,1649.18957519531,1649.18957519531,1,0,0,1,1,11132.536927689,10061.8758322976,11937.069124349,12723.2841033936,16625.895
"FT0123",110.008816129322,110.008690111471,110.008871804717,62.663,62.3455276489258,63.4260711669922,5,3,1,1,1,30031.1291538462,30548.2041428571,31094.6505882353,26088.3376,25452.1662857143
"FT0124",110.008646034208,110.008646034208,110.008646034208,16.9140224456787,16.9140224456787,16.9140224456787,1,0,0,1,1,6331.82336726421,6409.1873446732,5902.66238447515,6383.32598664886,15632.8511578947
"FT0125",111.010021516847,111.009904650954,111.010341566324,62.663,62.3455276489258,63.4260711669922,5,3,1,1,1,4589.97950000001,4301.87613333333,4335.87699999999,3983.653125,3610.9425
"FT0126",112.006338553303,112.006263688212,112.006435938733,62.7350311279297,62.6166763305664,63.4260711669922,5,3,1,1,1,4291.5087,4331.0088,4351.62633333333,3709.796875,3443.23349999999
"FT0127",111.968363743235,111.968281758373,111.968429490977,1648.43078613281,1645.45227050781,1649.299,4,2,1,1,1,17931.159149552,20440.7823260869,20611.5497599999,9017.541,15840.1920000001
"FT0128",112.050661452053,112.050563882331,112.050759622275,85.3501319885254,76.7722473144531,85.4686279296875,6,3,1,1,1,15456.0619393939,8768.18749999999,16021.8406206896,10315.872,8590.40861538461
"FT0129",112.895939453563,112.895687654536,112.999954846123,68.2795028686523,67.6823120117188,73.1478500366211,9,3,1,1,1,22008.3299999999,19208.290625,22460.74425,21056.9814444444,22244.208
"FT0130",113.034592876258,113.034574241127,113.034611511389,85.6635551452637,85.254264831543,86.0728454589844,2,0,1,1,1,3028.83969585712,2638.56459951401,2270.92604519771,4786.8306,3398.25292307692
"FT0131",113.963634480219,113.963533510117,113.963867982684,17.0055732727051,16.952,19.0585021972656,5,3,1,1,1,16307.45028,18804.7132380952,19122.4666666667,30459.45,46277.3100882353
"FT0132",113.963764048693,113.963684397304,113.964071320704,1646.51922607422,1646.135,1647.32141113281,4,3,0,1,1,359837.69831579,357345.044767858,256021.934583333,429276.565241168,543176.038
"FT0133",113.963711191251,113.963563681689,113.963836108523,58.2286739349365,57.637,59.2499160766602,4,2,1,1,1,9308.36299333313,9043.27036363637,10880.4782692308,15266.89,13584.1387083333
"FT0134",114.091276458993,114.091272431424,114.09132840492,12.433,11.9340391159058,12.4554233551025,3,3,0,0,1,73090.6632285714,74290.1431176471,73402.4936470588,NA,NA
"FT0135",114.893045292991,114.8930242776,114.89326959455,67.7034683227539,67.6823120117188,68.2795028686523,5,3,1,1,1,10772.86325,10080.868,10878.849,9720.17044444444,10840.1338888889
"FT0136",115.054230618363,115.053972535077,115.054559922259,750.955,750.811218261719,751.594299316406,5,3,1,1,1,5888.33344444446,6922.66919999998,6111.11933333332,4260.944,7436.04680000002
"FT0137",115.054461729498,115.054190545495,115.054490351573,680.149,680.145446777344,681.471008300781,5,3,1,1,1,15942.8058947369,17448.9666666666,16768.3563157895,10704.2554117647,20136.8328888889
"FT0138",115.964086273844,115.963846194997,115.964387759866,1644.18798828125,1643.72216796875,1644.254,5,3,1,1,1,15658.2578947367,16616.4205263159,16376.8803157894,20284.4618181818,21748.6418333332
"FT0139",115.962891500455,115.962891500455,115.962891500455,19.5885734558105,19.5885734558105,19.5885734558105,1,0,0,1,1,NA,608.646812438965,NA,786.276258230209,2912.65688888889
"FT0140",116.070780657943,116.07055612411,116.070834513316,75.324,75.1964797973633,77.4245071411133,5,3,1,1,1,24924.4135384616,25503.128,26143.3336153846,29021.0995294117,8069.994
"FT0141",116.975951146365,116.97586773925,116.975973011523,16.4995155334473,16.448,17.4559993743896,3,2,0,1,1,9526.27032382481,9230.1134,8678.058,9357.97097926124,20163.8093666667
"FT0142",116.975950778838,116.975938932027,116.975962625649,1658.82720214844,1657.515,1660.13940429688,2,2,0,0,1,23010.3846610169,21147.7010661759,12959.4707352941,15079.6616285721,17273.8951916181
"FT0143",116.97634059092,116.976329418913,116.976351762928,1730.49796679688,1727.889,1733.10693359375,2,2,0,0,1,18090.2258055554,12995.4703770852,12812.1991111112,10555.8984472657,10043.9571896542
"FT0144",116.972039724212,116.972039724212,116.972039724212,1643.40258789062,1643.40258789062,1643.40258789062,1,0,1,0,1,1770.73806152344,3112.05622558594,2698.90759277344,5071.90400000002,3903.11382293701
"FT0145",117.057582067051,117.057223008079,117.057798467607,537.173706054688,537.013549804688,537.754333496094,5,3,1,1,1,91707.1730454546,93454.7611428572,93188.0357142857,62430.8939999998,101767.64309091
"FT0146",117.070151628256,117.069862472223,117.070240403099,680.149,680.145446777344,680.867370605469,5,3,1,1,1,53143.1999999997,52602.8394000001,53330.1000000004,29485.6231578948,59677.1196000005
"FT0147",117.03368483294,117.033513929754,117.033740109497,516.896126953125,516.278015136719,516.925109863281,4,3,0,1,1,16969.0742666666,19477.9168421053,17592.0768,7849.29108646647,19566.0912222223
"FT0148",117.057460865351,117.057204070631,117.057485389561,635.787628173828,635.345947265625,636.369,4,3,0,1,1,6451.9683333333,7266.86852941181,6989.20319999993,1894.10313256835,7278.03000000003
"FT0149",117.959584429302,117.959456001907,117.95976501847,1644.19616699219,1643.99426269531,1644.37097167969,5,3,1,1,1,6594.13084210514,6518.62778947374,6836.21842105263,9476.18577272729,8091.12482352937
"FT0150",118.086312543044,118.086259728972,118.086465437914,84.1982879638672,84.0180816650391,84.227668762207,5,3,1,1,1,36702.8344090909,36968.6679047619,36743.3526666667,38414.4261111111,38283.4854
"FT0151",118.065334798768,118.064988701977,118.065560786146,537.173706054688,537.013549804688,537.754333496094,5,3,1,1,1,1029773.06516667,1024899.281,991003.622291671,638899.199217391,1043769.2626087
"FT0152",118.086397572185,118.086370319872,118.086586409768,623.948120117188,623.250244140625,624.432067871094,5,3,1,1,1,70454.8074999998,63220.5001904763,69412.7700000001,43730.8715789475,69562.6536000002
"FT0153",118.073332921993,118.073126190881,118.073539388853,680.148993408203,680.145446777344,680.173767089844,4,3,0,1,1,4764.43350000005,4484.09054545456,4812.69399999995,3186.63668823242,5878.85621428569
"FT0154",118.086195284216,118.086106403718,118.086265218994,9.41779136657715,9.416,9.42590141296387,3,3,0,0,1,12200.9109333333,9663.75822222222,12803.1561290323,NA,NA
"FT0155",118.12302447286,118.122847762844,118.123201182876,1640.70910644531,1640.42895507812,1640.9892578125,2,1,1,0,1,4319.55550000006,1730.88062061983,3895.65681008732,3971.779117647,3455.71625653435
"FT0156",118.942609215631,118.942602676076,118.942615755187,20.0793523788452,19.5885734558105,20.5701313018799,2,0,1,1,1,1642.40248438891,1635.81370709924,1528.59633120369,2603.27523529412,3840.62807142857
"FT0157",119.068659412841,119.068287660981,119.068953478273,537.173706054688,537.013549804688,537.754333496094,5,3,1,1,1,88513.5603809524,92113.7395238095,89573.1734090903,55840.9769523805,93587.6957142865
"FT0158",119.049254980607,119.049134377548,119.049348560081,491.129,490.891479492188,491.849822998047,5,3,1,1,1,74708.5756999998,77146.2846666666,73182.407190476,46570.9584,64894.1814
"FT0159",119.049216942122,119.049135886697,119.04930424802,125.428523590088,114.629440307617,126.667640686035,6,3,0,1,1,7532.7504117647,13864.00553125,9667.43905263158,11112.3109995524,9728.8934
"FT0160",120.020848343925,120.020549970808,120.021004078445,507.495,507.043090820312,507.681671142578,5,3,1,1,1,11078.8341176471,12012.9503125,11096.685,6641.86892307691,12751.0933333334
"FT0161",120.080928923308,120.080719226367,120.081001463581,221.7,221.680145263672,222.335556030273,5,3,1,1,1,161188.710307692,164112.6685,160845.465555556,165166.085407407,169984.470384615
"FT0162",120.052625351876,120.05244660176,120.052655497349,491.172135498047,490.265258789062,491.628326416016,4,3,0,1,1,6079.33199999998,5931.34506250001,6637.20733333332,4154.06846352386,5904.4982352941
"FT0163",120.044410970698,120.044395264705,120.044664094329,343.471466064453,343.443023681641,343.871215820312,3,2,1,0,1,3951.61807692308,3684.9885,4041.21838496282,4014.39428571428,3543.66298968975
"FT0164",120.966222919397,120.966171663791,120.966274175003,69.5810165405273,69.5732269287109,69.5888061523438,2,1,1,0,1,3439.05,3100.3410213177,3150.50413513184,3191.83971428571,1946.58940359262
"FT0165",121.084237791753,121.08416172983,121.084327835471,222.322,221.680145263672,222.348617553711,5,3,1,1,1,14720.2722608696,13755.6645652174,14495.6127272727,15534.936,15523.111173913
"FT0166",121.966170202547,121.966098664712,121.966556186158,1636.09875488281,1635.89697265625,1636.462890625,4,2,1,1,1,30828.1844347825,28339.9919024389,29544.4679104275,25591.8306944444,34131.5358809525
"FT0167",121.966161772461,121.966112142329,121.966211402593,1562.380859375,1559.99816894531,1564.76354980469,2,0,1,1,1,33839.4056900688,35603.8390231662,33408.6996791674,33419.4689677422,45211.8486808509
"FT0168",121.966140055499,121.966140055499,121.966140055499,1601.1806640625,1601.1806640625,1601.1806640625,1,0,1,0,1,30552.3061523437,33483.3071044922,35751.6198381696,45323.3366511631,43015.577218192
"FT0169",121.966099243735,121.966099243735,121.966099243735,1479.43151855469,1479.43151855469,1479.43151855469,1,0,0,1,1,6644.19815726902,16597.332475142,14822.2453188689,16727.6033325195,20340.7796799999
"FT0170",121.966111636801,121.966111636801,121.966111636801,1530.53186035156,1530.53186035156,1530.53186035156,1,0,0,1,1,6953.75012849507,14629.8757452714,14285.1202713816,13185.1247687089,19293.96465
"FT0171",121.966128261368,121.966128261368,121.966128261368,1510.31945800781,1510.31945800781,1510.31945800781,1,0,0,1,1,3198.51045735677,10285.3931325277,8998.40512695312,9034.72764587402,24105.6523076923
"FT0172",122.09645982091,121.966044288609,122.096506474684,1434.6552734375,1432.07861328125,1437.90881347656,3,0,1,1,1,9377.68499755859,14476.4573974609,12487.452331543,9941.43999999998,21168.9948750001
"FT0173",122.096148754375,122.09594401276,122.096353495991,1552.14636230469,1551.3994140625,1552.89331054688,2,0,1,1,1,1009.05343350497,24731.3766313033,23013.6895918413,45376.7701578947,25119.7772727276
"FT0174",122.031234205105,121.96601225949,122.09645615072,1457.44274902344,1453.05908203125,1461.82641601562,2,0,1,1,1,NA,NA,NA,30007.896,23638.0638571429
"FT0175",122.096846577724,122.096846577724,122.096846577724,1418.07055664062,1418.07055664062,1418.07055664062,1,0,1,0,1,20456.4142578125,19879.4931303879,19746.0693022629,23521.5845333334,14299.3537176724
"FT0176",122.096592472113,122.096392356606,122.096866421869,1640.44580078125,1640.35388183594,1641.092,5,3,1,1,1,39657.5281333333,34374.1760909089,33217.7330000001,37555.7827826089,37584.5425454543
"FT0177",122.096425513335,122.096278706534,122.09653621693,1574.15344238281,1567.88049316406,1579.82885742188,3,0,1,1,1,34582.7545762173,49543.9931143827,47126.4661879429,29009.7310476193,59061.0304999999
"FT0178",122.09626536018,122.09626536018,122.09626536018,1538.51171875,1538.51171875,1538.51171875,1,0,0,1,1,NA,3317.13317871094,NA,2630.76647949219,3895.67533333334
"FT0179",122.096412330926,122.096412330926,122.096412330926,1523.18884277344,1523.18884277344,1523.18884277344,1,0,0,1,1,16727.6023912932,19767.6393657484,19089.2160644531,15952.9559326172,19691.80095
"FT0180",122.096408034236,122.096408034236,122.096408034236,1601.82250976562,1601.82250976562,1601.82250976562,1,0,1,0,1,NA,14950.2667236328,13721.4962158203,23956.0064117645,22473.1029052734
"FT0181",122.924598963628,122.924442102551,122.924898966986,66.4472885131836,66.4397201538086,67.0774993896484,5,3,1,1,1,8088.62542857143,8195.985,8716.79314285714,8980.85142857142,8831.28750000001
"FT0182",122.963849577104,122.96369079631,122.964173866897,17.5076942443848,17.456,19.5203704833984,5,3,1,1,1,2681.728,4431.04,4051.91,5197.77938461539,10415.115
"FT0183",122.964049233609,122.96394046219,122.964238001954,1646.80975341797,1646.135,1650.55883789062,4,3,0,1,1,43848.1057627116,33910.7629729727,21906.4679166665,32141.5681860352,40003.096153846
"FT0184",123.044256834679,123.0440444901,123.055400032979,117.8,112.103,126.703826904297,13,3,1,1,1,11050.395125,42984.4204090909,9195.06461538462,30777.3783846154,11947.4105263158
"FT0185",123.055447665009,123.055324483105,123.055583088127,86.08,85.8856201171875,86.7453002929688,5,3,1,1,1,18073.5886956522,15240.6386086957,15392.8617391304,23190.1989130435,19822.216826087
"FT0186",123.091772598259,123.091593570264,123.091798122018,1400.76916503906,1400.28503417969,1411.71142578125,3,0,1,1,1,57084.0711611793,63648.5868947099,61804.1887162371,33378.3916666665,60986.6025833335
"FT0187",123.091719998872,123.091673547751,123.091766449994,1574.47570800781,1574.15344238281,1574.79797363281,2,0,1,1,1,56956.7568588257,90485.057182312,86133.3764572144,99221.7573170728,85747.5888888888
"FT0188",123.091735766017,123.091712014814,123.091829100728,1383.75830078125,1373.69995117188,1390.16491699219,3,0,1,1,1,38861.3255818685,59031.4501464844,57535.915242513,31183.7455294123,45355.0008800001
"FT0189",123.091688226989,123.091688226989,123.091688226989,1343.95886230469,1343.95886230469,1343.95886230469,1,0,0,1,1,18120.0452190897,35691.5318338145,29498.2334408967,36845.396484375,43681.818375
"FT0190",123.091586705149,123.091586705149,123.091586705149,1330.39672851562,1330.39672851562,1330.39672851562,1,0,0,1,1,1373.28534613715,25625.7614360609,16332.8530787418,27994.6435803865,35815.4276999997
"FT0191",123.091700522186,123.091700522186,123.091700522186,1359.14367675781,1359.14367675781,1359.14367675781,1,0,0,1,1,20765.4330078125,32933.9448730469,28692.2658203125,35308.1428710937,39182.0457142852
"FT0192",123.091696280475,123.091696280475,123.091696280475,1618.30749511719,1618.30749511719,1618.30749511719,1,0,0,1,1,2110.75892857143,34419.4930013021,30578.5856745793,35286.0308368389,38941.6984285713
"FT0193",123.091706900955,123.091706900955,123.091706900955,1603.78674316406,1603.78674316406,1603.78674316406,1,0,1,0,1,58100.6648412244,68135.5126274957,66641.3356807314,70620.8648275868,74489.679107666
"FT0194",123.091649970917,123.091649970917,123.091649970917,1462.45483398438,1462.45483398438,1462.45483398438,1,0,0,1,1,29122.5420837402,35887.1404445482,33173.6853027344,34659.5626831055,36654.7899999997
"FT0195",123.091643435218,123.091643435218,123.091643435218,1447.36975097656,1447.36975097656,1447.36975097656,1,0,0,1,1,6577.41866749731,28186.3252458244,31595.8583025251,40595.325038365,48447.0252999998
"FT0196",123.091594108744,123.091594108744,123.091594108744,1312.97802734375,1312.97802734375,1312.97802734375,1,0,0,1,1,46679.9300426136,54526.1283143939,47959.7744436553,61584.2355587121,58646.7157647053
"FT0197",123.091641547837,123.091641547837,123.091641547837,1427.81994628906,1427.81994628906,1427.81994628906,1,0,0,1,1,16524.3094482422,39681.0848253038,37992.2069498698,40124.0295410156,40482.0250370373
"FT0198",123.091791545853,123.091791545853,123.091791545853,1556.3212890625,1556.3212890625,1556.3212890625,1,0,0,1,1,46554.2484694261,52969.2285608362,46276.1131685697,43707.3395432692,57328.3494444445
"FT0199",123.09177568502,123.09177568502,123.09177568502,1527.4658203125,1527.4658203125,1527.4658203125,1,0,0,1,1,23690.2476730347,26472.4434585571,24039.4190917969,22123.0696640015,24900.5774705885
"FT0200",123.091864791658,123.091699780663,123.092270130343,1644.73814501953,1634.54614257812,1646.09985351562,6,3,1,1,1,41568.4805454545,71835.8261904764,86882.2478297869,62333.3585405407,90124.737319149
"FT0201",123.055328669023,123.055219566445,123.055347590644,15.9915332794189,15.9553070068359,16.3684520721436,3,2,0,1,1,6301.696,5904.30104761905,5880.78339950792,12016.4335515499,19749.18
"FT0202",123.964404730446,123.964324738216,123.964484722675,1605.06079101562,1600.54919433594,1609.57238769531,2,0,1,0,1,9044.26430511475,8647.65859321926,8216.25437164307,8894.6866666668,12507.5459170134
"FT0203",123.964337341798,123.964337341798,123.964337341798,1577.30859375,1577.30859375,1577.30859375,1,0,1,0,1,1660.39916992188,1151.85424804688,1566.318359375,1479.75099999987,1634.97192382812
"FT0204",123.964413377064,123.964413377064,123.964413377064,1566.01489257812,1566.01489257812,1566.01489257812,1,0,1,0,1,6917.56939697266,6765.15315047554,7251.30891002308,11671.6479565216,9507.39370860224
"FT0205",123.964259377548,123.964259377548,123.964259377548,1634.75854492188,1634.75854492188,1634.75854492188,1,0,0,1,1,13640.0201416016,13753.5688740498,14184.1565254407,17108.4643554688,18974.8224999999
"FT0206",124.039420282247,124.039237266556,124.039554054859,86.0728454589844,85.254264831543,86.0800018310547,5,3,1,1,1,8700.992,6411.43886666667,7805.27125,8566.82050000001,8324.848
"FT0207",124.08691506441,124.086805514859,124.087024613961,1409.07672119141,1407.07360839844,1411.07983398438,2,0,1,1,1,11524.6176139636,65347.7196574964,62253.6606782612,73429.4936923079,44833.5012499998
"FT0208",124.086932572956,124.086884135557,124.086981010354,1314.14361572266,1311.505859375,1316.78137207031,2,0,1,1,1,32631.6655109112,76754.5428138146,55984.4961098725,29101.4701176471,100735.422090909
"FT0209",124.087031040644,124.086959570197,124.087102511092,1379.68579101562,1376.87817382812,1382.49340820312,2,0,1,1,1,65059.8415745326,66637.9599856422,68183.8046896798,81156.3346938772,49682.5900714286
"FT0210",124.086801278755,124.086684147186,124.086918410325,1552.16845703125,1548.94665527344,1555.39025878906,2,0,1,1,1,9104.86336335682,78373.9295096049,71837.205305481,55632.4229999999,85548.0584186052
"FT0211",124.08700463648,124.08700463648,124.08700463648,1523.79614257812,1523.79614257812,1523.79614257812,1,0,0,1,1,38707.4297973633,41115.772277832,41859.5111919202,33800.2394287109,39859.3684761904
"FT0212",124.086952316595,124.086952316595,124.086952316595,1512.16711425781,1512.16711425781,1512.16711425781,1,0,0,1,1,NA,37345.9988708496,26520.9592141544,13052.6955871582,34256.4545555551
"FT0213",124.087025917427,124.087025917427,124.087025917427,1364.19396972656,1364.19396972656,1364.19396972656,1,0,0,1,1,35563.8163757324,35230.1921280571,35296.9059687075,35443.5443115234,38003.5602500003
"FT0214",124.086876262387,124.086876262387,124.086876262387,1495.4970703125,1495.4970703125,1495.4970703125,1,0,0,1,1,28024.6763671875,62079.5562862273,50602.0117263794,58272.4988738029,65274.5300645163
"FT0215",124.087054950313,124.087054950313,124.087054950313,1275.63208007812,1275.63208007812,1275.63208007812,1,0,1,0,1,69980.8193021734,71395.0797119141,72786.1976785863,75008.69,71899.7135399352
"FT0216",124.086936944119,124.086936944119,124.086936944119,1479.43151855469,1479.43151855469,1479.43151855469,1,0,0,1,1,NA,41715.610884233,26238.0066266741,27790.0234818892,47214.6800869567
"FT0217",124.086905929805,124.086905929805,124.086905929805,1430.95056152344,1430.95056152344,1430.95056152344,1,0,0,1,1,22770.4828819862,48216.0811485877,44457.393093533,49639.8486140325,50797.3573333333
"FT0218",124.086898112619,124.086898112619,124.086898112619,1460.57067871094,1460.57067871094,1460.57067871094,1,0,0,1,1,32122.3434082031,60518.5573974609,58983.50390625,60759.8156401536,64614.214
"FT0219",124.086950398175,124.086950398175,124.086950398175,1341.46081542969,1341.46081542969,1341.46081542969,1,0,0,1,1,10884.8999314081,28983.6863014915,22840.6379627046,34087.7273864746,33354.8003181818
"FT0220",124.087133387988,124.086951694857,124.087355724244,1640.459,1640.42895507812,1640.9892578125,5,3,1,1,1,67480.4660869558,64006.6072727269,65464.0883478266,67376.2179130438,70590.596363636
"FT0221",124.087003968784,124.086989354698,124.087087163068,1603.61352539062,1591.12121582031,1603.78674316406,3,0,1,1,1,48473.4491305881,75434.1640660903,73579.5694231306,56246.3265185191,50238.4867826089
"FT0222",124.086971044869,124.086919160086,124.087022929651,1571.97302246094,1569.79260253906,1574.15344238281,2,0,1,1,1,3762.0815955268,67920.3321797139,49702.497195682,66533.8264666667,59149.3415999997
"FT0223",124.087007513027,124.087007513027,124.087007513027,1617.65856933594,1617.65856933594,1617.65856933594,1,0,0,1,1,1865.60219504616,37030.6754333496,39322.2734723772,36594.061453683,50253.9768181816
"FT0224",125.090247030648,125.089828571591,125.090665489706,1640.70910644531,1640.42895507812,1640.9892578125,2,1,1,0,1,3347.14285714286,3692.61128425598,2624.21210793888,3762.01800000003,2872.42818196615
"FT0225",125.98639318152,125.986295426701,125.9865103926,62.663,62.3455276489258,63.4260711669922,5,3,1,1,1,13164.966,11774.828,12726.612125,8085.16676470588,8036.73406249999
"FT0226",126.967845893247,126.967600886852,126.968149465518,1643.631,1643.40258789062,1644.18798828125,5,3,1,1,1,12789.4622608695,10309.25,12012.23,12965.9227894738,16461.4328333333
"FT0227",126.967557156123,126.967389952103,126.967824066341,17.96,17.4685173034668,20.0472393035889,5,3,1,1,1,2613.756,2851.79007142857,2882.68153846154,4066.14184615385,5537.1948
"FT0228",127.039153350531,127.038826928333,127.03935050238,559.755004882812,559.130004882812,559.873474121094,5,3,1,1,1,7524.32131578945,7068.9016,7447.2751578947,4653.564,7820.79666666664
"FT0229",127.086611419991,127.086463873151,127.086625014629,12.933,12.4554233551025,12.9380788803101,3,3,0,0,1,19259.3838666667,18925.76,18516.3025714286,NA,NA
"FT0230",127.975106774414,127.975106774414,127.975106774414,1642.80541992188,1642.80541992188,1642.80541992188,1,0,1,0,1,4504.51298971737,4365.10566262638,4803.34156709559,5447.0169,5284.36585908778
"FT0231",128.019411501435,128.019365987501,128.019553316036,62.663,62.3455276489258,63.4260711669922,5,3,1,1,1,5853.66070000001,5249.825,5021.9742,5346.72666666667,5337.24279999999
"FT0232",128.062332573458,128.061934388375,128.062413356591,680.7705078125,680.145446777344,680.867370605469,5,3,1,1,1,7245.04753333337,7535.68328571425,7305.91999999998,4750.283,8568.28246153849
"FT0233",128.049700663715,128.049605559891,128.049929948766,623.712324462891,623.250244140625,623.948120117188,4,3,0,1,1,4078.21259999998,4075.15581818178,4223.35616666668,2291.51437591554,4940.56606666666
"FT0234",128.107116782517,128.10707180089,128.107125834755,1566.63427734375,1563.52038574219,1575.42028808594,3,0,1,0,1,23598.3612060547,44843.5554504395,43183.4579467773,16704.9613750005,41214.7483825684
"FT0235",128.106961679614,128.106946697277,128.107074673522,1590.97778320312,1590.4990234375,1603.78674316406,3,0,1,1,1,42170.5842168899,40526.4318266369,40038.4100051153,11368.3965000003,33900.8333684211
"FT0236",128.10701513908,128.10701513908,128.10701513908,1444.23547363281,1444.23547363281,1444.23547363281,1,0,0,1,1,9341.03134390024,29350.9728910006,28165.1888671875,31586.3186572266,32020.4144444443
"FT0237",128.106917879706,128.106917879706,128.106917879706,1427.17944335938,1427.17944335938,1427.17944335938,1,0,0,1,1,13275.4375271267,29971.8481671369,24145.4465332031,28706.0293918186,30038.2111071431
"FT0238",128.106855308883,128.106855308883,128.106855308883,1494.25463867188,1494.25463867188,1494.25463867188,1,0,0,1,1,1304.16548810686,35472.9541141905,21814.9490840517,29057.919821603,39493.0938620689
"FT0239",128.107035789279,128.107035789279,128.107035789279,1512.16711425781,1512.16711425781,1512.16711425781,1,0,0,1,1,3805.08637695313,26036.1601947985,29577.8347595215,15820.5372192383,28544.7690000001
"FT0240",128.106924288888,128.106924288888,128.106924288888,1463.09118652344,1463.09118652344,1463.09118652344,1,0,0,1,1,2714.90104166667,19651.1123046875,17087.0764322917,17769.16171875,21033.5160000001
"FT0241",128.107182210101,128.106967983033,128.107485523336,1640.44580078125,1640.35388183594,1640.47204589844,5,3,1,1,1,55447.7513666666,46663.1667272724,48335.3059090913,49882.216,52080.3853043481
"FT0242",128.950595953486,128.950428268417,128.950961295572,17.4685173034668,17.0055732727051,19.5203704833984,5,3,1,1,1,2247.168,3384.15933333333,3109.238,5870.17745454545,11205.5005714286
"FT0243",128.962825283687,128.962825283687,128.962825283687,1643.40258789062,1643.40258789062,1643.40258789062,1,0,1,0,1,5435.54055946752,4823.61023591694,4971.34092310855,6374.88409090908,5686.27612947163
"FT0244",129.070175937902,129.069696397901,129.070223028428,680.149,680.145446777344,680.867370605469,5,3,1,1,1,15268.3459999999,17578.7556,15310.673,9675.29128571426,18356.9490000001
"FT0245",129.102155375891,129.102113471206,129.102197280576,11.181990146637,9.42590141296387,12.9380788803101,2,2,0,0,1,8487.07017647059,7171.774,9059.76147965462,NA,NA
"FT0246",129.987590079569,129.987438143888,129.988022258248,1635.31463623047,1635.1787109375,1635.397,4,3,0,1,1,47441.3595600001,56817.1375714283,46463.8260000001,34945.5583691406,36070.7887894736
"FT0247",129.987583628729,129.987583628729,129.987583628729,1453.05908203125,1453.05908203125,1453.05908203125,1,0,1,0,1,45742.6606061663,62560.3254021539,62261.822301528,48728.1599999999,49191.6001281738
"FT0248",129.987414308413,129.987414308413,129.987414308413,1463.74047851562,1463.74047851562,1463.74047851562,1,0,0,1,1,15173.7330953664,54274.7763671875,51841.9640355603,37622.5170056573,48673.4409999998
"FT0249",129.98755548554,129.98755548554,129.98755548554,1603.61352539062,1603.61352539062,1603.61352539062,1,0,0,1,1,2052.18153686523,35669.6172902961,31347.2238220215,22688.6401733398,39559.5890476193
"FT0250",129.98752730085,129.98752730085,129.98752730085,1615.07629394531,1615.07629394531,1615.07629394531,1,0,0,1,1,3486.22045898438,28583.310546875,27152.7992892795,14993.4535997179,35287.7160526315
"FT0251",129.98759157591,129.98759157591,129.98759157591,1523.18884277344,1523.18884277344,1523.18884277344,1,0,0,1,1,32277.239616394,36353.071975708,35637.0561523438,16599.6118469238,27866.6747647062
"FT0252",129.987494880671,129.987494880671,129.987494880671,1534.82348632812,1534.82348632812,1534.82348632812,1,0,0,1,1,2079.66444535689,33639.743458141,30277.3732965643,22041.4914217862,41505.8183913044
"FT0253",129.987455507409,129.987455507409,129.987455507409,1590.97778320312,1590.97778320312,1590.97778320312,1,0,0,1,1,30401.5786922679,37247.0471572876,37651.579246521,27154.7825712316,30883.5841111109
"FT0254",129.987494784559,129.987494784559,129.987494784559,1437.2724609375,1437.2724609375,1437.2724609375,1,0,0,1,1,35090.465609037,42984.763296274,41010.0844679612,34032.8354541016,41536.6565384619
"FT0255",129.987381644774,129.987381644774,129.987381644774,1423.43627929688,1423.43627929688,1423.43627929688,1,0,0,1,1,33027.7040904652,36591.6229831861,35767.8382013494,32218.2633746603,36267.3372083331
"FT0256",129.987487983565,129.987487983565,129.987487983565,1555.09680175781,1555.09680175781,1555.09680175781,1,0,0,1,1,2444.3363734654,30616.4340820312,33227.882132394,15628.6602434431,27869.0169333337
"FT0257",130.065339309065,130.065090344097,130.065435804961,638.231,637.877258300781,638.826416015625,5,3,1,1,1,112964.015157895,114033.092684211,103047.525,62118.0663157891,113128.421052632
"FT0258",130.065240788734,130.065206587672,130.065444582742,623.948120117188,623.250244140625,624.432067871094,5,3,1,1,1,1080155.35968182,1014471.89363636,1068650.30573912,694694.732631581,1202502.63509524
"FT0259",130.050049620099,130.049809697596,130.05017237553,71.531,71.4267807006836,71.9112014770508,5,3,1,1,1,32170.8475,28903.6797058824,29436.1633333333,31981.488,26847.9567058824
"FT0260",130.008019816315,130.00779577135,130.008076952667,1740.296875,1732.174,1748.62512207031,6,3,0,1,1,30067.3660000001,20600.250576923,24012.6568484847,36204.5804164923,19756.5639090909
"FT0261",130.008045682765,130.007901065824,130.008123465416,1713.90155029297,1697.25769042969,1726.556640625,10,3,0,1,1,17314.4982105265,11195.3547692308,16983.9745263159,29140.0239005467,16941.8303999997
"FT0262",130.007852722956,130.007777739419,130.007948766225,16.4533338775635,15.8227081298828,16.4995155334473,4,3,0,1,1,10466.0789444444,11778.564952381,11112.857,7951.28952415784,37141.107525
"FT0263",130.0081043298,130.008026253556,130.008171364929,1657.08581542969,1655.613,1657.78076171875,4,3,0,1,1,109517.677419355,123280.89672,103575.896129032,62113.1853226093,103421.201809524
"FT0264",130.008026749577,130.007957398231,130.008058850489,1771.47496728516,1771.10620117188,1775.34167480469,4,3,0,1,1,7871.07920000004,8375.32695000006,10208.7093333334,6421.07597795748,9494.97755555542
"FT0265",130.008028290668,130.007766210643,130.008191870287,1788.53527832031,1783.986,1798.1044921875,5,3,0,1,1,10527.5655483871,8048.12554545455,6872.62384999997,7683.08524445564,3831.12800000002
"FT0266",130.008078925564,130.00800068712,130.008130395614,1755.44104003906,1754.69714355469,1760.49890136719,3,2,0,1,1,21831.3236129031,14692.6541666669,17921.5001989294,14574.1245291574,10606.0014705883
"FT0267",130.007925185324,130.00789355522,130.007956815428,692.314788818359,687.646362304688,696.983215332031,2,0,1,0,1,23020.9704589844,22466.4399789663,22213.188678448,14008.9766666666,20686.3882986215
"FT0268",130.007939040764,130.007939040764,130.007939040764,665.473205566406,665.473205566406,665.473205566406,1,0,1,0,1,25954.4792423692,26637.8254336403,25190.0335835302,34954.8207727273,21181.9554792132
"FT0269",130.159190103554,130.159173228217,130.159206978892,1641.07511376953,1641.05822753906,1641.092,2,1,0,1,1,8345.2728086852,7754.75896546215,8160.34106249993,8043.80160532504,9301.46241176468
"FT0270",130.159080923627,130.159080923627,130.159080923627,1616.3662109375,1616.3662109375,1616.3662109375,1,0,0,1,1,2391.2625,5056.08333333333,5626.77631578947,3756.55263157895,8256.04879999995
"FT0271",130.15904691,130.15904691,130.15904691,1602.322265625,1602.322265625,1602.322265625,1,0,0,1,1,1442.932734375,6275.35766601562,4718.57299804688,7310.5505859375,10606.8515384616
"FT0272",130.219434698512,130.219434698512,130.219434698512,623.948120117188,623.948120117188,623.948120117188,1,0,0,1,1,1308.70221819196,591.326131184896,1592.13385881696,240.772286551339,3823.85212499996
"FT0273",131.068643054748,131.068548288075,131.068860842685,623.772,623.250244140625,624.432067871094,5,3,1,1,1,112123.1812,104959.875789474,108354.058,71042.4800000002,121574.3568
"FT0274",131.11785169974,131.117844754153,131.117899291657,10.4233407974243,10.418,10.4373121261597,3,3,0,0,1,82647.8750833333,84574.7688918919,54572.7937142857,2460.87809111237,4332.33803738236
"FT0275",131.068785083705,131.068725093109,131.068845074302,638.043060302734,637.877258300781,638.208862304688,2,2,0,0,1,10796.446375,11587.0080526316,9934.29858398438,4594.26965332031,7504.92424460018
"FT0276",131.974174251916,131.92979030175,132.003789476008,1651.66369628906,1647.58264160156,1659.404,9,3,0,1,1,13982.3913488372,10793.2933333333,10465.0503703703,108907.345525251,24637.4314468084
"FT0277",132.00341411136,131.929726079959,132.003505235944,16.4995155334473,15.944,19.5885734558105,5,3,0,1,1,4594.2095,5653.92189473684,4293.09183333333,3560.44565039063,17405.6471891892
"FT0278",131.96181749761,131.961672511975,131.962167632776,1636.51373291016,1634.774,1636.65686035156,4,3,0,1,1,122846.145827586,90247.4622439021,121979.897,122123.523644518,91802.8222250005
"FT0279",132.003760762093,132.00358871027,132.003809337612,1708.52282714844,1699.22717285156,1727.15234375,5,3,0,0,1,5089.70973333329,6909.58694736844,14636.7620000001,14426.1753525845,15457.3976085574
"FT0280",131.961732926714,131.961645118863,131.961790798434,1568.521484375,1561.64318847656,1573.53845214844,3,0,1,1,1,25241.6596272786,88541.7293701172,86273.6681930954,12564.5999999996,145006.589433962
"FT0281",131.961688720325,131.961666518579,131.961710922071,1435.02557373047,1432.84216308594,1437.208984375,2,0,1,1,1,49488.8216665167,83500.6785841722,81865.0724628155,58955.3973749996,110327.236666667
"FT0282",131.961682193712,131.961635366724,131.961729020699,1456.50543212891,1453.70092773438,1459.30993652344,2,0,1,1,1,26826.5628505609,86157.4867788462,84797.7553315034,83674.2768000004,91392.6175555557
"FT0283",131.961723571727,131.961700022025,131.96174712143,1527.78271484375,1523.18884277344,1532.37658691406,2,0,0,1,1,55267.5733795166,58990.133303435,56090.5244313116,45615.9428020975,41551.812176471
"FT0284",131.961676418472,131.961676418472,131.961676418472,1613.15771484375,1613.15771484375,1613.15771484375,1,0,0,1,1,32750.2302621695,101790.407541911,105764.907451429,88614.6725977848,117057.937153845
"FT0285",131.961712446944,131.961712446944,131.961712446944,1602.4765625,1602.4765625,1602.4765625,1,0,1,0,1,96252.7500791807,99206.1803229837,98149.9421081543,103832.009837838,108677.36601766
"FT0286",131.961752960403,131.961752960403,131.961752960403,1544.05212402344,1544.05212402344,1544.05212402344,1,0,0,1,1,6402.93831693209,60306.0165380859,61139.5840125451,63184.2412015475,69890.5333333337
"FT0287",132.10218214106,132.101883263663,132.102216478929,124.802,124.125350952148,125.424812316895,5,3,1,1,1,84952.3273103449,86599.7425714286,86142.173962963,78563.650137931,90958.5394
"FT0288",132.071977952748,132.07187794143,132.072187901096,623.800384521484,623.250244140625,624.409,4,3,0,1,1,4883.79076923073,5002.68653846152,4712.31658333335,1149.03702026368,5515.10607692309
"FT0289",133.031741163231,133.031714558035,133.03177313654,86.0728454589844,85.254264831543,86.08,3,1,1,1,1,889.289182088216,1667.16380954361,3375.94799999999,2963.04071428571,2954.93666666667
"FT0290",133.959962406113,133.959841699993,133.960456874622,1635.92694091797,1634.774,1636.56457519531,4,3,0,1,1,63172.289516129,45328.5478571429,48531.2010204081,51829.3066159577,50342.5649999997
"FT0291",133.959837279904,133.959781634644,133.959892925163,1452.13665771484,1449.27197265625,1455.00134277344,2,0,1,1,1,6291.71398925781,28665.1935424805,22603.7410498047,27536.9189600001,23130.9864210525
"FT0292",133.959889648348,133.959885307054,133.959893989642,1432.7734375,1428.2744140625,1437.2724609375,2,0,1,1,1,25871.5161470686,29934.1368408203,28477.5530341012,22576.11525,36743.4498750001
"FT0293",133.959822357786,133.959747642187,133.959897073385,1471.09204101562,1466.24914550781,1475.93493652344,2,0,1,1,1,33421.2571949206,42240.1828959697,39595.4546467549,34519.1096969694,30246.3540000001
"FT0294",134.027159058248,134.026988915586,134.027220674058,76.59,76.4501800537109,78.0357818603516,5,3,1,1,1,7227.2142,7008.393,7431.287,8541.63266666667,4493.73714285715
"FT0295",134.036467478498,134.036209766563,134.036556778676,516.592507568359,516.272094726562,516.925109863281,4,3,0,1,1,8493.12893333328,9479.61960000004,8835.74999999994,4442.8872660319,9326.71874999997
"FT0296",135.044850921368,135.024667657515,135.111454430155,507.561983642578,506.763549804688,508.255828857422,12,3,1,1,1,22271.5449999999,2583820.06368,19778.9516363637,2020430.0955,2564943.67872
"FT0297",135.044259245611,135.044078133186,135.044389121741,85.4459995727539,72.802,96.6337280273438,8,3,1,1,1,150077.009172414,61933.3844210526,68562.1973,23223.2590909091,55201.7494
"FT0298",135.0442802443,135.044035911246,135.044362192875,1671.48901367188,1648.21228027344,1672.69055175781,7,3,0,1,1,19858.8288000003,28632.4524999999,134088.162,14782.7606205144,25473.8192000001
"FT0299",135.044266829941,135.044084142251,135.04430634493,1734.098,1726.408203125,1735.48791503906,5,3,0,1,1,24118.9199999998,62550.5774999998,68562.5432608702,11458.7188087746,56573.8877307697
"FT0300",134.986820631504,134.986775406138,135.044074052469,13.2004456520081,12.933,15.8227081298828,4,3,0,1,1,8237.54523529412,8506.05456521739,7341.25261111111,1470.3065766559,221800.968042553
"FT0301",135.044189950667,135.044097644372,135.044253456298,1793.40057373047,1785.79,1794.58996582031,4,3,0,1,1,53454.2440909095,49124.7240000001,46938.911444444,9864.98430175777,34856.3922352937
"FT0302",135.044234820033,135.044108071184,135.044296091947,1705.93212890625,1695.11889648438,1715.248,6,3,0,1,1,68445.8279999996,23676.1980000006,75879.6513333334,20159.0389324841,40663.4658947366
"FT0303",135.044280630514,135.044046282698,135.044302053397,546.040771484375,545.238159179688,549.062,3,2,0,1,1,118742.991150707,119121.011666667,122880.683421053,34807.6664804687,56374.5659999999
"FT0304",135.044245432636,135.044213614736,135.044270114074,1772.50555419922,1768.421,1778.42395019531,4,3,0,0,1,43430.5687777775,38341.1199999998,100717.469777778,13157.5391636029,47626.8917762275
"FT0305",135.044253220816,135.044029820142,135.044255857621,1753.09423828125,1751.75329589844,1757.38598632812,3,2,0,1,1,74906.5101923077,73810.3170714285,83028.1323445638,15769.0454807281,74393.1145945945
"FT0306",135.044174610046,135.044098277208,135.044250942883,1685.16589355469,1683.28271484375,1687.04907226562,2,1,0,1,1,85586.4085757573,87732.6673380534,84851.597495079,18704.6637773514,43875.9255
"FT0307",135.04424676403,135.04418636745,135.04430716061,612.968336425781,612.914672851562,613.022,2,2,0,0,1,94583.3746559921,97581.119842105,91022.9161999998,23129.0608784315,69868.3959344516
"FT0308",135.044266822044,135.044249595963,135.044284048125,572.381285400391,571.697570800781,573.065,2,2,0,0,1,135348.417777866,104928.153909091,158791.675,22918.9740955478,50120.3837085613
"FT0309",135.259409215332,135.157612081919,135.332544435834,507.403869628906,507.043090820312,507.681671142578,20,3,1,1,1,15458.8603076922,15129.4779999999,14177.5105,18841.8815999999,16798.1649999999
"FT0310",135.454259403314,135.453740850407,135.589808063027,507.403869628906,507.043090820312,507.628967285156,9,3,1,1,1,5883.630625,6452.98187499996,5770.18399999997,2398.08800000001,6118.01999999995
"FT0311",136.061881735371,136.047680164282,136.062073151835,86.0728454589844,85.254264831543,86.0800018310547,7,3,1,1,1,4476.866625,12200.667826087,13109.486,14673.9440454545,4580.02876190476
"FT0312",136.075932034262,136.075669950628,136.076021798957,126.052127838135,117.269500732422,126.057,8,3,1,1,1,40531.9783636364,44030.0101818182,41712.5497894737,39162.6354166666,44602.2389230769
"FT0313",136.112187061899,136.112019404586,136.112523132788,1640.47204589844,1640.42895507812,1641.092,5,3,1,1,1,12017.5134545454,15460.2836956523,12521.6842105263,12985.388,13826.3621818181
"FT0314",136.047826434202,136.047451908017,136.04802763839,507.403869628906,507.043090820312,507.628967285156,5,3,1,1,1,416593.119913044,412223.398826086,409799.571375,235308.013714286,416781.439695653
"FT0315",136.047318951774,136.047308923434,136.047328980114,15.4698352813721,15.449990272522,15.4896802902222,2,2,0,0,1,11026.4948181818,12960.246173913,11808.7945013046,75.5701781272888,11475.2170483589
"FT0316",136.111955022261,136.111955022261,136.111955022261,1605.53063964844,1605.53063964844,1605.53063964844,1,0,0,1,1,814.343505859375,7243.44508056641,6405.09916759673,8221.66017368862,12366.0329545454
"FT0317",136.11207732122,136.11207732122,136.11207732122,1589.73767089844,1589.73767089844,1589.73767089844,1,0,0,1,1,4449.42626953125,4237.548828125,4974.27300347222,3885.11216905382,5106.94350000007
"FT0318",137.001817270737,137.001732228007,137.001913386039,86.705,85.8856201171875,87.3609848022461,5,3,1,1,1,20227.6981176471,17100.2696470588,19722.0633333333,7586.62125,18005.3511111111
"FT0319",137.045889804075,137.045743829595,137.046000545434,111.637847900391,111.476,112.545372009277,5,3,1,1,1,11581.1757826087,15206.6325294118,15202.0017586207,8300.38266666666,13640.83825
"FT0320",137.04971970876,137.049405237949,137.049951848362,507.495,507.043090820312,507.681671142578,5,3,1,1,1,32149.3681764707,31879.2168947367,31269.4223684211,18535.1328,32442.1986
"FT0321",137.046077963866,137.045957173777,137.046125567101,88.2824071350098,86.504280090332,88.6097412109375,4,2,1,1,1,8556.40222222222,9191.53432533604,9108.76263157895,10267.9247647059,9725.38559999999
"FT0322",139.031884036879,139.013078578573,139.050581677009,86.0800009155273,85.254264831543,86.7453002929688,8,3,1,1,1,3970.31666666667,4328.09854545454,3667.39219999999,3551.80875,3791.895
"FT0323",139.963149949173,139.963045177947,139.963440307192,17.0055732727051,16.952,19.5203704833984,5,3,1,1,1,5522.2059375,5209.67533333333,5509.413,5492.4116,10250.2265
"FT0324",139.963262216119,139.963230750107,139.963293682132,1644.91851806641,1644.82104492188,1645.01599121094,2,1,0,1,1,7781.16998291016,9307.18636363624,8570.67789132254,11232.4550628662,11378.370111111
"FT0325",140.951397885085,140.951175757408,140.951725137288,1647.69270410156,1646.69506835938,1648.21228027344,4,3,0,1,1,24903.4404827585,31778.3591463414,28558.2402571428,29782.2701638,36566.6039117646
"FT0326",140.951199325622,140.951109714222,140.951357687597,17.2307866363525,16.9630680084229,18.5271072387695,4,3,0,1,1,2413.813,3890.64,3555.069,1766.67370377023,4818.99630769231
"FT0327",141.069954112462,141.069707853717,141.070283450739,750.955,750.811218261719,750.9580078125,5,3,1,1,1,6120.39253333337,6414.72188235292,5798.33442857142,3603.15540000006,8024.02214285709
"FT0328",141.070139287084,141.069806525961,141.070390216594,680.149,680.145446777344,680.867370605469,5,3,1,1,1,6918.03000000003,7076.43569230763,7396.05558823528,3838.357,8828.04444444446
"FT0329",141.958491115766,141.958376888909,141.958765869579,16.4790916442871,3.79140424728394,19.0585021972656,6,3,1,1,1,101338.025111111,106081.565185185,95588.7758518519,147981.44,192702.911266667
"FT0330",141.958652947506,141.958517965545,141.95874073821,1783.19553710937,1772.90344238281,1795.216,8,3,0,1,1,36246.0280357143,25681.0482500004,23063.6798888888,48812.9003941715,37631.2222500002
"FT0331",141.958696288619,141.958554301796,141.95907795605,1644.85661425781,1644.82104492188,1645.01599121094,4,3,0,1,1,129013.505565217,120311.584761905,119527.853818183,157816.306461182,199818.336
"FT0332",141.958754174965,141.95860113099,141.958855179405,1657.51135253906,1656.875,1659.49255371094,4,3,0,1,1,114430.001684211,137523.308333334,123355.123142856,102015.279335276,167431.098749998
"FT0333",141.958699836906,141.958494747723,141.958735060719,1737.297,1732.37585449219,1743.62976074219,5,3,0,1,1,49032.1759615386,24766.8150000002,42734.7339166667,50434.5062415081,36498.1041176466
"FT0334",141.958715291688,141.95856805758,141.958796416248,58.0417423248291,57.3730583190918,59.2499160766602,4,2,1,1,1,43111.78,78234.1229090909,56425.3590038006,61074.2290645161,63234.0962424242
"FT0335",141.958703632624,141.958664496096,141.958765014652,1688.97900390625,1686.517,1692.11779785156,3,3,0,0,1,86692.6014814812,89868.5960000002,65192.6647272728,65941.8377416148,77675.2585240433
"FT0336",141.958710561535,141.958584390926,141.958742964004,1719.36071777344,1716.63989257812,1722.821,3,2,0,1,1,48474.4709863286,40603.6884000007,49411.39896,53958.3141661664,54273.1729166672
"FT0337",141.958706770002,141.95855270982,141.958771863801,1759.26171875,1753.67553710938,1760.826,3,2,0,1,1,47523.7509992187,46800.39225,10081.1306666667,48895.9729742187,48248.142857143
"FT0338",141.958738931267,141.958734586959,141.958743275574,1671.532984375,1671.398,1671.66796875,2,2,0,0,1,92448.4373333342,80920.374399621,78076.0377894725,64432.6627522456,88141.5465756219
"FT0339",141.958705910833,141.958698599618,141.958713222048,1704.40632617187,1703.61865234375,1705.194,2,2,0,0,1,58123.4872173914,62545.8322131347,72403.713870968,52004.8773792376,67557.2854730435
"FT0340",142.077476550648,142.077286438992,142.077592010242,750.955,750.811218261719,750.9580078125,3,2,0,1,1,4023.99200000005,4356.53525722653,3942.56442857142,1955.76703675129,5244.46917647058
"FT0341",142.948162056793,142.947731333904,142.948370844117,68.9530410766602,68.5699005126953,69.4868927001953,5,3,1,1,1,6749.59736363635,6238.97961538462,6558.13636363636,6400.30772727272,7092.99714285714
"FT0342",142.960991796113,142.960609434947,142.961401917549,17.5076942443848,16.952,19.0585021972656,5,3,1,1,1,4418.3934375,3802.73771428571,4568.49043478261,5876.71,7560.99511764706
"FT0343",143.959155508979,143.958942583765,143.959555359235,1642.92956542969,1642.80541992188,1643.0869140625,5,3,1,1,1,13725.9312000001,15187.6281599999,13813.5416666666,18955.783,20907.9035714287
"FT0344",143.959016126992,143.958888452883,143.95909724245,17.4685173034668,17.0055732727051,19.5885734558105,5,3,1,1,1,8049.05415789474,8453.52666666667,7029.29541176471,8465.3452,13526.24
"FT0345",143.958949642042,143.958877229837,143.959022054248,58.854341506958,58.4587669372559,59.2499160766602,2,0,1,1,1,4307.2585272789,4065.73736419678,4172.2059768041,6516.94,5251.06694444444
"FT0346",144.988077639029,144.987792712514,144.988260281508,86.705,85.8856201171875,87.3609848022461,5,3,1,1,1,23407.934,20072.4995625,22968.0169411765,9454.91625,21468.3016470588
"FT0347",144.982194031715,144.982047217812,144.982634261836,1563.31076708984,1556.3212890625,1572.30163574219,6,3,1,1,1,104162.74752,96260.2517500008,105212.713846154,195281.618292682,49070.2848
"FT0348",144.982261614892,144.982126385438,144.982721159049,1635.9299453125,1634.59167480469,1636.65686035156,4,3,0,1,1,150108.986999999,174143.752313726,154385.331,173147.362016602,186092.772574468
"FT0349",144.98208798555,144.982077963301,144.982666937072,1602.4765625,1599.61437988281,1602.96984863281,3,1,1,1,1,93107.9475000011,143312.994483209,143391.040580503,176477.506578947,122066.90916
"FT0350",144.982183218955,144.982023810353,144.982651024967,1586.32629394531,1579.74206542969,1586.48608398438,3,2,0,1,1,93569.9217142849,103847.814708334,119611.437888817,119003.998101128,99487.7615454544
"FT0351",144.982234960928,144.981922322305,144.982643119287,1418.75354003906,1412.97790527344,1419.658203125,3,1,1,1,1,64258.6474444442,115962.430057526,116314.656938553,151125.613578948,87724.5628095242
"FT0352",144.982152994454,144.982057926399,144.982256583549,1447.747,1444.23547363281,1452.408203125,3,1,1,1,1,80256.5051818361,130753.390763379,86251.1235000008,128875.567000001,142464.332705881
"FT0353",144.982443876884,144.982189945746,144.982697808022,1434.36798095703,1434.08068847656,1434.6552734375,2,1,1,0,1,102411.266666666,91719.18162028,97304.8008219401,90390.9254285712,70171.4939100477
"FT0354",144.982312367234,144.981992050449,144.982632684018,1461.72204589844,1460.35290527344,1463.09118652344,2,1,0,1,1,105112.406896553,115609.53308007,115810.017984009,123220.760228311,111501.624814815
"FT0355",144.982455047816,144.982267297117,144.982642798515,1477.80584179688,1476.32568359375,1479.286,2,2,0,0,1,103855.737357143,43562.2118459476,72545.6513684201,52530.4684461918,16997.8717526954
"FT0356",144.982233619991,144.982155508626,144.982311731356,1523.55794628906,1522.101,1525.01489257812,2,1,0,1,1,90598.2046806842,99834.7445405908,99930.1723076925,72870.2268805947,82800.2633333332
"FT0357",144.982409628383,144.982131085802,144.982688170964,1495.59680175781,1493.95007324219,1497.24353027344,2,2,0,0,1,105721.97,76505.8395789481,92070.6384814453,42114.409921875,77454.6525319417
"FT0358",144.982479846395,144.982281779158,144.982677913632,1374.33276367188,1370.517578125,1378.14794921875,2,1,1,0,1,98111.7505945947,133409.736245292,138021.641915458,158197.827833333,141169.95048305
"FT0359",145.028722324055,145.028493443999,145.02878194962,516.896126953125,516.278015136719,516.925109863281,4,3,0,1,1,38305.3965263158,41257.1788333333,39745.4593499999,16100.9369042455,38849.6552222223
"FT0360",145.104568494243,145.104238608858,145.104591660772,675.060363769531,674.442810058594,675.711,3,2,0,1,1,15492.7181333333,16373.2547215053,12313.888,20800.1323798685,22098.3163214286
"FT0361",145.941886386148,145.929516989727,145.954561772206,17.7398481369019,16.4995155334473,20.0472393035889,8,3,1,1,1,2549.61,2000.32,6371.26363636363,3736.76469230769,18334.74
"FT0362",146.007049048299,145.98685651533,146.00725818845,86.7163162231445,85.8856201171875,87.3609848022461,7,3,1,1,1,3975.688,13998.9067692308,15200.9096153846,5945.8425,14815.9504
"FT0363",145.954341394484,145.929709998915,145.954743537487,1643.01,1642.30859375,1653.51550292969,7,3,1,1,1,10056.3078,5296.79199999999,4738.89252631576,5836.3578,5700.06316666661
"FT0364",146.060690681731,146.038878059692,146.130073573128,537.173706054688,537.013549804688,538.386169433594,13,3,1,1,1,27122.7703636367,9713.32923076919,27167.6145000001,9480.69040000013,25873.6864166667
"FT0365",146.031980782046,146.03194595886,146.032015605231,516.275047363281,516.272094726562,516.278,2,1,0,1,1,3191.6672940341,3471.05986892362,3651.68581818182,1367.16007265626,3763.41845454544
"FT0366",146.060018897876,146.060018897876,146.060018897876,613.118347167969,613.118347167969,613.118347167969,1,0,0,1,1,27507.0266055153,29306.3718901135,28726.4943905785,5972.60555013021,20853.8200952382
"FT0367",146.060181580811,146.060181580811,146.060181580811,602.576477050781,602.576477050781,602.576477050781,1,0,0,1,1,33967.9229736328,35458.6700439453,36260.7284545898,7264.40250172335,20659.5503684211
"FT0368",146.060118595599,146.060118595599,146.060118595599,651.081237792969,651.081237792969,651.081237792969,1,0,0,1,1,88990.9751432049,95649.9237402714,92804.2524423172,21420.893157959,52162.9625
"FT0369",146.059990105876,146.059990105876,146.059990105876,583.402709960938,583.402709960938,583.402709960938,1,0,0,1,1,16705.8688883464,21296.8103675842,25770.3793792725,8305.43486404419,23089.9380000001
"FT0370",146.059970238714,146.059907999347,146.080934829616,15.944,15.449990272522,16.3684520721436,5,3,0,1,1,48888.2333333333,7244.95885714286,59387.8353939394,2760.47844009399,36502.8251470588
"FT0371",146.359757315208,146.343711199308,146.486784992974,537.173706054688,537.013549804688,537.754333496094,15,3,1,1,1,10330.0094444445,10506.849375,10248.2099999999,3738.41224999996,11692.3625000001
"FT0372",146.62710552858,146.625961259075,146.627451424106,537.15869140625,537.013549804688,537.754333496094,5,3,1,1,1,5458.91914285706,5608.55014285715,5998.22999999996,2109.34533333331,8230.76755555571
"FT0373",146.762195972486,146.762195972486,146.762195972486,537.173706054688,537.173706054688,537.173706054688,1,0,0,1,1,NA,328.635754394531,940.191528320312,319.147583007812,2915.77985714286
"FT0374",146.937289583751,146.937120684937,146.937644954619,17.5076942443848,17.456,19.5203704833984,5,3,1,1,1,3057.222,3299.94238461538,2478.31854545454,4810.51516666667,7831.876
"FT0375",146.980386973554,146.980328783352,146.980978923438,1636.02709960938,1633.27575683594,1637.9833984375,5,3,1,1,1,67966.0915111108,89405.1120545457,111000.025046154,40937.6737000002,79971.6194999999
"FT0376",146.980297132392,146.980256964868,146.980328273152,1434.11401367188,1426.33703613281,1437.208984375,3,0,1,1,1,12028.8809361612,49298.8638443485,46867.1530590057,18956.5999999997,68147.6355555555
"FT0377",146.980303027408,146.980201432803,146.980404622012,1573.45538330078,1572.75732421875,1574.15344238281,2,1,0,1,1,NA,43565.6168095239,68339.0666254783,88325.2115652902,124834.144216667
"FT0378",146.98031124841,146.980235423763,146.980434084802,1457.13580322266,1447.133,1466.24914550781,4,1,1,1,1,3894.65300765994,50616.350095261,36542.3467500005,32676.2100000001,17841.0799999999
"FT0379",146.98023482162,146.98023482162,146.98023482162,1539.72875976562,1539.72875976562,1539.72875976562,1,0,0,1,1,NA,35283.1554045501,32893.4148515974,50400.1024736677,55187.4967241381
"FT0380",146.98038828308,146.98038828308,146.98038828308,1523.18884277344,1523.18884277344,1523.18884277344,1,0,0,1,1,35461.6649105674,36808.5710834704,37179.7443033854,32776.2184416118,37633.0951499999
"FT0381",147.044279660173,147.043843975545,147.044559524363,125.422767211914,116.775367736816,126.703826904297,6,3,1,1,1,6202.13517647059,10962.0490909091,11417.1615517241,7012.60854545455,7497.12915000001
"FT0382",147.0636619543,147.063182185858,147.063942790269,537.173706054688,537.013549804688,537.754333496094,5,3,1,1,1,579673.422666668,570742.5045,560258.009045451,323203.999999998,523393.630000001
"FT0383",147.044223653234,147.044067021719,147.044318168367,491.129,490.265258789062,491.849822998047,5,3,1,1,1,640722.232,632636.641727273,631576.411499999,353762.513999999,500701.648809525
"FT0384",148.060669877337,148.060613122164,148.060810002334,72.049201965332,71.5139312744141,72.5416793823242,5,3,1,1,1,101542.695,91447.7294736842,94334.9709473685,100674.893684211,53577.4774736842
"FT0385",148.04760757919,148.047455714213,148.047750896529,491.129,490.265258789062,491.449157714844,5,3,1,1,1,62889.7489999999,63976.0028571428,62721.1301999999,35882.8622631578,49162.9068
"FT0386",148.066325218809,148.065781648162,148.066594058139,537.173706054688,537.013549804688,537.754333496094,5,3,1,1,1,33108.8434444444,34582.3792000001,33505.3067999998,20103.0440999999,32352.1223684213
"FT0387",148.061896763912,148.061764533213,148.061995099518,420.192993164062,420.192993164062,420.193,4,3,0,1,1,5914.66953846153,6559.75950000001,6088.49099999999,2339.58221868023,6825.20533333332
"FT0388",149.06385552699,149.063606495316,149.064006701669,71.531,71.4267807006836,72.5416793823242,5,3,1,1,1,5428.84285714286,5083.421,5194.96638461538,6515.85970588236,4702.77163636363
"FT0389",149.059979074557,149.059652599478,149.060144485567,559.755004882812,559.130004882812,559.873474121094,5,3,1,1,1,37598.1975,36491.6762,37855.1887999998,20641.8972631578,37423.4852380952
"FT0390",149.059916046495,149.059815547426,149.060111273346,516.907,516.278015136719,518.064270019531,5,3,1,1,1,44721.4542500003,48745.1415000002,47176.5734999999,14361.7690434783,50827.6339000002
"FT0391",149.023544949615,149.023357053365,149.023725012611,993.011,990.985778808594,994.108154296875,5,3,1,1,1,9003.82371428571,8915.52000000003,8859.70921428573,8967.27800000002,8731.33532142859
"FT0392",149.049944588083,149.049645020867,149.05004862974,491.070969726563,490.265258789062,491.215270996094,4,3,0,1,1,4424.02290909093,5335.96071428569,4201.5909090909,2315.6781171163,4009.90350000002
"FT0393",150.032802337765,149.952816234387,150.112899267884,67.148871307373,62.6166763305664,70.8762664794922,8,3,1,1,1,4051.65327272727,3564.25490909091,3989.58333333333,3635.93325,3477.74666666666
"FT0394",150.058455518882,150.058433833549,150.058652378252,86.08,85.254264831543,86.7453002929688,5,3,1,1,1,12336.3113125,9740.36957142857,10508.1153333333,11549.6314,10912.5471428571
"FT0395",150.063331690757,150.063052584661,150.063478876799,516.592507568359,516.272094726562,516.925109863281,4,3,0,1,1,4224.78969230766,4719.08584615387,4273.28999999997,2270.78192529297,4471.47954545452
"FT0396",150.127969494505,150.12773898868,150.128303617478,1641.04062890625,1640.44580078125,1641.12316894531,4,3,0,1,1,30489.2801739127,28445.4388181818,29828.6320000001,32331.7240576172,39390.7921333333
"FT0397",150.127711822018,150.127653586031,150.12779624433,1549.77185058594,1544.05212402344,1554.47961425781,3,0,1,1,1,24670.0030059814,26555.7457580566,26367.475145128,24854.7885714287,17202.4020666667
"FT0398",150.127688665799,150.127602799727,150.127777743068,1604.89331054688,1604.43347167969,1615.07629394531,3,0,1,1,1,31096.3611152845,44784.6435546875,45015.7174843236,49649.6865609757,27280.073809524
"FT0399",150.127761110091,150.127740322159,150.127781898024,1523.88616943359,1523.79614257812,1523.97619628906,2,0,1,1,1,24920.1519118089,26196.3895037616,24496.8883373119,28311.9020689656,23174.7035833333
"FT0400",150.127750510359,150.127650707171,150.127850313548,1572.60638427734,1571.67431640625,1573.53845214844,2,0,1,1,1,24774.1731363932,48192.7619657295,44406.9026333121,56292.5046808512,37060.9973437498
"FT0401",150.127775328132,150.127749946808,150.127800709455,1444.54364013672,1442.34606933594,1446.7412109375,2,0,0,1,1,18142.505890877,22704.1372814178,20242.8063850403,23998.1386394501,28439.112025641
"FT0402",150.127704294115,150.127704294115,150.127704294115,1510.31945800781,1510.31945800781,1510.31945800781,1,0,0,1,1,906.732477823893,18972.8615315755,15237.8954101563,10942.6577606201,23923.6599999999
"FT0403",150.127671547083,150.127671547083,150.127671547083,1590.365234375,1590.365234375,1590.365234375,1,0,0,1,1,16449.3797392004,19963.448638916,19901.1590957642,21314.6335736443,20843.9219999999
"FT0404",150.127822787449,150.127822787449,150.127822787449,1496.83142089844,1496.83142089844,1496.83142089844,1,0,0,1,1,5683.37050083705,13101.5101143973,9628.14650065104,8669.75328776042,12557.8070000001
"FT0405",150.127594391502,150.127594391502,150.127594391502,1463.74047851562,1463.74047851562,1463.74047851562,1,0,0,1,1,8066.32426757813,19605.6492614746,15879.1261523438,18853.4402929687,21153.5611538462
"FT0406",151.039525878337,151.038812827212,151.096983776174,559.755004882812,559.13,564.834,7,3,0,1,1,4701.50999999997,4838.22935294116,4350.47700000002,6085.38881411901,5660.90240000001
"FT0407",151.03540705545,151.035261849519,151.035418947563,62.6398381652832,62.3455276489258,62.7350311279297,4,3,1,0,1,3593.55111111111,3022.096,3179.75077777778,3579.264,3126.81208819241
"FT0408",151.075595884182,151.07540579735,151.075785971013,380.350432861328,380.276,380.424865722656,2,2,0,0,1,4995.85299999998,4599.32487452699,4085.63769230769,1282.43033325196,3905.1933726619
"FT0409",152.070704681533,152.056550159975,152.070982258066,86.0800018310547,85.254264831543,97.601692199707,11,3,1,1,1,36562.8597333333,30900.6377857143,34447.16,4062.52785714286,6076.6081875
"FT0410",152.062286586455,152.062014267652,152.062314579471,750.949210205078,750.811218261719,750.9580078125,4,3,0,1,1,4882.38450000006,5503.09400000001,4727.34230769233,1807.25790405273,5959.96499999996
"FT0411",153.040952507037,153.040624410888,153.041014082201,125.428047180176,124.125350952148,125.429252624512,5,3,1,1,1,13448.996,13420.7822608696,13617.2011818182,17016.5764375,13482.2904
"FT0412",153.069894826865,153.069481517927,153.070033427534,750.955,750.811218261719,750.9580078125,5,3,1,1,1,9798.50543750006,10316.2167692307,9418.02721052627,5879.49600000001,10829.3778571428
"FT0413",153.055046747587,153.054598687531,153.055266535459,507.403869628906,507.043090820312,507.628967285156,5,3,1,1,1,1548824.74956522,1525309.24056521,1519570.5175,772255.236347827,1439909.14486957
"FT0414",153.0102192019,153.009994079488,153.010299921107,86.705,85.8856201171875,87.3609848022461,5,3,1,1,1,12465.1458333333,10319.6026470588,12084.4035789474,5584.31873333333,12123.1863529412
"FT0415",153.127802183532,153.127554494424,153.127861818978,1009.23999023438,1009.1611328125,1009.96087646484,4,2,1,1,1,4275.2150769231,4542.4115,3745.62657282903,4155.65400000003,4552.12000000004
"FT0416",153.040787962578,153.040703419151,153.040890726609,112.363506317139,108.35026550293,113.367,4,3,0,1,1,9493.438,9749.26326315788,10567.7552105263,6423.32958932356,11521.9334
"FT0417",153.054719600897,153.054620416312,153.054818785483,545.639465332031,545.238159179688,546.040771484375,2,1,0,1,1,27992.3272160711,27853.7947105264,27749.8636699253,8068.74317932129,22272.5374444445
"FT0418",153.054640508321,153.054640508321,153.054640508321,16.3684520721436,16.3684520721436,16.3684520721436,1,0,0,1,1,31899.9087710258,32671.1544731336,33143.6098822569,4643.96030013626,40897.7118108108
"FT0419",153.054637261931,153.054637261931,153.054637261931,574.187561035156,574.187561035156,574.187561035156,1,0,0,1,1,29861.8656961192,31767.3500711192,35619.3252821181,6989.73224526263,26108.7503333333
"FT0420",153.353598817287,153.345264317952,153.361303453877,507.269045410156,506.763549804688,507.628967285156,8,3,0,1,1,5197.91644444442,4936.33028571424,4481.27099999996,1367.30411105686,4543.39166666665
"FT0421",154.058449560409,154.05803638261,154.058702261149,507.403869628906,507.043090820312,507.628967285156,5,3,1,1,1,142287.6637,143473.898608695,140289.326857143,71994.9176842106,133693.7112
"FT0422",154.077432928681,154.076793643785,154.077763339249,750.955,750.322631835938,750.9580078125,5,3,1,1,1,6901.01471428576,6232.98938461537,7060.13178571428,3617.2703636364,8259.75426666664
"FT0423",154.966912507756,154.966701350315,155.002648527336,17.4622586517334,13.4701309204102,20.0472393035889,8,3,1,1,1,2600.64,3824.394,2856.36657142857,2690.52977777778,5216.58333333333
"FT0424",155.060089804012,155.059683661762,155.060421449772,507.403869628906,507.043090820312,507.628967285156,5,3,1,1,1,14146.3156875,14208.780235294,13234.3500000001,7375.98766666667,13478.9386875
"FT0425",155.08592968069,155.085544603829,155.086027702889,680.149,680.145446777344,681.471008300781,5,3,1,1,1,26711.2364210527,28309.3066666666,28001.6761500001,15834.896,31974.4936000003
"FT0426",155.085127710327,155.084842920663,155.085376618594,750.955,750.322631835938,750.9580078125,3,2,0,1,1,4764.01032594517,4258.35672727275,4440.325,2588.78734151786,4591.87924999999
"FT0427",155.060234935713,155.060234935713,155.060234935713,635.918273925781,635.918273925781,635.918273925781,1,0,0,1,1,1000.30521065848,1300.55798339844,355.467041015625,386.499877929688,3477.09711111106
"FT0428",155.541414476659,155.541095402804,155.541587649883,751.576232910156,750.955,751.594299316406,5,3,1,1,1,11483.5824782609,11117.5123846153,10968.93,8215.92719999998,9918.67337500003
"FT0429",156.0683187572,156.068077919266,156.068532918015,636.297180175781,635.345947265625,636.369,5,3,1,1,1,7918.93306666673,7610.66478571435,7560.48333333338,5706.73586666667,8243.49933333327
"FT0430",157.07623847188,157.075998063289,157.076389471537,635.918273925781,635.345947265625,636.369,5,3,1,1,1,44141.9632499999,44413.2422999998,39107.6644736842,18472.6532307694,40858.9877
"FT0431",157.047090244041,157.047034974319,157.047292394749,624.5849609375,623.250244140625,625.0615234375,5,3,1,1,1,14849.5469999999,13495.7833500001,14941.8072916667,12052.5563636364,13441.1095833332
"FT0432",157.035411628418,157.03525653957,157.035514807014,86.705,85.8856201171875,87.3609848022461,5,3,1,1,1,40931.9550588236,35768.5708235294,38200.5148235294,19734.6442941177,39955.1077777778
"FT0433",157.122455616647,157.122434040521,157.122843851786,902.315246582031,902.134216308594,902.681,3,3,0,0,1,6497.57280000005,6577.32862499998,6459.55200000001,946.332737402341,1277.64839179687
"FT0434",157.122638664292,157.122620190928,157.122710136168,847.532043457031,847.201721191406,847.559,3,3,0,0,1,8815.35399999999,8397.03515384619,9460.04062500002,2665.41038818358,3200.305670166
"FT0435",158.003069038135,158.002801331444,158.003144000275,1731.88464355469,1716.502,1739.09460449219,7,3,0,1,1,98383.8834761901,90236.6784000001,33914.9236153843,100283.664879761,56242.8457142859
"FT0436",158.003061121658,158.002904050063,158.003175883141,1659.56967578125,1657.78076171875,1660.13940429688,4,3,0,1,1,94055.1725901643,109908.744705882,107379.059217391,89814.675147125,135447.325588236
"FT0437",158.003020156976,158.00282077928,158.003154077188,1750.7958984375,1744.24328613281,1757.38598632812,5,3,0,1,1,64057.5522692308,59344.1801999996,36420.5892500003,55747.7138040477,37296.8095999997
"FT0438",158.002981509378,158.002767105622,158.003054124462,1787.684,1777.58557128906,1790.55407714844,5,3,0,1,1,28050.176,24325.0503157894,48131.2560000002,33699.4509887695,30910.4982857143
"FT0439",158.002824197916,158.002739331412,158.002856308071,15.8227081298828,15.7647972106934,16.4995155334473,3,1,1,1,1,50270.128988119,41098.6424545455,48834.6085211635,120879.842177778,128626.341179487
"FT0440",158.003010206936,158.002953569069,158.003066844804,1769.52481884766,1768.72863769531,1770.321,2,2,0,0,1,46644.4938399997,37791.8533261721,25328.6639999999,26795.241142889,41787.3341130152
"FT0441",158.002989483199,158.002989402365,158.003055755625,1703.297,1694.51843261719,1708.70361328125,3,3,0,0,1,62577.7350000002,27974.8480666665,49192.9840769229,71356.7752263697,66145.2503785978
"FT0442",158.072879794464,158.072425265091,158.072931966568,750.955,750.811218261719,751.594299316406,5,3,1,1,1,17433.7666666668,17925.0566666666,17591.3187619047,11691.4821428571,19509.6339047618
"FT0443",158.060330643084,158.060082846352,158.060523638532,623.712324462891,623.250244140625,623.948120117188,4,3,0,1,1,5848.18116666667,6262.16414285716,6251.77428571431,3896.13117327009,7504.6195
"FT0444",158.079567453251,158.079209976202,158.079691347631,635.787628173828,635.345947265625,636.369,4,3,0,1,1,4155.19772727274,4424.4913846154,4381.12578571427,1628.16708503068,4653.06071428568
"FT0445",158.154060308577,158.153882696732,158.154237920422,743.625267578125,743.24853515625,744.002,2,2,0,0,1,3985.9125454545,3672.6426697266,4315.47105882356,2846.97908639965,3212.9093056641
"FT0446",158.961380318303,158.961098593002,158.962157347209,17.4881057739258,7.30919551849365,18.9936618804932,6,3,1,1,1,9107.18411111111,10706.4609473684,7956.024375,16705.5908571429,26588.0522727273
"FT0447",158.964113789301,158.96404353419,158.964447170665,65.82,65.8088073730469,66.4627227783203,5,3,1,1,1,10895.5755,10347.2914285714,10151.92125,11361.65625,11325.87225
"FT0448",158.964190337143,158.961632144477,158.964693921421,1639.06225585938,1638.55737304688,1650.43054199219,5,3,0,1,1,69055.7356666665,66244.8481363642,98744.9760000002,53981.0756432815,66924.585105263
"FT0449",158.964103905868,158.96398813121,158.964115111037,1434.74536132812,1425.70080566406,1436.58764648438,3,0,1,1,1,84115.5815993089,180920.76234436,180842.794698079,68368.1585882352,210568.143306123
"FT0450",158.963997218988,158.963985624416,158.964146782381,1591.74890136719,1590.97778320312,1603.61352539062,3,0,1,1,1,40544.1498455179,95528.031543873,93673.2265581403,47194.3575000003,50256.2719999997
"FT0451",158.964100956547,158.964066558611,158.964135354483,1380.82043457031,1379.1474609375,1382.49340820312,2,1,0,1,1,60913.2118711118,108590.713739132,134515.952537254,107571.078170211,133257.831620689
"FT0452",158.964057388386,158.964055429943,158.964059346828,1458.41387939453,1455.00134277344,1461.82641601562,2,0,1,1,1,4689.22946166992,162177.835876465,158633.673309326,121291.7615,101869.271
"FT0453",158.963927808636,158.963927808636,158.963927808636,1314.880859375,1314.880859375,1314.880859375,1,0,0,1,1,34199.4741821289,86317.6140340169,77513.0727132162,81115.3156534831,88850.2398399995
"FT0454",158.964028493169,158.964028493169,158.964028493169,1303.66284179688,1303.66284179688,1303.66284179688,1,0,0,1,1,45132.7657389323,49443.8739908854,47724.4799153646,50474.9789388021,46272.7719375001
"FT0455",158.964008604659,158.964008604659,158.964008604659,1615.72485351562,1615.72485351562,1615.72485351562,1,0,0,1,1,NA,57614.2232881434,56902.6742393092,45057.2045384457,60950.9062499998
"FT0456",158.963980671315,158.963980671315,158.963980671315,1329.77368164062,1329.77368164062,1329.77368164062,1,0,0,1,1,NA,42184.0795084635,NA,37260.9040527344,73941.5379473675
"FT0457",158.964071220976,158.964071220976,158.964071220976,1342.07653808594,1342.07653808594,1342.07653808594,1,0,0,1,1,13069.3415421196,93928.0943975034,77929.9778787364,83053.1335338246,101163.363
"FT0458",158.964123660429,158.964123660429,158.964123660429,1365.46020507812,1365.46020507812,1365.46020507812,1,0,0,1,1,98750.1256286621,99413.5116141183,105111.12655785,86293.4980352493,104392.369181818
"FT0459",158.964183053561,158.964183053561,158.964183053561,1569.79260253906,1569.79260253906,1569.79260253906,1,0,1,0,1,124527.064237373,145755.121140914,141028.290849165,112881.437386363,92497.8270097212
"FT0460",158.963904784749,158.963904784749,158.963904784749,1403.9169921875,1403.9169921875,1403.9169921875,1,0,0,1,1,NA,116405.40258071,33963.9919289982,116028.027008929,164085.484500001
"FT0461",159.068216525399,159.068046195059,159.068376616707,900.81,900.254760742188,901.03955078125,5,3,1,1,1,20288.5430000001,19486.984,19521.7027368421,31390.4198571429,31972.3431818183
"FT0462",159.068185187764,159.067782181975,159.068616275562,793.901,793.893920898438,793.914001464844,5,3,1,1,1,14863.6576153847,14441.84,13951.5835909091,19225.1664,13599.1483478262
"FT0463",159.068098761215,159.067916713367,159.068506266686,939.792729003906,939.251831054688,939.900451660156,4,3,1,0,1,5969.71047619051,5712.08066666669,5596.97249999995,8907.73810000004,5974.87891133626
"FT0464",159.067772265066,159.067671760384,159.067872769748,870.387359619141,870.359069824219,870.415649414062,2,0,1,1,1,3760.57032993862,4111.09441342561,4374.19429234096,5937.59999999999,7069.4859130435
"FT0465",159.07652291964,159.031151568875,159.076804034508,72.6886825561523,72.1455307006836,86.0800018310547,7,3,1,1,1,3647.71575000001,3659.05522222223,3457.34018181818,4181.86399999999,3036.21954545455
"FT0466",159.138177267014,159.137778733985,159.138303257886,833.968,833.81005859375,834.302612304688,5,3,1,1,1,5969.9153846154,5656.04975,5852.45769230764,5223.28791666662,5704.05333333335
"FT0467",159.968873973324,159.968779651224,159.968951434742,17.4685173034668,16.952,20.0472393035889,5,3,1,1,1,5436.22088888889,4464.304,4098.0535,6872.5248,9384.595
"FT0468",159.969215799784,159.968893463003,159.969514394823,1644.82104492188,1644.18798828125,1658.771,5,3,0,1,1,10745.6298,11442.2974444446,12289.7465454546,18268.4901861573,22848.8527142855
"FT0469",159.969017489721,159.968930682422,159.969104297019,59.1567993164062,59.0636825561523,59.2499160766602,2,0,1,1,1,4205.907696951,3716.73726896806,3816.00833011809,6752.88522727273,5722.91959090909
"FT0470",160.075896431299,160.075779704593,160.076152614144,612.376373291016,611.809326171875,613.022,4,3,0,1,1,7468.84941176468,6699.65185714291,7078.89173333336,1687.5055141449,7375.3779375
"FT0471",161.096281460565,161.09609121225,161.096552762283,786.981891845703,786.95166015625,787.048889160156,4,2,1,1,1,3982.85250000002,3623.64393452592,3509.83854545453,3771.05454545456,3079.86818181816
"FT0472",161.092319335661,161.092256796831,161.092486511237,74.6787339782715,74.5784530639648,74.890869140625,4,3,1,0,1,4947.47225,4781.912,4959.27553846154,6277.72866666666,1428.86969749323
"FT0473",162.076276967184,162.07615655269,162.076453915536,84.1982879638672,84.0180816650391,84.227668762207,5,3,1,1,1,17296.6737272727,18760.0966428572,18057.1005714286,18559.6457142857,18287.59275
"FT0474",162.055033837237,162.054822933125,162.055244741349,900.752990722656,900.659301757812,900.8466796875,2,0,1,1,1,2777.19351577759,3163.98550287883,2819.42588944869,4689.71276923075,4767.53125000003
"FT0475",163.133043861164,163.132819380702,163.133273304251,533.308288574219,532.647,533.482482910156,5,3,1,1,1,15394.9817142856,15710.1955000001,14425.2909999999,11915.8202,11491.7012692308
"FT0476",164.091948785089,164.091816114144,164.092081456035,72.5755758056641,72.3491516113281,72.802,2,2,0,0,1,2849.72295377023,2733.38571428571,3602.40299999999,1300.92859495326,629.472707267761
"FT0477",164.143627468756,164.143305696303,164.143905841752,1641.12316894531,1641.02124023438,1641.729,5,3,1,1,1,14888.125909091,14087.461263158,15886.6870000001,16017.3982608696,18424.2714285716
"FT0478",164.14322832503,164.143212697822,164.143243952238,1575.09777832031,1570.45349121094,1579.74206542969,2,0,0,1,1,2921.66563760081,17088.8783392137,13118.1145019531,16356.9271484375,16769.3774444443
"FT0479",164.143156678777,164.143156678777,164.143156678777,1590.365234375,1590.365234375,1590.365234375,1,0,0,1,1,9950.06861979167,10137.8514055525,9622.02978515625,10941.4896321615,9940.25981250005
"FT0480",164.143261662672,164.143261662672,164.143261662672,1603.61352539062,1603.61352539062,1603.61352539062,1,0,0,1,1,610.55508858817,5612.96868896484,5190.08124651228,4619.45544433594,6169.58999999996
"FT0481",164.143345182055,164.143345182055,164.143345182055,1617.65856933594,1617.65856933594,1617.65856933594,1,0,0,1,1,1041.20380229335,10322.0700596401,9698.3027750651,10062.1943929036,22161.6612258063
"FT0482",164.143407824907,164.143407824907,164.143407824907,1521.96606445312,1521.96606445312,1521.96606445312,1,0,0,1,1,11262.6732855903,17671.3588902065,15321.8444993761,15720.395046658,18903.428972973
"FT0483",164.143194824322,164.143194824322,164.143194824322,1498.06286621094,1498.06286621094,1498.06286621094,1,0,0,1,1,6839.78850333921,14120.9544372559,10864.6246337891,12704.9096107483,15285.7604375
"FT0484",164.143261455286,164.143261455286,164.143261455286,1552.63098144531,1552.63098144531,1552.63098144531,1,0,0,1,1,4288.64416503906,14739.5872521034,13078.6451697716,16004.3997427133,15801.4198518519
"FT0485",164.546678878701,164.546314109246,164.546806918478,752.098510742188,750.9580078125,752.212,5,3,1,1,1,10723.0673333333,10413.277,9472.20555555554,8279.80714285713,10116.5365384616
"FT0486",164.930043892624,164.929774996261,164.930359930849,67.9421844482422,67.6823120117188,68.8848876953125,5,3,1,1,1,12975.8999230769,11620.9431818182,12560.9391666667,12682.1501818182,12723.5330909091
"FT0487",165.054907464464,165.054612303082,165.055001734917,126.05627822876,117.995941162109,126.667640686035,6,3,1,1,1,41323.2966,51219.4646666667,55062.0256521739,45655.3229166666,53962.086875
"FT0488",165.033764395969,165.033273197896,165.03404119112,537.173706054688,537.013549804688,537.754333496094,5,3,1,1,1,9517.64999999998,9106.58823529405,8708.16425000005,5214.15830769233,8409.20386666663
"FT0489",165.054829918395,165.054661514607,165.054903984182,491.129,490.891479492188,491.849822998047,5,3,1,1,1,507143.994545453,505646.915681818,505507.425571427,267718.9915,405351.7776
"FT0490",165.069989432288,165.069839800497,165.070139064078,680.159606933594,680.145446777344,680.173767089844,2,1,0,1,1,4674.60000000002,4801.71382954915,5058.55125325521,2864.1417427063,6208.48114285717
"FT0491",166.058301109554,166.058120214744,166.058406444788,491.129,490.265258789062,491.849822998047,5,3,1,1,1,52575.9399473683,52180.1156842105,54464.7247999999,28102.8663333333,41148.1242631579
"FT0492",166.086511035067,166.086193981073,166.086607218043,221.700012207031,221.680145263672,222.335556030273,5,3,1,1,1,218084.864846154,219543.632,217421.535818182,208766.469851852,218667.618076923
"FT0493",166.052143195988,166.052058246222,166.052327439282,625.218688964844,623.882141113281,625.673,5,3,1,1,1,8924.18576,7848.5947826087,7372.48905263164,8101.99489999998,8933.12099999998
"FT0494",167.089805706664,167.089516881918,167.089925926822,221.700012207031,221.680145263672,222.335556030273,5,3,1,1,1,22348.788,22952.7556666666,21387.0082857143,22388.01392,24244.31016
"FT0495",167.060205648592,167.060009357147,167.060393855476,491.070969726563,490.891479492188,491.215270996094,4,3,0,1,1,5031.89909090911,5356.52678571426,5216.93325000001,2759.65410731389,4236.5685
"FT0496",168.042316490765,168.041847148085,168.042633244656,537.173706054688,537.013549804688,537.754333496094,5,3,1,1,1,199427.731772727,211082.125272727,203720.326190476,118460.09105,189828.620909092
"FT0497",168.080809195544,168.080692067252,168.080968904438,900.734650878906,899.606872558594,901.479797363281,4,2,1,1,1,5017.43834467773,4080.02933333335,4788.54892307689,5103.74053333335,5302.00428571428
"FT0498",169.049825478082,169.049577220553,169.049966871549,559.755,559.130004882812,559.873474121094,5,3,1,1,1,111043.829142856,106362.592363636,110655.729047619,67189.8240000001,114415.468095238
"FT0499",169.045650711534,169.045145640852,169.04599573964,537.173706054688,537.013549804688,537.754333496094,5,3,1,1,1,21439.3439999999,21921.9368,20860.4024999999,12117.4547058823,20564.5240000001
"FT0500",169.06481360126,169.064195507026,169.065008068145,750.955,750.811218261719,750.9580078125,5,3,1,1,1,6864.18923076924,7070.61643749999,6529.28653846157,4061.864,8044.80587499999
"FT0501",170.042519167069,170.042147612148,170.042786466171,70.885,70.8046798706055,71.2966690063477,5,3,1,1,1,11004.7068181818,9891.93115384617,9798.81299999999,9557.74750000001,10341.1605384615
"FT0502",170.053340070088,170.052914502132,170.053403272696,559.755004882812,559.130004882812,559.873474121094,5,3,1,1,1,9831.59431578939,10261.0245263158,9782.95500000004,6260.69900000002,10214.10165
"FT0503",170.07268073662,170.072312538944,170.072831001894,750.955,750.811218261719,750.9580078125,5,3,1,1,1,23441.3313750001,25259.4658333333,24011.9378888889,13989.7263999999,26617.7392222221
"FT0504",171.149410649086,171.149216081886,171.149468687388,588.918,588.480346679688,589.312683105469,5,3,1,1,1,17701.9758461539,18377.6907826086,18366.6069565218,13216.98528,11983.8399130434
"FT0505",171.138270925077,171.137959778079,171.138351462156,1009.23999023438,1009.1611328125,1009.96087646484,5,3,1,1,1,6501.68400000002,7200.91114285718,7195.52250000005,5988.01933333334,7374.38769230768
"FT0506",172.075844327281,172.075686147826,172.075952271838,900.81,900.254760742188,901.479797363281,5,3,1,1,1,18535.8046499999,18505.20375,18299.7359999999,23383.3855500001,24228.6813333333
"FT0507",172.075963305373,172.075616946764,172.076227692324,793.901,793.893920898438,793.914001464844,5,3,1,1,1,6845.31714285714,6389.75368421054,7210.88875000003,10093.1918636364,7507.74000000004
"FT0508",172.028406230459,172.028011706403,172.02866533997,507.495,507.043090820312,508.255828857422,5,3,1,1,1,12859.371625,12425.9921875,12055.3996875001,8160.94738461537,10876.8810666667
"FT0509",172.075810615886,172.075389079231,172.076079648883,939.886413574219,938.482971191406,939.900451660156,5,3,1,1,1,8261.02480000006,9240.15299999999,9534.86799999995,12966.3492352942,4877.33021428566
"FT0510",172.075729515243,172.075517626586,172.075984967721,870.354534912109,869.746887207031,870.415649414062,4,2,1,1,1,3747.87517803955,4702.24747826086,4849.18247368421,6860.16099999996,6312.7548235294
"FT0511",172.169923754303,172.169696530315,172.170072416081,809.707458496094,809.489624023438,809.830200195312,5,3,1,1,1,5950.12628571425,5026.89118181819,5781.40485714285,4013.08422222222,5362.77599999997
"FT0512",173.078573587714,173.078493333385,173.078584287755,182.625564575195,180.408,183.286392211914,4,3,0,1,1,10919.9029333333,11810.4874642857,11394.0983928571,6644.7400964803,10137.8274642857
"FT0513",174.039124684291,174.038815314335,174.039404678634,537.173706054688,537.08,537.754333496094,3,2,0,1,1,5211.99000000002,3474.60489173299,5152.12307692311,3381.34942157448,5853.60571428571
"FT0514",174.938146218619,174.937960857683,174.938517455943,65.82,65.8088073730469,67.0774993896484,5,3,1,1,1,6016.33999999999,5826.78616666666,5908.866,6472.07216666666,6710.29771428572
"FT0515",175.036956415312,175.03655409639,175.037184529097,507.628967285156,507.403869628906,507.681671142578,5,3,1,1,1,1032789.62968,1010239.60266667,1025473.10584,676373.224499999,947391.51328
"FT0516",175.036835635603,175.036404928782,175.036873489686,551.547180175781,548.437,551.815734863281,5,3,1,1,1,24269.5828571429,22486.7988,45002.3166666666,13896.198974359,32909.4862222222
"FT0517",175.036504496726,175.036430593817,175.036608626904,10.1747754898071,8.47108268737793,10.4233407974243,4,3,0,1,1,61189.7293913044,70373.8374193549,69692.7279166667,2385.14345518939,32094.9480434783
"FT0518",175.036890517091,175.036554164132,175.036916144707,631.513610839844,631.348,631.528564453125,3,2,0,1,1,16293.2952380952,17411.2603599147,15731.9335,2318.52858734131,12569.3107272728
"FT0519",175.036804103758,175.036671266346,175.036835494965,613.022,612.443603515625,616.079650878906,3,3,0,0,1,32854.0054857142,27113.1036206898,38933.8837179486,7391.39655856665,23107.7164208985
"FT0520",175.036761174648,175.036737528211,175.036784821086,572.374804199219,572.323608398438,572.426,2,2,0,0,1,43620.4238291016,47282.2057857144,43401.4769189189,10024.1710875215,27714.5505490902
"FT0521",175.036757702063,175.036711018893,175.036804385233,526.990392333984,526.391784667969,527.589,2,2,0,0,1,66309.7943197281,75077.4065294116,74676.7974705883,16832.4557987394,46834.2171270573
"FT0522",175.036635423858,175.036423367146,175.03684748057,670.027075683594,668.774,671.280151367188,2,1,0,1,1,37124.4513081561,39138.4417801067,39747.9088571429,10055.2703372952,25875.4823999999
"FT0523",175.036559769435,175.036559769435,175.036559769435,691.598449707031,691.598449707031,691.598449707031,1,0,0,1,1,22242.3759613037,26675.3532443576,23897.2345852322,4095.59263032058,17026.2949655173
"FT0524",175.036644579739,175.036644579739,175.036644579739,806.557556152344,806.557556152344,806.557556152344,1,0,0,1,1,30442.1047002619,31951.7278727214,32912.2550374349,5323.2161269077,21384.2327111111
"FT0525",175.036444957362,175.036444957362,175.036444957362,832.418151855469,832.418151855469,832.418151855469,1,0,0,1,1,22745.9716014862,24145.9502415513,23046.6830518318,5345.90991210938,15875.8209705882
"FT0526",175.036614232133,175.036590122564,175.036935839092,65.3225894775391,65.1768569946289,65.856819152832,4,3,0,1,1,10213.4530454545,10096.9402727273,11635.326,1316.07128240967,6564.04390909091
"FT0527",175.133302485647,175.133272573874,175.133306121202,847.532043457031,847.201721191406,847.559,3,3,0,0,1,6131.32730769228,6095.29090909099,6238.41428571428,597.425359882061,1433.68999288236
"FT0528",175.133078071221,175.133030248992,175.133207164887,902.315246582031,902.134216308594,902.681,3,3,0,0,1,4093.30821428569,3749.99939999995,4190.05125,912.5477631836,668.848505671579
"FT0529",176.103342196394,176.103099454598,176.103374490226,72.802,72.1455307006836,73.1478500366211,5,3,1,1,1,5568.552,5056.37319999999,5727.8149090909,6965.1945,5569.67492307692
"FT0530",176.040330983234,176.039955521102,176.040559528543,507.495,507.043090820312,507.681671142578,5,3,1,1,1,92639.5492799999,90441.4036363637,92746.9236000002,62684.072181818,84611.2218260869
"FT0531",177.0484554289,177.041658932102,177.054979162509,511.97688293457,506.763549804688,517.460144042969,10,3,1,1,1,9015.07153333334,1646454.85714286,9154.66550000004,5665.84499999997,1563389.01433334
"FT0532",177.033778911697,177.033726516287,177.033831307107,12.434017375946,12.433,12.4350347518921,2,2,0,0,1,6406.48666666667,5266.76647224064,4764.929,NA,NA
"FT0533",177.234449701492,177.234449701492,177.234449701492,516.272094726562,516.272094726562,516.272094726562,1,0,0,1,1,592.842407226562,NA,1678.00177001953,NA,3388.74685714287
"FT0534",177.384007843551,177.384007843551,177.384007843551,516.88525390625,516.88525390625,516.88525390625,1,0,0,1,1,453.939717610677,1077.42663574219,864.347045898438,175.275146484375,2366.10000000001
"FT0535",177.560078142499,177.560013346889,177.560367684284,624.432067871094,623.652648925781,625.042,5,3,1,1,1,11915.0812083333,12104.0993333333,12339.4015217392,10557.3521052632,10937.6783333333
"FT0536",178.058305390105,178.058112927779,178.058396707347,516.907,516.272094726562,518.064270019531,5,3,1,1,1,174197.479238096,183751.382100001,179602.462857143,49343.3254285714,173796.27404762
"FT0537",178.078035149803,178.077646228572,178.078132840762,680.149,680.145446777344,681.471008300781,5,3,1,1,1,42062.1142857141,43496.5890526315,42500.860714286,22967.3291764706,51761.9928000004
"FT0538",178.159191764758,178.158909741353,178.159612178625,1641.68615722656,1641.62463378906,1641.78283691406,5,3,1,1,1,30344.2673333334,27730.457238095,25215.3910000002,31957.5357692309,27804.2733157895
"FT0539",178.15897878791,178.158926062495,178.159010816149,1544.82922363281,1536.81494140625,1551.02331542969,3,0,1,0,1,14526.6951878866,23096.7702865601,22250.6923548381,10490.1929999998,24655.199546814
"FT0540",178.158878915777,178.158878915777,178.158878915777,1524.59924316406,1524.59924316406,1524.59924316406,1,0,1,0,1,17767.4451497396,21282.2855529785,19393.2254943848,21747.1904545452,20596.5374755859
"FT0541",179.058208461241,179.057966794515,179.058356738957,635.918273925781,635.345947265625,636.369,5,3,1,1,1,24319.8076666668,24894.0430526315,21431.7833333335,12010.6403076924,23483.8610526315
"FT0542",179.085488210074,179.085213784867,179.08571280375,680.149,680.145446777344,681.471008300781,5,3,1,1,1,56669.4064999997,56603.0505000001,56389.0392857147,31451.3313684211,64105.9804000005
"FT0543",179.060351720095,179.060176984788,179.060386458389,516.592507568359,516.272094726562,516.925109863281,4,3,0,1,1,18379.2976249999,18838.8474736843,18612.607,6224.3228429599,18698.2773333334
"FT0544",180.089028336153,180.088762980597,180.08921237281,680.173767089844,680.145446777344,680.867370605469,5,3,1,1,1,7401.87000000003,7874.97792857137,7324.26237499998,4071.00346153845,9283.69999999996
"FT0545",180.904074616427,180.903709722101,180.904260701735,68.3076934814453,67.7034683227539,68.8848876953125,5,3,1,1,1,13566.6288,13294.2875,14379.1205454546,13898.2575,14125.8832
"FT0546",181.076159035426,181.075969838096,181.076309598477,713.488830566406,713.207641601562,713.812316894531,5,3,1,1,1,25578.0338333332,26495.9285263158,25947.2731304349,27036.864347826,25734.7095652173
"FT0547",181.03366423827,181.033430937611,181.034036308942,507.495,507.07861328125,507.659881591797,5,3,1,1,1,8150.70000000002,7058.97406249997,7671.12037500004,5789.75057142857,7218.98880000004
"FT0548",182.081487089632,182.080984641687,182.08153189007,125.429,110.623962402344,126.056999206543,7,3,1,1,1,153931.938761905,178349.696,181489.804636364,147578.697916667,176700.653333333
"FT0549",182.079049475855,182.078925209667,182.079173742043,713.413787841797,713.338745117188,713.488830566406,2,0,1,1,1,1907.54043440385,1103.36042924361,1801.0944442749,3647.05546153847,3041.12444444448
"FT0550",182.528705432494,182.52861024332,182.529042579139,794.546203613281,794.52099609375,795.159,3,3,0,0,1,6127.72874999999,6398.08768421056,5988.82266666667,1834.95654296875,2700.41620232077
"FT0551",182.962309865532,182.961813203546,182.985873303496,1644.83422851562,1644.37097167969,1646.09985351562,7,3,0,1,1,11932.3899130433,16795.6424999999,15119.1078,33087.5207885742,18661.3988636366
"FT0552",182.985029925668,182.984846848825,182.985196777467,17.5076942443848,17.456,19.5203704833984,5,3,1,1,1,4186.9734,3966.58861538461,4487.34,6299.71889655173,9750.87275
"FT0553",183.068293618237,183.067626900414,183.068369672783,870.35,869.746887207031,870.415649414062,5,3,1,1,1,7436.04476923083,8060.93249999995,7785.31056249994,11675.9605789473,12079.312
"FT0554",183.084693755038,183.084430078364,183.084849636576,126.048698425293,125.428047180176,126.056999206543,5,3,1,1,1,16551.7333684211,26914.44,18639.7975555556,15400.6393,18928.9674
"FT0555",183.084147697793,183.084147697793,183.084147697793,109.98664855957,109.98664855957,109.98664855957,1,0,1,0,1,4650.96416897244,3117.44696220985,4865.10662284264,9782.45733333333,7241.44476817204
"FT0556",184.075888849859,184.075579515191,184.07593631479,900.427001953125,900.028686523438,900.8466796875,5,3,1,1,1,36465.1075714286,35632.5681818183,35648.5414285714,38891.6545500001,40787.8038095239
"FT0557",184.076051480373,184.075289528725,184.076127767566,870.35,870.349975585938,870.415649414062,5,3,1,1,1,20512.4237777778,21533.1694117646,21028.0842857144,32059.4140499999,32349.4659090909
"FT0558",184.075795054758,184.07553621982,184.076001597956,1008.6142578125,1008.51867675781,1008.61920166016,3,1,1,1,1,3655.75350000003,4239.30226135254,3716.056640625,5438.68517647053,5244.00523529415
"FT0559",184.985675002105,184.985530578402,184.986126976312,1643.01,1642.80541992188,1643.5595703125,5,3,1,1,1,7046.20310526312,7101.60191999995,6206.64157894736,11146.81436,10941.8120000001
"FT0560",184.985519388675,184.985140090593,184.98556478805,17.96,17.5076942443848,19.5885734558105,3,2,0,1,1,2040.83694482422,1810.37733333333,2367.09942857143,1056.94481545868,4552.004
"FT0561",185.083020654339,185.082606467973,185.083120761723,900.81,900.254760742188,901.03955078125,5,3,1,1,1,17757.78,17919.53625,18297.5544285714,17832.9158823529,19184.6696666666
"FT0562",185.096312167254,185.095927864058,185.096478465013,750.955,750.811218261719,750.9580078125,5,3,1,1,1,954397.458181813,973854.647409083,933509.480086956,500080.744,914815.11840909
"FT0563",185.082111939162,185.081706000864,185.083046098621,870.359069824219,870.349975585938,871.588623046875,5,3,1,1,1,3980.44571428567,5515.10325000003,4956.46057142853,8168.80964705883,8026.49299999996
"FT0564",185.11512862123,185.114798550885,185.115294120696,534.098571777344,533.3427734375,534.649169921875,5,3,1,1,1,187943.861111111,194666.725714285,195195.656592593,120733.627962963,126838.448571429
"FT0565",185.984782690819,185.98464097017,185.984838415801,13.9443082809448,13.938,13.9746227264404,3,3,0,0,1,4263.9014,4982.93466666667,4522.96590909091,NA,NA
"FT0566",186.090997145363,186.090855261349,186.09109669075,900.427001953125,900.028686523438,900.8466796875,5,3,1,1,1,11588.8422222222,11025.389117647,10910.2315789474,13919.8311,14623.5929411764
"FT0567",186.118575873476,186.118130460627,186.118698681318,534.037658691406,533.92,534.531066894531,5,3,1,1,1,16988.6654166666,16817.7843749999,17352.8067599999,11271.2979,11211.1676551724
"FT0568",186.099703379617,186.099278042596,186.099894560192,750.955,750.811218261719,750.9580078125,5,3,1,1,1,133653.51585,137307.282857143,133578.213999999,70804.5928999995,128982.422857143
"FT0569",186.091529418164,186.090992233576,186.092139688633,794.521,793.893920898438,795.189880371094,5,3,1,1,1,3853.04723076923,4045.33145454549,4317.38125,6198.31200000002,3419.69100000004
"FT0570",186.016308831366,186.016215540083,186.016660915134,70.2335662841797,70.1887969970703,70.26,3,2,1,0,1,2951.146,2722.16400917816,2907.7244,2986.5575,996.980025478361
"FT0571",186.1312053709,186.131115758724,186.131249160583,675.063171386719,673.808532714844,675.711,3,3,0,0,1,25798.6532926829,28002.1815238095,17437.0274814814,30359.3630145845,24875.5563743591
"FT0572",186.130886387656,186.130886387656,186.130886387656,613.760070800781,613.760070800781,613.760070800781,1,0,0,1,1,10099.0727871982,10131.4540645715,10268.7506806345,13922.006393895,13395.9261818182
"FT0573",186.130923160289,186.130923160289,186.130923160289,632.793151855469,632.793151855469,632.793151855469,1,0,0,1,1,8405.4137360946,7793.15319293478,6426.05635070801,11070.8848800659,12585.0961200001
"FT0574",186.00851521013,186.00851521013,186.00851521013,1633.48376464844,1633.48376464844,1633.48376464844,1,0,0,1,1,6286.38262939453,9972.97778320312,10323.297454834,12199.062286377,12577.45356
"FT0575",186.565437815583,186.565437815583,186.565437815583,625.0615234375,625.0615234375,625.0615234375,1,0,1,0,1,5451.50894968133,5694.72886827257,3994.23904418945,6156.27024999998,5844.36857524671
"FT0576",186.95644990857,186.956134120533,186.956588308371,1730.392,1728.23999023438,1737.29699707031,5,3,0,1,1,12044.7847619049,12256.8901249999,22890.112175,18043.2322998047,15594.9252083334
"FT0577",186.956230443314,186.956000644204,186.95645308803,1780.17919921875,1766.587890625,1799.376,9,3,0,1,1,9994.74348387093,8316.95326086954,6209.17794117645,17143.828125,6541.10986666674
"FT0578",186.956352655168,186.956201473814,186.956436540726,1753.1181640625,1746.73,1758.87451171875,6,3,0,1,1,14296.6610625001,9783.27445833339,8208.11728571436,13114.3921846649,9532.23821052646
"FT0579",186.956222465197,186.956038149669,186.9562296459,16.9630680084229,4.38060760498047,18.5271072387695,5,3,0,1,1,21464.4566190476,23395.4652272727,20669.182,26585.596036044,51740.6450769231
"FT0580",186.95640427602,186.956285566875,186.956558562115,1652.37628173828,1651.211,1652.70056152344,4,3,0,1,1,47837.5354736838,49641.328333333,49278.9569743587,57168.0322457441,108210.487432433
"FT0581",186.956415368123,186.956257278571,186.956443032114,57.3237833557129,56.7545166015625,59.2499160766602,4,3,0,1,1,17535.616,18380.7347272727,15022.3612413793,18297.5443099078,18708.0352258064
"FT0582",186.956459303029,186.956232882961,186.95651209072,1707.43286132812,1706.22143554688,1713.74157714844,3,2,0,1,1,12780.3129411766,23475.284516129,22373.6957673104,21051.9849617251,12923.0242777776
"FT0583",187.036814996471,187.036667430888,187.036877194565,491.129,490.265258789062,491.449157714844,5,3,1,1,1,134684.818823529,129206.925789473,131659.516,61332.642857143,98978.2328888888
"FT0584",187.102663790729,187.102152215318,187.102781287584,750.955,750.811218261719,750.9580078125,5,3,1,1,1,10598.3807058824,10616.942,10258.092375,5781.03416666669,10021.3910588235
"FT0585",188.040097845491,188.039946549094,188.040151680664,491.129,490.891479492188,491.449157714844,5,3,1,1,1,13115.0568333333,13170.2703076923,12439.6515,6242.58472727274,11148.508
"FT0586",188.070709495882,188.070648437283,188.070968397701,365.608337402344,365.108337402344,365.630401611328,5,3,1,1,1,19791.9446666666,20308.9664,19485.84375,19622.7432,18187.923875
"FT0587",189.070047303137,189.069768786891,189.07027096243,680.149,680.145446777344,681.471008300781,5,3,1,1,1,7194.54620000004,7163.69118749996,6426.85750000002,4625.27153846153,9161.47777777779
"FT0588",189.09111707087,189.091064748716,189.091462371163,916.692280029297,916.115539550781,916.978820800781,4,3,0,1,1,5883.96211764706,6385.04694736839,6036.63684210523,285.148124248303,7432.46905263157
"FT0589",189.14878576889,189.148475270234,189.149030022771,1009.23999023438,1009.1611328125,1009.326171875,5,3,1,1,1,8106.16713333333,8172.73413333333,7350.30214285711,6935.15550000001,7333.84123076922
"FT0590",190.076548570659,190.076548570659,190.076548570659,680.173767089844,680.173767089844,680.173767089844,1,0,0,1,1,2375.48015049526,4081.0052724985,4692.60803222656,1787.75067138672,5053.11206666664
"FT0591",190.911848936581,190.911748546016,190.911889870819,66.4472885131836,66.445,67.0774993896484,3,1,1,1,1,2168.94663780213,3550.8731893158,2650.41,3091.839,3208.024
"FT0592",191.048577666172,191.048373102359,191.04869692725,84.1982879638672,84.0180816650391,84.227668762207,5,3,1,1,1,12585.295,12278.27525,11975.118,10992.3986666667,12645.5239166667
"FT0593",191.009855800002,191.009290343211,191.010199403438,507.495,507.043090820312,507.681671142578,5,3,1,1,1,11045.693,11024.6089411764,10696.3973333333,6421.24453846152,10395.7204705883
"FT0594",191.085875479876,191.085546381495,191.085969833986,680.149,680.145446777344,680.867370605469,5,3,1,1,1,141159.607749999,147000.4629,146043.7965,83417.1282105266,166356.223600001
"FT0595",192.024625733072,192.023713006476,192.024682902174,70.26,70.1887969970703,70.6798477172852,5,3,1,1,1,7169.97272727273,5629.83300000001,6851.37339999999,6358.253,6475.5948
"FT0596",192.090943996267,192.090780367257,192.091094243461,680.149,680.145446777344,680.867370605469,5,3,1,1,1,33028.9872499998,35210.86545,34128.1285714288,18903.4565,40653.6116000003
"FT0597",192.979214929422,192.979214929422,192.979214929422,19.5885734558105,19.5885734558105,19.5885734558105,1,0,0,1,1,566.055606954238,1598.44130852643,383.603249157176,1414.18284237385,3144.23082352941
"FT0598",193.101015391552,193.100598692661,193.101147839505,680.149,680.145446777344,680.867370605469,5,3,1,1,1,22324.8637499999,21955.0228421053,21079.4406842105,11943.9236666667,24855.7736000002
"FT0599",194.057418481506,194.057333533625,194.057568627002,517.226371582031,516.88525390625,518.137329101562,4,3,0,1,1,7764.06400000002,7905.68940000001,7747.78433333329,5291.33948048541,7721.37436363632
"FT0600",194.990280440389,194.990106602361,194.990454278418,90.0840738220215,87.759147644043,92.409,2,1,1,0,1,14078.7529099653,15050.4851136582,14739.8881578947,8936.98137931034,13821.4238980967
"FT0601",195.1228054519,195.122664991601,195.123134258845,337.313354492188,337.126403808594,337.677581787109,5,3,1,1,1,6405.69400000003,6959.61917647057,6585.62792307693,10070.9862,6057.95955555555
"FT0602",195.087979061219,195.087798287396,195.088017561301,437.763885498047,437.695983886719,438.205,5,3,1,1,1,135548.304736842,131443.039842105,130203.203684211,102832.518833334,128100.455
"FT0603",195.065474013861,195.065326027222,195.065590397085,516.896126953125,516.278015136719,516.925109863281,4,3,0,1,1,883998.401727274,926214.291666671,892928.594666667,289221.933154755,852460.8212381
"FT0604",196.090935783361,196.090700492577,196.091040931404,437.763885498047,437.695983886719,438.205,5,3,1,1,1,11686.8876666667,12240.4929230769,11454.2128571429,9939.2093846154,12144.42
"FT0605",196.068897415113,196.06867081938,196.068981838981,516.907,516.278015136719,518.064270019531,5,3,1,1,1,99117.8544000002,106776.285,103966.084,22835.8176666666,95827.5779000005
"FT0606",196.095244286396,196.095235471587,196.095253101205,72.7905454406738,72.7790908813477,72.802,2,2,0,0,1,3682.56499999999,3319.72596459128,3402.824,2263.91018422851,2421.25609981051
"FT0607",196.877921150741,196.877743895785,196.878241088587,68.2795028686523,67.7034683227539,68.345,5,3,1,1,1,6217.26409999999,5929.88037499999,6719.72222222223,6515.04600000001,6039.7425
"FT0608",197.044825523941,197.018433277363,197.070902884245,511.656814575195,506.763549804688,516.925109863281,10,3,1,1,1,21288.96,13113.4722352941,21555.7533333334,18669.3462352942,22821.6
"FT0609",197.071123189109,197.071042185224,197.07132015544,662.351928710938,661.778930664062,662.427,5,3,1,1,1,13832.5565,13395.7947083333,14625.1410833333,15018.3583478261,14101.8696666668
"FT0610",198.091815114185,198.091113907134,198.091882264951,870.35,869.746887207031,870.415649414062,5,3,1,1,1,23826.3021000001,23873.6159999999,24037.728,34802.3719499999,33902.8484736844
"FT0611",199.096096486126,199.095556939578,199.09643662425,870.354522705078,870.349975585938,870.415649414062,4,2,1,1,1,4266.87035294117,3860.93750000001,2264.01770455497,6498.39374999997,5850.95230769233
"FT0612",200.201196347838,200.200544981489,200.201324839465,931.062,930.718811035156,932.814453125,5,3,1,1,1,9811.30280000001,9251.41137499999,10383.39324,9120.49530434785,7022.73588461537
"FT0613",201.00816273095,201.008148338926,201.008238313674,13.9443082809448,13.938,13.9746227264404,3,3,0,0,1,11519.8847647059,12232.0684117647,11147.64,NA,NA
"FT0614",202.077917031219,202.077697864749,202.078194447743,680.149,679.508972167969,681.471008300781,5,3,1,1,1,8664.44714285716,8352.71399999997,8815.18758823528,5194.82988235294,11613.5540526316
"FT0615",203.00171847877,203.0016023072,203.001906184631,491.215270996094,490.891479492188,492.067199707031,5,3,1,1,1,9636.04115999998,8078.958,8961.0295185185,6961.91463636363,6723.17931818179
"FT0616",203.085607236245,203.085318823294,203.085737876804,680.149,680.145446777344,681.471008300781,5,3,1,1,1,21147.3378947369,21961.197,21052.49145,12745.04,27118.6093333334
"FT0617",203.200714717485,203.200714717485,203.200714717485,1221.23986816406,1221.23986816406,1221.23986816406,1,0,0,1,1,1299.75663757324,1598.14434814453,1424.02464294434,2074.98669433594,3263.08955555561
"FT0618",204.093264684081,204.092930855425,204.093299540169,680.149,680.145446777344,681.471008300781,5,3,1,1,1,23586.2554736842,24602.4666666666,24008.4248500001,13736.905,30820.4842105264
"FT0619",204.086854193401,204.086766117297,204.086910299294,75.1964797973633,74.662467956543,75.324,3,2,1,0,1,4292.29538461539,3674.56588333321,4721.20764705882,4878.146,2324.03923506613
"FT0620",205.097280059289,205.097197627264,205.097568892839,365.608337402344,365.108337402344,365.630401611328,5,3,1,1,1,10736.1882352941,10252.0375294118,10126.6347857143,9862.37116666666,10265.6022857143
"FT0621",205.101298521132,205.100997342621,205.101437880866,680.149,680.145446777344,680.867370605469,5,3,1,1,1,50586.0617499998,51452.1285,50917.7860500001,28314.8913333333,60312.0840000005
"FT0622",205.086095208423,205.085848399659,205.086342017188,993.951965332031,993.795776367188,994.108154296875,2,1,1,0,1,5194.42510986328,6881.36807407407,5578.40056037903,4126.86499999998,4308.47835731506
"FT0623",206.104702854773,206.104415026894,206.104901748106,680.149,680.145446777344,681.471008300781,5,3,1,1,1,8078.33144444443,9087.11464705878,8230.83911764704,4744.93249999999,10527.03
"FT0624",207.086151789342,207.055100816745,207.117191890541,685.184875488281,680.145446777344,690.322631835938,10,3,1,1,1,6741.0916,18888.1423529412,18640.9691764705,10415.895,7125.25561111109
"FT0625",207.15928118348,207.159108586105,207.159544952723,564.201965332031,564.087890625,564.212890625,5,3,1,1,1,40752.2637500001,38638.3722352941,39418.176,26824.9274285714,28005.0787499998
"FT0626",207.99834202669,207.99834202669,207.99834202669,70.1887969970703,70.1887969970703,70.1887969970703,1,0,1,0,1,2727.75675092425,2749.92782047817,2169.90403311593,2695.155,844.825029373169
"FT0627",208.162598831834,208.162596489698,208.163051763942,564.113647460938,564.087890625,564.203,3,3,0,0,1,4623.1245,4298.646,4637.17266666669,2501.21926100853,2477.27432825818
"FT0628",209.190236925355,209.189970934214,209.190388088233,823.355529785156,823.241333007812,823.459,3,3,0,0,1,7670.44704545453,7559.16900000003,8351.87627272723,3087.36643090821,5669.25821834312
"FT0629",209.946110623568,209.946110623568,209.946110623568,20.1236724853516,20.1236724853516,20.1236724853516,1,0,0,1,1,92.8866322835287,NA,NA,541.027178764343,1495.8658
"FT0630",211.086851194241,211.086182415571,211.086880116495,387.793365478516,387.326934814453,388.51611328125,5,3,1,1,1,58040.0925000001,59373.12645,59101.9336,48753.0367916668,57110.8122
"FT0631",212.107379325112,212.106677819135,212.107481504384,870.35,869.746887207031,870.415649414062,5,3,1,1,1,4152.21630769229,4809.15114285715,4606.98549999996,6618.52938461536,6957.06300000002
"FT0632",212.091087988101,212.090981562303,212.091134516084,387.67707824707,387.326934814453,387.893,4,3,0,1,1,9954.36194999998,10123.5774285714,9255.01736842107,7178.53039269698,9748.00199999999
"FT0633",212.089468576623,212.089379899595,212.089557253651,519.762924316406,519.469848632812,520.056,2,2,0,0,1,2117.47122497555,2914.84687499999,3117.91349999997,726.373040466295,2971.83065910334
"FT0634",213.146259054683,213.146223150493,213.146377563204,666.817016601562,666.189086914062,666.871,5,3,1,1,1,4299.57400000002,5021.85547058821,5249.75733333331,5237.79749999997,5727.63150000002
"FT0635",214.051479325844,214.051340708984,214.05156414026,75.2436637878418,74.695,75.5208435058594,4,3,1,0,1,4666.7943,4456.38021428572,4680.87645454545,4693.82,1139.11326587469
"FT0636",214.253067560938,214.252766841288,214.253153146188,818.52,818.134765625,821.106018066406,5,3,1,1,1,19246.3634999999,17969.38832,18828.2365909091,14910.4018461539,20965.0599545453
"FT0637",214.252936276959,214.252855189493,214.253742010911,1633.493,1632.47839355469,1635.1787109375,5,3,1,1,1,39937.3446315791,54593.8311886793,49440.6743913046,36342.576666667,49980.1688181818
"FT0638",214.252975965563,214.252871002302,214.252977936748,1523.18884277344,1512.16711425781,1523.97619628906,3,0,1,1,1,23277.1343421936,29748.4352653257,28879.8821233934,24138.8604230769,24941.0796923078
"FT0639",214.252983977498,214.252968089073,214.253026677454,1543.42932128906,1537.44372558594,1549.14489746094,3,0,1,1,1,19841.0723470052,27344.7463989258,28356.4706929525,23164.0155000002,19428.0959999999
"FT0640",214.252857674802,214.252854181945,214.252909377065,1568.59643554688,1559.38818359375,1577.87390136719,3,0,0,1,1,11787.4714244496,36626.7438668916,36721.5526788885,40583.8982414477,20613.4627499997
"FT0641",214.252902401546,214.252902401546,214.252902401546,1490.54467773438,1490.54467773438,1490.54467773438,1,0,0,1,1,5895.33061780428,17079.4467387952,15629.3655273438,12951.4066868832,18379.3920000002
"FT0642",214.252931277546,214.252931277546,214.252931277546,1479.43151855469,1479.43151855469,1479.43151855469,1,0,0,1,1,12194.0149943034,14808.5388890317,15660.4127582751,14608.7166234067,16992.5286999999
"FT0643",214.252882243001,214.252882243001,214.252882243001,1446.11279296875,1446.11279296875,1446.11279296875,1,0,0,1,1,30313.333820343,45320.3464851379,45400.2320963542,48114.4141136908,49320.521375
"FT0644",215.125533384119,215.125269762952,215.126216905351,1635.96948632812,1634.12585449219,1636.462890625,4,3,0,1,1,21308.7543846153,35875.4499473686,28931.19575,31829.6678710937,33141.6967941178
"FT0645",215.125772226758,215.125729881827,215.125779901189,439.082336425781,438.826,440.187255859375,3,3,0,0,1,9044.70974999999,10299.4305641026,10620.5816888889,3023.04488132979,7215.78493675566
"FT0646",215.125313442403,215.125268103539,215.125358781268,1484.05914306641,1479.43151855469,1488.68676757812,2,0,0,1,1,4680.09350891113,34556.9415745889,29519.7710886309,31012.8884789251,20532.9685294118
"FT0647",215.125357371115,215.125357371115,215.125357371115,1568.59643554688,1568.59643554688,1568.59643554688,1,0,0,1,1,1251.61612955729,17199.6703948975,15264.8221923828,20871.2233805339,21943.6235294116
"FT0648",215.125394293755,215.125394293755,215.125394293755,1558.15673828125,1558.15673828125,1558.15673828125,1,0,0,1,1,6396.71305338542,21088.7075837788,17419.3891398112,18892.9639282227,23074.1473684212
"FT0649",215.125311554707,215.125311554707,215.125311554707,1579.11987304688,1579.11987304688,1579.11987304688,1,0,0,1,1,1030.61192220052,10552.2950846354,13576.6819915771,13328.7596110026,20030.1590624999
"FT0650",215.125441277951,215.125441277951,215.125441277951,1522.58032226562,1522.58032226562,1522.58032226562,1,0,0,1,1,3942.76708984375,21353.5152099609,23573.1719726563,14898.9562174479,26847.2877272729
"FT0651",215.125347184896,215.125347184896,215.125347184896,1509.70324707031,1509.70324707031,1509.70324707031,1,0,0,1,1,NA,24589.0593414307,20282.7285410563,16530.8918403957,29978.7591999998
"FT0652",215.125342559396,215.125342559396,215.125342559396,1442.97351074219,1442.97351074219,1442.97351074219,1,0,0,1,1,7523.15808105469,19659.7998657227,20392.0708582261,20512.3711208767,22971.0927894737
"FT0653",215.125234399034,215.125234399034,215.125234399034,1429.07299804688,1429.07299804688,1429.07299804688,1,0,0,1,1,4729.44030761719,3635.93353271484,3994.16748046875,4492.49816894531,4729.4399999998
"FT0654",215.125400419328,215.125400419328,215.125400419328,1542.20690917969,1542.20690917969,1542.20690917969,1,0,0,1,1,2203.891456604,30690.7331070438,30982.333946228,25711.2230758667,39584.5305454546
"FT0655",215.125492757389,215.125492757389,215.125492757389,1367.35925292969,1367.35925292969,1367.35925292969,1,0,0,1,1,8748.34373779297,15340.5085449219,17583.9170735677,13517.9923217773,20249.4497142857
"FT0656",215.125455223842,215.125455223842,215.125455223842,1383.75830078125,1383.75830078125,1383.75830078125,1,0,0,1,1,4134.3607494213,23483.7170862269,17565.6507523148,27032.8606047454,28477.1657142858
"FT0657",215.125126376578,215.125126376578,215.125126376578,1407.69226074219,1407.69226074219,1407.69226074219,1,0,0,1,1,NA,18793.3447265625,13580.6696111506,22325.1356090199,23562.4403478264
"FT0658",215.125469530924,215.125469530924,215.125469530924,1461.82641601562,1461.82641601562,1461.82641601562,1,0,0,1,1,5062.07248263889,10827.8286675347,9984.38170030382,9682.60430230035,12719.4443999998
"FT0659",216.063331106006,216.062995430738,216.063516290203,70.885,70.8046798706055,71.2966690063477,5,3,1,1,1,5736.16875,6243.86976923078,5826.87854545454,5596.18585714286,5761.2289090909
"FT0660",216.088227337651,216.08806122355,216.088286390651,420.192993164062,420.179748535156,420.193,5,3,1,1,1,304733.118095239,298071.186,289804.312200001,125806.661368421,293479.290666667
"FT0661",216.101669596283,216.101666781164,216.102192827414,939.886413574219,939.694458007812,940.529,3,2,1,0,1,2142.43298349608,4105.36100000002,4333.62400000001,5945.65200000005,3144.23048706053
"FT0662",216.138408183103,216.138177241219,216.138567093775,665.547424316406,664.909912109375,665.6,5,3,1,1,1,9115.69071428578,8870.98576923077,8830.56599999999,10165.917,9245.07000000006
"FT0663",216.922730480887,216.922598292258,216.923149325365,67.0611953735352,66.4397201538086,67.6849899291992,5,3,1,1,1,6116.66183333333,5722.9575,7101.784,6596.33033333332,7213.95000000001
"FT0664",216.922599469761,216.922436674805,216.922762264717,1270.92803955078,1269.95239257812,1271.90368652344,2,0,1,1,1,11707.4382113753,12858.6313280378,11983.8079707705,8636.05095652174,12902.5381999999
"FT0665",216.922470270062,216.922470270062,216.922470270062,1257.34606933594,1257.34606933594,1257.34606933594,1,0,0,1,1,3467.22965698242,6699.15697631836,6408.84028930664,8014.86159667969,9269.35428571438
"FT0666",216.92254852586,216.92254852586,216.92254852586,1243.4501953125,1243.4501953125,1243.4501953125,1,0,0,1,1,6107.58350670856,10064.7965618631,9061.9057450728,9556.63645796342,10223.64
"FT0667",216.922690144578,216.922690144578,216.922690144578,1304.56689453125,1304.56689453125,1304.56689453125,1,0,1,0,1,17885.0396873345,23168.8056557865,22532.2227472855,27430.1074666666,25804.6168150821
"FT0668",217.091132727618,217.090831628918,217.091216085185,420.192993164062,420.179748535156,420.193,5,3,1,1,1,37494.9731052632,37289.2755789475,36757.585263158,15333.1713749999,35434.0186111111
"FT0669",217.104938723657,217.104604706829,217.104952577729,337.571350097656,337.126403808594,337.926208496094,5,3,1,1,1,19877.4270666667,20502.7578947369,20323.75125,30652.7760000001,19894.671
"FT0670",217.047420521415,217.047248217036,217.047509161772,516.907,516.272094726562,517.460144042969,5,3,1,1,1,379822.887529412,413406.519684212,398911.89,94132.4992666665,374553.723764704
"FT0671",217.101385023972,217.10108277368,217.101460718636,680.149,680.145446777344,680.867370605469,5,3,1,1,1,10779.1729999999,10385.1985294117,11363.0947777777,6047.834,13691.4596000001
"FT0672",217.069562240033,217.069118335159,217.070074121793,437.644563598633,437.246276855469,437.763885498047,4,2,1,1,1,3029.25880092774,3484.02599999998,2901.94000000001,2747.08379999998,2958.41224999998
"FT0673",217.104994163563,217.104511058477,217.105403573915,1640.46552294922,1640.44580078125,1640.9892578125,4,3,0,1,1,17990.5073600001,16598.3733043478,20327.8738387096,15853.5008820892,19640.09375
"FT0674",217.1046491848,217.104620959482,217.104761328249,1541.58520507812,1536.81494140625,1549.14489746094,3,0,1,1,1,22030.9636160714,24260.9537686435,24190.8197488224,17857.5327272728,20060.7388214285
"FT0675",217.104644555155,217.104602992891,217.104713058787,1522.74633789062,1511.5439453125,1526.24230957031,3,0,1,1,1,21294.2674026489,23958.5648193359,23038.7106933594,15237.3757499998,16062.6750000001
"FT0676",217.104772165419,217.10465359493,217.104890735908,1364.51068115234,1360.3994140625,1368.62194824219,2,0,0,1,1,18788.3856887817,17906.9971313477,19515.8085174561,16324.2816314697,14857.2897777777
"FT0677",217.10466074505,217.10466074505,217.10466074505,1462.45483398438,1462.45483398438,1462.45483398438,1,0,0,1,1,12983.2209960938,18390.0377502441,18376.4523046875,18643.0428515625,20353.5994615385
"FT0678",217.104631374083,217.104631374083,217.104631374083,1449.27197265625,1449.27197265625,1449.27197265625,1,0,0,1,1,2911.41287392064,13039.3636024877,12021.7799004449,13886.9509684245,15850.4618999999
"FT0679",217.104683365177,217.104683365177,217.104683365177,1498.06286621094,1498.06286621094,1498.06286621094,1,0,0,1,1,4899.0478922526,13196.0842285156,11147.2970784505,12140.2157796224,16419.7337142856
"FT0680",217.104726615303,217.104726615303,217.104726615303,1478.80029296875,1478.80029296875,1478.80029296875,1,0,0,1,1,9675.05062705592,15674.3968441612,14260.9113769531,11675.5922851562,15988.7622857142
"FT0681",217.104508025465,217.104508025465,217.104508025465,1405.80126953125,1405.80126953125,1405.80126953125,1,0,0,1,1,21724.3145926339,26561.435990767,25055.0554342831,27924.5688763787,27814.8652571429
"FT0682",217.104680632827,217.104680632827,217.104680632827,1427.17944335938,1427.17944335938,1427.17944335938,1,0,0,1,1,10538.5037841797,11268.4617767334,12876.6284179688,14138.3785400391,14336.9100000002
"FT0683",218.10254029127,218.101238102728,218.10267599238,916.598,916.104919433594,916.978820800781,5,3,1,1,1,18441.2448888889,18315.1676874999,18579.9834,5025.21500000006,16937.752
"FT0684",218.109324228647,218.108940504169,218.109406305167,680.149,680.145446777344,680.867370605469,5,3,1,1,1,52051.1407499998,54189.3487500001,52401.6840000002,29898.176,64332.2540000005
"FT0685",218.050862704598,218.050667296105,218.050965508716,516.592507568359,516.272094726562,516.925109863281,4,3,0,1,1,42990.0933333333,47007.202,45002.2889999997,13201.6228866577,42361.8884090911
"FT0686",218.211483750624,218.211235610542,218.211752946709,571.076354980469,570.296508789062,571.138,5,3,1,1,1,6895.42990909089,7208.92083333336,7230.11000000001,5604.52500000003,3949.23490909088
"FT0687",219.112482989374,219.112278283724,219.112855978413,680.149,680.145446777344,680.867370605469,5,3,1,1,1,8890.12846666671,9425.12999999999,8762.06499999998,5080.995,11353.165
"FT0688",219.052654580691,219.052595786427,219.052918424753,516.592507568359,516.272094726562,516.925109863281,4,3,0,1,1,4885.05199999997,5688.37672727273,5040.428,1573.64792920938,5509.34049999998
"FT0689",221.080874733126,221.080663840745,221.081076838385,697.215881347656,696.357116699219,697.309326171875,5,3,1,1,1,11413.8420000001,10813.2415999999,10786.274,3565.43499999997,8702.09600000012
"FT0690",223.064037575453,223.063644609611,223.064196032462,733.25634765625,732.787963867188,733.36,5,3,1,1,1,6449.56044444441,6370.20599999998,6750.43505882352,7148.76131249999,4410.71152941174
"FT0691",223.05359191053,223.053416313765,223.053749353814,384.094268798828,384.048,384.343231201172,5,3,1,1,1,6748.02725,6113.59666666666,6561.91963636362,5415.98672727272,4943.334
"FT0692",223.06335972151,223.06335972151,223.06335972151,880.998779296875,880.998779296875,880.998779296875,1,0,1,0,1,2425.05807834201,3163.09029812283,3157.76635064019,6435.61710526317,2417.07215711806
"FT0693",224.082015536734,224.081918508453,224.082427647822,640.669921875,640.322021484375,640.750915527344,5,3,1,1,1,5889.38000000001,5862.0165714286,5669.21431578945,5885.18400000005,6477.82631578945
"FT0694",225.066104921843,225.065816550174,225.066108215569,689.677917480469,689.502380371094,690.322631835938,5,3,1,1,1,34713.5663636365,37760.5919999998,37093.6622608694,36099.3015217392,35003.8448999998
"FT0695",226.069402587269,226.069022138724,226.069507993575,689.677917480469,689.502380371094,690.322631835938,5,3,1,1,1,4867.26750000002,5346.26682352941,4601.1084,4482.20394117647,4860.13988235294
"FT0696",226.122474152435,226.122349783736,226.122598521134,870.387359619141,870.359069824219,870.415649414062,2,0,1,1,1,2509.62374332973,1751.31522914342,1660.04370662144,5091.36707692306,5179.14000000002
"FT0697",226.180348007609,226.180124697496,226.180609138079,701.038,700.720336914062,701.733276367188,5,3,1,1,1,16229.0829411764,16488.9123333334,15884.1803571429,13447.0089230769,14422.2673333332
"FT0698",226.951796409508,226.951435980751,226.952331808923,1639.195,1639.16711425781,1639.81604003906,5,3,1,1,1,232774.535909093,278360.067266668,279868.047666669,182503.96818182,244980.934433336
"FT0699",226.951641175153,226.951501583554,226.952145883453,65.82,65.8088073730469,66.4627227783203,5,3,1,1,1,34789.01625,32425.869,34434.53475,36559.03125,36020.9475
"FT0700",226.95170508067,226.951571427054,226.952201761204,1345.90246582031,1343.3291015625,1347.028,4,3,0,1,1,443200.191500001,568694.578400005,248134.163400002,414500.810814353,539091.230333332
"FT0701",226.951554726727,226.951464031769,226.951870064677,1253.23458007812,1245.34594726562,1254.98986816406,4,2,1,1,1,64541.8436833755,221035.623142859,252515.450666667,172369.322500001,367783.717111111
"FT0702",226.951589130508,226.951334883488,226.952235426835,1385.99816894531,1378.50793457031,1407.07360839844,6,3,0,1,1,535375.570625001,431159.358720004,566760.886363633,575530.049199643,415756.521142858
"FT0703",226.951567740113,226.951421192609,226.95171563411,1522.74633789062,1522.58032226562,1524.629,3,1,1,1,1,180176.940018904,236441.982489073,176031.028352941,133811.670363636,139082.057333334
"FT0704",226.952041881895,226.951548239897,226.95204234807,1209.666,1208.9013671875,1210.17749023438,3,3,0,0,1,314790.191454544,316119.601872728,248679.718695651,221476.681807919,205558.934878092
"FT0705",226.951896827161,226.951580949167,226.951995189941,1180.493,1176.11889648438,1180.494140625,3,3,0,0,1,243531.803942309,118098.25456,138880.64275862,89156.6245823729,109914.128004638
"FT0706",226.951480905897,226.951424044874,226.951657080528,1543.31881347656,1536.18603515625,1550.39013671875,4,1,1,1,1,42952.4457160458,354333.167088156,342550.687526317,82839.006071428,152306.179260869
"FT0707",226.951508343415,226.951485669207,226.95152748121,1303.66284179688,1303.30224609375,1312.97802734375,3,0,1,1,1,440104.938339233,473890.210317251,456683.092143291,409535.542222222,148064.672
"FT0708",226.951889506203,226.951503338079,226.952275674327,1493.53472900391,1493.44116210938,1493.62829589844,2,1,0,1,1,245526.75,297748.878733317,284677.182861328,163854.864013672,241877.209076921
"FT0709",226.951602370013,226.951503519272,226.951701220755,1479.35875927734,1479.286,1479.43151855469,2,1,0,1,1,NA,252854.756228732,301936.367791668,102110.986061952,230564.089130434
"FT0710",226.951487871279,226.951426856556,226.951548886002,1273.76202392578,1273.1025390625,1274.42150878906,2,0,1,1,1,275437.566711426,285312.213921332,284450.334577156,217971.235862068,257542.431124998
"FT0711",226.951599590729,226.951591535993,226.951607645465,1444.1045859375,1441.076171875,1447.133,2,1,0,1,1,115404.430636127,505925.435345171,330340.684809526,315897.317671875,463412.513026317
"FT0712",226.951619395688,226.95155632942,226.951682461956,1607.19326269531,1603.61352539062,1610.773,2,1,0,1,1,NA,411927.588358634,212614.173666664,182755.243082934,387769.923310345
"FT0713",226.951528588173,226.951528588173,226.951528588173,1462.45483398438,1462.45483398438,1462.45483398438,1,0,0,1,1,112293.426972656,355375.789642334,355789.914316406,209045.539833984,280561.328192308
"FT0714",227.955183238473,227.954817996819,227.955698295753,1639.19274902344,1639.06225585938,1639.81604003906,5,3,1,1,1,9380.43599999999,10222.9208666667,7707.64723809531,5887.24584999997,9401.31646666677
"FT0715",227.954701445294,227.954701445294,227.954701445294,1407.69226074219,1407.69226074219,1407.69226074219,1,0,0,1,1,13250.8057454427,21744.8416389017,20872.7609863281,16253.2315429687,18462.7552777779
"FT0716",227.955019963184,227.955019963184,227.955019963184,1379.36840820312,1379.36840820312,1379.36840820312,1,0,0,1,1,14884.8024902344,19832.1959510216,22724.041391226,15303.2740948017,21805.52685
"FT0717",228.196097343148,228.195797822225,228.196129309243,758.483,758.446166992188,758.605285644531,5,3,1,1,1,35945.2282222223,37483.7280000001,37053.1113333334,30835.482878788,34121.0670769231
"FT0718",229.141244302929,229.141031135937,229.14141021238,564.201965332031,564.087890625,564.212890625,5,3,1,1,1,197281.477523809,194555.0815,195730.166238096,121753.521,134570.550299999
"FT0719",229.133621284964,229.133500291033,229.133920041784,623.948120117188,623.250244140625,624.432067871094,5,3,1,1,1,612461.643363637,568208.605363638,604898.910000001,364815.426249999,608140.229090909
"FT0720",229.140990969934,229.140882732471,229.141730514516,1636.03454980469,1635.89697265625,1636.462890625,4,3,0,1,1,11796.5523809523,14428.7551666667,13742.43,13375.692109375,15293.88396
"FT0721",229.140958719209,229.140899223808,229.14101821461,1519.29321289062,1517.08044433594,1521.50598144531,2,0,1,1,1,25767.3624486679,29623.4533562911,28051.1919007913,14385.5360000001,35298.8731914894
"FT0722",229.140772578853,229.140772578853,229.140772578853,1397.59497070312,1397.59497070312,1397.59497070312,1,0,0,1,1,5427.08418996711,11284.3640779194,11674.8494037829,12722.5413882607,14795.2358999999
"FT0723",229.140649145907,229.140649145907,229.140649145907,1408.94165039062,1408.94165039062,1408.94165039062,1,0,0,1,1,716.741268382353,8076.67057291667,7187.0947265625,11514.7429199219,12072.6740588236
"FT0724",229.140918788971,229.140918788971,229.140918788971,1534.32934570312,1534.32934570312,1534.32934570312,1,0,1,0,1,6292.33144124349,18029.8784179688,15839.801940918,20599.8536799998,17288.0927530924
"FT0725",229.141191800274,229.141191800274,229.141191800274,1384.38916015625,1384.38916015625,1384.38916015625,1,0,0,1,1,14956.8662109375,15956.4913330078,15646.53515625,16230.9111328125,16957.2160416666
"FT0726",229.140985896995,229.140985896995,229.140985896995,1547.90100097656,1547.90100097656,1547.90100097656,1,0,1,0,1,NA,4161.60302734375,3195.45031738281,2955.07400000007,3823.7744140625
"FT0727",229.141031918101,229.141031918101,229.141031918101,1567.25085449219,1567.25085449219,1567.25085449219,1,0,1,0,1,16713.7055993982,27318.6910271896,28272.7327816612,29265.8227894738,27067.9573203639
"FT0728",229.141074685859,229.141074685859,229.141074685859,1366.72534179688,1366.72534179688,1366.72534179688,1,0,0,1,1,19712.1146240234,19851.4367006363,21177.173335906,18274.9203274635,21386.953125
"FT0729",229.14113100534,229.14113100534,229.14113100534,1480.70812988281,1480.70812988281,1480.70812988281,1,0,0,1,1,12864.0626265914,21182.917964055,21501.3045925564,16716.3379720052,23005.1675517242
"FT0730",229.141072823862,229.141072823862,229.141072823862,1589.87805175781,1589.87805175781,1589.87805175781,1,0,1,0,1,8512.88265286959,30759.4341218909,31690.5135904948,38331.9251923077,33200.0162760417
"FT0731",229.571505581992,229.571403229586,229.571873931392,537.166198730469,537.08,537.754333496094,4,3,0,1,1,5287.30208333333,4480.29120000001,5145.74657142857,1082.79245094808,3785.11276923073
"FT0732",230.093992830517,230.093429981638,230.094126050619,750.955017089844,750.811218261719,751.585,5,3,1,1,1,9839.01227272732,9351.76533333332,9960.24256521741,7815.48380952376,10171.485
"FT0733",230.144643371811,230.144322014283,230.144821328105,564.201965332031,564.087890625,564.212890625,5,3,1,1,1,22132.1100000001,23104.2862666667,22542.6556250001,13707.265,15304.3636666666
"FT0734",230.136870668011,230.136740294923,230.137221606638,623.772,623.250244140625,624.432067871094,5,3,1,1,1,97464.8017142853,89581.9059047621,95213.6386666661,58378.7316499998,95772.1144285718
"FT0735",230.89001595634,230.889751761494,230.890717520143,1643.631,1643.40258789062,1644.18798828125,5,3,1,1,1,6392.86923529398,5818.76879999997,6149.11499999991,9752.5,8672.64712499991
"FT0736",231.101819500059,231.10138154014,231.101989301275,750.955,750.811218261719,750.9580078125,5,3,1,1,1,1397916.35927272,1425365.0540909,1374551.05454545,670911.608,1304608.72340909
"FT0737",231.117082625534,231.116709657441,231.117222924996,680.149,679.508972167969,680.867370605469,5,3,1,1,1,6688.0342857143,6821.37226666663,6736.32149999998,3624.01307692307,7481.21952941176
"FT0738",231.139965000771,231.139562844518,231.140194263434,623.948120117188,623.250244140625,624.432067871094,5,3,1,1,1,7459.5565,7336.78480000001,7631.16500000002,4484.98240000001,7079.53615384616
"FT0739",231.613515111058,231.613448730246,231.613713666304,81.6724562683106,81.5018539428711,81.7121887207031,4,3,1,0,1,4465.21075,4628.31942857144,4837.21722222222,4240.340625,3546.24192175293
"FT0740",232.105277281707,232.104801188214,232.105453887897,750.955,750.811218261719,750.9580078125,5,3,1,1,1,217499.662190475,221422.424571428,214619.202999999,103561.341599999,203699.899333334
"FT0741",232.096954459322,232.096616281482,232.097443526785,939.255415527344,939.05810546875,939.259887695312,4,3,1,0,1,5519.80800000004,5267.67230769232,5459.79692307694,6689.15657142863,3895.47375112678
"FT0742",232.133125446863,232.132973319296,232.133403187016,682.046447753906,681.414306640625,682.07080078125,5,3,1,1,1,7482.68950000002,7573.76749999997,7454.79653846146,8716.00423076922,7599.55079999995
"FT0743",232.896635568608,232.896529602073,232.897061627904,67.0611953735352,66.4397201538086,67.6849899291992,5,3,1,1,1,10321.6703333333,10410.6683333333,11287.52,10911.9943333333,10279.032
"FT0744",233.113478308517,233.113085230492,233.113559443125,77.216,77.0730056762695,78.0357818603516,5,3,1,1,1,5787.93666666666,6134.8204,5850.63636363637,7167.288375,5677.9165
"FT0745",233.107852074014,233.107309768436,233.107944403863,750.955,750.811218261719,750.9580078125,5,3,1,1,1,23238.096,24174.723,23066.2758333334,11644.2115999999,22052.484625
"FT0746",233.132840656921,233.132510036116,233.132944847239,680.149,680.145446777344,680.867370605469,5,3,1,1,1,1010092.5765,1044773.16485715,1031072.01113636,533310.7637,1108599.17739131
"FT0747",234.206594789406,234.206362987645,234.206721337286,587.66,587.197814941406,588.01220703125,5,3,1,1,1,30493.6071428573,32136.0834666666,30506.9938666666,37708.3309375004,24033.4592105263
"FT0748",234.136245594719,234.135961270746,234.136388214289,680.149,680.145446777344,680.867370605469,5,3,1,1,1,197890.628571428,205927.901142859,201235.735,105097.4782,221021.001600002
"FT0749",234.893886832656,234.893632690256,234.894364807353,67.077,66.4397201538086,67.6849899291992,5,3,1,1,1,3969.82483333333,3697.7728,4485.304,4104.81949999999,4191.87600000001
"FT0750",235.057867874742,235.057586990236,235.058028109714,516.896126953125,516.278015136719,517.529357910156,4,3,0,1,1,3789.01600000002,4556.89223076927,3820.14311111115,2050.97380482067,4202.34772727271
"FT0751",235.139531296182,235.139245980612,235.139672792142,680.149,680.145446777344,680.867370605469,5,3,1,1,1,16840.538,17820.4707894737,17731.6102105264,9341.83642857142,18998.5116315791
"FT0752",235.209878267883,235.209604928217,235.21001611462,587.609083251953,587.197814941406,588.01220703125,4,3,1,0,1,3993.21989999996,3972.37866666666,4121.32639999995,4494.6027,2173.94604140626
"FT0753",236.907079546898,236.906620383782,236.907611316122,1642.373,1642.21740722656,1642.91687011719,5,3,1,1,1,8482.83826315785,8478.14211111126,9222.2695238096,11410.4859523809,11460.9524705883
"FT0754",236.938404157729,236.938300165259,236.938609696037,16.9630680084229,16.952,17.0055732727051,3,3,0,0,1,4408.28494117647,4575.2120625,4405.80123529412,4425.28521205724,8887.07004938354
"FT0755",237.221210250604,237.220747301343,237.221673199864,1117.68292236328,1117.57934570312,1117.78649902344,2,0,1,1,1,3130.53527832031,3204.20318603516,3282.08068847656,3287.72179999997,3149.49470000004
"FT0756",237.560208140571,237.559814688962,237.560558856618,537.173706054688,537.013549804688,537.754333496094,5,3,1,1,1,35165.4544000001,33905.5865333334,33027.3826666668,15215.7780000001,28744.2192666669
"FT0757",238.061722644109,238.061250694579,238.062152598045,537.173706054688,537.013549804688,537.754333496094,5,3,1,1,1,10690.6495384615,10907.6645714286,9936.50769230775,4567.52981818185,8316.51630769222
"FT0758",238.049587616203,238.049204060769,238.049621345519,561.037963867188,558.505,562.238525390625,5,3,1,1,1,42247.1223076922,39598.1246511628,35193.3636129032,27878.872,34289.1655833333
"FT0759",238.045320113567,238.045047484319,238.045518373743,69.5888061523438,69.5732269287109,69.617,3,2,1,0,1,4362.86549999999,4460.63034924594,4216.625,4620.1673,3276.83880647023
"FT0760",238.576566890957,238.576158692231,238.576886910723,537.166198730469,537.08,537.754333496094,4,3,0,1,1,4993.87569230767,4881.51992307695,4430.53442857143,1952.98174145509,4592.15169230774
"FT0761",238.862610928023,238.862335631471,238.862650298673,68.3321221923828,68.3076934814453,68.8848876953125,4,2,1,1,1,3020.32914285714,1782.8892228063,2776.68416666668,3150.87,3102.88300000001
"FT0762",239.149085060178,239.148674454696,239.149376542715,380.893,380.340545654297,381.022033691406,5,3,1,1,1,4931.73661538461,4377.3116,4337.3537777778,9600.42000000001,5622.13381818182
"FT0763",239.236711334459,239.236288822461,239.237133846458,1187.19866943359,1186.93334960938,1187.46398925781,2,0,1,1,1,2527.32983398438,3148.52307128906,2943.97546386719,3723.24083333325,3693.28791666665
"FT0764",239.571123631387,239.570486286373,239.571505285776,537.15869140625,537.013549804688,537.754333496094,5,3,1,1,1,26584.6135714285,25878.3593333335,25323.4923076924,11068.1232000001,22828.4795384613
"FT0765",240.063436547599,240.063100504664,240.063569062777,507.07861328125,506.763549804688,507.628967285156,5,3,1,1,1,26406.2817333334,27079.8165333333,25340.6653333334,11212.4415,22295.2292307691
"FT0766",240.072890403002,240.072598606293,240.073221688196,537.166198730469,537.08,537.754333496094,4,3,0,1,1,8030.6748461538,7682.91692307689,7652.50933333343,988.078987152098,6763.73927272734
"FT0767",240.138699092309,240.138019572837,240.138894771428,870.35,869.746887207031,870.415649414062,5,3,1,1,1,4448.96923076927,4170.36284615385,4562.73692307688,5979.28072727272,6881.92200000002
"FT0768",240.569419609062,240.568673665762,240.569707268045,537.173706054688,537.013549804688,537.754333496094,5,3,1,1,1,9407.53309090921,9555.68416666673,8521.83800000004,4969.46240000007,9027.9768181819
"FT0769",240.564612283747,240.564339632612,240.56510527025,507.07861328125,506.763549804688,507.628967285156,5,3,1,1,1,10619.6571333333,9967.27599999997,10305.0093846154,4613.95999999998,8561.29407692304
"FT0770",241.062520314207,241.028848716544,241.062921332482,507.644424438477,506.763549804688,508.255828857422,6,3,1,1,1,5842.06099999997,5745.88599999998,6126.71515384615,5792.09294117647,4903.43509090906
"FT0771",241.082056435861,241.081742350668,241.082177984604,78.0068664550781,77.852,78.3194961547852,5,3,1,1,1,4870.28166666667,4891.37741666667,5157.31066666667,5643.21763636363,5170.31333333333
"FT0772",242.154268280287,242.154171676197,242.154334901696,785.681274414062,785.145629882812,785.826049804688,5,3,1,1,1,142247.49175,142023.533052631,145452.080800001,151501.2727,125293.11765
"FT0773",242.284496023286,242.284322609885,242.284571288967,913.634094238281,913.571411132812,915.062377929688,5,3,1,1,1,25347.2622962962,24037.20448,23334.4489600001,15936.6647826086,26588.9599999999
"FT0774",242.284279427177,242.284026107814,242.285103220695,1635.85760498047,1632.854,1636.02709960938,4,3,0,1,1,25752.95016,38859.7500000002,54544.7952105264,43841.8058574565,24837.4873043476
"FT0775",242.284084011634,242.283939337153,242.284228686115,1602.71801757812,1601.82250976562,1603.61352539062,2,0,1,1,1,3272.9100764348,30394.6171417236,28256.6492377387,24688.0206666669,32788.1894444443
"FT0776",242.284202930543,242.284202930543,242.284202930543,1568.521484375,1568.521484375,1568.521484375,1,0,1,0,1,37695.3449964021,37948.6172281901,37229.2686360677,40349.4226153847,39547.2393391927
"FT0777",242.562224441985,242.561566144675,242.562257749669,82.3256988525391,82.1367340087891,82.3474502563477,5,3,1,1,1,6602.02650000001,6873.40909090909,6151.59075,7284.53618181818,6523.278
"FT0778",242.570182004743,242.569945953588,242.570304537807,737.661,737.095153808594,737.741394042969,3,3,0,0,1,4216.45618181814,3883.78636363639,3844.96666666662,1942.15014697265,2810.73618164062
"FT0779",242.925698237656,242.925252052143,242.926175016663,1640.9892578125,1640.42895507812,1641.12316894531,5,3,1,1,1,4996.90200000006,7156.41089655173,6385.22000000003,5149.92404761903,5365.40654545452
"FT0780",242.925623416918,242.9253679594,242.926025320022,65.82,65.8088073730469,67.0774993896484,5,3,1,1,1,35350.38375,32482.2435,34334.87625,36321.140625,35456.1331428572
"FT0781",243.087812682577,243.087697231948,243.087919671004,555.434276611328,555.322387695312,555.536804199219,4,2,1,1,1,4299.99375000004,3422.48262532552,3411.45374999999,4336.64000000003,3663.6137777778
"FT0782",243.157513379418,243.15736575981,243.157602460842,785.681274414062,785.145629882812,785.826049804688,5,3,1,1,1,25235.2203529411,25807.7178947367,24673.691,27008.0469473684,19893.0163333334
"FT0783",244.190824856227,244.190755765428,244.191177726072,701.038,700.720336914062,701.240173339844,5,3,1,1,1,6327.84384615386,7053.2571428572,6753.96692307693,6055.9486153846,6064.92358333337
"FT0784",244.16991004798,244.16966724968,244.170018583857,789.458923339844,788.842956542969,790.121032714844,5,3,1,1,1,1112360.024,1120102.99452382,1101574.65285714,1158052.9270909,970421.375999999
"FT0785",244.9240255036,244.923684796806,244.924589930053,65.82,65.8088073730469,66.0743637084961,3,3,0,0,1,2847.515,2336.02783333333,2745.879,2619.99577505239,828.567959714254
"FT0786",245.078680958277,245.078393475817,245.078729554958,774.316223144531,773.990539550781,774.474182128906,5,3,1,1,1,16298.3528888888,16596.8470588235,15726.7266666667,9826.02150000006,13084.416
"FT0787",245.1151150386,245.114413713245,245.115189752409,860.726928710938,860.18,861.105895996094,5,3,1,1,1,25370.9432380953,23742.41835,23629.0563000001,18482.6935185185,24262.9238571428
"FT0788",245.107870753787,245.107776010857,245.107970534285,882.984836914062,882.615478515625,883.391540527344,4,3,0,1,1,8565.19400000009,7012.32999999995,8030.96800000002,2524.74020001776,7503.48299999993
"FT0789",245.173335980068,245.173069505477,245.173373741657,789.458923339844,788.842956542969,790.121032714844,5,3,1,1,1,198706.534571429,200278.3991,197138.102571429,204731.156368422,172184.0668
"FT0790",245.546367001076,245.545845018887,245.546829150662,537.173706054688,537.013549804688,537.754333496094,5,3,1,1,1,29880.42,33428.8256249999,31870.7400000001,14555.754,28781.8644000002
"FT0791",245.591667662781,245.591476055073,245.59184065346,498.568389892578,498.068,499.43505859375,5,3,1,1,1,5575.21854545456,5174.06350000003,5033.33990909089,5070.92727272728,5050.33657142857
"FT0792",245.616091700071,245.615844873229,245.616439341051,920.055480957031,919.934814453125,920.355,4,3,0,1,1,4409.21014285714,3790.71546153843,4839.73784615384,790.172085167516,4196.77433333336
"FT0793",246.047776179889,246.047353086483,246.048135416191,537.15869140625,537.013549804688,537.754333496094,5,3,1,1,1,10077.3996428571,10199.5226666667,10415.0011428571,4751.26481818188,9418.96666666664
"FT0794",246.176218878059,246.175565674501,246.176478099711,788.842956542969,788.237976074219,789.507568359375,5,3,1,1,1,17523.771,18532.6868571429,17436.988875,9896.39707142859,16413.8453333333
"FT0795",246.623815189173,246.623660777352,246.624007160678,977.743835449219,977.175109863281,977.780334472656,5,3,1,1,1,9768.30972222222,8827.26631578953,8797.77311111119,8974.90399999998,8243.71578947367
"FT0796",246.565379183861,246.564882307185,246.565833771795,537.173706054688,537.013549804688,537.754333496094,5,3,1,1,1,29388.436,28927.1579999999,28619.9348124998,16485.7680000001,27977.5828750001
"FT0797",246.623807665856,246.623645314894,246.624122937738,999.852081298828,999.172424316406,999.911,4,3,0,1,1,9100.32017647058,9915.50635294123,9156.15752380952,5570.50115227594,6255.77088888893
"FT0798",246.862357111047,246.861926539309,246.862886473532,1644.879,1644.82104492188,1658.76953125,5,3,1,1,1,10845.6806999999,10049.6272941176,15491.9519999999,10997.6168571429,28614.7588571429
"FT0799",247.057869166419,247.057391755071,247.058204488693,71.531,71.4267807006836,71.9112014770508,5,3,1,1,1,5060.3346,4916.34545454546,4769.589,3442.37749999999,5050.06690909091
"FT0800",247.047962567056,247.047788425771,247.048085822956,689.677917480469,689.502380371094,690.322631835938,5,3,1,1,1,15217.6896,15714.2879999999,15474.0072,15899.1684782609,15577.1245714285
"FT0801",247.067194929354,247.066654267235,247.067471381101,537.15869140625,537.013549804688,537.754333496094,5,3,1,1,1,10093.2835714286,8523.02914285718,8729.369,5017.30145454549,8761.91571428571
"FT0802",247.227260858309,247.227246022437,247.227275694182,961.331695556641,961.312927246094,961.350463867188,2,2,0,0,1,4064.80345454545,4436.00800000004,4032.9083404541,1862.28064519709,1487.18154144287
"FT0803",248.052216136658,248.051875141668,248.052377269682,507.07861328125,506.763549804688,507.628967285156,5,3,1,1,1,140387.439705883,132848.540312499,128923.766470589,66601.0821428568,117432.7171875
"FT0804",248.128255770186,248.128000443642,248.128515377432,750.949210205078,750.811218261719,750.9580078125,4,3,0,1,1,6444.03106666672,6076.33800000002,6359.67384615387,3422.77334158761,6359.56142857139
"FT0805",248.553981691614,248.553525838031,248.55412710664,507.07861328125,506.763549804688,507.628967285156,5,3,1,1,1,37044.2301333334,35237.3981249999,32683.7400000001,17173.9099999999,30998.2563846153
"FT0806",248.870667258521,248.870486096433,248.871007365366,67.0611953735352,66.4397201538086,67.6849899291992,5,3,1,1,1,10119.186,8834.88916666668,10403.984,10405.461,9880.26000000002
"FT0807",249.054814537797,249.054648540153,249.054944159848,507.269045410156,506.763549804688,507.628967285156,4,3,0,1,1,7226.4618461538,7508.89999999998,6380.12833333335,3065.15912440373,6360.55999999996
"FT0808",249.182686335928,249.182191855548,249.182869302222,823.459,823.241333007812,823.676025390625,5,3,1,1,1,15677.71944,16223.3593333333,15520.0302173912,9817.56834782605,12672.98875
"FT0809",250.075259406892,250.074935959157,250.075427444858,751.576232910156,750.811218261719,751.594299316406,5,3,1,1,1,45468.001173913,45710.6224285716,44694.7852608697,35640.0086111111,44347.409652174
"FT0810",250.177920700747,250.177699744338,250.178166331583,757.871337890625,757.814880371094,758.605285644531,5,3,1,1,1,43231.0911428572,43003.0160000002,45349.5198275861,38129.0941612903,42222.103
"FT0811",250.577069895865,250.576568147235,250.577164311355,750.955017089844,750.943420410156,751.583984375,5,3,1,1,1,13891.5585,14653.6738636364,13535.581,10988.3893529411,13953.9728947368
"FT0812",250.867821889882,250.867747777848,250.868209339349,67.0690976867676,66.6984405517578,67.6849899291992,4,2,1,1,1,6160.59908956146,4301.8828,5011.68,4735.63619999999,4631.35200000001
"FT0813",250.972592411774,250.972524896368,250.972659927181,19.8179063796997,19.5885734558105,20.0472393035889,2,0,1,1,1,81.0584288279215,333.912333679199,68.9601558685303,3637.972,4915.42466666667
"FT0814",250.972496456368,250.972496456368,250.972496456368,1659.11413574219,1659.11413574219,1659.11413574219,1,0,0,1,1,2864.41580200195,3036.55444335938,2612.82855694111,7866.93140520368,8924.8485714285
"FT0815",251.185747110206,251.185419649408,251.185796663608,587.558166503906,587.197814941406,588.285,3,3,0,0,1,4916.85945454545,5066.78399999995,4247.71626666666,2212.18031663005,1911.62802424505
"FT0816",251.57558136879,251.574670087952,251.575859916643,737.708068847656,737.615173339844,738.218566894531,5,3,1,1,1,5170.55361538457,5357.19000000002,5027.26827272724,4933.69800000003,6047.52615384616
"FT0817",253.083752394002,253.083331678508,253.083945101571,750.955,750.811218261719,750.9580078125,5,3,1,1,1,1164422.08914285,1192344.8985909,1159966.753,541110.821285711,1088077.82863636
"FT0818",253.177758478326,253.17754422821,253.177923011909,847.2919921875,846.889099121094,847.559,5,3,1,1,1,26747.0999999999,23976.1199999999,25026.4645714285,8136.79749999998,9803.84878571435
"FT0819",253.17744833294,253.177378439029,253.177671130839,902.947570800781,902.134216308594,903.3,3,3,0,0,1,6780.72211764702,6184.31707142856,7019.68235294116,1144.15860011202,1441.33401803768
"FT0820",253.568373828245,253.56782661758,253.568897726443,537.173706054688,537.013549804688,537.754333496094,5,3,1,1,1,28166.0174999999,27032.3324000001,26327.3685714286,13267.2240000001,24208.8090769228
"FT0821",254.069975995568,254.069448025395,254.070633399606,537.15869140625,537.013549804688,537.754333496094,5,3,1,1,1,9001.02400000003,9291.17692307688,8416.80000000004,4385.07440000006,7398.14999999998
"FT0822",254.087159953849,254.086713465504,254.087390114638,750.955,750.811218261719,750.9580078125,5,3,1,1,1,178344.0468,185120.252571428,179187.594,84044.9746499994,167732.7742
"FT0823",254.084182753946,254.083774944659,254.084354021005,635.787628173828,635.345947265625,636.369,4,3,0,1,1,3852.5970909091,3774.01920000005,3895.65818181818,887.780190710454,3074.39999999998
"FT0824",255.08956756734,255.089210768663,255.089757504277,750.955,750.811218261719,750.9580078125,5,3,1,1,1,19902.7196875001,19523.3356470589,19172.22525,9008.52800000001,18050.56075
"FT0825",255.231910820749,255.231601949306,255.232382422413,1118.347,1117.57934570312,1118.40795898438,5,3,1,1,1,4386.94599999993,4843.87666666673,4483.51681818183,5217.60200000007,4931.95690909087
"FT0826",255.629162656399,255.628839932983,255.629709179394,999.549001464844,998.933227539062,999.876159667969,4,3,1,0,1,5146.69999999997,5509.81610526319,5093.84766666666,4935.50100000002,3671.23831843646
"FT0827",256.038449676237,256.037949623223,256.03860098687,507.07861328125,506.763549804688,507.628967285156,5,3,1,1,1,13757.4769230768,12744.307,13589.022,6618.04063636362,11717.628076923
"FT0828",256.169846040162,256.169644842611,256.170029783629,844.410163574219,844.14990234375,844.698181152344,4,3,0,1,1,5494.8329090909,5734.70485714289,5355.59121428575,3674.39098309796,5968.46585714285
"FT0829",256.263635142656,256.263466835227,256.264102406843,1149.292,1148.65795898438,1149.57434082031,5,3,1,1,1,12906.4416315789,11931.0310999999,12791.9348,11940.8177777778,14030.9563500001
"FT0830",256.539950458658,256.53950833273,256.540392584586,507.211715698242,506.763549804688,507.659881591797,2,1,0,1,1,4444.08493041992,4152.26799999998,3886.42181396484,1637.02603912354,3478.58533333331
"FT0831",256.95991404625,256.959780182839,256.960098539718,87.334,85.8856201171875,89.8163223266602,5,3,1,1,1,12691.7468571429,13117.7025,12193.7765925926,6169.3,13308.912
"FT0832",257.05743165175,257.057108941846,257.05757307436,507.403869628906,507.043090820312,507.628967285156,5,3,1,1,1,30523.5441875001,28207.6307142856,27853.7264705884,18503.675076923,29332.1525714286
"FT0833",257.128629997355,257.128435799498,257.128889254767,623.948120117188,623.250244140625,624.432067871094,5,3,1,1,1,238002.569904761,220173.04459091,235340.91,144866.54195,239516.876363636
"FT0834",257.247682818046,257.246875312956,257.247956895113,1187.44213867188,1186.74731445312,1187.464,5,3,1,1,1,12317.7702857145,11351.9839999999,12951.6823846154,14497.126235294,14679.824142857
"FT0835",257.559191605782,257.558776393218,257.559579026089,507.495,506.763549804688,507.681671142578,5,3,1,1,1,8073.37757142856,7174.65107142855,6948.70523076923,5637.60646153845,7473.40099999997
"FT0836",258.131757906356,258.131573921623,258.13197611204,623.948120117188,623.250244140625,624.432067871094,5,3,1,1,1,40889.9906000001,36861.7357500002,38973.715,24737.22,39915.3695238097
"FT0837",258.149145729347,258.148365219658,258.149290405929,764.807,764.719177246094,764.945007324219,5,3,1,1,1,143624.443826087,145279.224391304,145077.106086956,115836.600363636,160835.215909091
"FT0838",258.185542224683,258.18531073279,258.185661752447,846.327,846.26708984375,846.658813476562,5,3,1,1,1,33797.7384374998,33396.3842105261,33724.9018000001,29490.0555294117,36080.091
"FT0839",258.148673251667,258.148533365575,258.14891661102,1173.74798583984,1167.56274414062,1185.04931640625,4,0,1,1,1,24509.1367231097,28009.6983555385,26740.9074292864,14572.5021818181,24520.6381499998
"FT0840",258.148692137513,258.148651990345,258.14873228468,1196.56134033203,1195.6982421875,1197.42443847656,2,0,1,1,1,26159.1787437439,36842.0908157349,28652.9258865356,21520.1453333333,55813.7523000001
"FT0841",258.149058101855,258.14886956099,258.149063943271,1217.13037109375,1208.283203125,1222.17333984375,3,0,1,0,1,18318.8231999324,21803.4425001878,23484.8139038086,7238.15433333337,24746.8253314678
"FT0842",258.148953000385,258.148953000385,258.148953000385,1106.59094238281,1106.59094238281,1106.59094238281,1,0,0,1,1,14022.5180908203,20357.5126953125,17853.9314778646,23792.5310546875,27485.7010909093
"FT0843",258.148984150318,258.148984150318,258.148984150318,1092.5498046875,1092.5498046875,1092.5498046875,1,0,0,1,1,15913.2370605469,19682.0561174665,20534.7180175781,25317.7892178622,27586.4184782611
"FT0844",258.149189785179,258.149189785179,258.149189785179,1152.39001464844,1152.39001464844,1152.39001464844,1,0,0,1,1,16602.0820999146,17144.5558776855,19170.0562591553,20709.3835601807,22319.9890588237
"FT0845",258.149150804328,258.149150804328,258.149150804328,1064.27795410156,1064.27795410156,1064.27795410156,1,0,0,1,1,18760.7735770089,21101.2454659598,23762.5833565848,27709.535228588,28475.0301724138
"FT0846",258.148908763141,258.148908763141,258.148908763141,1123.76782226562,1123.76782226562,1123.76782226562,1,0,0,1,1,24024.2219848633,24605.1113623047,25620.4474169922,30255.7850341797,34960.9807407405
"FT0847",258.899595284369,258.899278847691,258.899899371415,66.445,65.8088073730469,67.0774993896484,5,3,1,1,1,17591.7225,16766.6965714285,17299.1224285714,18870.6342857143,19121.1251428572
"FT0848",259.092691468653,259.092551162265,259.092868260377,77.8559494018555,77.6980972290039,78.0357818603516,5,3,1,1,1,55224.32,55363.7311764706,55258.0514444445,60062.4370666667,55649.5332352942
"FT0849",259.152466212556,259.151668320308,259.15255452725,764.807,764.719177246094,764.945007324219,5,3,1,1,1,26325.8333913044,27131.4785000001,25199.0069999999,20737.5422941177,29014.3064210526
"FT0850",259.188747172758,259.188656611301,259.189055233247,846.277648925781,846.034851074219,846.574951171875,5,3,1,1,1,6225.05600000002,5409.21364285715,5435.35763636365,5310.01899999998,6239.28035714289
"FT0851",259.151833490263,259.151833490263,259.151833490263,1526.85656738281,1526.85656738281,1526.85656738281,1,0,0,1,1,12705.6522352431,12152.8186306424,13253.6522686298,11971.9258897569,14542.3278571429
"FT0852",259.151482261501,259.151482261501,259.151482261501,1540.34521484375,1540.34521484375,1540.34521484375,1,0,0,1,1,5740.80068734976,12859.0365722656,12244.6191875751,12087.8085092398,13225.9253333334
"FT0853",259.151623302912,259.151623302912,259.151623302912,1494.25463867188,1494.25463867188,1494.25463867188,1,0,0,1,1,8339.18664550781,12843.64451247,11998.61720628,12697.6011914063,14785.5064615385
"FT0854",259.151589542479,259.151589542479,259.151589542479,1479.43151855469,1479.43151855469,1479.43151855469,1,0,0,1,1,10084.3336588542,13397.4678532527,13770.6969807943,13397.2688075474,15768.2210344828
"FT0855",259.631620243295,259.631269888127,259.631649635067,1022.209,1021.85754394531,1022.58172607422,5,3,1,1,1,11588.9466666666,12404.9520000001,11414.3209090908,11571.5278095238,12005.6445714285
"FT0856",260.095839316524,260.095560730442,260.096233080978,77.8559494018555,77.6980972290039,78.0357818603516,5,3,1,1,1,6304.42545454546,6494.06561538462,6250.365,6586.27608333333,6162.90222222222
"FT0857",260.164762271329,260.12275304706,260.256644229474,794.520998046875,793.893920898438,795.189880371094,8,3,1,1,1,3612370.21756522,3647393.27413045,3669091.82475,3788118.8944348,2925909.01850001
"FT0858",260.164618818097,260.164458114938,260.165172202071,1196.90637207031,1185.58251953125,1197.42443847656,6,3,1,1,1,323594.467999995,495790.506799999,363288.015428573,463492.440040001,384013.476363636
"FT0859",260.164518649604,260.164483701567,260.164627769657,1277.52160644531,1276.27722167969,1284.50512695312,3,0,1,1,1,384981.53406808,409438.761760603,402389.710161994,257742.466666669,406359.510000001
"FT0860",260.164814558966,260.16450846582,260.164901840088,1216.1181640625,1215.22436523438,1225.94714355469,3,0,1,1,1,567819.083829313,568761.857143093,557119.416660618,450533.771307693,505039.28065625
"FT0861",260.164746149153,260.164719143754,260.164773154553,1263.38092041016,1262.45458984375,1264.30725097656,2,0,1,1,1,395929.368168,423336.712331136,411193.20105768,422868.275600004,422229.75222222
"FT0862",260.164563076138,260.164481008158,260.164645144118,1307.40405273438,1303.30224609375,1311.505859375,2,0,1,0,1,104451.844285753,223120.202789307,212775.747494168,276113.412999999,214703.695349799
"FT0863",260.164662050137,260.164585542082,260.164738558193,1164.91882324219,1159.89660644531,1169.94104003906,2,0,0,1,1,445732.277167969,423999.945406494,436229.190131836,321248.301679688,290617.429437497
"FT0864",260.164785760965,260.164785760965,260.164785760965,1062.42517089844,1062.42517089844,1062.42517089844,1,0,0,1,1,327836.952123006,336387.079457601,337203.300837199,376994.086123259,369211.07456
"FT0865",260.164642922199,260.164642922199,260.164642922199,1244.07775878906,1244.07775878906,1244.07775878906,1,0,0,1,1,39173.6746317546,335123.096740723,214128.79910411,325999.05888035,352485.630000003
"FT0866",260.16479122568,260.16479122568,260.16479122568,1083.98010253906,1083.98010253906,1083.98010253906,1,0,0,1,1,278482.255981445,271880.390603458,273557.043887868,262761.133343865,314189.723368419
"FT0867",260.164747669934,260.164747669934,260.164747669934,1128.83227539062,1128.83227539062,1128.83227539062,1,0,0,1,1,760835.418457031,772699.289338485,792754.45772652,792732.891665251,824292.175744681
"FT0868",260.353017063002,260.322513807028,260.383829786637,794.52099609375,793.893920898438,795.823059082031,10,3,1,1,1,26394.7840000001,6144.83220000009,6538.78500000005,9118.93399999999,8136.0376363637
"FT0869",260.563133807335,260.543035123298,260.73339360929,794.52099609375,793.893920898438,795.189880371094,11,3,1,1,1,21347.1323999999,21145.9998888892,20573.9340000001,5054.31300000001,17364.0096363638
"FT0870",261.131126136271,261.13080168862,261.131597338342,1641.092,1641.02124023438,1641.64697265625,5,3,1,1,1,17897.8956086957,16874.2621739131,16924.8803478262,18544.1483333336,19836.1076521737
"FT0871",261.130833788584,261.130505314025,261.131077468745,380.893,380.340545654297,381.022033691406,5,3,1,1,1,9015.20000000001,8568.92960000001,9618.55181249997,15243.5296,9676.58400000003
"FT0872",261.058107464924,260.897950366989,261.058388445327,71.4267807006836,65.8088073730469,72.5416793823242,5,2,1,1,1,3773.721,2454.034,6164.20059204102,2742.90166666667,3260.87111111111
"FT0873",261.130796408842,261.130704113423,261.130888704261,1484.37432861328,1480.06188964844,1488.68676757812,2,0,0,1,1,8261.93711383526,13718.7961789645,11054.8544567871,12412.679699707,10319.4618947367
"FT0874",261.130670676718,261.13062346914,261.130717884295,1403.28442382812,1398.87658691406,1407.69226074219,2,0,0,1,1,8231.28535461426,16302.5950370457,13475.265277365,15978.2627334595,12006.5824999999
"FT0875",261.130935465217,261.130935465217,261.130935465217,1387.56433105469,1387.56433105469,1387.56433105469,1,0,0,1,1,15846.255049272,15632.9413396662,16790.742520419,17806.7721280185,16935.8420869566
"FT0876",261.130719664783,261.130719664783,261.130719664783,1447.36975097656,1447.36975097656,1447.36975097656,1,0,0,1,1,9240.27564586293,12579.9912886186,12481.9139927455,13456.0919363839,13533.672
"FT0877",261.130866440317,261.130866440317,261.130866440317,1461.19213867188,1461.19213867188,1461.19213867188,1,0,0,1,1,6696.55735560826,13973.5003662109,13948.7754167829,14451.7329406738,15701.9294482759
"FT0878",261.131037703051,261.131037703051,261.131037703051,1366.72534179688,1366.72534179688,1366.72534179688,1,0,0,1,1,21017.2450892857,25053.8555230035,25614.6559244792,24407.8290744358,28390.23
"FT0879",261.09816572536,261.09816572536,261.09816572536,448.31884765625,448.31884765625,448.31884765625,1,0,0,1,1,2724.8730255127,3652.03402709961,2569.54076538086,1139.79360656738,4051.19999999998
"FT0880",261.130774899585,261.130774899585,261.130774899585,1510.31945800781,1510.31945800781,1510.31945800781,1,0,0,1,1,20380.709564209,30323.8350219727,27555.7552185059,26036.8341064453,29128.9912758621
"FT0881",261.168146280675,261.167555613281,261.168455917661,794.52099609375,793.893920898438,795.189880371094,5,3,1,1,1,757519.833391304,768843.917608698,767286.065090911,881012.49556522,611205.439000003
"FT0882",261.167911728704,261.167712249032,261.168403459815,1196.89526855469,1195.6982421875,1207.02209472656,4,1,1,1,1,103211.143913635,101124.110192414,77951.6958000001,73822.0221904752,136196.275581395
"FT0883",261.16801786827,261.167918152638,261.168221433153,1222.60614013672,1215.22436523438,1234.01,4,1,1,1,1,117179.444372863,118809.659071239,84266.0576470588,43776.5843125009,132750.670434783
"FT0884",261.16784729666,261.167801897697,261.167864475341,1170.70385742188,1170.5625,1182.52783203125,3,0,1,1,1,97083.6852742513,92985.1056420111,94420.0455243511,71339.2143333333,71802.1919999995
"FT0885",261.168239101444,261.168103868648,261.168374334241,1149.26049804688,1148.63037109375,1149.890625,2,1,0,1,1,81010.9222500003,83143.67578125,85555.601186899,86934.4895207332,88724.5872499993
"FT0886",262.029412833029,262.029125453649,262.029485475406,537.15869140625,537.126953125,537.173706054688,3,2,0,1,1,4939.03570588232,5000.52846666668,4151.70233917236,2466.42158508301,4908.30759999998
"FT0887",262.238006003474,262.237836965614,262.238178215434,694.478881835938,693.483825683594,694.7578125,5,3,1,1,1,18210.1695,19652.2597777778,18832.1894444444,9626.765,5349.22181818184
"FT0888",262.170973866094,262.170512238566,262.171311240914,794.52099609375,793.893920898438,795.189880371094,5,3,1,1,1,83187.778142857,85287.9238095243,83683.6173478265,97267.8363157897,68296.7906363639
"FT0889",263.056342704905,263.056342704905,263.056342704905,733.734130859375,733.734130859375,733.734130859375,1,0,1,0,1,3339.3675994873,3245.23717465608,3465.11690886124,4679.72475,2385.99678039551
"FT0890",263.173644371931,263.173341734938,263.174374580673,793.905883789062,793.893920898438,794.521,5,3,1,1,1,6162.93935714283,6475.49759999998,6165.96600000001,7151.91699999995,3746.41666666667
"FT0891",264.154028354365,264.131667016887,264.175563032869,680.516845703125,679.498962402344,681.471008300781,10,3,1,1,1,20412.0860000001,6201461.71615385,6097769.01607694,4653.66439999999,16369.4654999999
"FT0892",264.556777366723,264.395136843734,264.577798642613,680.149,680.145446777344,680.867370605469,15,3,1,1,1,103129.495875,85657.738235294,83375.0357142851,36338.0152727273,83747.6099999997
"FT0893",264.844454201935,264.844282709081,264.844970509245,67.0675964355469,66.6984405517578,67.6849899291992,5,3,1,1,1,5595.35899999999,5423.28083333334,6271.2192,5674.75739999999,6101.78400000001
"FT0894",264.74806616101,264.747819776182,264.748143987539,680.149,679.508972167969,680.867370605469,5,3,1,1,1,30934.69,31533.7376666667,30914.3658461539,7112.83749999991,31215.475
"FT0895",264.937548305708,264.937087556756,264.937757363849,680.149,679.508972167969,680.867370605469,5,3,1,1,1,22090.9418181818,22791.5048333334,21804.2653846152,3434.18399999998,22643.9325
"FT0896",265.25260317339,265.252232984657,265.253132799144,1196.351,1196.251953125,1196.92639160156,5,3,1,1,1,5120.37500000011,5933.13156250002,6295.39000000011,6398.74900000002,6089.69006250008
"FT0897",265.178452906296,265.178044966828,265.336702596755,680.148993408203,679.498962402344,680.867370605469,8,3,1,1,1,2550961.76440909,2617336.9747143,2833.47400000002,1229600.07671428,2594942.73850001
"FT0898",265.962490460065,265.962220339694,265.963264907533,1635.60761865234,1635.23828125,1636.02709960938,4,3,0,1,1,78437.3201052638,130016.889750001,112238.663703705,61677.3246553406,70260.8590499998
"FT0899",265.962402728003,265.962402728003,265.962402728003,1480.06188964844,1480.06188964844,1480.06188964844,1,0,0,1,1,NA,91928.9050164474,96853.7146381579,37432.6199629934,77226.2232000005
"FT0900",265.962365333999,265.962365333999,265.962365333999,1493.01196289062,1493.01196289062,1493.01196289062,1,0,0,1,1,34159.9876708984,50493.3244628906,49674.4323730469,27006.3216552734,40018.0740000005
"FT0901",265.962391638302,265.962391638302,265.962391638302,1463.74047851562,1463.74047851562,1463.74047851562,1,0,0,1,1,97899.239453125,129037.317239513,126868.462109375,77716.8683349609,101056.088730768
"FT0902",265.962461583756,265.962461583756,265.962461583756,1442.34606933594,1442.34606933594,1442.34606933594,1,0,0,1,1,137902.404675293,190674.569604492,192409.178833008,124843.865979646,157299.548800001
"FT0903",265.962500369846,265.962500369846,265.962500369846,1364.19396972656,1364.19396972656,1364.19396972656,1,0,0,1,1,148786.193312122,148723.039276123,160416.830043793,111180.743652344,136690.101454545
"FT0904",265.962401695809,265.962401695809,265.962401695809,1523.79614257812,1523.79614257812,1523.79614257812,1,0,0,1,1,72339.6687011719,147398.187719727,146097.114086914,65878.5461425781,107743.636
"FT0905",265.962174989285,265.962174989285,265.962174989285,1407.07360839844,1407.07360839844,1407.07360839844,1,0,0,1,1,4033.13818359375,81635.126969401,76075.4691009521,62670.3527374268,72046.3723529416
"FT0906",265.962590988227,265.962590988227,265.962590988227,1382.49340820312,1382.49340820312,1382.49340820312,1,0,0,1,1,117146.344223022,119679.061091105,117319.952596029,95339.167195638,107043.470999999
"FT0907",266.173054966269,266.172882527666,266.173184184018,701.038,700.720336914062,701.240173339844,5,3,1,1,1,8013.79366666667,8042.86592307697,8305.64445454551,6913.44438461537,7789.60800000001
"FT0908",266.181726062588,266.181445160584,266.18184432705,680.149,680.145446777344,680.867370605469,5,3,1,1,1,263612.17142857,267681.10995,263595.124800001,125602.358105264,269353.870238097
"FT0909",266.151589945995,266.151579155282,266.151600736708,788.835418701172,788.808837890625,788.861999511719,2,1,1,0,1,4288.98579289363,3629.38742857143,3714.72785295759,4176.69653333333,3565.81964983259
"FT0910",267.184805960781,267.184412179858,267.184998777698,680.149,680.145446777344,680.867370605469,5,3,1,1,1,14597.3887499999,14654.7,14252.232,7165.221,14423.9052631579
"FT0911",268.170166103381,268.169440775386,268.170273998923,870.35,869.746887207031,870.415649414062,5,3,1,1,1,39154.3538571428,41030.88575,38750.5765714288,37174.4302631577,39679.2921052631
"FT0912",269.057423982889,269.056997344512,269.057616336464,750.955,750.811218261719,750.9580078125,5,3,1,1,1,16249.3682857144,15699.7055999999,15577.283,7269.49080000011,13988.5979999999
"FT0913",269.039855487691,269.03974882517,269.040006975962,70.8762664794922,70.8046798706055,70.885,3,2,1,0,1,3050.8794,3324.88973576863,2977,3336.495,1984.11256663513
"FT0914",269.208937575087,269.20852639104,269.209140226414,961.350463867188,961.312927246094,961.968078613281,5,3,1,1,1,56490.7585454547,60801.9699130435,58874.8396818182,30395.3068421052,39075.126818182
"FT0915",269.173930007715,269.173131568837,269.173970147379,870.35,869.746887207031,870.415649414062,5,3,1,1,1,7279.91558333333,7735.89155555557,7900.95079999996,7634.78311111106,8582.04691666667
"FT0916",270.185430684905,270.141422119742,270.185821287991,900.81,900.028686523438,901.479797363281,9,3,1,1,1,5264072.21184001,8791.63999999996,10464.7148571428,4381990.61507999,4663.69999999997
"FT0917",270.212294837341,270.211966932887,270.212495017755,961.350463867188,960.682739257812,961.968078613281,5,3,1,1,1,8429.55420000003,8849.1667333333,7992.90449999999,4802.55966666669,6192.56480000001
"FT0918",270.18558539853,270.184883915083,270.185680129261,862.630676269531,862.350341796875,862.802673339844,4,2,1,1,1,181455.423333333,178603.405272727,191696.958220772,169597.485217391,187495.02
"FT0919",270.185548867054,270.18463403482,270.185632493233,878.168051757812,877.71875,878.543334960938,4,3,0,1,1,402542.848799999,400215.223055556,399710.585909091,431629.353878522,410057.38337143
"FT0920",270.22191263619,270.221856924885,270.221938930534,777.454223632812,777.452270507812,777.499,3,3,0,0,1,4303.30307692304,3805.83000000003,4245.9838235294,768.141870117191,3633.06676025392
"FT0921",270.346753462501,270.279245451219,270.408866140808,900.427001953125,900.028686523438,900.8466796875,15,3,1,1,1,9467.70211111118,9277.8504,10121.9931818182,8490.64674999997,8500.89900000005
"FT0922",270.581761118295,270.571200671881,270.5922593656,900.427001953125,900.028686523438,900.8466796875,10,3,1,1,1,48051.7921538459,47363.7666666672,46190.3379166665,39151.8404999998,42500.9947692313
"FT0923",270.765027586771,270.764479894665,270.765104447925,900.254760742188,900.028686523438,900.8466796875,5,3,1,1,1,9599.40299999992,8914.2963,8012.44925000014,7867.41090909086,7460.78760000005
"FT0924",270.956905495231,270.95590210036,271.12610930031,900.254760742188,900.028686523438,900.81,5,3,1,1,1,4047.86499999997,3585.08024999995,3373.92330769228,3802.47388888886,3068.28112500004
"FT0925",271.188089548233,271.188071417838,271.188905872593,742.084,742.0166015625,743.330261230469,5,3,1,1,1,11556.8192142857,10939.175,11219.3522962963,3599.85199999997,4558.13655555555
"FT0926",271.188899969914,271.188799315333,271.188929258285,862.728356445313,862.530639648438,862.802673339844,4,3,0,1,1,37281.8404285716,36223.4304,38230.8470526315,20935.3377059692,38671.3442727273
"FT0927",271.188829879984,271.143156849029,271.189595972254,900.340881347656,900.028686523438,900.8466796875,6,3,1,1,1,1502654.59826087,1490293.384,1500366.92208332,3418.523625,1338611.186
"FT0928",272.200948840369,272.159364726414,272.20158104036,901.501892089844,901.03955078125,902.70849609375,8,3,1,1,1,4545333.69633333,3826.70437499996,4550868.04656001,3897041.77023808,4161659.58449999
"FT0929",272.164453826674,272.163818019456,272.164609315898,818.309204101562,817.910278320312,818.52,5,3,1,1,1,8156.79368421049,7964.43357142858,8375.70393749999,7529.45221052632,9289.5
"FT0930",272.191865293238,272.191556931641,272.192273752858,877.955,877.71875,878.543334960938,5,3,1,1,1,8102.683875,7962.65999999995,8150.94646153855,8538.43628571436,6701.16299999994
"FT0931",272.146010619059,272.145642276953,272.14623605403,1009.56284057617,1009.23999023438,1009.96087646484,4,3,0,1,1,4175.80476923078,4582.05533333333,4673.35730769234,3474.05875244147,4326.41600000003
"FT0932",272.191551755555,272.191551755555,272.191551755555,862.350341796875,862.350341796875,862.350341796875,1,0,1,0,1,3264.16879611545,3278.63335503472,3156.0289984809,3498.18839999999,4202.98754882812
"FT0933",272.39400996493,272.362803876644,272.424956091643,901.422,900.879760742188,902.088684082031,10,3,1,1,1,9493.81363636359,9522.87763636354,9277.46399999997,31634.6239999999,11311.3731818182
"FT0934",272.598762710416,272.587991118312,272.609055466043,901.501892089844,901.277893066406,902.088684082031,10,3,1,1,1,30976.8581818182,30823.6400999996,30382.2666666668,25545.2339999999,30396.6276923074
"FT0935",272.781111280364,272.779777602866,272.782446619121,901.5459609375,900.659301757812,902.70849609375,4,2,1,1,1,2582.42600000003,2206.94951007079,2511.56800000006,2718.53799999998,4427.07237500001
"FT0936",273.123398607714,273.123233227151,273.123524626136,624.409,623.652648925781,625.0615234375,5,3,1,1,1,8624.77000000002,8472.9675294118,9068.30970000004,7947.91349999999,10302.4404
"FT0937",273.075992228021,273.075892219815,273.076006486052,574.215789794922,574.024719238281,574.338,4,3,0,1,1,7936.22246153852,7147.83600000004,7433.97942857142,2309.55458563703,7023.19975000001
"FT0938",273.204388543307,273.165343434086,273.204727920298,901.585906982422,901.277893066406,903.572021484375,6,3,1,1,1,1111080.85213043,1095963.8272174,1102607.67368182,782528.699333335,1012903.01252174
"FT0939",273.167343725314,273.167011306583,273.168119606891,1636.042,1635.89697265625,1636.77490234375,5,3,1,1,1,70389.6427600008,107264.582147059,75472.2864000005,55681.6594285714,88977.4823333337
"FT0940",273.167335994803,273.167151119795,273.167421251679,518.749084472656,518.190979003906,519.884521484375,5,3,1,1,1,13302.325724138,14566.0558064516,14636.0484705882,9323.42769230768,12248.3781818182
"FT0941",273.167305979617,273.167113725755,273.167481656799,587.609083251953,587.197814941406,587.737915039062,4,3,0,1,1,9089.6630625,9628.88699999995,9295.56199999999,4237.07781334805,4995.99046666664
"FT0942",273.16728107257,273.167221190866,273.167340954275,1524.51110839844,1523.79614257812,1525.22607421875,2,0,1,1,1,67433.9160812378,79648.778666687,78449.8101043701,23910.4602000002,100180.620740742
"FT0943",273.167181611711,273.167091037505,273.167272185916,1597.42004394531,1593.017578125,1601.82250976562,2,0,1,0,1,NA,84158.9600746848,72855.2322998047,60530.6563125,83919.0310483186
"FT0944",273.167387984811,273.167326624268,273.167449345354,1442.0068359375,1437.2724609375,1446.7412109375,2,0,0,1,1,89688.9456298828,90088.1507592774,88351.9470291138,94268.518527832,79928.5809999999
"FT0945",273.167361590745,273.167361590745,273.167361590745,1510.31945800781,1510.31945800781,1510.31945800781,1,0,0,1,1,NA,43586.4024586397,43488.6852384868,24744.1455078125,74582.9842105264
"FT0946",273.167435753894,273.167435753894,273.167435753894,1498.06286621094,1498.06286621094,1498.06286621094,1,0,0,1,1,41074.9105078125,71270.2004488432,90672.0718055138,82946.276958759,105636.711923077
"FT0947",273.167292074734,273.167292074734,273.167292074734,1460.57067871094,1460.57067871094,1460.57067871094,1,0,0,1,1,100599.55078125,107277.580331308,107866.806202856,105177.395507813,119747.132266666
"FT0948",273.167379491629,273.167379491629,273.167379491629,1366.72534179688,1366.72534179688,1366.72534179688,1,0,0,1,1,53927.9330797697,59082.7894222862,60740.6125616776,54160.6685084293,67563.4812499997
"FT0949",273.167453616682,273.167453616682,273.167453616682,1382.49340820312,1382.49340820312,1382.49340820312,1,0,0,1,1,82964.1151751894,79968.06640625,107726.366729736,108676.096857244,123271.326058822
"FT0950",273.167296256878,273.167296256878,273.167296256878,1575.42028808594,1575.42028808594,1575.42028808594,1,0,1,0,1,61643.9643554688,62349.3663818359,60663.8206329346,66619.361999999,63234.9708251953
"FT0951",273.167135601888,273.167135601888,273.167135601888,1407.69226074219,1407.69226074219,1407.69226074219,1,0,0,1,1,19380.6229112413,61124.4576263428,60621.9030546301,65632.3130888097,64791.5400000005
"FT0952",273.16720359911,273.16720359911,273.16720359911,1551.64575195312,1551.64575195312,1551.64575195312,1,0,1,0,1,141661.979661208,142883.225033569,143885.059842623,167030.6994,155594.598191481
"FT0953",274.131011243155,274.130778837257,274.131297547136,623.772,623.250244140625,624.432067871094,5,3,1,1,1,24419.5972222222,22166.1277894738,24538.2834285716,21719.2042105264,25901.1620476192
"FT0954",274.207747891112,274.207481041036,274.207940773607,901.501892089844,901.277893066406,902.088684082031,5,3,1,1,1,115659.045863636,113289.048571429,113380.621714285,80044.2244285714,104888.6825
"FT0955",274.18045104584,274.180359682814,274.180647964837,848.143249511719,847.836120605469,848.181,5,3,1,1,1,73022.3226666667,84121.5195714286,76340.941727273,94033.3045454542,99634.8805454549
"FT0956",274.170601191901,274.170601191901,274.170601191901,1633.48376464844,1633.48376464844,1633.48376464844,1,0,0,1,1,8562.94477413862,14014.966719778,14380.6233825684,15604.0340367759,19179.2667804878
"FT0957",274.274198399568,274.273907849668,274.274245038626,777.476611816406,777.452270507812,777.631469726562,4,3,0,1,1,12014.2874999999,11798.6220000001,11580.2270769231,3054.38792293877,3583.5748
"FT0958",274.873343767395,274.873081597427,274.873766532438,66.4472885131836,66.4397201538086,67.0774993896484,5,3,1,1,1,4921.09019999999,4271.76199999999,4917.15000000001,5852.817,5672.458
"FT0959",275.05724438263,275.057133375708,275.057340509292,491.129,490.265258789062,491.449157714844,5,3,1,1,1,7529.63268421051,6736.98666666668,6457.90866666665,4972.30866666668,5315.37666666667
"FT0960",275.091644574278,275.091417538267,275.091824699039,559.755,559.130004882812,559.873474121094,5,3,1,1,1,1849743.2973913,1788738.21524999,1834091.08349999,1070747.46783334,1839067.72833333
"FT0961",275.065685648357,275.065384425708,275.06580894309,750.955,750.811218261719,750.9580078125,5,3,1,1,1,149525.188217391,150992.828999999,150626.34847826,131292.331714285,159032.947565217
"FT0962",275.139350874267,275.093582049784,275.234326468911,623.948120117188,622.62548828125,624.432067871094,13,3,1,1,1,14021.9395454547,14456.8809999999,15148.2340999998,3720257.10339128,7880.46555555553
"FT0963",275.183687792827,275.159978102152,275.183860735028,848.048278808594,846.948,848.47314453125,6,3,1,1,1,13962.2354117647,12902.2711578948,13868.4756,14893.4051428571,18991.6121818182
"FT0964",275.210334407501,275.209881300608,275.210370531088,901.501892089844,901.277893066406,902.088684082031,5,3,1,1,1,6907.516,7582.5010526316,7388.14479999997,5358.962,6669.45600000004
"FT0965",275.135024184838,275.134900600772,275.135328744073,72.8919133911133,72.7790908813477,73.1478500366211,4,3,0,1,1,3696.86610000001,3324.91944444444,3540.424,2051.06477833387,3515.38
"FT0966",275.316595914714,275.316520307786,275.316671521641,559.132232666016,559.130004882812,559.134460449219,2,2,0,0,1,3108.93687500001,3405.05025000001,2127.49587504069,341.830697195871,1965.17337799072
"FT0967",275.332895788748,275.301423533383,275.364340218544,623.772,623.250244140625,624.432067871094,10,3,1,1,1,21781.3493333333,20774.2503636365,20426.8525,7935.16480000006,23839.5115000003
"FT0968",275.53910272107,275.528447950229,275.549911358408,623.772,623.250244140625,624.432067871094,10,3,1,1,1,52990.3809166667,49450.7261538461,52583.1553846156,25159.3312000002,52213.9510000006
"FT0969",275.724118062942,275.723828145114,275.724313611657,623.772,623.250244140625,624.432067871094,5,3,1,1,1,13928.5413333334,13003.8340000001,13258.5312222222,3396.27137499996,14486.8080000002
"FT0970",275.917301574176,275.917167436275,275.917867663505,623.712324462891,623.250244140625,623.948120117188,4,3,0,1,1,8126.93266666674,7428.29166666667,7616.019111111,NA,7933.39799999992
"FT0971",276.095107343795,276.094810970699,276.095245866124,559.755,559.130004882812,559.873474121094,5,3,1,1,1,308904.092727272,303690.943636364,309167.593999999,178524.631000001,309504.10826087
"FT0972",276.068957612608,276.068696391872,276.069059537021,750.955017089844,750.811218261719,751.585,5,3,1,1,1,22151.2356000002,22539.1375238095,21807.2049130435,19535.9635999999,24903.9794285714
"FT0973",276.107842306914,276.107773513912,276.107951643735,242.995529174805,242.027114868164,243.231,5,3,1,1,1,11646.0207692308,11625.3728888889,11235.1839230769,9803.83842857143,11511.3416296296
"FT0974",276.142443388334,276.142171377381,276.142696383896,623.772,623.250244140625,624.432067871094,5,3,1,1,1,1349036.73286364,1235369.04704762,1335738.12533332,756153.984399998,1345078.82727273
"FT0975",277.103265284903,277.103126979458,277.103454719238,77.8559494018555,77.6980972290039,78.0357818603516,5,3,1,1,1,78675.755625,79359.9393750001,77916.5816470589,85548.6141176471,78411.8353333333
"FT0976",277.097331135122,277.096920121752,277.097514112338,559.745971679688,559.112060546875,559.873474121094,5,3,1,1,1,41430.3360000001,39207.3002380951,39271.7455000002,24335.5999999999,41521.855047619
"FT0977",277.145068606205,277.144824599856,277.145371475882,623.772,623.250244140625,624.432067871094,5,3,1,1,1,147549.087142856,136386.47555,148093.176,82536.2821052634,145086.761818182
"FT0978",278.106403602775,278.106278846188,278.106566080504,77.8559494018555,77.6980972290039,78.6479568481445,5,3,1,1,1,9069.78872727273,9486.55684615386,9112.43014285716,10168.2557142857,9235.19177777779
"FT0979",278.147442145539,278.146974910209,278.14767031973,623.948120117188,623.250244140625,624.432067871094,5,3,1,1,1,12176.5941999999,11923.2796666667,12611.2908333333,7322.58342857147,13349.9485
"FT0980",278.190381540788,278.190364684353,278.190568509359,702.484558105469,702.361267089844,702.949,3,3,0,0,1,3789.2920909091,4247.28149999998,4111.71600000002,1512.75952248665,3726.05425416326
"FT0981",279.232098207978,279.231795656301,279.232196196571,949.956665039062,949.85009765625,950.042,5,3,1,1,1,9339.49557142852,9056.18571428573,8824.46117647053,9239.62599999993,8872.77300000007
"FT0982",280.162171283449,280.161887500731,280.162719102556,1117.09252929688,1116.97033691406,1117.78649902344,5,3,1,1,1,14731.4421739129,15967.577576923,15771.5601304348,24422.3406086955,24259.5392608699
"FT0983",280.162125932164,280.161720471644,280.162811062605,1048.28161621094,1047.96594238281,1049.25439453125,5,3,1,1,1,5849.19200000005,6222.72655555552,5531.63062500004,5114.01560000002,8121.96564705879
"FT0984",280.162204317022,280.161985050205,280.162707343498,1148.63037109375,1148.033203125,1149.36535644531,5,3,1,1,1,10640.4415000001,11074.6186666667,9894.77774999996,12148.6774347826,13625.058173913
"FT0985",280.263443708959,280.263443708959,280.263443708959,1093.76940917969,1093.76940917969,1093.76940917969,1,0,0,1,1,2425.46830610795,3071.14929199219,2031.79614257812,2805.28065074574,3988.97999999997
"FT0986",280.663697506707,280.663337686413,280.664494840174,1117.09126464844,1116.97033691406,1117.78649902344,4,2,1,1,1,5204.364875167,5828.82057142866,5882.04750000001,9292.58649999988,9025.63584999995
"FT0987",280.664164577008,280.664164577008,280.664164577008,1148.7373046875,1148.7373046875,1148.7373046875,1,0,1,0,1,4045.37396599265,3421.15400965074,4088.23885569853,4927.23749999996,3861.11447482639
"FT0988",281.172387436735,281.172363487653,281.172666879554,743.361,743.24853515625,743.421264648438,3,3,0,0,1,3950.37279999996,4085.95676923078,4245.531,1160.25772119141,1814.05373868815
"FT0989",281.295197158465,281.294938758159,281.295473469301,965.747863769531,965.113464355469,966.421203613281,3,1,1,1,1,5602.88685714282,5365.28146639737,5379.53360262784,4547.42704545452,6215.79523809521
"FT0990",282.146674695622,282.146098074267,282.14699433359,794.528198242188,794.52099609375,795.189880371094,5,3,1,1,1,12361.6639999999,13226.23885,13052.4735,16466.26375,11029.9494444444
"FT0991",282.146356246467,282.146263811318,282.146879105692,1196.351,1186.83276367188,1197.42443847656,5,3,0,1,1,8846.098,9382.14015789489,9598.90484210536,9265.84655761719,9396.67752631586
"FT0992",282.279230954568,282.27799746845,282.279715971176,1161.92321777344,1161.16076660156,1161.98583984375,5,3,1,1,1,30311.3155263155,30184.161428571,31270.0595500003,19727.1106999999,32991.8697
"FT0993",283.175174071595,283.174707051902,283.175457506591,410.095,409.976501464844,410.8330078125,5,3,1,1,1,3867.25153846154,3565.84821428571,3854.48042857142,6184.96153846154,3908.69499999999
"FT0994",283.263266921732,283.262842879186,283.263713264187,1196.351,1196.251953125,1196.92639160156,5,3,1,1,1,11624.5144117646,11801.0618666668,12253.2567500002,14089.3476923078,12709.4355384615
"FT0995",283.282593437981,283.281216271488,283.282947469013,1161.92321777344,1161.71936035156,1161.98583984375,5,3,1,1,1,5940.77759999995,5202.71916666663,5522.71506249999,4657.20107142852,6802.4777142857
"FT0996",284.201138929635,284.200597266833,284.201340289117,895.054,894.560668945312,895.759643554688,5,3,1,1,1,34325.8903888888,38898.5548695652,35518.4936842103,37936.4555555559,37187.3468888889
"FT0997",284.200960703171,284.200874354916,284.201325454941,955.054748535156,954.974609375,955.652709960938,5,3,1,1,1,29478.6200869565,28777.8708636365,27220.8860952381,29162.8438095237,28147.4397647058
"FT0998",284.164658729485,284.163308740403,284.164835869318,834.302612304688,833.925964355469,844.063293457031,7,3,1,1,1,13520.8563809524,12988.0967894737,13369.3744736843,16874.0481333334,15888.4323333333
"FT0999",284.29469253422,284.29469253422,284.29469253422,1247.26184082031,1247.26184082031,1247.26184082031,1,0,0,1,1,2958.32553932884,6280.6650279652,5588.08892267401,6587.70288085938,7249.38109090913
"FT1000",285.076096155965,285.075499588826,285.076355775283,794.528198242188,794.52099609375,795.189880371094,5,3,1,1,1,253760.150454544,257621.858363637,256121.8755,106035.7519,180102.926909092
"FT1001",285.204434180744,285.203858214983,285.204595747233,895.054,894.560668945312,895.759643554688,5,3,1,1,1,7916.7886666667,7354.22181818184,7576.73583333327,7805.64738461535,8728.71
"FT1002",285.204320320212,285.204073009989,285.204634968493,955.054748535156,954.974609375,955.652709960938,5,3,1,1,1,6146.97420000002,5627.50494117648,5554.60446666666,6341.06550000004,6468.19110000007
"FT1003",285.203667141611,285.203625418932,285.203708864291,846.587493896484,846.26708984375,846.907897949219,2,1,1,0,1,4231.46156250004,4244.12766520182,4194.06941731771,3671.989875,4478.86026000977
"FT1004",285.172173243592,285.171803636909,285.172542850274,1115.5244140625,1114.53540039062,1116.51342773438,2,0,1,1,1,7031.93112945557,8014.59593031142,7418.37234327528,7670.1503999999,13797.8180909091
"FT1005",286.079390117091,286.078764201447,286.07962524117,794.528198242188,794.52099609375,795.189880371094,5,3,1,1,1,45122.3582857143,44447.8804,44794.326736842,18289.9049999999,31796.8833103448
"FT1006",286.158055505771,286.134168964369,286.181195423066,870.35,869.746887207031,871.044799804688,10,3,1,1,1,14384.975625,5184534.65624,15559.0215384616,17219.3420000001,21324.0551111111
"FT1007",286.180219620843,286.179441199389,286.180418009284,840.77,840.419555664062,841.49853515625,5,3,1,1,1,63351.9237037038,67604.0213333337,72031.7904642859,82609.9467500002,83518.1516206898
"FT1008",286.216689124596,286.216547798789,286.217032196016,955.681762695312,955.629089355469,956.29345703125,5,3,1,1,1,30332.9219411762,31359.5282105264,29990.4623999999,32713.7660000001,31616.5867333337
"FT1009",286.180176312855,286.180094923948,286.180803284366,1196.29528808594,1187.46398925781,1196.80053710938,5,2,1,1,1,79364.0326171875,118664.116448276,103957.016428571,177758.33304,142200.430578948
"FT1010",286.180547071405,286.180467697339,286.180551435634,855.786987304688,855.762,855.864501953125,3,3,0,0,1,329971.392947368,328609.768599999,336516.211777778,274729.215075362,335455.10566272
"FT1011",286.180034771787,286.180027393066,286.180201630855,744.643,744.514587402344,744.684753417969,3,3,0,0,1,5305.80872727269,6397.06352380954,9116.4225454546,9097.76490585937,11365.6054933594
"FT1012",286.180253139156,286.180136948369,286.180486647883,908.606811523438,907.819274902344,910.292,3,3,0,0,1,44318.3210769231,51543.8916923077,61575.3954642858,41466.6042331545,60193.5002128908
"FT1013",286.180487306269,286.180298624637,286.180547059992,1219.02880859375,1218.65734863281,1226.448,3,1,1,1,1,100423.987325934,134168.244661621,196256.036680001,155374.023916665,33404.1880000004
"FT1014",286.180362312005,286.180260338223,286.1806811813,1159.412,1158.62719726562,1171.81555175781,3,1,0,1,1,103058.340157898,134788.318730911,149134.884600001,164624.326830459,172123.87857143
"FT1015",286.180299383578,286.179995060461,286.180603706694,1263.24845800781,1260.483,1266.01391601562,2,2,0,0,1,58554.2567673856,74816.9186249995,154405.304090909,170632.631107403,203124.087554933
"FT1016",286.180521939753,286.180521939753,286.180521939753,1064.27795410156,1064.27795410156,1064.27795410156,1,0,0,1,1,55149.1296657986,80183.8311360677,99204.0748697917,156261.269888071,172835.921499999
"FT1017",286.180419484557,286.180419484557,286.180419484557,1086.45837402344,1086.45837402344,1086.45837402344,1,0,0,1,1,43245.3884548611,50126.5688476562,78131.5078667535,105160.786879596,133523.382736841
"FT1018",286.180411314162,286.180411314162,286.180411314162,1128.20446777344,1128.20446777344,1128.20446777344,1,0,0,1,1,136677.250461426,192606.697888433,236812.34972148,327438.267019043,382678.251294116
"FT1019",286.180186142051,286.179983754559,286.180305066835,788.808837890625,788.214172363281,788.862,3,3,0,0,1,9566.3220714286,11975.6633043478,14838.0680869565,20577.3890037944,25368.0382043051
"FT1020",286.346382982142,286.276327982466,286.410307886716,870.35,869.746887207031,870.415649414062,17,3,1,1,1,24298.264769231,25623.0345,26715.6911666664,44201.2494545454,41276.1174545451
"FT1021",286.588758791696,286.577146015223,286.599755913901,870.35,869.746887207031,870.415649414062,10,3,1,1,1,61575.6140000005,62685.5124999999,62914.5175384612,78800.9555384613,78998.7853333335
"FT1022",286.777001870344,286.776348232559,286.777288581971,870.35,869.746887207031,870.415649414062,5,3,1,1,1,17733.6844999998,19276.1463999999,19262.1129999998,31396.2990000003,31591.4151666667
"FT1023",286.973131973427,286.973003845095,286.974001419495,870.35,869.746887207031,870.415649414062,5,3,1,1,1,12213.9506250002,13452.288,12633.852,24727.1930000002,24126.6104999998
"FT1024",287.081664286822,287.080788890206,287.081978615173,794.533601806641,794.52099609375,795.189880371094,4,3,0,1,1,5528.7699285714,5776.40213333337,5721.40537499996,2308.86294086914,4161.11146666667
"FT1025",287.165945271238,287.145529152302,287.184198212138,870.35,869.746887207031,870.415649414062,10,3,1,1,1,10042.0791428572,10753.9759999999,9970.6075555555,19213.7463076922,19382.6248235294
"FT1026",287.220000203496,287.219740591687,287.220415838033,955.681762695312,955.024291992188,956.29345703125,5,3,1,1,1,5777.2741818182,6742.34049999998,6372.18857142854,7016.01428571429,7116.97026666669
"FT1027",287.183523081336,287.183513608158,287.183532554515,840.288564453125,839.80712890625,840.77,2,1,0,1,1,13365.48403125,13885.52625,15321.1773928572,12693.3596185345,17642.8193103448
"FT1028",287.183836998139,287.183735293165,287.183938703112,1081.22283935547,1077.22717285156,1085.21850585938,2,0,0,1,1,12914.9547140939,18021.7263454861,23238.6118570964,32294.7601645333,23072.0599999999
"FT1029",287.183433883943,287.183433883943,287.183433883943,1196.80053710938,1196.80053710938,1196.80053710938,1,0,0,1,1,12739.005065918,17873.1105259487,22006.3282993862,29569.1544015067,33392.6467727273
"FT1030",287.183758904034,287.183758904034,287.183758904034,1182.47473144531,1182.47473144531,1182.47473144531,1,0,0,1,1,18082.2393047626,22762.5241699219,25072.2359765625,33893.5557767428,42969.0276296292
"FT1031",287.183823815527,287.183823815527,287.183823815527,1212.93395996094,1212.93395996094,1212.93395996094,1,0,0,1,1,5524.5556640625,6349.82096354167,8765.00813802083,13377.6139322917,15547.7174999998
"FT1032",287.183716890107,287.183716890107,287.183716890107,1160.52856445312,1160.52856445312,1160.52856445312,1,0,0,1,1,9907.85522460938,16913.4094238281,14672.1588134766,18470.565032959,34722.519
"FT1033",287.183508099488,287.183508099488,287.183508099488,1106.59094238281,1106.59094238281,1106.59094238281,1,0,0,1,1,18170.0814988878,28797.6605957031,31700.3777553013,50658.8966098361,58658.7859999998
"FT1034",287.183489150807,287.183489150807,287.183489150807,1135.68115234375,1135.68115234375,1135.68115234375,1,0,0,1,1,10706.0029220581,14417.154624939,17495.3356552124,24242.6454391479,26884.940764706
"FT1035",287.349956359232,287.349400335225,287.350352015465,870.349975585938,869.746887207031,870.359069824219,5,3,1,1,1,10994.9338181818,11458.9519999999,10872.9927272727,19959.16,18754.690923077
"FT1036",287.565695900942,287.56506449,287.566401808957,870.35,869.746887207031,870.415649414062,5,3,1,1,1,3070.93966666666,3922.96533333332,3812.7705,8447.9833333334,8319.77819999992
"FT1037",287.888952215157,287.888450431801,287.88968843766,1644.85661425781,1644.59729003906,1654.75646972656,6,3,1,1,1,13904.2175999999,16440.6926551723,14479.6783214286,23973.125,25324.1339999999
"FT1038",288.06481315355,288.064736816849,288.064925738888,161.379,150.933166503906,162.724884033203,9,3,1,1,1,9899.15039999999,10321.8143157895,10341.3022105263,8539.17654545456,9482.97468181817
"FT1039",288.196287033735,288.150064085321,288.197048629792,900.254760742188,899.803527832031,900.8466796875,9,3,1,1,1,5519821.41568001,5531127.64384616,9015.86374999999,18101.9306666666,19236.2773636365
"FT1040",288.187431470503,288.186514961431,288.194251683133,870.35,858.014038085938,876.664672851562,7,3,1,1,1,212413.1141875,217001.752312499,216790.667333333,259343.13676923,262296.392615386
"FT1041",288.196103201063,288.195839769152,288.196366632973,1080.91009521484,1076.60168457031,1085.21850585938,2,0,0,1,1,171885.883842468,190014.376186371,200635.65675354,229320.75737381,166723.896705881
"FT1042",288.196019102649,288.196019102649,288.196019102649,1159.89660644531,1159.89660644531,1159.89660644531,1,0,0,1,1,172742.382410386,184260.711540671,198408.65056296,129598.310460708,232560.498499997
"FT1043",288.195813790317,288.195813790317,288.195813790317,1170.5625,1170.5625,1170.5625,1,0,0,1,1,179444.046128217,184475.544433594,171086.620279948,211545.370519301,227202.731444446
"FT1044",288.196023634499,288.196023634499,288.196023634499,1064.27795410156,1064.27795410156,1064.27795410156,1,0,0,1,1,203167.505859375,242359.963623047,258932.472290039,286185.102244059,305587.645105263
"FT1045",288.195848260294,288.195848260294,288.195848260294,1101.71813964844,1101.71813964844,1101.71813964844,1,0,0,1,1,201472.139451247,231277.442431641,165686.016181641,259053.635460487,290455.052962965
"FT1046",288.195898701135,288.195898701135,288.195898701135,1646.69506835938,1646.69506835938,1646.69506835938,1,0,0,1,1,8451.8154296875,6711.48637462798,9976.88639322917,9347.80499822443,12578.7760000001
"FT1047",288.196100123065,288.196100123065,288.196100123065,1218.65734863281,1218.65734863281,1218.65734863281,1,0,0,1,1,240745.411940355,256514.365638146,267777.33601262,267260.473219651,316853.525333337
"FT1048",288.196196207398,288.196196207398,288.196196207398,763.039978027344,763.039978027344,763.039978027344,1,0,0,1,1,24009.5485756614,28892.0687588778,32586.0501098633,24410.6056074663,38737.7506521741
"FT1049",288.195991254633,288.195991254633,288.195991254633,1128.20446777344,1128.20446777344,1128.20446777344,1,0,0,1,1,424799.925874023,474633.554171815,498640.165771484,539813.560456543,586483.992470585
"FT1050",288.195716273768,288.195716273768,288.195716273768,1196.80053710938,1196.80053710938,1196.80053710938,1,0,0,1,1,243525.447700832,263697.497375488,272991.468139648,309771.422607422,316891.645959996
"FT1051",288.289735090461,288.289339375642,288.289985742811,822.407897949219,822.092163085938,822.917541503906,5,3,1,1,1,9691.21020000003,9681.78679999995,10245.1507058823,7886.12514285716,7998.11959999996
"FT1052",288.362310247675,288.292541457969,288.42673650166,900.028686523438,899.388061523438,900.8466796875,15,3,1,1,1,11617.3409999999,11781.2877,28433.6650714284,50024.1465625001,32860.5271428572
"FT1053",288.605356068265,288.594234775984,288.616752684948,900.16,899.606872558594,900.8466796875,10,3,1,1,1,54428.1199999996,53611.8276923082,54426.6267692304,76563.9417857138,83254.5343999996
"FT1054",288.792821649224,288.792748952027,288.794429996304,900.028686523438,899.606872558594,900.203491210938,5,3,1,1,1,8941.90099999992,9560.4054,9215.45199999995,27337.1234999999,29096.4843076927
"FT1055",288.922226323913,288.921502800071,288.92240554631,1641.729,1641.62463378906,1642.44384765625,5,3,1,1,1,7049.3612307692,7367.36000000009,7937.95500000003,5830.41092857148,5987.83129999999
"FT1056",288.991827030063,288.990040724572,289.003875306336,899.521,898.984130859375,900.203491210938,7,3,1,1,1,5078.288,5188.3377,3930.38749999999,19856.9695999999,20682.0195000001
"FT1057",289.199121738172,289.162478749274,289.199534915373,900.028686523438,898.984130859375,900.8466796875,9,3,1,1,1,4809.28211111115,1827877.49175,1836679.2075,2357263.24575,15284.6244705882
"FT1058",289.154007753819,289.153618441771,289.154173613864,926.270935058594,926.03,926.614624023438,5,3,1,1,1,22636.715625,32256.4036666666,21376.0925000001,26398.73328125,20673.7494374998
"FT1059",289.190093684289,289.189172867337,289.190199257304,870.349975585938,869.746887207031,870.359069824219,5,3,1,1,1,17618.1463333334,16669.4823333333,16608.9087272726,19853.9486,20694.5924166667
"FT1060",289.154685419083,289.15452853008,289.154988528452,670.630981445312,670.017578125,670.684,5,3,1,1,1,32059.2378947368,31862.0964210528,30846.1650999999,12314.0491250001,27457.0958095237
"FT1061",289.154695060815,289.153954227171,289.154887215503,706.199401855469,705.885681152344,706.981262207031,5,3,1,1,1,18668.2781538462,18523.5106428571,19214.2422666666,4648.10849999996,16777.8294117647
"FT1062",289.199056679197,289.199023818118,289.199089540276,1196.56414794922,1196.32775878906,1196.80053710938,2,0,1,1,1,53603.6854378836,61617.5912737165,65590.5337960379,80741.9392258066,65354.3678399992
"FT1063",289.19943386456,289.199311220533,289.199556508586,1217.25744628906,1215.48608398438,1219.02880859375,2,0,1,1,1,70524.16602658,76083.3151479868,77990.1843449519,98036.5734146337,78413.3708125
"FT1064",289.19931390056,289.199052398868,289.199342527302,1158.62719726562,1148.65795898438,1168.68798828125,3,0,0,1,1,64664.2234802246,69800.033416748,71716.6301574707,64834.1299743652,41989.8493749995
"FT1065",289.199136716858,289.199136716858,289.199136716858,1104.15783691406,1104.15783691406,1104.15783691406,1,0,0,1,1,40487.2097759825,60152.6850585938,39910.7400665283,73369.0193314986,76326.8615428572
"FT1066",289.199192340555,289.199192340555,289.199192340555,1085.21850585938,1085.21850585938,1085.21850585938,1,0,0,1,1,32868.869363536,38025.9261807528,38667.1538298234,46998.1481378729,49491.5554166662
"FT1067",289.199425202607,289.199425202607,289.199425202607,1126.92736816406,1126.92736816406,1126.92736816406,1,0,0,1,1,73121.5062604632,81161.8563406808,84501.9289725167,92407.4037388393,99675.3491162794
"FT1068",289.19959950627,289.19959950627,289.19959950627,1063.04382324219,1063.04382324219,1063.04382324219,1,0,0,1,1,45222.9965332031,52522.3980441623,55625.1787109375,65097.2328125,70431.5067567567
"FT1069",289.365851010469,289.365156297593,289.366157781703,899.803527832031,898.984130859375,900.203491210938,5,3,1,1,1,4630.61372727272,3645.00933333334,5110.32939999997,17177.1391999999,18513.6916363637
"FT1070",289.584815925526,289.5845105487,289.585121302353,899.795776367188,899.388061523438,900.203491210938,2,0,1,1,1,2121.19703258168,1721.31013904918,2497.26370849609,7712.07249999992,8192.17933333345
"FT1071",290.202392263495,290.202080494006,290.203189539351,900.16,899.606872558594,900.8466796875,5,3,1,1,1,201990.111818182,202149.0795,200860.080181819,276885.294545456,288113.101333332
"FT1072",290.158033000265,290.157801554217,290.158297125503,670.657490722656,670.017578125,671.280151367188,4,3,0,1,1,5098.18200000003,5700.24683333326,5304.40842857142,1352.88168355619,3114.95957142858
"FT1073",290.134716152029,290.134613895986,290.134818408072,86.0800009155273,86.08,86.0800018310547,2,2,0,0,1,3240.91554545454,2978.88404001618,2723.56999999999,3257.76647494168,1330.24298740641
"FT1074",290.269157784209,290.268931731432,290.26922889002,786.94890234375,786.317993164062,786.990783691406,4,3,1,0,1,17242.9691250001,17342.058882353,17324.6486666666,4232.62076923079,2590.69304504393
"FT1075",291.039464907346,291.03929631565,291.039610335871,750.9580078125,750.811218261719,751.594299316406,5,3,1,1,1,11461.0705714287,12003.3239999999,11782.876875,10738.312,12316.3845
"FT1076",291.145422214906,291.145264806421,291.146409000283,448.308013916016,447.690002441406,448.321990966797,5,3,1,1,1,1099229.235,983733.590100004,1062665.9162,375737.14425,1074909.77525
"FT1077",291.204872039243,291.204693375954,291.205115988113,900.16,899.388061523438,900.427001953125,5,3,1,1,1,15786.8473809523,15610.2961764707,15731.6658947369,18386.3922222222,21123.1199999999
"FT1078",291.13393849623,291.133467948145,291.133961632676,623.948120117188,623.250244140625,624.432067871094,5,3,1,1,1,13679.7126666666,12096.729375,12919.66,8316.37499999998,13511.6755333333
"FT1079",292.167188903937,292.167103720868,292.167322681566,900.427001953125,900.028686523438,900.8466796875,5,3,1,1,1,26052.1018571429,25445.0725,25041.5301428571,20090.4197142857,21863.8383157894
"FT1080",292.148540888559,292.148334413585,292.149350729844,448.308,447.687744140625,448.321990966797,5,3,1,1,1,184063.852842106,165314.866111111,177482.902526316,62705.1600000001,180312.83525
"FT1081",293.150761745171,293.150658565869,293.1508010028,448.308006958008,447.690002441406,448.31884765625,4,3,0,1,1,18770.0385263158,16975.0932,19221.2285,4560.7437117525,18660.8507142857
"FT1082",293.169983639903,293.169941364892,293.170025914914,1112.71826171875,1112.08544921875,1113.35107421875,2,0,1,1,1,4768.43039376395,4344.77521623884,3646.60204206194,15021.7226086956,13688.09
"FT1083",293.671414747235,293.671414747235,293.671414747235,1113.35107421875,1113.35107421875,1113.35107421875,1,0,1,0,1,1509.19903094952,1977.1956640625,1192.0844921875,6933.65680769237,4663.70857121394
"FT1084",294.112605865627,294.112376798583,294.112806790083,623.948120117188,623.652648925781,625.0615234375,5,3,1,1,1,36602.6077083333,34416.4069565218,36097.7110434785,30618.3494736843,37360.9126956523
"FT1085",294.182657581855,294.182462162952,294.182949720604,902.054,901.501892089844,902.70849609375,5,3,1,1,1,17008.3561904762,18030.0342105264,17746.9335238095,12444.5088,15499.0254545454
"FT1086",294.22760265016,294.227448542176,294.227724032092,531.480590820312,531.386,532.233642578125,5,3,1,1,1,18637.6130769231,21223.692923077,21017.6590714285,7774.97599999993,19935.8669375
"FT1087",294.177589074018,294.177589074018,294.177589074018,1243.4501953125,1243.4501953125,1243.4501953125,1,0,0,1,1,1629.03393554688,3274.5227593316,2754.41684664213,3399.15149864784,7482.62844444438
"FT1088",294.614206635507,294.613943481233,294.614511137763,623.882141113281,623.652648925781,624.432067871094,5,3,1,1,1,12676.6069565218,11945.19,12834.6156956523,10685.8581111112,13532.0890434783
"FT1089",294.939036875799,294.9385735766,294.939768859057,1638.60168457031,1638.55737304688,1639.16711425781,5,3,1,1,1,26021.017375,26339.3822083334,31953.2495000001,22734.9826666668,29373.9360869565
"FT1090",294.938929123696,294.938752151941,294.939106095451,1275.95904541016,1275.63208007812,1276.28601074219,2,0,1,1,1,31500.6053859166,31417.4000651042,32166.9254019601,36235.7930769232,41564.3750344824
"FT1091",294.938855688271,294.93885472421,294.938856652333,1248.92816162109,1244.72241210938,1253.13391113281,2,0,1,1,1,15211.3683671622,31438.7470166437,23054.2088465197,26700.8859000001,32897.0726923076
"FT1092",294.938845517101,294.938821815527,294.938869218675,1316.33563232422,1311.505859375,1321.16540527344,2,0,1,1,1,13467.581629136,51351.2040736607,33542.0558872768,32355.6364705887,79026.5519999996
"FT1093",294.938655779448,294.93859512699,294.938716431906,1402.64361572266,1397.59497070312,1407.69226074219,2,0,0,1,1,NA,31643.3380737305,30466.464515686,40259.8158251953,39959.9441999998
"FT1094",294.938962881722,294.938962881722,294.938962881722,1300.12878417969,1300.12878417969,1300.12878417969,1,0,1,0,1,15614.0598401521,26191.3901752673,22665.5803344727,37079.3119999998,29610.7059518914
"FT1095",294.938858929604,294.938858929604,294.938858929604,1288.9091796875,1288.9091796875,1288.9091796875,1,0,1,0,1,3696.47616756664,20751.2615751379,12124.6841888428,28679.1991111113,13941.2993738511
"FT1096",294.938884291973,294.938884291973,294.938884291973,1511.5439453125,1511.5439453125,1511.5439453125,1,0,0,1,1,2233.97060032895,22263.0903320312,17463.2497558594,8834.92660361842,26968.4519499996
"FT1097",294.938859092089,294.938859092089,294.938859092089,1523.18884277344,1523.18884277344,1523.18884277344,1,0,0,1,1,18265.6823730469,28919.9220252404,25732.6272070313,21618.0994685246,32476.9474074077
"FT1098",294.938962650401,294.938962650401,294.938962650401,1382.49340820312,1382.49340820312,1382.49340820312,1,0,0,1,1,39278.776426118,38549.446701576,48762.6722538389,49219.3187718885,61469.6658333336
"FT1099",294.938820459535,294.938820459535,294.938820459535,1494.8779296875,1494.8779296875,1494.8779296875,1,0,0,1,1,16634.6360909598,35974.32490066,33687.6536690848,25972.7520054408,42152.0978275861
"FT1100",294.938786063012,294.938786063012,294.938786063012,1478.1748046875,1478.1748046875,1478.1748046875,1,0,0,1,1,28671.8286437988,33640.7686236838,32507.5969775391,31112.4573632812,38521.4327307697
"FT1101",294.938887711783,294.938887711783,294.938887711783,1342.70336914062,1342.70336914062,1342.70336914062,1,0,0,1,1,28694.0886584866,50864.7937703451,50614.714066569,53762.2467335668,64652.0160000002
"FT1102",294.938917751545,294.938917751545,294.938917751545,1447.36975097656,1447.36975097656,1447.36975097656,1,0,0,1,1,38624.5138302365,48956.4702214421,50718.8512166341,47586.8223528181,62626.050162162
"FT1103",295.128812197844,295.127456133304,295.129116565506,401.847,401.284301757812,402.461059570312,5,3,1,1,1,6051.05066666663,6765.79363636363,6628.79816666666,5386.37733333334,6430.23418181816
"FT1104",295.230789949135,295.230789949135,295.230789949135,531.646057128906,531.646057128906,531.646057128906,1,0,0,1,1,2463.81661987305,3299.89174582741,3517.92269620028,599.250710227273,2931.92266666667
"FT1105",296.201305881747,296.20086045118,296.201400398449,934.85,934.5771484375,935.324890136719,5,3,1,1,1,255407.854153847,262086.977000001,253628.434166666,199851.86,185772.393958333
"FT1106",296.201172599688,296.200958356287,296.201268755271,951.892150878906,951.770629882812,952.47265625,5,3,1,1,1,248449.175625,238598.396583332,237362.531840001,364446.169043479,309755.918720001
"FT1107",296.201085318379,296.201019044813,296.201256423255,976.468505859375,975.906005859375,976.512451171875,5,3,1,1,1,65238.9531249997,64425.8184782608,64419.8137500001,72071.4282608697,71984.4296521741
"FT1108",297.12111550214,297.120873104342,297.121375394044,623.948120117188,623.250244140625,624.432067871094,5,3,1,1,1,1021120.2064,972092.031374996,1012414.69250001,876099.286249997,1098340.19665385
"FT1109",297.204610010634,297.204126063066,297.204750509022,934.85,934.5771484375,935.324890136719,5,3,1,1,1,59526.2018333333,60200.8890434783,58952.6366666666,46000.5475000001,44943.8794761905
"FT1110",297.20445026057,297.204300932627,297.204458378828,951.892150878906,951.770629882812,952.47265625,5,3,1,1,1,57724.1128800001,55427.8606521739,54632.6764800002,83470.2430434783,69878.6697916671
"FT1111",297.240071531443,297.23999545482,297.240636552999,1072.2509765625,1072.17822265625,1072.70764160156,5,3,1,1,1,33680.0030000003,34127.9290909086,33950.2277272725,21703.4230500001,25767.9469999999
"FT1112",297.135421641263,297.135087340687,297.135764542614,661.782775878906,661.098266601562,670.042,6,3,1,1,1,4991.09442857142,3525.68300000001,3298.66875000003,3752.47079999998,2924.49244444444
"FT1113",297.204459132349,297.204242084191,297.20452523088,976.468505859375,976.376,976.49609375,3,3,0,0,1,14433.9797916666,15607.3548260869,14947.216,14762.0507647372,13984.0160375976
"FT1114",297.242427209683,297.242381395552,297.24244001024,834.726928710938,834.427001953125,834.919006347656,3,1,1,1,1,3152.99325000001,3483.31575317383,3267.57852172852,3086.59222222223,4053.62984615384
"FT1115",297.24210551021,297.241806389047,297.242404631373,1016.19296264648,1016.18511962891,1016.20080566406,2,0,1,1,1,3086.5181795008,4107.59762752757,4450.97519997989,3990.37388888886,3562.17059999997
"FT1116",298.124389843728,298.124150782609,298.124619957198,623.948120117188,623.652648925781,624.432067871094,5,3,1,1,1,172360.683750001,166694.6655,171405.413478261,151660.388,189625.567708333
"FT1117",298.096806159751,298.096370375699,298.096895211043,381.502,380.340545654297,381.637878417969,5,3,1,1,1,8876.99853846154,8827.9216666667,8937.25799999995,7310.39710000001,7909.83933333332
"FT1118",298.216997267671,298.216275958984,298.21721608741,984.056457519531,983.423645019531,984.205688476562,5,3,1,1,1,130191.988974359,129499.9812,122775.15488,119338.420303031,138146.342925
"FT1119",298.243587259139,298.243135766733,298.244163159973,1072.2509765625,1072.17822265625,1072.70764160156,5,3,1,1,1,5566.2780000001,5841.37321428568,5203.08799999993,3649.16110000002,4880.18894999997
"FT1120",298.216759278633,298.216373394635,298.217543244878,940.529,940.339904785156,941.659973144531,5,3,1,1,1,2509896.57373914,2550062.82482608,2570799.19030434,2552163.83456522,1669157.16770834
"FT1121",298.216928348916,298.21639099708,298.217131852035,1008.61920166016,1008.51867675781,1009.326171875,5,3,1,1,1,1526004.12430434,1550866.79121739,1512086.89891304,1598413.55481819,1731981.46578261
"FT1122",298.216760630964,298.216421561586,298.217138461909,958.518244873047,958.179138183594,967.715,6,3,1,0,1,106762.05848,109181.04184,108192.18488,109248.078615384,100496.439016664
"FT1123",298.346906064799,298.346678036728,298.347544254436,1047.34444042969,1047.15222167969,1048.28161621094,4,3,0,1,1,50841.8061874999,50169.8200666667,50187.7337500001,32827.084250879,46403.6491785715
"FT1124",298.346987172251,298.346471372795,298.347502971707,1635.19763183594,1633.93237304688,1636.462890625,2,2,0,0,1,11172.4642608696,16392.7408235294,15320.5946842317,15711.1029607599,17439.0683869393
"FT1125",298.449888989753,298.449074817058,298.450991744053,940.528995849609,940.339904785156,940.540954589844,4,3,1,0,1,10740.7872,11428.5072,11506.3106666668,13579.8698750002,3527.32372973636
"FT1126",298.450532825541,298.450165679156,298.450899971926,1008.56646728516,1008.51867675781,1008.6142578125,2,0,1,1,1,1637.08868408203,1432.45259857178,884.6682472229,4515.37622222217,4862.21999999997
"FT1127",298.643570127773,298.643187571794,298.643952683752,1008.56646728516,1008.51867675781,1008.6142578125,2,0,1,1,1,406.681790669759,587.604057312012,730.768633524577,3431.84842857143,3928.37899999995
"FT1128",298.643493881387,298.642760072029,298.643791723848,940.528995849609,940.339904785156,940.540954589844,4,3,1,0,1,9483.82399999998,9495.31050000009,10306.3551111111,13094.4433750002,5870.68500503536
"FT1129",299.126774338929,299.126404025716,299.12684224207,623.948120117188,623.652648925781,624.432067871094,5,3,1,1,1,17463.7759,17474.16,18075.0208333333,16615.4811428571,20378.1808571429
"FT1130",299.110434264331,299.110423530617,299.110540157202,648.145,648.073547363281,648.387451171875,3,3,0,0,1,5163.58574999999,4915.09199999996,5133.84868750002,2052.53074768067,3210.97411629814
"FT1131",299.220310449312,299.219773735303,299.220514912226,1008.61920166016,1008.51867675781,1009.326171875,5,3,1,1,1,352459.806217389,355973.476130434,346241.320434782,374592.457043479,397054.030043478
"FT1132",299.220120967905,299.219796074929,299.220927346503,940.529,940.339904785156,941.659973144531,5,3,1,1,1,587820.723478264,595475.288739129,595619.246260867,594088.268478262,384919.816666669
"FT1133",299.195913828706,299.195427267242,299.196160100478,1118.347,1117.57934570312,1118.40795898438,5,3,1,1,1,9343.49552941179,9211.22400000012,9606.40999999987,9824.57538461535,9244.85066666685
"FT1134",299.219682115662,299.219682115662,299.219682115662,958.179138183594,958.179138183594,958.179138183594,1,0,1,0,1,13162.1883544922,20916.5337117513,17883.6773095703,23614.4786153846,22933.7291412354
"FT1135",299.219579565812,299.219579565812,299.219579565812,984.205688476562,984.205688476562,984.205688476562,1,0,1,0,1,11564.3271484375,14116.4731445312,18906.3487099095,25197.0400000001,23101.6474609375
"FT1136",299.350351153218,299.350126584235,299.350694029856,1047.25661083984,1046.7138671875,1048.28161621094,4,3,0,1,1,10832.6518928571,11937.8450645161,11010.8685714286,6120.72052812854,10417.27452
"FT1137",300.195935717036,300.195587009094,300.196167220146,814.554138183594,814.141723632812,814.754,5,3,1,1,1,4285.73379999997,5128.24738461541,4507.62945454544,4492.28655555559,5175.47781249998
"FT1138",300.159526198462,300.15885946989,300.159925100584,794.528198242188,794.52099609375,795.189880371094,5,3,1,1,1,9188.98662499996,8966.80950000004,9980.34941176467,10787.3371333333,7348.17066666665
"FT1139",300.196039188248,300.195760864649,300.196330668064,888.719,888.231201171875,889.350891113281,5,3,1,1,1,83132.616,87910.2653478259,83124.3621739132,103984.354782608,124359.064863636
"FT1140",300.223297110165,300.222843827368,300.224090216714,940.529,940.339904785156,941.659973144531,5,3,1,1,1,68838.5675000001,69685.6074782607,70253.5419999999,69465.818478261,43797.8802083336
"FT1141",300.232538352158,300.232058363666,300.23272911941,1009.23999023438,1009.1611328125,1009.96087646484,5,3,1,1,1,2046335.64134784,2083613.95565218,2026262.40417392,2092838.66181818,2269983.70095653
"FT1142",300.196044151233,300.195873490468,300.196177890286,921.077470458984,920.567138671875,921.429504394531,4,3,0,1,1,20965.9886818182,27735.4188888888,21289.7966666667,24550.7497424614,47678.47574
"FT1143",300.466918272962,300.466652755921,300.467105948598,1009.24,1009.23999023438,1009.96087646484,5,3,1,1,1,4826.41200000001,4905.00966666659,4396.70885714286,6519.66249999994,8163.84759999999
"FT1144",300.660064116811,300.638936610856,300.660871113942,1009.23999023438,1009.1611328125,1009.96087646484,7,3,1,1,1,3791.61199999998,3472.94925,3243.00716666666,4503.31914285714,5003.01199999995
"FT1145",301.114420640632,301.114228458607,301.114506190078,79.7551574707031,79.5888519287109,79.875114440918,5,3,1,1,1,11889.396,11634.2214545455,11860.4571428571,12721.5454545455,10958.7396923077
"FT1146",301.235974105023,301.235516528589,301.23617397327,1009.23999023438,1009.1611328125,1009.96087646484,5,3,1,1,1,477146.836727274,479178.959,461475.650045457,480704.749000001,523793.941434785
"FT1147",301.199430046182,301.199059148619,301.199645652297,889.106750488281,888.231201171875,889.350891113281,5,3,1,1,1,17515.4480000001,19110.8724782608,16954.565,17828.7645555556,25336.441882353
"FT1148",301.141372895521,301.141111574338,301.141618282971,990.985778808594,990.388854980469,992.834289550781,5,3,1,1,1,93529.8440740744,92538.1564285717,91302.1601111115,83258.1439565218,82417.107692308
"FT1149",301.226026687554,301.225807443078,301.226401346108,940.434448242188,939.900451660156,940.529,4,3,1,0,1,5272.19053846154,4996.258,4741.21208333334,4925.7652,1686.74160914103
"FT1150",301.211648081774,301.211100270877,301.211817876854,1187.13106933594,1186.74731445312,1187.46398925781,4,3,0,1,1,21886.2271999998,21521.3882499999,23203.5216470587,13060.5183641929,26695.9659999998
"FT1151",301.199455951745,301.199397382973,301.19952458027,920.978,920.567138671875,922.0595703125,3,2,0,1,1,4128.00533999999,4827.14999999999,4095.22692857139,4484.19983062499,7057.5937
"FT1152",301.162218996002,301.162140495645,301.162871984996,1633.91857910156,1633.493,1636.02709960938,3,2,0,1,1,18425.1408888889,22291.6194117398,27582.8962888889,23108.6249659179,15728.5635652174
"FT1153",301.162125718289,301.161786292671,301.162131109824,1525.01489257812,1522.13854980469,1528.2568359375,3,0,1,1,1,12680.3835177951,12437.9250616776,12712.3860248766,12211.674375,14371.6902727273
"FT1154",301.161991172001,301.161954422613,301.162027921388,1538.88885498047,1536.81494140625,1540.96276855469,2,0,1,1,1,15534.8145370483,15233.7572479248,16040.6683082581,12643.1599999999,18097.4133928572
"FT1155",301.162365150907,301.162365150907,301.162365150907,1415.86108398438,1415.86108398438,1415.86108398438,1,0,0,1,1,10875.5659251494,8466.0336227417,11535.3987390855,11511.3805577895,12604.9345555555
"FT1156",301.162148616476,301.162148616476,301.162148616476,1427.17944335938,1427.17944335938,1427.17944335938,1,0,0,1,1,10747.0999145508,11023.9444508272,10631.3119506836,11555.5391199449,11928.2117777779
"FT1157",301.162144443366,301.162144443366,301.162144443366,1448.63366699219,1448.63366699219,1448.63366699219,1,0,0,1,1,19989.0249815245,19809.762536951,19467.3684624566,21857.9171212333,25496.6680810812
"FT1158",301.162305829596,301.162305829596,301.162305829596,1569.79260253906,1569.79260253906,1569.79260253906,1,0,1,0,1,25898.8762832269,15250.2199009487,21323.5992867606,29942.1698571429,19047.1008300781
"FT1159",301.16196982357,301.16196982357,301.16196982357,1398.23083496094,1398.23083496094,1398.23083496094,1,0,0,1,1,2114.36538260324,8137.02102225167,6523.30159214565,4641.98385184152,9815.83379999982
"FT1160",301.162178413163,301.162178413163,301.162178413163,1369.24560546875,1369.24560546875,1369.24560546875,1,0,0,1,1,16572.9813442888,16262.2154215495,18105.4145507812,16378.4767415365,18485.7770322582
"FT1161",301.162054227972,301.162054227972,301.162054227972,1487.46606445312,1487.46606445312,1487.46606445312,1,0,0,1,1,16608.9428381018,24704.4444877006,21689.4005357897,22258.7952287004,26111.4310270271
"FT1162",301.162072617277,301.162072617277,301.162072617277,1591.74890136719,1591.74890136719,1591.74890136719,1,0,1,0,1,10179.9996402138,11915.5942382812,11864.7532552083,13415.7707999999,11579.4279399671
"FT1163",302.097653767646,302.096643026081,302.098247858005,537.173706054688,537.013549804688,537.754333496094,5,3,1,1,1,19515.63,20328.5999999999,19259.0561428571,7863.43199999999,14760.5212307691
"FT1164",302.098921202089,302.098538714801,302.099103018432,623.948120117188,623.652648925781,624.432067871094,5,3,1,1,1,8215.6095,7865.17082352945,8083.11,7310.81999999999,8412.7392105263
"FT1165",302.23908348981,302.238652640934,302.239337264576,1009.23999023438,1009.1611328125,1009.96087646484,5,3,1,1,1,52868.9857000001,53867.7000000004,52713.1491428572,54922.4236842102,60161.4292105266
"FT1166",302.211781305519,302.21154922605,302.211807666065,952.47265625,951.853454589844,952.582,5,3,1,1,1,29198.4,27572.8525454545,27657.6559999999,62075.9024499997,52371.4935652177
"FT1167",302.144656791615,302.144444199507,302.145088836574,991.152,990.388854980469,992.5224609375,5,3,1,1,1,15760.727826087,15575.141076923,16273.41964,14502.4165909091,15601.4376
"FT1168",302.17540790907,302.175117485121,302.175696134464,739.649719238281,739.483154296875,741.424011230469,5,3,1,1,1,30785.3030434783,31544.313318182,32359.0784347825,17349.9991578947,24088.9541818182
"FT1169",302.215201860109,302.214865007814,302.215239284738,1186.82,1186.74731445312,1187.46398925781,3,2,0,1,1,3585.3384000001,3869.5044673295,3816.87854545444,3631.63595640976,4656.65900000006
"FT1170",302.599047395308,302.598357438815,302.599394419708,537.15869140625,537.013549804688,537.754333496094,5,3,1,1,1,9837.52083333333,10363.7753846153,10055.1895714286,4505.74800000003,8133.01369230777
"FT1171",303.050113913439,303.050051541777,303.050230947605,630.887817382812,630.234497070312,631.348,5,3,1,1,1,49367.2319999999,54572.891034483,52434.7131724137,21032.058,56491.3661666666
"FT1172",303.050116839009,303.04988534245,303.050234225397,512.58837890625,512.445190429688,513.26171875,5,3,1,1,1,15040.884,15302.4487058823,15168.4980000001,7563.09331250002,16145.3276470589
"FT1173",303.094742607503,303.094292063036,303.095378467139,537.166198730469,537.08,537.754333496094,4,3,0,1,1,9092.41360000009,9402.58581818183,8846.54550000004,2475.11532788087,8006.50500000009
"FT1174",303.170501366541,303.170250588712,303.170594775378,753.4677734375,752.744750976562,753.482543945312,5,3,1,1,1,26289.6793076922,25955.2885714286,26558.6793749999,8977.92899999997,24784.656611111
"FT1175",303.178735148002,303.178381607979,303.17939452263,740.199,739.483154296875,741.424011230469,5,3,1,1,1,5551.66166666667,6512.87653846148,6382.66909090907,2839.9185,4447.74500000003
"FT1176",303.215051258846,303.214811232771,303.215301130305,952.530029296875,951.853454589844,953.118469238281,5,3,1,1,1,5553.42774999997,5657.04000000003,5458.44218181826,12320.7311428572,10735.8645
"FT1177",303.241786013559,303.241363699429,303.242010829101,1009.23999023438,1009.1611328125,1009.24,4,2,1,1,1,4070.06800000001,4117.36597095836,3507.5791666667,3684.78512499993,4515.46874999994
"FT1178",303.595506198292,303.595354105567,303.595658291018,537.4204765625,537.126953125,537.714,2,2,0,0,1,3297.62500000001,2739.71478892298,3251.28374999997,546.07071533203,2536.10842220633
"FT1179",304.053534590909,304.053299637456,304.053680127169,630.758483886719,630.234497070312,631.348,4,3,0,1,1,8728.90361538465,9354.28410000002,8330.63792592594,3354.21054535964,8798.36250000005
"FT1180",304.049527752786,304.049297836962,304.049921442059,794.521,794.52099609375,794.546203613281,3,3,0,0,1,3937.44689999998,4254.16384615384,4145.88775000003,790.203412963864,1233.95324969482
"FT1181",304.173614969723,304.173493677897,304.17403552114,753.155884277344,752.744750976562,753.481689453125,4,3,0,1,1,4558.73124999999,4429.28633333336,5005.82492307691,1440.99183712768,4940.44479999998
"FT1182",304.261220404109,304.259768684295,304.261656174572,1161.92321777344,1161.16076660156,1161.98583984375,5,3,1,1,1,11356.7311666666,9710.79376470578,10873.4694444444,7625.06752941164,11120.7438
"FT1183",304.190935424634,304.190032091378,304.191018064217,785.712,785.050659179688,785.826049804688,5,3,1,1,1,26287.9936842105,25891.1651249999,26254.9264444445,18961.925818182,24166.2676999999
"FT1184",304.299790222851,304.299735599605,304.300099300976,926.702453613281,926.270935058594,927.725036621094,5,3,1,1,1,10413.312,10696.1538095238,10932.1523809524,10843.3602,11430.1619090909
"FT1185",304.894967909059,304.894021345183,304.9740639005,1641.68615722656,1635.23828125,1642.44384765625,9,3,1,1,1,17356.3105882353,17596.4852941176,18076.4540000001,21272.2506666668,23304.4576470588
"FT1186",304.973136573956,304.973136573956,304.973136573956,1521.96606445312,1521.96606445312,1521.96606445312,1,0,0,1,1,11298.3456268311,21692.5038319463,21362.7394011124,9795.00288192086,15916.0094400001
"FT1187",304.973070531483,304.973070531483,304.973070531483,1476.9091796875,1476.9091796875,1476.9091796875,1,0,0,1,1,25161.0431315104,27488.8224609375,26988.5495143581,15771.6834089949,22431.0657894737
"FT1188",304.973199756685,304.973199756685,304.973199756685,1494.8779296875,1494.8779296875,1494.8779296875,1,0,0,1,1,20248.3180338542,22756.3056466239,22141.5818743025,11419.1344081334,18299.3437142858
"FT1189",304.973275878643,304.973275878643,304.973275878643,1542.81762695312,1542.81762695312,1542.81762695312,1,0,0,1,1,2825.82028596298,11934.9426269531,18004.9147896145,6832.96285878057,14939.5277083334
"FT1190",305.102458376412,305.101994954306,305.102603128774,507.07861328125,506.763549804688,507.628967285156,5,3,1,1,1,55991.4594666667,55893.3653571427,55636.7947058826,18369.4021538461,50919.8868750001
"FT1191",305.157360340272,305.15668068491,305.157794674545,1641.64697265625,1641.02124023438,1641.78283691406,5,3,1,1,1,20033.8821304348,19850.417727273,19687.667727273,21816.9852173913,22372.4309130436
"FT1192",305.194421416324,305.193934856063,305.194508922954,785.145629882812,785.042114257812,785.826049804688,5,3,1,1,1,4872.04892307698,5387.87833333328,5128.30990909085,5643.14653846157,4145.59199999995
"FT1193",305.157071037035,305.156640552569,305.157092364449,410.095,409.976501464844,410.8330078125,5,3,1,1,1,5577.96138461537,5754.80357142857,5709.4057142857,8399.45399999999,7073.53799999999
"FT1194",305.156648005818,305.156648005818,305.156648005818,1407.07360839844,1407.07360839844,1407.07360839844,1,0,0,1,1,636.549769810268,11742.5690018503,9205.19161826686,10148.2606201172,13634.6308571428
"FT1195",305.157202515794,305.157202515794,305.157202515794,1375.56555175781,1375.56555175781,1375.56555175781,1,0,0,1,1,31128.4958163175,30981.2612082741,32646.7056206597,32866.0564191951,35538.4820666668
"FT1196",306.10557098917,306.105282511223,306.105856032817,507.07861328125,506.763549804688,507.628967285156,5,3,1,1,1,10296.0199999999,10181.5664999999,10016.5223333334,3296.36809090908,9153.7764545454
"FT1197",306.895199410411,306.89444386814,306.895724943547,1641.68615722656,1641.62463378906,1641.78283691406,5,3,1,1,1,5307.20020000005,6008.43573333332,5435.91272727277,6715.28300000013,6811.05764705881
"FT1198",307.083521046224,307.083417712513,307.083682104317,124.169,124.125350952148,124.183288574219,5,3,1,1,1,30075.5598387097,30816.33864,29258.69856,26980.38025,27877.2008
"FT1199",307.057843214916,307.057524179409,307.058142453085,794.528198242188,794.52099609375,795.189880371094,5,3,1,1,1,47906.2651428571,48850.571,48781.7918181818,22759.5931578947,36705.2399999999
"FT1200",307.128944562955,307.128461460423,307.129048829419,623.948120117188,623.250244140625,624.432067871094,5,3,1,1,1,14164.9481333333,14055.0549375001,14762.435,12498.1317777779,15112.3649999999
"FT1201",307.083536755535,307.083311749946,307.083701624434,86.08,85.254264831543,86.7453002929688,5,3,1,1,1,39128.7345625,34337.16,36946.5819411765,37902.9261111111,36967.1079411765
"FT1202",307.584894539279,307.584726717572,307.585215239493,124.150619506836,123.526,124.183288574219,5,3,1,1,1,7344.82869565218,7620.96052,7809.62861538461,7083.52057894737,6069.37590000001
"FT1203",307.584860536953,307.584637063356,307.585141506922,86.08,85.254264831543,86.7453002929688,5,3,1,1,1,10110.6,9011.94933333334,9524.89475,9265.33281818182,9548.09
"FT1204",308.090909454724,308.064019367144,308.09113958157,85.4459991455078,84.822,86.0800018310547,7,3,1,1,1,56888.1573,51094.4090526316,2968.56533333333,62739.5085263158,3133.468125
"FT1205",308.061178143041,308.060648455953,308.061322734763,794.852601806641,794.52099609375,795.823059082031,4,3,0,1,1,8365.50884210525,7838.12700000004,7526.98258823527,3495.30285082365,6115.30863157895
"FT1206",308.16237023588,308.161683705201,308.162703465683,870.35,870.349975585938,870.415649414062,5,3,1,1,1,32269.0107142857,31993.1414999999,32714.4437142859,35499.540047619,35547.9680000001
"FT1207",309.094056004168,309.093689380514,309.094252504891,86.08,85.254264831543,86.7453002929688,5,3,1,1,1,6611.5721875,5395.53035,5790.23815384615,7174.22353333333,7858.5046
"FT1208",309.165949721252,309.165014135466,309.166070739231,870.415649414062,870.349975585938,871.000732421875,5,3,1,1,1,5712.48900000002,5186.76230769229,5046.44,6494.32933333335,6722.71233333336
"FT1209",309.203474741571,309.203208328025,309.204000778082,1043.57162841797,1043.22607421875,1044.01171875,4,3,0,1,1,9326.03999999994,9839.82600000004,10703.5324444445,5218.12227564913,9116.14200000012
"FT1210",310.086506502861,310.085752498003,310.086945858376,537.173706054688,537.013549804688,537.754333496094,5,3,1,1,1,79283.998666667,76726.8786000002,73407.1062499995,33943.6500000002,63225.3776470588
"FT1211",310.18014404179,310.180002658881,310.180758389659,845.649047851562,845.399047851562,845.955993652344,5,3,1,1,1,13697.4109999999,12369.422,12538.898,9219.70669565216,11509.4014736842
"FT1212",310.216585727381,310.216319298819,310.217234894072,998.579895019531,997.662963867188,998.638,5,3,1,1,1,14009.0489333333,15330.09345,14424.0199999999,12730.6375,14880.7296
"FT1213",310.178207491967,310.177906109439,310.179930766438,900.924775390625,900.028686523438,915.689270019531,6,3,1,1,1,36268.6,36597.7255,37095.625,41802.0141199999,47192.7472499999
"FT1214",310.177715829178,310.177509195675,310.178125698986,1196.99,1186.83276367188,1197.42443847656,3,1,0,1,1,9320.73344328706,9242.02921314383,7022.34750000004,10482.3655970982,7967.74140000006
"FT1215",310.235093723589,310.235093723589,310.235093723589,871.65673828125,871.65673828125,871.65673828125,1,0,1,0,1,1975.93700232873,2726.0056246244,2763.04193115234,3245.66142857141,2748.58331298828
"FT1216",310.310482486142,310.310027364386,310.310942368622,1249.10766601562,1248.73693847656,1249.79187011719,3,1,1,1,1,3830.06271428568,3241.15757533482,4048.02335298978,4222.2828,9730.19333333347
"FT1217",310.588040837486,310.587513769583,310.588559940189,537.173706054688,537.013549804688,537.754333496094,5,3,1,1,1,32541.6125333335,31188.6986666668,30334.447,13971.744,26293.7607142857
"FT1218",311.123778003695,311.123443684124,311.123930342088,317.421,317.346740722656,318.327453613281,5,3,1,1,1,7524.95053333334,7771.81799999998,7700.36999999998,6527.42199999998,6868.84359999998
"FT1219",311.126467276678,311.125988131612,311.126713607455,890.606,889.977172851562,891.005249023438,5,3,1,1,1,6696.85058823527,6744.99666666665,6372.20541176468,3921.36509090912,5066.11399999999
"FT1220",311.08947370707,311.08890766915,311.089934177038,537.166198730469,537.08,537.754333496094,4,3,0,1,1,7186.12100000004,7832.40400000003,7122.01538461542,2782.54927075196,5602.11492307686
"FT1221",311.181388615286,311.181211771353,311.181687993733,900.879760742188,900.028686523438,901.669921875,5,3,1,1,1,7315.25933333329,7100.86000000002,7152.3437142857,7417.67740909088,8049.5962105263
"FT1222",311.255746926988,311.25549191801,311.256319277033,1112.011,1111.47131347656,1112.11645507812,5,3,1,1,1,35816.2062608697,38642.4399999998,37302.1165652172,16407.0906666667,21743.6326956522
"FT1223",311.136539122564,311.136348215983,311.136730327178,670.630981445312,670.017578125,670.684,5,3,1,1,1,15238.6986666666,16452.7225294118,15409.5440588235,6569.64000000004,14992.1592777778
"FT1224",311.13664418944,311.136033131616,311.137000297867,706.199401855469,705.885681152344,706.981262207031,5,3,1,1,1,33018.4608000001,32875.6499999999,33085.27,8952.00681818184,31105.105
"FT1225",311.255715098505,311.255327762919,311.25609478357,1089.81525976562,1088.61401367188,1090.10119628906,4,3,0,1,1,14563.32778125,18384.6543076923,17008.0836000001,15931.930415521,15598.8671052631
"FT1226",311.256088576335,311.255698760072,311.256231773854,1070.94567871094,1070.41247558594,1072.201,3,3,0,0,1,11569.0294285714,11074.3592142857,11906.8800000001,9992.90288411454,8389.97726754321
"FT1227",311.25807830345,311.257911661503,311.258595677909,943.046,941.161560058594,943.696044921875,5,3,1,1,1,16034.33808,16622.2786923077,16500.7745000001,15244.36704,10951.33672
"FT1228",311.257876032166,311.25767268667,311.258044724995,902.681,902.134216308594,903.332214355469,5,3,1,1,1,13766.8033333333,14710.1713333334,13820.0480000001,11270.8264210526,13743.85425
"FT1229",312.232512427129,312.232165402622,312.232861680963,992.250061035156,991.884948730469,992.389,5,3,1,1,1,114284.125565217,111718.688,108471.300434782,128199.001304348,120266.942727273
"FT1230",312.1961584844,312.195730877776,312.196519536134,792.005615234375,791.995910644531,792.628,5,3,1,1,1,49762.31575,51524.2594999998,49114.8360000002,46129.9492500002,37095.9600000002
"FT1231",312.196048502069,312.195586335035,312.196273797933,908.491905761719,907.819274902344,908.889099121094,4,3,0,1,1,27442.6212857142,27539.1782500002,27700.8289500001,30521.74339281,40695.9360000002
"FT1232",312.196118074634,312.196025207964,312.196374754505,923.315818847656,922.688537597656,923.625610351562,4,3,0,1,1,75263.5747741936,72636.4184193546,76770.272903226,83307.1364601383,127019.961391303
"FT1233",312.196150205625,312.195672460523,312.196321584966,943.053700683594,942.87109375,943.580688476562,4,3,0,1,1,50360.3482608697,52189.9337500001,51660.9154782609,77354.8304666268,66963.4223478259
"FT1234",312.139926255312,312.139842634536,312.140240109874,705.992340576172,705.615234375,706.199401855469,4,3,0,1,1,5943.72450000008,5856.92399999996,5967.78954545459,1980.42052151768,5488.23272727275
"FT1235",312.196121659624,312.195441019251,312.196126931533,873.52001953125,873.398681640625,873.53515625,3,1,1,1,1,3279.44063895089,4450.28318181817,4681.9958984375,7149.91080952381,6940.94545454546
"FT1236",312.25910667373,312.25861374688,312.259564373936,1111.74725341797,1111.378,1112.11645507812,4,3,0,1,1,6038.03527777779,6532.29416666664,6860.76334782605,2428.09745377603,3146.147
"FT1237",313.094895674792,313.094497483044,313.095383946599,537.173706054688,537.013549804688,537.754333496094,5,3,1,1,1,18182.9430588236,18615.754,16828.8785294119,10169.4016,17224.1451250001
"FT1238",313.094578776758,313.094478561276,313.094925218523,624.409,623.652648925781,624.5849609375,5,3,1,1,1,38426.6482352937,37183.4880000002,39529.9768421056,29481.057875,38928.0603529412
"FT1239",313.235900647059,313.235459700724,313.236043055854,992.250061035156,991.884948730469,992.389,5,3,1,1,1,27809.0085714287,27879.4319999999,27366.3080000001,31703.2227272728,28989.8236363637
"FT1240",313.199206186515,313.198913265951,313.199539209849,942.87109375,942.419006347656,943.580688476562,5,3,1,1,1,11462.7063157895,11217.9667916667,11270.2643333334,16491.5803478262,14616.9198333333
"FT1241",313.199269925872,313.19883715286,313.199933836407,792.005615234375,791.995910644531,792.628,5,3,1,1,1,11205.75325,10293.6552777777,11042.02,10477.4023529412,8736.09117647065
"FT1242",313.234940880185,313.234496630091,313.235278609798,962.66,962.579223632812,963.238525390625,5,3,1,1,1,30384.7404545455,36251.9167187499,33880.1552941178,13678.4890476191,25347.8322727272
"FT1243",313.1994315306,313.199250705992,313.199661111847,923.315818847656,922.688537597656,923.625610351562,4,3,0,1,1,16451.8887142857,16935.6581666666,16750.2501875,19465.20479226,29745.2932173911
"FT1244",313.198543926527,313.198517895427,313.198863425208,700.480163574219,700.007690429688,701.038,3,3,0,0,1,8222.62350000001,8506.91111111115,8399.77154545454,1396.19861159445,3827.49109183174
"FT1245",313.199253200064,313.199131146182,313.199375253947,908.213043212891,907.819274902344,908.606811523438,2,2,0,0,1,5914.36299999996,5755.82294117647,4985.4681854248,7605.44310092926,6937.65438556671
"FT1246",313.27392031727,313.273701531206,313.274248108108,977.743835449219,977.175109863281,977.780334472656,5,3,1,1,1,49304.2607142854,49720.4183478263,50529.7133913041,54449.5722105263,53997.2427272725
"FT1247",313.274002739405,313.27359839166,313.274171643769,1045.448,1041.33239746094,1046.09094238281,5,3,1,1,1,52725.5311428574,53796.1409999997,53338.4990000004,41244.7212857144,51116.6831538461
"FT1248",313.274013576089,313.274013576089,313.274013576089,1074.740234375,1074.740234375,1074.740234375,1,0,0,1,1,6384.07595703125,6443.939140625,5837.99069335937,7685.63971416767,8114.07644444438
"FT1249",313.274662454219,313.274662454219,313.274662454219,998.933227539062,998.933227539062,998.933227539062,1,0,1,0,1,11942.7885076349,5677.23202237216,6911.21024816176,14077.3929117648,8966.83075875947
"FT1250",314.097700473015,314.097597955413,314.098231110219,624.5849609375,623.250244140625,625.0615234375,3,1,1,1,1,6506.91176470588,5661.73998151507,5853.22692871094,5307.47153846155,5686.45028571433
"FT1251",314.187458116967,314.159266017877,314.212153896403,939.255415527344,938.41162109375,939.763916015625,8,3,1,1,1,3086.17319999997,4004285.30454167,4024257.14666666,4514655.94650002,8613.98399999994
"FT1252",314.21194578037,314.211275279949,314.238620093091,963.250549316406,956.260314941406,971.450012207031,11,3,1,1,1,4491.48249999997,5276.74184615384,5362.92575000001,1855541.9266087,3728.23200000003
"FT1253",314.211581704429,314.211448104153,314.211641273339,833.968,833.81005859375,834.302612304688,5,3,1,1,1,15072.111,15352.4630454547,16028.4457142857,17391.045,18436.6904761905
"FT1254",314.21151833611,314.211355685296,314.211998184591,1196.88635253906,1185.58251953125,1197.42443847656,3,1,0,1,1,44087.8735999999,77829.7287006378,82632.1848716736,89473.5717830658,71491.5631304344
"FT1255",314.211470364186,314.211470364186,314.211470364186,1168.05529785156,1168.05529785156,1168.05529785156,1,0,0,1,1,44543.2640625,46351.271484375,49200.146484375,50031.5176757813,63475.2487619042
"FT1256",314.211900289246,314.211900289246,314.211900289246,1216.1181640625,1216.1181640625,1216.1181640625,1,0,0,1,1,60098.7092537716,41618.1617052802,68525.2219154095,76387.0039735991,86747.9269999997
"FT1257",314.238567057251,314.238567057251,314.238567057251,991.884948730469,991.884948730469,991.884948730469,1,0,1,0,1,976.201248168945,1376.3786315918,1657.87773132324,3043.26666666668,2464.02168273926
"FT1258",314.211456879896,314.211456879896,314.211456879896,1146.80529785156,1146.80529785156,1146.80529785156,1,0,0,1,1,43271.9915771484,49199.9010398171,51731.9273158482,61561.5088181269,65395.7467826083
"FT1259",314.277408265443,314.276841004962,314.277463480272,1044.824,1041.33239746094,1045.89477539062,5,3,1,1,1,10903.336,10576.1948275862,10926.0824482759,9178.56122222223,10567.1639032258
"FT1260",314.396467948344,314.312432910542,314.452598338905,938.624145507812,937.861450195312,939.05810546875,12,3,1,1,1,8759.10549999999,7549.91550000003,8416.95818181811,13032.6573,5759.08319999984
"FT1261",314.277570226556,314.277183137746,314.452135187511,977.597,970.809753417969,978.401672363281,7,3,1,1,1,9621.74964705883,9556.14133333331,9280.64133333341,10684.4213157894,10394.98
"FT1262",314.650111372906,314.649425971293,314.836157119229,938.626403808594,937.861450195312,939.05810546875,8,3,1,1,1,2682.83999999999,32140.5141818183,2489.97866666667,15548.6099999998,22116.6659999996
"FT1263",314.84983050207,314.849649486834,314.850011517307,1643.16607666016,1642.92956542969,1643.40258789062,2,0,1,1,1,2968.24770220588,3386.84673713235,2953.29773667279,5456.42580000001,5555.89177777773
"FT1264",314.649952700369,314.64930754574,314.650597854998,971.144012451172,970.809753417969,971.478271484375,2,0,1,1,1,NA,113.962280273438,303.8994140625,6626.44542857147,6879.6285714286
"FT1265",315.042854787245,315.042854787245,315.042854787245,938.624145507812,938.624145507812,938.624145507812,1,0,1,0,1,1756.05708530971,562.662414550781,470.152603149414,10817.8599999998,6878.67474365234
"FT1266",315.214984805439,315.214689869665,315.215174165204,971.425012207031,970.809753417969,971.450012207031,4,3,1,0,1,292624.269913042,286401.310695654,285974.799000001,429856.336304348,403227.489748537
"FT1267",315.177887069037,315.177425803407,315.178759367652,1635.52825927734,1633.48376464844,1636.042,4,3,0,1,1,29796.8202857142,38624.048,30252.094888889,42611.9126586914,59227.2783749999
"FT1268",315.214649719837,315.214557283452,315.2149726436,1195.07458496094,1183.71667480469,1197.42443847656,3,0,1,1,1,18856.6472376773,20441.6103242573,20283.8928672389,18263.7932692308,17891.6289230768
"FT1269",315.214925075529,315.214840539026,315.215009612032,1228.34643554688,1227.18676757812,1229.50610351562,2,0,1,1,1,8527.69421768188,8946.1992632548,10375.6555595398,12844.9638000001,16700.7364615387
"FT1270",315.214744102639,315.214640513925,315.214847691354,1280.01849365234,1275.67626953125,1284.36071777344,2,0,0,1,1,9273.33,10946.34,12283.3125,15632.8125,10627.2145263158
"FT1271",315.177938090069,315.177938090069,315.177938090069,1448.63366699219,1448.63366699219,1448.63366699219,1,0,0,1,1,13748.1661667597,9767.61779203869,17533.0190917969,26091.0001586914,34783.7941818183
"FT1272",315.178147087014,315.178147087014,315.178147087014,1437.2724609375,1437.2724609375,1437.2724609375,1,0,0,1,1,21275.2919677734,20408.2459635417,20866.1883300781,22145.2827933175,22834.3743999998
"FT1273",315.177765531008,315.177765531008,315.177765531008,1461.19213867188,1461.19213867188,1461.19213867188,1,0,0,1,1,17301.9014322917,23454.8348632813,22574.6002929687,23778.39140625,24907.1650000004
"FT1274",315.214857691455,315.214857691455,315.214857691455,1262.38623046875,1262.38623046875,1262.38623046875,1,0,0,1,1,7749.01205880301,7032.56796700614,11000.0456711342,11451.7031755119,19514.5074999999
"FT1275",315.21505613013,315.21505613013,315.21505613013,1212.31457519531,1212.31457519531,1212.31457519531,1,0,0,1,1,7399.16520182292,8091.58256022135,8022.67532552083,11418.5308919271,10611.4793750002
"FT1276",315.177932652077,315.177932652077,315.177932652077,1480.06188964844,1480.06188964844,1480.06188964844,1,0,0,1,1,11814.8922119141,16473.2153486772,30898.6018763951,19165.1338390004,35564.7457826085
"FT1277",315.177637976371,315.177637976371,315.177637976371,1494.25463867188,1494.25463867188,1494.25463867188,1,0,0,1,1,11293.9575972124,31743.9699596058,30255.9726880944,26809.9493630149,34639.6972727274
"FT1278",315.177991212231,315.177991212231,315.177991212231,1524.40344238281,1524.40344238281,1524.40344238281,1,0,0,1,1,24372.4686802455,37964.5631975446,38803.393572772,31191.3342285156,42148.4705172415
"FT1279",315.214912623876,315.214912623876,315.214912623876,1155.49572753906,1155.49572753906,1155.49572753906,1,0,0,1,1,11367.4960725204,12241.5704717221,12990.1007080078,14645.9073486328,15478.7099999998
"FT1280",315.177850313961,315.177850313961,315.177850313961,1361.65698242188,1361.65698242188,1361.65698242188,1,0,0,1,1,11775.227734375,27308.8257300967,26570.1552490234,20248.7021949405,30809.5935909091
"FT1281",315.178090085694,315.178090085694,315.178090085694,1383.75830078125,1383.75830078125,1383.75830078125,1,0,0,1,1,36476.5814208984,34626.7172241211,36284.0911429269,39733.908429827,41131.1919999999
"FT1282",315.177624204887,315.177624204887,315.177624204887,1406.43591308594,1406.43591308594,1406.43591308594,1,0,0,1,1,37482.4728628305,49156.3214078336,48292.9288908306,54859.5373535156,56895.0653846154
"FT1283",315.214997607909,315.214659920654,315.215422464292,939.158552734375,938.624145507812,939.259887695312,4,3,1,0,1,1100804.17130435,1117866.09143478,1121075.32747826,1711726.71234783,1037756.81227539
"FT1284",315.452352772253,315.452290048985,315.452415495522,938.942016601562,938.624145507812,939.259887695312,2,1,1,0,1,3227.26433333332,2128.09764099121,2589.99395751953,14076.702,10010.5656789144
"FT1285",315.631609352793,315.63111921855,315.644923395154,938.625274658203,938.624145507812,938.627,4,2,1,0,1,2985.50599999999,3263.88871613419,2786.49571428572,10728.0484999999,14587.8054105573
"FT1286",316.086913483772,316.086512669014,316.087133860181,507.07861328125,506.763549804688,507.628967285156,5,3,1,1,1,15310.5545714285,15430.474,14887.7749230769,6893.30372727271,13225.5447692307
"FT1287",316.218084182086,316.21777626913,316.218486642041,938.627,938.624145507812,939.122436523438,5,3,1,1,1,142596.788260869,146410.319,146869.870826087,223258.389391305,184037.442173912
"FT1288",316.161714577278,316.161504796546,316.161895265625,85.4459991455078,85.254264831543,85.4686279296875,5,3,1,1,1,16204.7815384615,14319.8036363636,15842.78275,16006.4333333333,15392.5190769231
"FT1289",316.218071255829,316.217248577356,316.218445295778,971.45,970.809753417969,971.478271484375,5,3,1,1,1,36711.8129999999,36422.0025217393,34633.3901052631,54430.5455217392,64267.93175
"FT1290",316.227416514367,316.22708914545,316.22771662579,1004.0634765625,1003.59295654297,1004.29107666016,5,3,1,1,1,1526344.47913043,1607747.76695652,1596230.22130435,2544833.22449998,3121987.64347826
"FT1291",316.227175582539,316.22593118122,316.227375991653,867.809020996094,867.319580078125,868.552490234375,5,3,1,1,1,5290.01149999996,5285.40466666665,5115.31307692307,3248.82352941176,5221.45250000001
"FT1292",316.174340690962,316.173779240955,316.17538418682,1635.96203613281,1633.91857910156,1636.042,4,3,0,1,1,22935.6773333333,21570.9778285715,15772.2830769231,24191.9224018298,18458.2873333334
"FT1293",316.174308557297,316.174119939124,316.174594498758,1524.40344238281,1523.97619628906,1536.81494140625,3,0,1,1,1,22846.1797756619,26871.5374920819,26929.5018871411,19257.1395833333,23690.7504000001
"FT1294",316.174352326162,316.174352326162,316.174352326162,1510.93078613281,1510.93078613281,1510.93078613281,1,0,0,1,1,8165.11293247768,11257.6897321429,10741.493094308,8091.41391225962,11742.5303999997
"FT1295",316.174144258362,316.174144258362,316.174144258362,1480.70812988281,1480.70812988281,1480.70812988281,1,0,0,1,1,6763.64026521382,14025.4766845703,11498.0509225946,9374.27062988281,16906.0960952379
"FT1296",316.174455661805,316.174455661805,316.174455661805,1550.39013671875,1550.39013671875,1550.39013671875,1,0,1,0,1,23130.0614761845,20970.5358965474,21609.39554719,27989.8076875002,24723.3543071132
"FT1297",316.174467577945,316.174467577945,316.174467577945,1494.8779296875,1494.8779296875,1494.8779296875,1,0,0,1,1,19139.8140027276,21575.5478393555,21709.8202928112,20301.7227468183,25409.8233000002
"FT1298",316.1742879395,316.1742879395,316.1742879395,1465.61962890625,1465.61962890625,1465.61962890625,1,0,0,1,1,18576.7034179688,15375.7360043733,17675.0677001953,17246.1532470703,21963.8259230769
"FT1299",316.174590844667,316.174590844667,316.174590844667,1450.51794433594,1450.51794433594,1450.51794433594,1,0,0,1,1,11083.7100372314,9203.74255371094,9018.48979492187,11592.0396809896,14532.9091764705
"FT1300",316.174033317206,316.174033317206,316.174033317206,1601.82250976562,1601.82250976562,1601.82250976562,1,0,1,0,1,8676.3916015625,14759.93893272,13600.1766807155,14878.4724,15322.6956016139
"FT1301",316.174379062413,316.174379062413,316.174379062413,1576.68041992188,1576.68041992188,1576.68041992188,1,0,1,0,1,4936.6396817294,8408.34434925426,7857.96881103516,11040.4107499999,9657.42237345378
"FT1302",316.441195540911,316.402392057073,316.468797481568,1004.12823486328,1003.658,1004.19299316406,4,1,1,1,1,3583.56364949544,3857.28113301595,2440.09799999996,2592.52840000003,5195.0764444445
"FT1303",316.58835834628,316.587865709028,316.588522151956,507.449434814453,507.043090820312,507.628967285156,4,3,0,1,1,7926.95723076918,7559.42946153843,6670.44433333335,3331.57346725464,6293.99599999996
"FT1304",316.656503139202,316.645217476673,316.66744089722,1004.12823486328,1004.0634765625,1004.19299316406,4,0,1,1,1,1798.49837239583,2533.97591145833,2638.28483072917,13695.3985555555,18208.4355555558
"FT1305",317.101959574889,317.101899783579,317.102301720451,559.755,559.130004882812,559.873474121094,5,3,1,1,1,14640.1183529411,14492.4732941176,14817.3159999999,8372.19480000002,14819.3716249999
"FT1306",317.085296595765,317.084476804232,317.085445504864,507.269045410156,506.763549804688,507.628967285156,4,3,0,1,1,5868.6723333333,6267.09199999998,5801.97766666668,1987.67181449751,5263.52918181815
"FT1307",317.220656445894,317.219968311866,317.221121057886,938.626403808594,938.482971191406,939.05810546875,5,3,1,1,1,12510.7392857143,12679.3735714285,12131.0460000001,20541.4377142858,12618.8612499999
"FT1308",317.230769659802,317.230473591574,317.231092539356,1004.0634765625,1003.59295654297,1004.29107666016,5,3,1,1,1,349262.964285712,363745.650857146,362483.603999999,649996.686545455,806177.855000004
"FT1309",317.220410321874,317.219944131385,317.220876512363,971.144012451172,970.809753417969,971.478271484375,2,0,1,1,1,1791.22560882568,1857.05401611328,2644.91611175537,4148.90812500005,5695.13749999995
"FT1310",318.072672926077,318.072226694622,318.073243259406,537.166198730469,537.08,537.754333496094,4,3,0,1,1,7148.4375,7413.37683333338,7620.95384615389,1857.85369387818,5343.22750000006
"FT1311",318.23382968259,318.233538847343,318.234206805204,1004.0634765625,1003.59295654297,1004.29107666016,5,3,1,1,1,44240.8166470588,47387.2552222223,47097.4256,85110.3822222223,102860.8779
"FT1312",319.103130014904,319.102815631244,319.103444398564,628.600280761719,628.196166992188,629.00439453125,2,0,1,1,1,9421.66798400879,9715.41513824463,8724.73846121395,11535.3509333333,12044.7333333333
"FT1313",319.224567026845,319.224080284362,319.224778977478,1016.18511962891,1016.061,1016.26995849609,5,3,1,1,1,18574.9675294117,19432.1121176469,20020.19355,19195.322117647,17482.2912727272
"FT1314",319.235456443524,319.234810834408,319.236043467599,1003.658,1003.56243896484,1004.0634765625,5,3,1,1,1,3680.00966666667,3655.989,4335.01200000003,7480.52416666661,9897.77250000001
"FT1315",319.224678542788,319.224450796961,319.224945593634,949.93017578125,949.331176757812,950.042,5,3,1,1,1,97424.3260454545,94703.6589545451,94059.0921739131,95610.4618181813,87058.2900000002
"FT1316",320.213603825794,320.198046343031,320.228316558943,945.495574951172,940.339904785156,950.042,10,3,1,1,1,19715.8418,19946.721882353,18594.6547500001,19184.9799999998,9907.981875
"FT1317",320.198766860636,320.197847045325,320.228220325092,1008.9750859375,1008.51867675781,1016.26995849609,8,3,1,1,1,9003.0243333334,8833.26085714291,8521.75153846151,9284.255875,10454.1847500001
"FT1318",321.101749220787,321.101221688636,321.101970055245,737.661,737.570617675781,737.741394042969,5,3,1,1,1,24101.2258666665,23441.6233125002,24231.1547647059,21249.4617499999,24190.9360000001
"FT1319",321.240124813655,321.240005574904,321.24061089071,993.514282226562,993.155090332031,994.108154296875,5,3,1,1,1,21548.392,22090.5925882354,21084.0451764705,23226.088,19062.7
"FT1320",322.10435790205,322.103778230676,322.104577448503,737.66162109375,737.570617675781,737.741394042969,4,2,1,1,1,3581.27466666668,3822.43709090908,3651.94299871271,3225.14850000002,3341.90277777774
"FT1321",322.214356873624,322.213971578541,322.214655411928,1009.87481689453,1009.1611328125,1009.96087646484,5,3,1,1,1,11604.6133333334,11677.0223157894,11505.5093888889,10164.1095,12791.5675263158
"FT1322",322.243549105935,322.243365509051,322.243878841993,993.513671875,993.155090332031,994.108154296875,4,2,1,1,1,3896.06160000005,4058.80074999998,4242.09521789551,4180.95450000001,4269.19680000001
"FT1323",324.059306040792,324.059160978984,324.059330546127,77.216,77.0730056762695,78.0357818603516,5,3,1,1,1,22869.5347692308,22412.60975,22770.340625,23080.7999375,18031.7834117647
"FT1324",324.075815120733,324.075454227434,324.07591358806,507.07861328125,506.763549804688,507.628967285156,5,3,1,1,1,147656.565533334,139897.409374999,135484.012500001,64896.5169230768,121450.284800001
"FT1325",324.232310971632,324.232004605782,324.232502590764,1035.17834472656,1034.82653808594,1035.29321289062,5,3,1,1,1,430307.576478257,437325.629130433,431914.330916665,455865.623111113,503256.426173912
"FT1326",324.232300854073,324.232012399631,324.23262855216,1002.67655029297,1002.33203125,1003.02673339844,4,3,0,1,1,9927.16994117644,10835.9721428572,10332.2037333334,10085.6045137293,11195.5189444445
"FT1327",324.577411323204,324.577077606332,324.577590090547,507.07861328125,506.763549804688,507.628967285156,5,3,1,1,1,51398.5459999999,49375.1189999998,46095.3906666668,22937.1566153846,42363.8549333335
"FT1328",325.043101219068,325.043052585233,325.043455787179,81.0420608520508,80.8592910766602,81.0993957519531,5,3,1,1,1,9800.372,10809.7106923077,9923.60092307692,10129,8445.25733333333
"FT1329",325.067554957291,325.067485582932,325.06786717347,702.949,702.601989746094,703.100708007812,5,3,1,1,1,40455.5513333334,40841.6927999998,52194.8377659574,46632.4087499999,55444.0288695652
"FT1330",325.078472896239,325.078022931798,325.078788582801,507.07861328125,506.763549804688,507.628967285156,5,3,1,1,1,13513.9885833332,12046.421,12020.8193333334,5513.90236363635,11431.0807692307
"FT1331",325.067344151216,325.067308022772,325.067572474149,741.539978027344,741.402709960938,742.084,3,3,0,0,1,10810.9291304348,10207.1054347826,11255.1166521739,3469.59699000133,4522.24523350941
"FT1332",325.235719520011,325.235353630173,325.235861992319,1035.17834472656,1034.82653808594,1035.29321289062,5,3,1,1,1,105823.354304347,107642.522619048,108976.250499999,113586.816368421,124719.159999999
"FT1333",325.152533939191,325.152166917444,325.152562984111,753.474,753.381958007812,753.482543945312,5,3,1,1,1,68688.8562500006,68566.1586666669,67980.4328124995,26379.7788666665,68458.7946315792
"FT1334",325.27162221065,325.270763498811,325.272010857165,1165.014,1164.85705566406,1165.68200683594,5,3,1,1,1,133612.531043479,129257.01,133735.284869565,35006.5081818183,65995.0999565221
"FT1335",326.070478238148,326.070210023181,326.071344459096,702.949,701.342529296875,703.636169433594,5,3,1,1,1,5639.9843478261,6692.64716666666,6666.38704761908,4588.13506666664,10772.3968333334
"FT1336",326.247887389733,326.247551480669,326.248042053296,1034.82653808594,1034.654,1035.17834472656,5,3,1,1,1,674747.348863627,697499.387476195,691909.403478267,728263.926399997,777393.670909097
"FT1337",326.175259538335,326.174401370483,326.175280474951,863.437377929688,862.974914550781,863.989,5,3,1,1,1,8244.02380952381,8502.34550000002,8732.74251851854,8036.32445454544,8528.32290909089
"FT1338",326.155559292726,326.155085940565,326.155713683345,753.474,753.381958007812,753.482543945312,5,3,1,1,1,13340.8795384615,12880.4495454546,12500.2232500001,5033.50690909091,12146.687
"FT1339",326.211320785851,326.211247432853,326.211548664986,961.968078613281,961.321411132812,962.026,5,3,1,1,1,8362.61085714286,9052.13399999995,8270.19345000003,15296.9089565216,14392.2208695652
"FT1340",326.247728297944,326.247359297446,326.248602140816,1087.33752441406,1087.06140136719,1087.80480957031,5,3,1,1,1,7564.67727272723,7911.58447058831,7675.51499999999,9165.02205555562,9758.30700000001
"FT1341",326.175211803008,326.174851821054,326.175347068866,827.74755859375,827.498168945312,828.002807617188,5,3,1,1,1,45804.4907894736,47130.703238095,47517.4940952381,48979.6844761904,48792.7327499998
"FT1342",326.248097168454,326.247664789305,326.248666067558,1114.556,1113.92785644531,1115.23620605469,5,3,1,1,1,60546.0749047616,64671.6104761906,62255.8909090913,79900.214086957,76467.2152173906
"FT1343",326.248385094131,326.248306018732,326.248464169531,1068.18337744141,1067.97375488281,1068.393,2,1,0,1,1,5515.31938899999,5078.10219406133,4930.47487096777,7090.68078463654,5898.17656249995
"FT1344",326.274966418118,326.274366304835,326.275474351992,1165.014,1164.85705566406,1165.68200683594,5,3,1,1,1,25479.9465714286,24905.3606842103,25988.4848695651,7114.02347368423,12320.5050000001
"FT1345",326.378108239484,326.377703720051,326.379015142197,1634.65561865234,1633.48376464844,1635.89697265625,4,3,0,1,1,22407.9093750001,28000.268074074,46619.8777391301,44793.8763250091,46546.6856666666
"FT1346",326.378168921322,326.378168921322,326.378168921322,1566.63427734375,1566.63427734375,1566.63427734375,1,0,1,0,1,18868.3174641927,17826.7321777344,22310.7568359375,27166.2336000003,26356.6907226563
"FT1347",326.378020637712,326.378020637712,326.378020637712,1582.36413574219,1582.36413574219,1582.36413574219,1,0,1,0,1,7064.50090680804,21468.991234189,23256.7906605114,24768.8967272728,17793.394484747
"FT1348",326.377744864292,326.377744864292,326.377744864292,1601.82250976562,1601.82250976562,1601.82250976562,1,0,1,0,1,7257.7392578125,23837.5278049045,22843.350982666,22328.373,23696.5993780839
"FT1349",326.377927564352,326.377927564352,326.377927564352,1533.11999511719,1533.11999511719,1533.11999511719,1,0,1,0,1,15184.3730694806,18865.9261997768,21612.6173186126,25321.6529999998,21356.2255497685
"FT1350",326.378490199119,326.377853083809,326.378877365573,1054.112,1053.59155273438,1055.03088378906,5,3,1,1,1,89643.0638399995,91762.5581999989,89470.0019200003,96953.4357692312,94202.0692592592
"FT1351",327.08413106709,327.083740181723,327.08425842872,507.403869628906,507.043090820312,507.628967285156,5,3,1,1,1,123203.7006,120246.848380952,122168.442,70821.0584999999,112469.0826
"FT1352",327.008228365639,327.007981089898,327.008417509191,808.091217041016,807.794,808.447265625,4,3,0,1,1,9080.45260000003,8476.56759090906,8751.6285238095,5286.33590057079,10216.861
"FT1353",327.110397541865,327.110023419497,327.110669818997,706.223388671875,705.885681152344,706.722,4,3,0,1,1,5250.60654545457,5339.98318181815,5712.70461538461,2204.08959808817,5043.58649999998
"FT1354",327.227068421324,327.226782406631,327.2277007172,1196.351,1196.251953125,1196.92639160156,5,3,1,1,1,46319.8169999994,45827.6105000003,50818.8437894733,46969.9366315789,46133.2793684214
"FT1355",327.251338263925,327.250974430588,327.251455160214,1034.65405273438,1034.5576171875,1035.04931640625,5,3,1,1,1,170203.646666666,173779.782380953,170450.951818183,181646.607999999,195946.195565218
"FT1356",327.178240137877,327.178200270409,327.178407766359,827.74755859375,827.498168945312,828.002807617188,5,3,1,1,1,10369.726888889,10451.1243125,10208.0853333333,10629.1980555556,10410.4863333333
"FT1357",327.251366326816,327.250738249442,327.251772971065,1114.556,1113.92785644531,1115.23620605469,5,3,1,1,1,14623.7797222221,15015.66165,15239.181,20686.0655,18175.8850526314
"FT1358",327.381708362464,327.381169651512,327.382130597476,1054.112,1053.59155273438,1055.65380859375,5,3,1,1,1,21607.3761818183,22504.0379999998,21650.3872000001,24633.2687500001,21602.9094399999
"FT1359",328.087215179999,328.086911846341,328.087592921048,507.403869628906,507.043090820312,507.628967285156,5,3,1,1,1,21646.4620625,21305.9077647057,22047.8705882354,12574.0095384615,20098.9866666668
"FT1360",328.074940778607,328.074940778607,328.074940778607,352.071075439453,352.071075439453,352.071075439453,1,0,0,1,1,3811.52685546875,4014.73794937134,3638.7036895752,2485.74995040894,4223.43699999999
"FT1361",328.227561890434,328.227233824881,328.227616180117,987.859191894531,987.821960449219,988.071,5,3,1,1,1,101669.432869566,103425.206260869,99912.4115217386,150416.722499999,226893.12
"FT1362",328.230309575562,328.229847958262,328.230870695277,1196.351,1196.251953125,1196.92639160156,5,3,1,1,1,9588.58266666666,9516.86592857153,9811.84750000013,10015.5699374999,9724.66376470588
"FT1363",328.254412333824,328.254057111593,328.254596445763,1034.82653808594,1034.654,1035.17834472656,5,3,1,1,1,21552.5605555557,22825.6550526315,21340.068647059,23019.2806666666,24377.1610500002
"FT1364",328.190972733789,328.190722769482,328.19105580202,781.233642578125,780.778015136719,781.452697753906,5,3,1,1,1,249900.076190476,246906.255999999,250960.703142857,250682.906857143,230353.125
"FT1365",328.263751235233,328.263244283361,328.264246335427,1115.8369140625,1115.75280761719,1116.51342773438,5,3,1,1,1,143201.892727272,146162.100333333,143562.804545454,184510.051,174780.708863637
"FT1366",329.005394806958,329.005348486282,329.005470182469,808.347058837891,807.92431640625,808.447265625,4,3,0,1,1,8922.2736842105,8520.88369565213,8868.05013636365,5990.50344323731,9529.36199999996
"FT1367",329.230634493374,329.230601283922,329.230906378995,987.859191894531,987.821960449219,988.071,5,3,1,1,1,23558.25,23846.207590909,22647.7001904762,37073.5857142855,53533.0400000001
"FT1368",329.242815231658,329.24242361769,329.243009191048,1263.00427246094,1262.45458984375,1263.048,5,3,1,1,1,5078.91899999986,5464.81533333339,4823.27892857145,4422.42618181811,5558.95780000002
"FT1369",329.194309515316,329.194090829044,329.194412695757,781.233642578125,780.778015136719,781.452697753906,5,3,1,1,1,57240.0641578944,57151.7940999995,55889.8083333333,56781.3061764708,54858.7212000002
"FT1370",329.267004502407,329.266536660858,329.26748710688,1115.8369140625,1115.75280761719,1116.51342773438,5,3,1,1,1,33242.7899999999,35769.8865000002,36007.4892857145,46039.3852631574,42954.5688
"FT1371",330.197393209413,330.19717445501,330.197817594969,781.302,781.229736328125,782.08837890625,5,3,1,1,1,6720.58390000004,6492.76000000003,7253.72,6901.24700000002,6141.22560000001
"FT1372",330.206346918459,330.205554231212,330.206681458904,839.537,838.587646484375,839.815673828125,5,3,1,1,1,14749.1978400001,14663.25,14688.4109565217,14346.7042173913,13173.28912
"FT1373",330.233890782471,330.233786514476,330.233995050466,988.253326416016,987.848266601562,988.658386230469,2,0,1,1,1,2550.3619295008,2757.94952841366,2408.01614738913,3180.32190909089,6524.11125000004
"FT1374",330.270439364042,330.269688330338,330.27055149649,1115.821,1115.14404296875,1115.86987304688,3,1,1,1,1,4130.75257173984,4031.39869497451,4104.516,5768.95909090902,5025.77999999991
"FT1375",331.209238229118,331.208696901803,331.210019928459,1636.02709960938,1634.54614257812,1636.17041015625,5,3,1,1,1,102295.838235294,82594.0125000005,67167.5821666673,42210.4698000001,59005.8386399995
"FT1376",331.209061569687,331.208850368982,331.209148696941,579.794799804688,578.401611328125,580.328063964844,5,3,1,1,1,7272.65538461541,6176.21621739128,6805.94591999997,8402.21925925927,6849.28922222221
"FT1377",331.209145012072,331.209123348468,331.209166675676,1522.96759033203,1522.74633789062,1523.18884277344,2,0,1,1,1,83018.635949707,93183.5950927734,91320.6916625977,100910.965444444,84095.1413333335
"FT1378",331.208913734216,331.208831107092,331.20899636134,1402.65222167969,1398.23083496094,1407.07360839844,2,0,0,1,1,16185.9761211689,62652.9870652419,62205.7739586463,62246.3108191857,47157.3025
"FT1379",331.209111630138,331.209111630138,331.209111630138,1591.12121582031,1591.12121582031,1591.12121582031,1,0,1,0,1,NA,35644.5405930739,36683.2215763972,39653.5582857146,26478.2819542518
"FT1380",331.208844159093,331.208844159093,331.208844159093,1601.82250976562,1601.82250976562,1601.82250976562,1,0,1,0,1,NA,42302.3666259766,38436.9812906901,41923.72725,43026.8698242187
"FT1381",331.209197709338,331.209197709338,331.209197709338,1386.27868652344,1386.27868652344,1386.27868652344,1,0,0,1,1,36647.1369485294,42880.0096507353,40867.7752757353,39710.7072610294,46327.9628333336
"FT1382",331.209050092181,331.209050092181,331.209050092181,1448.00317382812,1448.00317382812,1448.00317382812,1,0,0,1,1,34236.6261562771,75086.0186462402,86134.9667898996,87515.5512515797,99470.103333333
"FT1383",331.209109715021,331.209109715021,331.209109715021,1460.57067871094,1460.57067871094,1460.57067871094,1,0,0,1,1,20662.013125,60213.0117431641,62455.9276416016,60688.7817822266,71593.8910000008
"FT1384",331.209154487376,331.209154487376,331.209154487376,1538.68981933594,1538.68981933594,1538.68981933594,1,0,1,0,1,60886.0174804688,65521.337881235,65140.9567089844,77119.4863461539,70638.7541796875
"FT1385",331.209174050784,331.209174050784,331.209174050784,1553.51916503906,1553.51916503906,1553.51916503906,1,0,1,0,1,61494.7576214334,62864.0160389776,62650.9044242527,72563.3790000001,68807.0277046535
"FT1386",331.209262407183,331.209262407183,331.209262407183,1570.4267578125,1570.4267578125,1570.4267578125,1,0,1,0,1,74821.9794560185,55311.345775463,73449.801234654,82421.8860000004,72492.1775251116
"FT1387",331.20920153945,331.20920153945,331.20920153945,1479.43151855469,1479.43151855469,1479.43151855469,1,0,0,1,1,5128.63198617788,41720.2434423828,62770.1994957557,44180.9161001352,78017.5690357141
"FT1388",331.209264334756,331.209264334756,331.209264334756,1497.44763183594,1497.44763183594,1497.44763183594,1,0,0,1,1,18061.2413754671,20972.3139190674,59625.484954834,38560.2904205322,70412.3571666667
"FT1389",331.209183408266,331.209183408266,331.209183408266,1365.46020507812,1365.46020507812,1365.46020507812,1,0,0,1,1,66454.5525512695,66598.6418063256,69982.2888026084,63852.1241691343,75754.68778125
"FT1390",332.07575185684,332.07538464479,332.075819797835,86.08,85.254264831543,86.7453002929688,5,3,1,1,1,6842.93416666667,5437.9752,6269.487,6911.065,6596.27678571428
"FT1391",332.118569979726,332.118314347378,332.118816263814,635.787628173828,635.345947265625,636.369,4,3,0,1,1,5897.06319999998,5521.18000000008,4886.406,1156.6664312378,4338.00329999994
"FT1392",332.2221252405,332.221848627031,332.222370057777,888.474914550781,887.972290039062,888.719,5,3,1,1,1,9296.83650000002,9834.69599999994,8748.43199999996,8434.72914285707,9992.96640000002
"FT1393",332.561995265919,332.561921976443,332.562194798651,112.737266540527,112.545372009277,113.086013793945,5,3,1,1,1,48494.9297931035,48122.9055357143,49877.9657142857,38180.8014782609,46818.2255172414
"FT1394",332.562052597416,332.561960002732,332.562343769728,86.08,85.8856201171875,86.7453002929688,5,3,1,1,1,24785.2497777778,22465.8022222222,24949.9916111111,30407.2596666667,26432.1742222222
"FT1395",333.063487358836,333.063350746977,333.063556775213,112.878036499023,112.545372009277,113.367,5,3,1,1,1,13227.4872727273,13021.7699310345,13866.2337931034,9918.84109090909,12673.4731666667
"FT1396",333.06358340164,333.063312924632,333.063927088149,86.08,85.254264831543,86.7453002929688,5,3,1,1,1,5693.73223529411,5916.78842857143,6186.90070588235,7566.53784615385,6883.23138461538
"FT1397",334.132387170306,334.132303723308,334.13248734478,361.144,360.676635742188,361.309661865234,5,3,1,1,1,15412.5077692308,15129.2463636364,15465.7986,13929.3125714286,14450.8553846153
"FT1398",334.63378542406,334.633775990832,334.63405756129,361.144,360.424743652344,361.309661865234,5,3,1,1,1,4988.90216666666,5379.09436363635,5300.21958333333,4425.79200000001,4339.809
"FT1399",335.125615187784,335.124879832119,335.125956949429,984.691040039062,984.205688476562,984.952,5,3,1,1,1,14878.98,13970.1516666667,13720.007117647,13088.8089999999,14711.5239444444
"FT1400",335.198362678048,335.1980938538,335.198595863529,949.93017578125,949.331176757812,950.042,5,3,1,1,1,8302.61468750002,8637.95507142864,8732.97450000001,8045.48149999995,7356.73542857144
"FT1401",336.193343912572,336.192970848853,336.193859000014,939.05810546875,938.482971191406,939.259887695312,5,3,1,1,1,23464.2370526317,25156.95,25463.0200434783,34086.9173333335,24630.294521739
"FT1402",336.193305714821,336.193271165814,336.193598502338,971.45,970.170776367188,972.104675292969,5,3,1,1,1,7170.66000000001,7833.53126666665,7593.36599999998,7786.76400000001,12019.70685
"FT1403",337.07492124959,337.074509217113,337.075374022595,881.510559082031,880.766357421875,881.76,5,3,1,1,1,7383.42270000003,6626.22611111109,6883.78533333334,12129.5014999999,6113.06258823528
"FT1404",337.196683828541,337.195252265974,337.196977868444,938.627,937.861450195312,939.259887695312,5,3,1,1,1,5035.7130714286,5261.75859999999,5198.19307692303,7773.17775000004,2747.58639999992
"FT1405",337.234940384833,337.234881473028,337.235141313967,834.588,834.427001953125,834.919006347656,5,3,1,1,1,4764.26400000004,5129.76092307691,4960.23360000002,5682.14345454547,4910.22639999999
"FT1406",338.20921860208,338.208829211574,338.209319009776,1004.0634765625,1003.59295654297,1004.29107666016,5,3,1,1,1,8230.08738461532,8254.50092307699,8366.21590909093,13562.7068181817,17742.0607368421
"FT1407",338.341755186424,338.341430289345,338.342286692779,1334.404,1333.47436523438,1334.708984375,5,3,1,1,1,12078.8915555557,11751.0701249999,12024.5821578948,15606.2075,23851.5170526313
"FT1408",339.212955851727,339.212955851727,339.212955851727,1004.19299316406,1004.19299316406,1004.19299316406,1,0,0,1,1,1408.9072265625,828.6873046875,2147.3689453125,2562.406640625,3905.65672727276
"FT1409",339.289289989999,339.288882297668,339.289566265761,1021.94995117188,1021.24255371094,1022.58172607422,5,3,1,1,1,6828.65699999994,7214.99058823528,6873.22526315787,9240.50760000001,8977.08722222214
"FT1410",339.289154988642,339.288778750948,339.289734701755,1077.20471191406,1072.70764160156,1077.24304199219,5,3,1,1,1,11424.0414324324,12969.4937878787,12118.9921875,9834.596521739,12570.8228571429
"FT1411",339.289403631474,339.288948347737,339.289630372881,1110.139,1105.37194824219,1112.02319335938,5,3,1,1,1,16413.0848421051,17526.164097561,17661.0347999999,19752.435,19074.2068064516
"FT1412",339.345086358872,339.34505563105,339.345117086693,1334.37445068359,1334.03991699219,1334.708984375,2,0,1,1,1,2426.9424203726,3056.14971454327,2390.98771784856,3299.58836363635,5942.57906666666
"FT1413",339.289525654675,339.289127314789,339.289709164923,1000.46203613281,999.801330566406,1001.14111328125,5,3,1,1,1,11265.5753125,11370.7743333334,11829.0735294118,8865.69600000003,11699.6552941176
"FT1414",340.104651570264,340.104283571792,340.104917334064,635.787628173828,635.345947265625,636.369,4,3,0,1,1,4606.78399999998,4494.77840000006,4666.8555,1041.06738989258,3719.00819999995
"FT1415",340.227427981587,340.227078931933,340.227803915612,1001.14111328125,1001.05731201172,1001.51788330078,5,3,1,1,1,256598.88926087,263701.852826086,260717.631166667,321895.848695654,390047.601391306
"FT1416",341.230751134582,341.230358064486,341.231088471307,1001.14111328125,1001.05731201172,1001.51788330078,5,3,1,1,1,62587.7702608697,65577.8488695651,63588.4936956523,75899.3841818181,94399.5822608701
"FT1417",341.2662760662,341.265334658818,341.26659483655,1071.57,1071.4091796875,1071.6572265625,5,3,1,1,1,11513.2488,13177.7827391303,14081.1744999999,11799.5159090908,13413.0554347828
"FT1418",341.268395197135,341.267890473748,341.268768856627,1009.23999023438,1009.1611328125,1009.96087646484,5,3,1,1,1,4523.53309090911,4935.32966666664,4623.31750000004,4412.82216666667,5302.52000000002
"FT1419",342.09161725115,342.091511775048,342.091696493774,751.594299316406,750.326,752.203002929688,5,3,1,1,1,10543.0984615384,11408.1811212122,11348.1083333333,10038.3254545454,10939.9906451613
"FT1420",342.242737872274,342.24258872932,342.24333177681,1071.4091796875,1070.94567871094,1071.64208984375,5,3,1,1,1,31183.1466666667,32375.9575454545,32684.6447826086,69680.2653043469,68970.642695653
"FT1421",342.243055771437,342.242671145252,342.243521289542,1029.17822265625,1028.95227050781,1029.52685546875,5,3,1,1,1,485871.190476186,493929.265181821,492146.330478261,864290.164999999,1044572.01195652
"FT1422",342.242734535177,342.242414611002,342.243043789714,906.473,905.9169921875,907.025329589844,5,3,1,1,1,3822.20727272727,4145.91600000003,4067.22763636366,4637.22461538459,4107.532
"FT1423",342.233785554022,342.233330960485,342.234088509752,1001.14111328125,1001.05731201172,1001.51788330078,5,3,1,1,1,8253.53100000003,7765.59015384612,7533.89974999993,9758.961,13111.8867
"FT1424",342.169988084416,342.169748183789,342.170045741649,826.749755859375,826.221130371094,827.133056640625,3,1,1,1,1,4391.63171109286,3421.84799999998,2925.44398498535,4515.74199999998,4478.26430769228
"FT1425",343.049084315699,343.048860098545,343.049368738037,507.07861328125,506.763549804688,507.628967285156,5,3,1,1,1,25547.2229333334,26247.1059374999,24900.9076666667,16352.8866428571,25520.3788125
"FT1426",343.246493459053,343.245951253299,343.246617281024,1071.04211425781,1070.94567871094,1071.57,5,3,1,1,1,7518.8056,7866.45499999998,7362.58443749987,16119.4772727272,14586.9571764707
"FT1427",343.246382108065,343.246026461941,343.246946032888,1029.17822265625,1028.95227050781,1029.52685546875,5,3,1,1,1,121128.945499999,125388.374952382,122352.568761904,214289.493,259794.15326087
"FT1428",344.249356554879,344.248911740519,344.249968879217,1029.17822265625,1028.95227050781,1029.52685546875,5,3,1,1,1,15190.2948,15179.5099999999,15095.4336842104,27981.1902631577,33993.5488421052
"FT1429",344.185742065819,344.185470432965,344.185844609915,751.585,751.452392578125,752.203002929688,5,3,1,1,1,19065.8791666668,21235.2388499999,19370.3989473684,28756.4875862069,22134.6807
"FT1430",344.258772416083,344.25828483432,344.258892096522,1106.319,1105.97790527344,1107.09448242188,5,3,1,1,1,40273.9343999999,41082.8437894741,40149.1254,105227.460571429,100381.472000001
"FT1431",345.102600684008,345.102150598983,345.102863283768,624.432067871094,623.772,624.5849609375,5,3,1,1,1,10333.1768888889,9134.1847826087,10023.3328750001,9006.71828571428,10191.4864615385
"FT1432",345.188934396567,345.188642088846,345.189098858945,751.897583007812,751.452392578125,752.220764160156,4,2,1,1,1,4252.75660000003,4699.62741176472,6598.07436828613,6129.99584615386,5363.63219999999
"FT1433",345.174751328606,345.174476239159,345.175235837043,960.074768066406,960.046203613281,960.085876464844,3,1,1,1,1,3574.35454545453,3975.70172119141,3383.98549906413,3752.48433333334,3309.51923076923
"FT1434",345.18819636098,345.18819636098,345.18819636098,1609.35363769531,1609.35363769531,1609.35363769531,1,0,0,1,1,8323.5585604581,14510.6834032012,14036.4210801235,13232.3738125888,16153.5005555556
"FT1435",345.188314049942,345.188314049942,345.188314049942,1633.48376464844,1633.48376464844,1633.48376464844,1,0,0,1,1,6427.20744243421,11289.1257595486,11098.3614309211,11480.0284455128,12924.2130769231
"FT1436",345.261871684709,345.261542824783,345.262252622675,1106.319,1105.97790527344,1107.09448242188,5,3,1,1,1,9211.0687058824,9561.61646666668,9626.70814285699,26109.8760000002,23608.7071578948
"FT1437",346.214257335495,346.214257335495,346.214257335495,1035.29321289062,1035.29321289062,1035.29321289062,1,0,1,0,1,1661.25109863281,3078.87103271484,2300.24862670898,3539.97000000005,3341.02386474609
"FT1438",346.610324564007,346.610221393753,346.610627981804,916.692280029297,916.115539550781,916.978820800781,4,3,0,1,1,4937.2343125,4731.66625000001,5414.42137500001,753.117570082716,4454.10000000002
"FT1439",347.080865012288,347.080158214572,347.080983318157,737.661,737.570617675781,737.741394042969,5,3,1,1,1,5925.60516666662,6029.67058333335,5797.12861538459,5265.19200000001,5961.99479999997
"FT1440",347.070939797963,347.070623054687,347.071340163447,507.403869628906,507.043090820312,507.628967285156,5,3,1,1,1,6559.31875000001,6122.06933333332,5597.25393333336,4408.73076923076,6123.09018750001
"FT1441",347.024821872752,347.02459835686,347.025052162514,81.0585610961914,80.8592910766602,81.0993957519531,4,2,1,1,1,3744.44868600083,3597.65466666667,3429.46822222223,3109.08971428572,3235.82911111111
"FT1442",348.075441058553,348.07540685452,348.075830523525,491.129,490.265258789062,491.449157714844,5,3,1,1,1,41930.0399999999,38169.456,37731.0114999999,23392.2064285715,27631.7285999999
"FT1443",348.070575854914,348.070443263104,348.070792609909,86.08,85.254264831543,86.7453002929688,5,3,1,1,1,223114.235,200634.72,223379.849222222,223631.700111111,225988.608
"FT1444",348.07023991356,348.070088688452,348.070391138669,460.733261108398,459.004943847656,462.461578369141,2,2,0,0,1,11654.1549705882,15999.466,14989.6710713704,12835.7545731707,14558.3968208313
"FT1445",348.229485428718,348.229205066636,348.22989453326,1034.65405273438,1034.41467285156,1035.17834472656,5,3,1,1,1,4886.18849999994,5162.54812499999,4697.65672727264,5164.27745454557,5655.8186666666
"FT1446",348.214537150125,348.214537150125,348.214537150125,961.321411132812,961.321411132812,961.321411132812,1,0,1,0,1,2406.5486831665,2817.40526035854,3299.25583496094,3848.25787499998,2200.84997558594
"FT1447",348.577374477199,348.577315716449,348.57757663918,491.129,490.265258789062,491.849822998047,5,3,1,1,1,16168.9921875,14562.8812,14719.0225,9107.83900000003,10034.955
"FT1448",348.990172063237,348.990086514286,348.990343035847,808.347058837891,807.92431640625,808.447265625,4,3,0,1,1,21003.8262857143,22539.4532608695,22115.2238181817,16713.4292296642,23765.9839999999
"FT1449",349.066458984192,349.065973895834,349.078196837521,507.241241455078,491.849822998047,507.628967285156,6,3,1,1,1,17671.4159999999,16258.3459999999,16982.4225000001,11700.1649999999,17297.2948571429
"FT1450",349.073434327499,349.073244373191,349.073745603287,86.08,85.254264831543,86.7453002929688,5,3,1,1,1,27843.36,25254.9,27752.1028235294,27551.0736111111,28069.660882353
"FT1451",349.183405131764,349.182679525835,349.18405523467,1641.729,1641.62463378906,1642.28198242188,5,3,1,1,1,9481.28421739133,9989.9860869566,9333.92918181821,9781.30541666659,9387.20500000005
"FT1452",350.075085233472,350.074923907959,350.075548345311,86.0764227294922,85.8856201171875,86.0800018310547,4,2,1,1,1,4415.10208333334,3060.98240856934,4601.109,4378.57875,4839.2575
"FT1453",350.987343528251,350.987226179805,350.987501473874,808.347058837891,807.92431640625,808.447265625,4,3,0,1,1,20542.4330434783,22513.0611363636,21832.8186818183,14160.773919134,23248.8500000001
"FT1454",351.099153326544,351.098745237907,351.099451037186,984.685668945312,984.205688476562,985.376892089844,4,2,1,1,1,4925.61846153843,3713.58799999999,4424.91035461426,3923.33035714285,4200.98541176473
"FT1455",351.250776593906,351.250776593906,351.250776593906,1068.86413574219,1068.86413574219,1068.86413574219,1,0,1,0,1,2630.7373046875,3506.7138671875,3402.83203125,3198.01920000004,2195.556640625
"FT1456",352.246158465806,352.245508893595,352.246678474479,1051.73217773438,1051.58410644531,1051.96423339844,5,3,1,1,1,6253.19929999999,6571.00011111117,6363.35999999993,5766.07359999998,6406.38222222216
"FT1457",352.246470776619,352.246225891931,352.246834302617,1066.941953125,1066.63720703125,1067.60046386719,4,2,1,1,1,8164.58751999998,8130.17994399009,7994.14587999998,8619.06680000011,7475.78333333332
"FT1458",352.263362947435,352.262323136244,352.26379519926,1132.26000976562,1131.97741699219,1132.27905273438,5,3,1,1,1,6184.38900000015,5749.43525000002,5525.11500000007,7864.36971428559,8008.41318749989
"FT1459",352.984311609636,352.984054335936,352.984493445362,808.347058837891,807.92431640625,808.447265625,4,3,0,1,1,6086.16800000001,6837.97375000001,6736.842,3089.19672361356,7000.54435294121
"FT1460",353.302711451085,353.302284532935,353.303006456278,1272.9853515625,1272.46984863281,1273.15161132812,5,3,1,1,1,18690.0272,19408.4475200001,20018.3549166664,20043.1995454544,22381.12175
"FT1461",353.30254386571,353.302423366372,353.303438480613,1252.28112792969,1251.90649414062,1252.97326660156,5,3,1,1,1,30717.9700869566,32045.5955652172,31012.9711499999,21098.0647826087,26241.315809524
"FT1462",353.266122095323,353.265970895023,353.266770450585,1142.362,1141.24523925781,1142.73840332031,5,3,1,1,1,7912.20342857142,6669.00666666658,7888.07737499996,5853.62709090905,4905.46636363634
"FT1463",354.279508337139,354.278500074071,354.279695719823,1133.53002929688,1133.21313476562,1133.547,5,3,1,1,1,106870.008000001,101423.50552381,105774.274666667,133638.837809524,129492.235199999
"FT1464",354.409324196108,354.409043818683,354.41011343447,1089.25500488281,1088.641,1090.26049804688,5,3,1,1,1,11005.85535,11440.0995555556,11313.0629499999,3976.80018750003,13169.4505999999
"FT1465",355.282135840834,355.281712496429,355.282511819106,1106.31074511719,1094.955,1106.5078125,6,3,1,1,1,20818.0551666666,20137.4193181817,20301.3000000003,16360.9565714287,25340.2945714285
"FT1466",355.282713766849,355.281742800911,355.282859976403,1133.53002929688,1133.21313476562,1133.547,5,3,1,1,1,30689.3237142859,29596.8816521742,31944.0156521737,39583.202,40610.4695652175
"FT1467",355.615541161474,355.615433012375,355.615857931099,916.373584960937,916.115539550781,916.978820800781,4,3,0,1,1,5131.30722222223,4409.77815384616,5289.66900000005,1072.81731754303,4930.25813333338
"FT1468",356.294857807574,356.294425357519,356.295285452771,1224.13171386719,1223.897,1224.62939453125,5,3,1,1,1,21513.4942105266,21233.4597391305,21758.1539999999,34733.3799999999,32389.6664285716
"FT1469",356.285436856483,356.285021003659,356.285852709307,1133.37664794922,1133.21313476562,1133.54016113281,2,0,1,1,1,3859.89715576172,4238.5149468316,3804.55078125,5514.31331578946,5323.00970588237
"FT1470",357.298112962492,357.297980493355,357.298580754627,1224.03540039062,1223.897,1224.43725585938,5,3,1,1,1,5174.64133333326,6022.98746666666,4965.89799999996,8241.27764705896,8305.04178947364
"FT1471",358.237721366671,358.237407681046,358.237828971397,924.816070068359,924.357055664062,925.212829589844,4,3,0,1,1,4576.89600000002,4064.76933333329,4666.90881818176,2565.10733032227,5299.31999999995
"FT1472",358.183531267529,358.183413171479,358.183649363579,1509.70904541016,1506.01977539062,1513.39831542969,2,0,0,1,1,2264.70276460193,8871.12407892401,7327.84121426669,6263.79851740057,5899.32553846151
"FT1473",358.183416445981,358.183416445981,358.183416445981,1474.40087890625,1474.40087890625,1474.40087890625,1,0,0,1,1,4362.76149749756,7527.92435709635,7324.53523523667,7128.37201286765,7822.15866666673
"FT1474",358.183889685862,358.183889685862,358.183889685862,1461.82641601562,1461.82641601562,1461.82641601562,1,0,0,1,1,5429.79188368056,3961.59950086806,6116.80512152778,6314.4208984375,8430.57389473676
"FT1475",358.18355341163,358.18355341163,358.18355341163,1493.01196289062,1493.01196289062,1493.01196289062,1,0,0,1,1,4597.16536643288,8975.85030295632,7499.14133088485,7327.84658536044,10336.1386363637
"FT1476",358.183788500283,358.183788500283,358.183788500283,1526.85656738281,1526.85656738281,1526.85656738281,1,0,0,1,1,7690.80416434152,8008.52641950335,8859.63694545201,7436.62636021205,9178.33136363631
"FT1477",358.183434253473,358.183434253473,358.183434253473,1634.12585449219,1634.12585449219,1634.12585449219,1,0,0,1,1,9345.2953125,9804.55859375,10145.6123798077,10353.6594050481,11530.0695384616
"FT1478",358.18361126338,358.18361126338,358.18361126338,1435.99841308594,1435.99841308594,1435.99841308594,1,0,0,1,1,8591.4708092731,8162.49745244565,8055.72794242527,9769.95578835227,10078.4617826088
"FT1479",358.183582618208,358.183582618208,358.183582618208,1617.65856933594,1617.65856933594,1617.65856933594,1,0,0,1,1,2683.95581054688,4081.85926649306,3538.84020996094,4111.3515625,5233.62163636364
"FT1480",358.18368714583,358.18368714583,358.18368714583,1417.76867675781,1417.76867675781,1417.76867675781,1,0,0,1,1,5347.74095153809,6177.5859375,5953.03176116943,6626.02397918701,6579.90370588239
"FT1481",358.183676979766,358.183676979766,358.183676979766,1597.84619140625,1597.84619140625,1597.84619140625,1,0,0,1,1,2552.22467912946,4318.73263113839,5673.62505634014,5808.88504464286,6460.12426666662
"FT1482",359.021542810011,359.021209845906,359.021682499049,507.07861328125,506.763549804688,507.628967285156,5,3,1,1,1,37452.9453333334,36362.8424999999,38218.4746875002,20734.3381538461,36994.9022857143
"FT1483",359.203817919586,359.203817919586,359.203817919586,1603.61352539062,1603.61352539062,1603.61352539062,1,0,0,1,1,13790.8412982048,18751.9705255682,18570.1848462976,17610.6392536569,22846.3800833334
"FT1484",359.203721306495,359.203721306495,359.203721306495,1632.84838867188,1632.84838867188,1632.84838867188,1,0,0,1,1,9568.9534269634,15666.8538364955,16230.8990478516,14832.447317023,17312.553368421
"FT1485",359.279153863907,359.27889862682,359.279456818844,960.076171875,959.420776367188,960.715637207031,5,3,1,1,1,5838.49136363644,5753.41714285714,5619.3741538461,6045.57930769229,6437.95266666668
"FT1486",359.279455771503,359.278912960353,359.279767305987,1009.23999023438,1009.1611328125,1009.96087646484,5,3,1,1,1,29192.2656666666,28802.7638888889,27988.7578125002,27530.3740588233,30612.17575
"FT1487",360.02444303273,360.024257644921,360.024759767627,507.07861328125,506.763549804688,507.628967285156,5,3,1,1,1,7155.78123076919,7071.61699999998,7326.20250000003,4020.76246153845,6398.59499999996
"FT1488",360.149424710539,360.149329470786,360.149610292293,711.922912597656,711.769,711.941711425781,3,3,0,0,1,4098.04199999998,4083.48300000005,3540.80914285717,997.736596102639,2987.18567327884
"FT1489",360.283121374905,360.282401843392,360.283376984725,1009.23999023438,1009.1611328125,1009.96087646484,5,3,1,1,1,5986.58333333334,5822.976,6246.37607142861,6197.94381818182,6543.18523076922
"FT1490",360.323541814588,360.323424327862,360.324170417604,1334.66662597656,1333.47436523438,1334.8212890625,5,3,1,1,1,7186.72199999999,8327.97088888904,8478.46042105264,8341.82833333331,14357.452222222
"FT1491",361.059641162463,361.059365639343,361.059849942983,507.403869628906,507.043090820312,507.628967285156,5,3,1,1,1,6327.72207692307,5810.75626666665,5846.88060000003,5166.70071428569,7637.47028571429
"FT1492",362.926603090445,362.925868489041,362.927487133534,1639.195,1639.16711425781,1639.81604003906,5,3,1,1,1,48220.9463636368,55029.6314666669,52308.4378620695,36450.0522727276,45983.0596551726
"FT1493",362.926158712535,362.925862018463,362.926554338047,65.82,65.8088073730469,66.4627227783203,5,3,1,1,1,4506.56249999999,4479.90949999999,4680.962,5395.18933333333,5124.721
"FT1494",362.926278582261,362.925922211942,362.926634952579,1180.4935703125,1180.493,1180.494140625,2,2,0,0,1,23940.493441755,25312.144,30976.3343999999,24265.2819373282,19227.4979369665
"FT1495",362.926404410224,362.92596527573,362.926843544719,1208.64574511719,1207.114,1210.17749023438,2,2,0,0,1,53582.3923768683,62292.4954509806,43223.0502631579,45732.6718193785,41614.7065778757
"FT1496",362.926126629001,362.926053064012,362.92620019399,1402.96154785156,1398.23083496094,1407.69226074219,2,0,0,1,1,7216.30478759766,98044.126739502,89230.518046875,56970.1578445435,56552.4575
"FT1497",362.926308379151,362.926262240519,362.926354517784,1251.67706298828,1246.62829589844,1256.72583007812,2,0,0,1,1,51038.7332427978,53897.1695800781,51339.4183868408,46427.4079726647,32426.2376666663
"FT1498",362.92641880374,362.92641880374,362.92641880374,1273.78955078125,1273.78955078125,1273.78955078125,1,0,0,1,1,52569.1570140697,35505.6681941106,51602.038325557,37854.4852701823,46626.5766666665
"FT1499",362.925990317013,362.925990317013,362.925990317013,1288.06530761719,1288.06530761719,1288.06530761719,1,0,0,1,1,26747.9538861443,42297.48878479,39538.43311983,33701.4924890855,35937.0206111107
"FT1500",362.926430063704,362.926430063704,362.926430063704,1382.49340820312,1382.49340820312,1382.49340820312,1,0,0,1,1,113174.691074916,111046.58543178,109639.79422433,78100.0435965402,93034.1489999994
"FT1501",362.926222702798,362.926222702798,362.926222702798,1316.14282226562,1316.14282226562,1316.14282226562,1,0,0,1,1,112876.33814072,134013.15499442,128856.697463263,110489.244245257,118648.585046511
"FT1502",362.926275579252,362.926275579252,362.926275579252,1346.49353027344,1346.49353027344,1346.49353027344,1,0,0,1,1,100836.708984375,136670.357105152,131694.779349662,97892.0472547743,114915.494
"FT1503",364.065304219481,364.065187338698,364.065618438666,86.705,85.8856201171875,86.7453002929688,5,3,1,1,1,11050.816,10420.52325,10635.723,11958.336882353,11462.1552941177
"FT1504",364.22488258048,364.224757934203,364.225527482434,1029.41101074219,1028.95227050781,1029.52685546875,3,1,1,1,1,2569.26286433293,3835.87923076922,2807.04402043269,6259.74799999988,8017.68446666664
"FT1505",365.122305768245,365.122133183797,365.122454501195,750.955,750.811218261719,750.9580078125,5,3,1,1,1,14866.6272941177,14572.4538333333,14581.3151111111,10168.5910714286,14165.0447058823
"FT1506",365.624044441288,365.623679217023,365.624312560912,750.955,750.811218261719,751.594299316406,5,3,1,1,1,6812.93925000004,6823.50058823531,6424.15162500001,5380.91892857145,6721.46494117646
"FT1507",367.048864002757,367.048660254239,367.049162136097,491.449157714844,490.891479492188,491.849822998047,5,3,1,1,1,22852.0051999999,20690.064,20450.1493333333,15315.1826470588,16787.3826
"FT1508",367.216752730309,367.216291507954,367.217225322342,1007.36541748047,1007.25988769531,1008.06719970703,5,3,1,1,1,12721.6872857143,12143.3135999999,12695.8224761904,12154.2453333333,12719.8307391304
"FT1509",367.216833411692,367.216758820793,367.216908002591,797.369228515625,797.04345703125,797.695,2,2,0,0,1,2535.87594726563,3564.33855555554,3806.8865,628.804270019532,694.654409179689
"FT1510",367.640935341395,367.640662054451,367.641093902692,355.156799316406,354.605072021484,355.552337646484,5,3,1,1,1,5299.61799999999,5407.50892307695,5283.46114285715,9333.9726,8418.30846153846
"FT1511",368.258534856975,368.258441718169,368.258627995781,1090.79864501953,1090.71166992188,1090.88562011719,2,0,1,1,1,3538.18681771415,2574.91082545689,3462.71647644043,5881.43906666672,7623.58099999994
"FT1512",369.19896509103,369.198375097255,369.19945928157,1187.13106933594,1186.74731445312,1187.46398925781,4,3,0,1,1,4386.81076923078,4320.96699999991,4866.61499999988,3061.21342160865,4410.87727272731
"FT1513",369.297928317624,369.297335542218,369.298237124702,1153.098,1152.39001464844,1153.30126953125,5,3,1,1,1,32544.7652173912,31755.0401739132,32721.5818695655,19867.4999024389,23546.7115652174
"FT1514",370.274371890337,370.273851300118,370.274546111349,1123.40640185547,1123.13305664062,1123.42822265625,4,3,0,1,1,20776.979368421,21171.282,21419.2908947367,44895.5615969365,58615.778857143
"FT1515",370.30161232068,370.300842636024,370.301752190538,1153.05498144531,1152.39001464844,1153.30126953125,4,3,0,1,1,6396.39000000001,6762.67900000006,7515.33678260877,3041.15853164065,4944.35314285714
"FT1516",371.047827718955,371.047614780809,371.048259306879,507.403869628906,507.043090820312,507.628967285156,5,3,1,1,1,5995.88169230768,5700.45399999998,5736.97661538465,5390.77499999998,6447.45007142858
"FT1517",371.277838598965,371.277080388353,371.278290290366,1123.26593017578,1122.78,1123.42822265625,4,3,0,1,1,5044.73599999994,5630.35000000003,5482.91858333328,12091.1420353481,14939.9475789475
"FT1518",372.289829853912,372.289599980142,372.290059727682,1210.31286621094,1210.1875,1210.43823242188,2,0,1,1,1,2962.35522460938,2095.03984375,2671.95366210937,6839.41546666665,6697.69600000006
"FT1519",372.545129588676,372.545048282439,372.545301473338,102.263255371094,101.646545410156,102.583915710449,4,3,0,1,1,21169.45125,20357.5285714286,22846.9592173913,11377.5004950634,19517.97875
"FT1520",372.88239028401,372.882354451558,372.882426116463,1641.35369873047,1641.02124023438,1641.68615722656,2,0,1,1,1,3019.12521362305,1035.45091386275,2904.01244862874,3368.87714285708,3747.20138461542
"FT1521",373.219531799088,373.219073358869,373.220589089909,1633.16888232422,1631.28564453125,1635.1787109375,4,3,0,1,1,17729.9866666667,34489.6494186047,38826.7853018867,33396.4946523487,35589.121909091
"FT1522",373.219435377186,373.219379714371,373.21949104,1525.41857910156,1522.58032226562,1528.2568359375,2,0,1,1,1,16327.5868937174,22857.7226257324,23891.6019185384,35041.7534864864,2712.76500000004
"FT1523",373.219500105537,373.219500105537,373.219500105537,1395.0673828125,1395.0673828125,1395.0673828125,1,0,0,1,1,12000.3583831787,9008.79414367676,12347.3905334473,14988.5793457031,14442.9952941175
"FT1524",373.219838731755,373.219838731755,373.219838731755,1383.75830078125,1383.75830078125,1383.75830078125,1,0,0,1,1,9519.52020263672,9422.38922119141,9620.70269305889,11144.7540893555,11769.2440000001
"FT1525",373.219387435363,373.219387435363,373.219387435363,1407.07360839844,1407.07360839844,1407.07360839844,1,0,0,1,1,11037.1315612793,13987.6063028971,13003.4870062934,17054.0543405633,15696.4356500001
"FT1526",373.219585953383,373.219585953383,373.219585953383,1509.087890625,1509.087890625,1509.087890625,1,0,0,1,1,907.391183035714,7357.51223958333,9384.20092773438,3668.58020833333,14374.9307500001
"FT1527",373.219628136735,373.219628136735,373.219628136735,1449.27197265625,1449.27197265625,1449.27197265625,1,0,0,1,1,10839.833984375,18129.0719604492,18927.5479789402,17138.9890455163,22026.91812
"FT1528",373.219557266896,373.219557266896,373.219557266896,1435.99841308594,1435.99841308594,1435.99841308594,1,0,0,1,1,14547.83307206,15352.5691560444,14664.0797526042,16469.7313639323,16454.8228421052
"FT1529",373.219647780557,373.219647780557,373.219647780557,1495.4970703125,1495.4970703125,1495.4970703125,1,0,0,1,1,16300.0908610026,17122.3313802083,16453.2469482422,15170.240234375,20468.7744761903
"FT1530",373.219849709135,373.219849709135,373.219849709135,1464.36596679688,1464.36596679688,1464.36596679688,1,0,0,1,1,18131.3778192429,13818.9360642206,17062.4989071801,16611.4728887649,19522.6200000003
"FT1531",373.219960129609,373.219960129609,373.219960129609,1480.06188964844,1480.06188964844,1480.06188964844,1,0,0,1,1,22944.935307094,1638.44682255498,14571.4348275321,16953.9758954729,27843.9367999999
"FT1532",373.218962705844,373.218962705844,373.218962705844,1601.82250976562,1601.82250976562,1601.82250976562,1,0,1,0,1,3140.52467747739,16793.0211724175,15442.9913330078,16124.4827368421,15778.4737481011
"FT1533",373.219673168807,373.219673168807,373.219673168807,1361.65698242188,1361.65698242188,1361.65698242188,1,0,0,1,1,11109.3928034856,17567.9557382089,18685.2779857494,17007.3251862703,22077.80625
"FT1534",373.219392232711,373.219392232711,373.219392232711,1581.09814453125,1581.09814453125,1581.09814453125,1,0,1,0,1,17465.8339364188,22337.9336765834,22396.243917531,26815.916689655,22502.3277545797
"FT1535",374.215559163084,374.215296583355,374.216854117634,1635.85760498047,1632.854,1636.02709960938,4,3,0,1,1,30754.5688888889,24087.1965312501,31579.3683999998,31067.9112993828,20075.6123076923
"FT1536",374.215901145549,374.215901145549,374.215901145549,1524.40344238281,1524.40344238281,1524.40344238281,1,0,0,1,1,13884.4309082031,18245.5003051758,17395.4068603516,14716.5193481445,19859.2139047621
"FT1537",374.215916477744,374.215916477744,374.215916477744,1513.39831542969,1513.39831542969,1513.39831542969,1,0,0,1,1,15554.9750279018,12808.4290710449,15758.3585146949,13678.8267240978,21186.3599999998
"FT1538",374.215875871753,374.215875871753,374.215875871753,1437.90881347656,1437.90881347656,1437.90881347656,1,0,0,1,1,9812.69511274858,7006.53872958097,7689.42491566051,10533.8355712891,9770.48663636388
"FT1539",374.215557334848,374.215557334848,374.215557334848,1449.8994140625,1449.8994140625,1449.8994140625,1,0,0,1,1,15474.69140625,19156.18359375,21831.3140625,22535.9252929688,24980.4732692311
"FT1540",374.215574058804,374.215574058804,374.215574058804,1478.80029296875,1478.80029296875,1478.80029296875,1,0,0,1,1,25886.9247924805,28461.7686515019,26837.5989868164,27463.1824951172,30265.69671875
"FT1541",374.215842550603,374.215842550603,374.215842550603,1598.49304199219,1598.49304199219,1598.49304199219,1,0,0,1,1,12533.5738978795,24230.9629794034,25871.852320054,22027.8015276228,33752.6247499999
"FT1542",374.215783927312,374.215783927312,374.215783927312,1384.38916015625,1384.38916015625,1384.38916015625,1,0,0,1,1,31209.7459106445,28593.2208251953,29778.7933959961,34146.5563964844,35541.9990731707
"FT1543",374.215750616412,374.215750616412,374.215750616412,1412.71130371094,1412.71130371094,1412.71130371094,1,0,0,1,1,37919.8063557943,39497.4200049867,37170.5723279588,44301.8142496745,43232.3831020408
"FT1544",375.065493125677,375.065272822508,375.065859005283,507.495,507.043090820312,507.628967285156,3,2,0,1,1,5664.56414285713,5130.37365756833,5425.51862500003,3851.60788668617,6016.99143750002
"FT1545",375.235493329496,375.235036955933,375.235949703059,1636.90376513672,1636.689,1637.11853027344,2,2,0,0,1,10126.3239999999,9246.72961357229,13823.8037142856,10888.4536019286,14291.5549149263
"FT1546",375.234499472707,375.234358662003,375.23464028341,1402.97509765625,1398.87658691406,1407.07360839844,2,0,0,1,1,7684.99834541652,11119.0092606978,10393.5670006793,12609.7554723566,8954.86253333317
"FT1547",375.235254330932,375.235254330932,375.235254330932,1385.63696289062,1385.63696289062,1385.63696289062,1,0,0,1,1,13823.511781754,9398.19528099798,10739.4955267137,13296.0852444556,18694.46875
"FT1548",375.234601807995,375.234601807995,375.234601807995,1474.40087890625,1474.40087890625,1474.40087890625,1,0,0,1,1,9710.48928222656,11927.1042480469,11146.3276192801,12582.0341796875,13698.5752272727
"FT1549",375.234769436275,375.234769436275,375.234769436275,1518.30285644531,1518.30285644531,1518.30285644531,1,0,0,1,1,12472.9433253089,24912.5240652902,22859.7385395848,23033.6365313863,26641.610909091
"FT1550",375.234809226803,375.234809226803,375.234809226803,1451.15625,1451.15625,1451.15625,1,0,0,1,1,11579.1530317827,17223.5201489998,17913.5078887939,20806.1690559387,20714.9329411765
"FT1551",375.234793342679,375.234793342679,375.234793342679,1495.4970703125,1495.4970703125,1495.4970703125,1,0,0,1,1,11728.0265319824,11910.9855492001,10308.7562546503,11225.983875093,13436.3755238095
"FT1552",376.259551996112,376.259369316328,376.260047518698,812.005859375,811.613403320312,812.225,5,3,1,1,1,6597.12599999998,5979.82146666672,6452.73236842104,6810.61631250007,6698.08644444448
"FT1553",378.900114187787,378.899772157402,378.900677705983,65.82,65.8088073730469,66.4627227783203,5,3,1,1,1,5773.62971428571,6054.76666666666,6055.79,7093.22883333333,6126.41166666666
"FT1554",379.282179790157,379.281727492189,379.282498045013,1155.001,1154.25646972656,1155.16857910156,5,3,1,1,1,6201.47820000002,5870.947909091,6053.32885714293,5864.3260909091,6337.47321428571
"FT1555",381.333928811938,381.333314671449,381.334658400919,1339.01440429688,1338.39196777344,1339.15014648438,5,3,1,1,1,7660.79053846152,7307.48229166675,7538.65462499995,9215.16130769237,8353.30782608696
"FT1556",381.333740069634,381.333248455999,381.334119168265,1322.30322265625,1321.73010253906,1322.429,4,2,1,1,1,7453.61766909185,8507.20269565212,7800.75405000008,9294.19199999991,9293.58857142858
"FT1557",382.310408812276,382.309930024744,382.3110081031,1234.66735839844,1234.12451171875,1235.23706054688,5,3,1,1,1,17637.9232500002,18244.4063999999,18431.8164,29476.2044761906,27272.8448571428
"FT1558",382.613057332159,382.612598319385,382.613205167597,537.714,537.15869140625,537.754333496094,3,3,0,0,1,4197.5625,4212.99999999998,4188.63272727271,1326.5554559881,2469.0573348999
"FT1559",383.021038899442,383.020834364165,383.021439692373,491.129,490.891479492188,491.849822998047,5,3,1,1,1,10141.014,10611.308368421,10551.474,7847.86640000001,8510.88933333331
"FT1560",383.212165383312,383.21122479578,383.212487073592,1007.36541748047,1007.25988769531,1007.45007324219,5,3,1,1,1,6291.13857142858,6078.37384615387,5873.01321428577,6177.8763846154,6555.75742857144
"FT1561",383.313531484326,383.313039807057,383.314217786469,1234.647,1234.12451171875,1234.74560546875,5,3,1,1,1,6011.86950000002,5360.55714285717,5644.42499999995,9191.02963636356,8975.8947000001
"FT1562",383.31310469886,383.31283273695,383.313755891748,1200.765,1200.10485839844,1201.35485839844,5,3,1,1,1,38694.3590000001,38008.0473043482,38540.7115000001,14335.3733333334,27010.3353333334
"FT1563",384.316704356342,384.315930433549,384.317389651796,1200.95330078125,1200.66882324219,1201.35485839844,4,3,0,1,1,8242.86131578951,7848.56563157895,8047.85744444451,2570.90905666632,5391.97941176478
"FT1564",385.059357638702,385.059118616585,385.059700545875,491.129,490.265258789062,491.849822998047,5,3,1,1,1,9713.10605263155,9189.648,9000.58399999998,7872.59753333335,7508.31305882351
"FT1565",385.128882339139,385.128818847571,385.128945830707,86.6119346618652,85.8856201171875,87.338249206543,2,0,1,1,1,1713.20636749268,3372.62761077881,2758.87654876709,3440.40899999999,4091.52707692308
"FT1566",385.294319773664,385.293991235353,385.294751666179,1057.191,1056.74987792969,1057.51586914062,5,3,1,1,1,12556.0582173913,12266.2993181819,13107.2065217392,11771.26515,14121.7022727271
"FT1567",385.292004280413,385.291841552692,385.292167008133,1071.52563476562,1071.4091796875,1071.64208984375,2,1,1,0,1,4411.13658905029,6689.69009090909,2679.65112144069,6814.0086666666,2361.35192871094
"FT1568",387.310379629493,387.310182662831,387.311315323153,1093.67993164062,1093.1591796875,1094.59631347656,5,3,1,1,1,16467.4886,17463.0045333331,16749.0387058822,14205.1192666669,18197.954235294
"FT1569",387.310467494925,387.309916488992,387.310802748283,1042.58825683594,1041.64709472656,1042.917,5,3,1,1,1,10191.2645555557,9820.05077777766,10581.5963888891,5952.56711111112,9588.25411764702
"FT1570",388.135115506338,388.13499085972,388.135554379726,86.08,85.254264831543,86.7453002929688,5,3,1,1,1,5421.20586666667,5050.25963636364,5178.15518181818,5169.6064,5437.52618181818
"FT1571",388.313677196855,388.313474225324,388.313929918329,1093.56030273438,1093.1591796875,1093.9814453125,4,2,1,1,1,3835.48423076916,3781.46153846156,2676.4834359976,3677.21115384623,4091.58472727277
"FT1572",389.250958099461,389.250272264976,389.251949703386,1636.462890625,1635.89697265625,1636.689,3,3,0,0,1,22250.8255200002,28609.5721935485,24419.6808518517,25635.7081343751,29053.5487208334
"FT1573",389.250866692259,389.250781691462,389.250916867077,1522.13854980469,1510.93078613281,1526.85656738281,3,0,1,1,1,35547.6462799072,42817.5235931396,41837.1935852051,45351.2383076922,22081.0878571431
"FT1574",389.251096055856,389.251096055856,389.251096055856,1496.83142089844,1496.83142089844,1496.83142089844,1,0,0,1,1,12741.0958862305,16849.9148763021,16933.7288818359,12527.2240397135,18611.3074
"FT1575",389.250822287579,389.250822287579,389.250822287579,1449.8994140625,1449.8994140625,1449.8994140625,1,0,0,1,1,44778.9864705404,48445.843053182,46391.0074384973,47723.3502379072,52879.2501428568
"FT1576",389.250928524286,389.250928524286,389.250928524286,1544.82922363281,1544.82922363281,1544.82922363281,1,0,1,0,1,12322.6080707751,22448.9143066406,21004.9044703433,24833.6091499998,21958.4590036493
"FT1577",389.250916582197,389.250916582197,389.250916582197,1580.46118164062,1580.46118164062,1580.46118164062,1,0,1,0,1,13297.0135620117,22787.9344604492,31316.0237682712,35289.0433548387,23932.8092081706
"FT1578",389.250700163663,389.250700163663,389.250700163663,1475.02221679688,1475.02221679688,1475.02221679688,1,0,0,1,1,8189.94921875,8256.23372395833,8428.54410807292,7531.796875,8580.38714285693
"FT1579",391.21717899857,391.216762227595,391.218023693728,808.436,807.92431640625,809.075927734375,5,3,1,1,1,73201.7426086959,70466.479652174,72810.3701250004,5438.1024761905,15335.1929999999
"FT1580",391.182223606157,391.182022983117,391.182761255999,72.163,71.4267807006836,72.5416793823242,5,3,1,1,1,4971.41963636364,4891.56818181818,4540.928,2684.55299999999,4588.1366
"FT1581",391.284417396281,391.284163121966,391.284671670595,1267.48516845703,1266.8037109375,1268.16662597656,2,0,1,1,1,3631.84111676897,2965.67624136118,3253.41577802386,4116.80624999997,4559.64022222207
"FT1582",392.220367391192,392.220149276373,392.220396403307,808.347058837891,807.92431640625,809.075927734375,4,3,0,1,1,21343.8521739131,21768.2025000001,22029.1130000001,619.101491253399,4132.77400000002
"FT1583",393.297766441898,393.297208814609,393.298352588643,1266.01391601562,1265.55871582031,1266.89331054688,5,3,1,1,1,102580.512391303,115742.155478261,107596.696956522,118865.35440909,112402.873636364
"FT1584",393.297500180117,393.296908257957,393.298302759659,1631.4111328125,1631.28564453125,1633.493,3,3,0,0,1,19137.7618250001,18977.1301351351,13621.0555555555,18431.9837901675,20651.4109815994
"FT1585",394.301106381504,394.300490726542,394.30153536431,1266.01391601562,1265.55871582031,1266.89331054688,5,3,1,1,1,26060.6073913041,28586.392,26148.2817391304,28521.1566190474,27107.4555789476
"FT1586",394.874072942371,394.873421039793,394.874352003796,66.0743637084961,65.8088073730469,67.0774993896484,5,3,1,1,1,3678.61999999999,3371.51649999999,3745.525,4124.51279999999,3801.842
"FT1587",395.214594787155,395.214098810192,395.215011780075,1196.80053710938,1196.251953125,1196.99,5,3,1,1,1,7634.85074999996,7709.85142857156,7917.15917647053,6762.5420624999,6714.04900000011
"FT1588",397.329049338428,397.3284730915,397.329456519004,1238.43383789062,1237.27319335938,1239.02111816406,5,3,1,1,1,31070.739272727,29647.6675454547,30114.555692308,29647.6088333335,30914.5619310346
"FT1589",397.329062837112,397.32859841127,397.329338663529,1257.90997314453,1257.353,1257.96740722656,4,3,0,1,1,21878.2258333333,20562.2377037036,21192.8035714286,18599.4824305943,20061.7200000001
"FT1590",398.241517918716,398.241379530103,398.241913304652,812.005859375,811.613403320312,812.225,5,3,1,1,1,9246.08324999997,9116.30557894733,8474.36868421055,10023.3258125001,10248.1695555555
"FT1591",398.332106474926,398.331424521603,398.332660733968,1238.443,1237.27319335938,1239.02111816406,5,3,1,1,1,7065.0471818182,7010.27785714286,6019.83000000001,6342.76421052631,6306.64199999999
"FT1592",398.305704117885,398.304982169942,398.305942610316,1220.172,1219.65185546875,1220.58996582031,5,3,1,1,1,8397.4085294117,8290.83606666655,8902.9875000001,22843.9267000001,24179.8871578946
"FT1593",399.189183205581,399.188484456125,399.18959387114,1007.36041259766,1006.761,1007.45007324219,5,3,1,1,1,70170.57631579,71268.1957000003,70838.3448421055,80165.0696000003,80471.1736470593
"FT1594",399.30805067536,399.307688414475,399.308858434186,1096.44787597656,1095.30297851562,1105.27233886719,9,3,1,1,1,10003.5616842106,8768.44687500001,9897.38947368409,9994.80061111108,9927.47552631578
"FT1595",399.309082570995,399.308991975527,399.309173166463,1220.12091064453,1219.65185546875,1220.58996582031,2,0,1,1,1,5547.27401733398,6320.98846435547,5890.70510864258,10405.9224782609,10278.7540909091
"FT1596",400.024493410843,400.023895495344,400.024783797337,507.043090820312,506.763549804688,507.628967285156,3,2,0,1,1,4249.01584615384,4437.19199999997,3762.9044015067,2730.42142427885,4195.91530769229
"FT1597",400.192085929615,400.191497306848,400.192642876988,1007.36041259766,1006.73962402344,1007.45007324219,5,3,1,1,1,20806.0756666668,21041.7540000001,20175.1576923079,23225.5403076923,24211.9185000002
"FT1598",401.081276805426,401.081113362841,401.081412318077,511.353393554688,511.182922363281,512.041442871094,5,3,1,1,1,12911.875,13803.9646,14089.1888000001,6014.13166666663,12323.9573333335
"FT1599",401.189990939188,401.189097067862,401.190188994214,1007.31015014648,1006.761,1007.45007324219,4,2,1,1,1,3323.96466394045,3648.63027272733,3873.23933333337,4909.34954545459,4600.69000000007
"FT1600",401.583050317363,401.582796940607,401.58339832849,511.276696777344,511.182922363281,512.041442871094,4,3,0,1,1,4957.73277777776,5511.41733333336,5369.44200000001,2380.53502482096,4568.46977777783
"FT1601",401.937093359012,401.936530294308,401.938180508244,1635.81823730469,1633.493,1635.89697265625,3,3,0,0,1,20655.0652857146,19238.5271052633,34832.4500000002,12331.5237444842,18363.1700353551
"FT1602",401.93691027568,401.93691027568,401.93691027568,1407.07360839844,1407.07360839844,1407.07360839844,1,0,0,1,1,24651.7693837484,29436.6917003285,30468.0951989215,21754.3052341627,23416.1873750001
"FT1603",401.937298132105,401.937298132105,401.937298132105,1385.00305175781,1385.00305175781,1385.00305175781,1,0,0,1,1,25669.0461811266,25164.6137952303,25327.0131835938,19139.2650596217,21685.2713999999
"FT1604",403.193290556246,403.193180570332,403.1940769633,76.59,76.4501800537109,76.815055847168,5,3,1,1,1,5039.551,5548.24,5360.41763636364,5650.3582,6149.59950000001
"FT1605",403.230035936592,403.230035936592,403.230035936592,1486.24035644531,1486.24035644531,1486.24035644531,1,0,0,1,1,3232.84098307292,3757.82002766927,3548.11450195312,2864.92651367188,3751.54714285709
"FT1606",403.229995550714,403.229995550714,403.229995550714,1500.50317382812,1500.50317382812,1500.50317382812,1,0,0,1,1,9437.88426717122,10293.0940429687,10956.869121845,7818.11173189603,12426.8832
"FT1607",403.229671769988,403.229671769988,403.229671769988,1633.48376464844,1633.48376464844,1633.48376464844,1,0,0,1,1,6046.28753836496,14148.4527854919,11475.4558536305,14409.5068952288,16481.3352
"FT1608",403.229867514327,403.229867514327,403.229867514327,1523.18884277344,1523.18884277344,1523.18884277344,1,0,0,1,1,11662.4493440327,16409.1036146009,15961.5581857782,16115.7839421453,16745.2406153846
"FT1609",404.197003578486,404.19680241142,404.197211186941,769.257617675781,769.20263671875,769.381591796875,4,3,0,1,1,5356.78866666666,4744.968,4769.76818181818,1659.23648071289,4574.98474999999
"FT1610",405.193114281341,405.193114281341,405.193114281341,1007.36041259766,1007.36041259766,1007.36041259766,1,0,0,1,1,874.115367542614,2894.30714111328,2652.66224254261,441.162994384766,3877.06945454549
"FT1611",406.145806134353,406.145661190914,406.146062161952,86.0728454589844,85.254264831543,86.0800018310547,5,3,1,1,1,64494.9344117647,55509.9682499999,61717.3280000001,62264.361882353,63347.7783529412
"FT1612",406.329192297401,406.328484705866,406.329647599036,1225.175,1224.67785644531,1225.69201660156,5,3,1,1,1,7787.34727272729,7116.52673684212,8464.21454545445,8208.96000000003,7856.73977272724
"FT1613",407.148900367126,407.148630614746,407.149163079364,86.08,85.254264831543,86.7453002929688,5,3,1,1,1,11434.4584444444,9515.14981818183,10492.3026,10484.9150769231,11468.9385
"FT1614",408.096772821863,408.096664725879,408.097980059982,516.907,516.25146484375,517.529357910156,5,3,1,1,1,43727.4879999998,40547.7387500001,41073.4634999998,25473.9319999999,38799.7656249999
"FT1615",408.308298825906,408.307784688463,408.309023019492,1201.1416015625,1200.10485839844,1214.22155761719,7,3,1,1,1,8548.85625000002,7674.17347058811,8096.06999999984,7861.36266666669,7541.74499999994
"FT1616",408.598425307557,408.598354772324,408.598603307407,516.911743164062,516.88525390625,518.064270019531,5,3,1,1,1,19573.3444666666,19018.78,19003.1333333332,6703.12333333332,17614.4004117646
"FT1617",409.097412740247,409.067581245824,409.099642985065,516.896126953125,510.575,517.529357910156,6,3,1,1,1,6639.55342857138,6633.80742857144,6682.28999999996,4160.51099999996,6201.25292307685
"FT1618",409.358013857457,409.357590765492,409.358436949423,1385.35784912109,1385.07873535156,1385.63696289062,2,1,0,1,1,6049.44808695645,4639.09011114211,5102.99912225632,1427.01025390625,7102.4529444445
"FT1619",411.093849790116,411.093793455883,411.094204448204,989.75244140625,989.706481933594,989.952758789062,5,3,1,1,1,14738.6148000001,14607.3978947368,14279.1716666666,23796.2212727274,14977.2257142856
"FT1620",411.104741314784,411.104706950014,411.105032483082,516.907,516.278015136719,517.460144042969,5,3,1,1,1,18983.6635333332,19920.7984666667,20031.5753333331,7221.30333333332,19735.0796000001
"FT1621",411.344487987891,411.343806813857,411.345067675452,1282.76094189453,1282.3125,1283.12353515625,4,3,0,1,1,6013.99680000002,6346.60689473673,6449.86008333338,2363.95938044084,4766.55282352937
"FT1622",412.118066852019,412.117863597522,412.118711485427,876.040466308594,875.847412109375,876.676,5,3,1,1,1,20649.9446999999,20834.835368421,20293.5176999999,7798.41823076917,16214.2575
"FT1623",412.094653141388,412.094251973839,412.094825814196,989.912,989.706481933594,990.345764160156,5,3,1,1,1,4103.15200000003,4483.97761538461,4118.30349999998,6792.92307692308,4839.06861538456
"FT1624",412.108583234056,412.108019857829,412.108628224581,516.907,516.278015136719,517.529357910156,3,3,0,0,1,3918.9717,4138.32330000002,4162.46836363636,1770.87073701173,3257.1888352051
"FT1625",412.142003545843,412.141431954971,412.142181399054,883.210270263672,882.615478515625,883.582458496094,4,3,0,1,1,6218.88516666672,5310.01800000001,5636.35800000004,2265.39459644664,5491.04169230768
"FT1626",413.121291403475,413.12096546514,413.12190611244,876.670336425781,876.463684082031,877.142700195312,4,3,0,1,1,5948.87328571426,5945.38676470587,5662.59581250005,2357.8591563721,4629.02157142859
"FT1627",413.092484179321,413.092484179321,413.092484179321,989.952758789062,989.952758789062,989.952758789062,1,0,1,0,1,1401.42252022879,2554.71470424107,2101.12437438965,4335.82799999995,1996.78850446429
"FT1628",413.323609528694,413.323157480063,413.324241038966,1143.59716796875,1142.987,1144.33117675781,5,3,1,1,1,11423.1976363636,11622.0150000001,11931.0787272727,11453.0355,18855.8263636364
"FT1629",413.266403408078,413.265948913336,413.266977996217,1268.03491210938,1267.43872070312,1268.78869628906,5,3,1,1,1,68101.4086666665,73269.9368181827,72671.1196956523,76104.2017272725,78302.4659310345
"FT1630",414.269654860881,414.269208610148,414.270387463092,1267.87841796875,1267.43872070312,1268.16662597656,5,3,1,1,1,18705.9075789474,20138.9939500003,18594.8027368421,18559.9224705882,20303.5015909091
"FT1631",415.183816638651,415.18324198059,415.184395159006,737.117614746094,737.052,737.615173339844,5,3,1,1,1,6876.55999999998,6581.17599999999,6490.32523076921,5130.56061538459,5811.42153846154
"FT1632",415.183663930736,415.182932324229,415.184316600685,1007.36541748047,1007.25988769531,1007.45007324219,5,3,1,1,1,4993.81614285714,4782.70107142857,4839.63400000002,5568.57642857145,5053.75933333341
"FT1633",417.245287777421,417.245287777421,417.245287777421,1462.45483398438,1462.45483398438,1462.45483398438,1,0,0,1,1,10354.0691750266,11567.7088789506,10755.1093805487,11421.0990988991,13368.3947826086
"FT1634",417.245758750019,417.245758750019,417.245758750019,1451.15625,1451.15625,1451.15625,1,0,0,1,1,622.086181640625,1404.380859375,2434.65783691406,2302.57104492188,2945.63249999975
"FT1635",417.245660716839,417.245660716839,417.245660716839,1435.99841308594,1435.99841308594,1435.99841308594,1,0,0,1,1,7136.9607421875,5969.3015625,6811.02877604167,8760.83426339286,7988.88420000015
"FT1636",417.24568242246,417.24568242246,417.24568242246,1477.54150390625,1477.54150390625,1477.54150390625,1,0,0,1,1,12502.8653511379,12294.5037397905,13010.3142939029,10775.2272338867,14123.3361599999
"FT1637",417.245560759476,417.245560759476,417.245560759476,1512.16711425781,1512.16711425781,1512.16711425781,1,0,0,1,1,12247.8532184103,24456.0569537619,20896.556587551,19079.7149525518,26151.8531249999
"FT1638",419.133623860082,419.13351061905,419.133832717049,559.755,559.130004882812,559.873474121094,5,3,1,1,1,21792.3963157893,21574.7068888888,21581.8762499999,12143.4711428571,22031.0833333333
"FT1639",420.136801594054,420.136744809605,420.136911602332,559.444730224609,559.130004882812,559.755004882812,4,3,0,1,1,4680.78416666667,4830.92342857144,4797.33428571427,1228.54544538762,4703.85600000002
"FT1640",421.170380221811,421.16982685341,421.17075055502,1006.73962402344,1006.62652587891,1007.45007324219,5,3,1,1,1,8856.23516666664,9148.89866666659,9309.35076923079,9725.67923076923,9571.14591666672
"FT1641",422.086805992402,422.086433691598,422.087066935656,514.435302734375,514.368103027344,515.096252441406,5,3,1,1,1,15847.3734375,13286.192125,12417.3899999999,6610.01136363636,13594.0854285715
"FT1642",422.588265661011,422.58819351523,422.588412542889,514.731651367188,514.368103027344,515.096252441406,4,3,0,1,1,5987.35833333338,5660.25691666665,5124.78214285712,2224.36354005783,5388.12500000002
"FT1643",424.047478488262,424.047184675667,424.047499982746,491.012939453125,490.265258789062,491.129,3,2,0,1,1,6052.45814277647,5743.85559999999,6127.30764705881,4070.55504377745,4462.94647058822
"FT1644",425.214835562185,425.214058853182,425.215351872354,1052.96704101562,1052.57421875,1053.46643066406,5,3,1,1,1,6083.66999999995,7541.15611111099,6508.62566666667,6751.65600000005,8065.44211764703
"FT1645",425.359927812757,425.359518566229,425.360962986587,1309.333,1308.62524414062,1309.65393066406,5,3,1,1,1,5870.86488888892,5965.23199999999,5881.09900000004,6514.52629411766,6870.9228421053
"FT1646",425.360058824874,425.359791987572,425.360807445684,1336.937,1335.93920898438,1337.30041503906,5,3,1,1,1,5703.10780952387,6403.49527272732,6007.49630434788,7401.04643478268,6700.61599999993
"FT1647",426.178504602423,426.178310769823,426.180087131467,769.257617675781,769.20263671875,769.381591796875,4,3,0,1,1,3875.53469230769,4153.87299999996,4253.06119999995,1290.76624522815,3362.10600000001
"FT1648",426.261643642773,426.261453558439,426.26183804512,893.142,892.676025390625,893.506103515625,5,3,1,1,1,5271.63818181816,5709.72933333334,5772.78499999999,5401.6085454545,5497.16399999994
"FT1649",427.070136368796,427.069946897489,427.070338962312,516.907,516.25146484375,517.529357910156,5,3,1,1,1,10862.2475294118,10018.1715,10120.4766666666,7098.7365,10685.7296842105
"FT1650",427.095076632453,427.09480206745,427.095363452693,74.7929345703125,74.662467956543,75.1964797973633,4,3,1,0,1,3760.43325,4074.129,3790.5057,3954.2262,2123.6112837358
"FT1651",427.067974861629,427.067974861629,427.067974861629,989.952758789062,989.952758789062,989.952758789062,1,0,1,0,1,1940.99588448661,2684.6527797154,2605.36853027344,4332.64737499995,2890.93865094866
"FT1652",427.339669425738,427.338504378511,427.339867346808,1185.56225976562,1185.47790527344,1186.17260742188,4,3,0,1,1,5105.8899375,5221.66742857143,5247.33827272717,2822.89420572917,4978.01362499999
"FT1653",430.099408233562,430.099299099117,430.099623856745,491.129,490.265258789062,491.449157714844,5,3,1,1,1,10574.9169230769,10286.1517857142,9908.59299999997,6056.97890909093,7288.18928571428
"FT1654",430.601227403018,430.600652807983,430.601461121199,491.129,491.012939453125,491.215270996094,3,3,0,0,1,5855.96153846151,4971.44783333332,4936.60071428571,3009.55687669021,2832.37814895631
"FT1655",430.914156001885,430.913082741412,430.914856062068,1639.195,1639.16711425781,1639.81604003906,5,3,1,1,1,62538.5690909096,74197.1355666669,71244.8230000007,47604.0445999998,61166.9491071424
"FT1656",430.91365665486,430.913155170312,430.914103244926,65.8199996948242,65.4521789550781,66.4627227783203,5,3,1,1,1,5469.16219999999,5647.92133333332,6036.2755,6603.9095,6503.96216666666
"FT1657",430.913545062086,430.913165117438,430.913925006734,1180.49670410156,1179.876953125,1181.11645507812,2,2,0,0,1,37587.8906666663,35940.1268461537,30387.6721942608,28240.6065392127,28915.1736215445
"FT1658",430.913478642698,430.913391138234,430.913566147163,1250.69311523438,1249.15234375,1252.23388671875,2,1,0,1,1,113610.73363061,118235.75898077,116493.054558249,97443.7788421032,99096.5062399999
"FT1659",430.913639755235,430.913202861983,430.914076648488,1206.69970703125,1203.83630371094,1209.56311035156,2,2,0,0,1,47129.6220689654,98458.0170517242,86027.201864624,66755.2166046143,63667.2245385742
"FT1660",430.913530876652,430.913459478272,430.913602275032,1403.28442382812,1398.87658691406,1407.69226074219,2,0,0,1,1,37509.6724055364,144100.69337346,139918.204714262,88448.8144155649,78364.8524999999
"FT1661",430.913666609191,430.913666609191,430.913666609191,1314.23522949219,1314.23522949219,1314.23522949219,1,0,0,1,1,101568.677241884,127154.290063477,124330.830399577,106971.161486816,115483.257290323
"FT1662",430.913909451243,430.913909451243,430.913909451243,1381.24743652344,1381.24743652344,1381.24743652344,1,0,0,1,1,178304.133808136,176029.230816465,181757.117716471,115927.605187618,148156.892352941
"FT1663",430.913411383054,430.913411383054,430.913411383054,1294.87438964844,1294.87438964844,1294.87438964844,1,0,0,1,1,114286.880917019,119070.134782579,120843.06100803,105959.694044325,109910.598378379
"FT1664",430.913858514914,430.913858514914,430.913858514914,1344.58752441406,1344.58752441406,1344.58752441406,1,0,0,1,1,148005.900232652,165634.747536399,167765.205411044,118165.483016968,141222.214147059
"FT1665",431.178163368684,431.177801831474,431.178384358448,624.281555175781,623.882141113281,625.0615234375,5,3,1,1,1,15677.3084210527,16015.3345000001,15344.7781052633,13463.0862352941,16316.4616842105
"FT1666",431.261440799056,431.261007331415,431.262932856277,1634.66168212891,1633.91857910156,1636.042,4,3,0,1,1,28862.0267500001,17395.3267741936,12826.9406086957,20158.0844988064,14065.7299090909
"FT1667",431.261644573818,431.261644573818,431.261644573818,1444.85388183594,1444.85388183594,1444.85388183594,1,0,0,1,1,12213.5778401693,16833.208186849,17030.931404903,19694.3820211476,20956.7340000001
"FT1668",431.261437111424,431.261437111424,431.261437111424,1459.30993652344,1459.30993652344,1459.30993652344,1,0,0,1,1,6537.78724580653,11317.2681669347,11736.8942224839,11631.7383270264,13766.8226666665
"FT1669",431.261750270391,431.261750270391,431.261750270391,1480.06188964844,1480.06188964844,1480.06188964844,1,0,0,1,1,18833.6090698242,12140.3052852236,14352.3832763672,14212.5313842773,22558.7296875001
"FT1670",431.680014358722,431.679349369711,431.680092744297,624.281555175781,623.250244140625,624.432067871094,5,3,1,1,1,8632.31400000006,7860.65500000006,8832.107,6789.72437500004,8457.3665263158
"FT1671",432.257300179549,432.257300179549,432.257300179549,1458.05700683594,1458.05700683594,1458.05700683594,1,0,0,1,1,6345.63817545573,10691.653898112,9135.87131347656,12714.7068115234,13859.7136874998
"FT1672",432.258132576665,432.256957261116,432.258594180756,1635.89697265625,1635.1787109375,1636.042,3,3,0,0,1,28204.5278863636,18013.7558571428,17608.6435555555,22985.1406436496,27883.0230814616
"FT1673",432.257746584012,432.257746584012,432.257746584012,1441.71557617188,1441.71557617188,1441.71557617188,1,0,0,1,1,15718.1817400897,16004.8854166667,18361.5925527719,18437.6647244967,21594.0334074076
"FT1674",432.257955357358,432.257955357358,432.257955357358,1477.54150390625,1477.54150390625,1477.54150390625,1,0,0,1,1,15025.2596299913,8547.07370174632,13630.5425190173,12316.6838764391,17621.3017999997
"FT1675",432.257327535215,432.257327535215,432.257327535215,1493.01196289062,1493.01196289062,1493.01196289062,1,0,0,1,1,9643.87102950247,15446.9439761513,14204.4098093133,11437.333984375,17853.6656842104
"FT1676",432.257837481748,432.257837481748,432.257837481748,1388.18127441406,1388.18127441406,1388.18127441406,1,0,0,1,1,31033.6209542411,29207.0174386161,32293.3475167411,37490.3623046875,39333.8793
"FT1677",432.257913899286,432.257913899286,432.257913899286,1419.03967285156,1419.03967285156,1419.03967285156,1,0,0,1,1,31018.2881303267,31454.6023800872,29700.9072492733,36360.523215554,33749.9989333333
"FT1678",432.257395797505,432.257395797505,432.257395797505,1523.18884277344,1523.18884277344,1523.18884277344,1,0,0,1,1,21639.3136440543,28138.4259817941,33196.3105071312,27973.7206378316,37463.685909091
"FT1679",433.276922364571,433.276301980381,433.278421379776,1636.03454980469,1635.89697265625,1636.462890625,4,3,0,1,1,17840.8479130436,20116.2135833334,22820.989888889,22875.8770584401,24868.9500000001
"FT1680",433.276591148703,433.276498406629,433.27669305149,1524.40344238281,1523.97619628906,1535.56481933594,3,0,1,1,1,25654.5573891088,37933.6127158717,37784.3581864206,24596.0924999997,27091.8475000001
"FT1681",433.276757816886,433.276757816886,433.276757816886,1590.4990234375,1590.4990234375,1590.4990234375,1,0,1,0,1,9072.79724121094,25776.0433197021,26735.0696563721,28544.5539615384,24045.6877441406
"FT1682",433.276419872234,433.276419872234,433.276419872234,1601.82250976562,1601.82250976562,1601.82250976562,1,0,1,0,1,3180.42812347412,17911.7630081177,15136.7969512939,17120.2965882352,17253.2273025513
"FT1683",433.276528733231,433.276528733231,433.276528733231,1509.70324707031,1509.70324707031,1509.70324707031,1,0,0,1,1,5070.89579503676,17646.0541449653,12484.763620477,9415.3421766493,20726.3056842108
"FT1684",433.276582160067,433.276582160067,433.276582160067,1496.83142089844,1496.83142089844,1496.83142089844,1,0,0,1,1,10562.4902795862,24534.4690755208,22864.9865451389,17261.0349496695,29639.2664444444
"FT1685",433.276598766505,433.276598766505,433.276598766505,1576.68041992188,1576.68041992188,1576.68041992188,1,0,1,0,1,15236.2676478795,15329.7128121512,15095.1811360677,17072.3700000001,18558.7026204427
"FT1686",433.276588659595,433.276588659595,433.276588659595,1462.45483398438,1462.45483398438,1462.45483398438,1,0,0,1,1,9373.99831321023,21340.2732599432,20745.4430486506,18943.2060990767,23678.332173913
"FT1687",433.276495745026,433.276495745026,433.276495745026,1476.9091796875,1476.9091796875,1476.9091796875,1,0,0,1,1,2474.48406717052,14887.9477206143,20409.5825195312,14331.499786377,26437.3591199999
"FT1688",433.276712347789,433.276712347789,433.276712347789,1443.59704589844,1443.59704589844,1443.59704589844,1,0,0,1,1,30954.5441216363,31424.2793918186,32594.21605399,33131.0436293658,36100.2863333332
"FT1689",433.276661159826,433.276661159826,433.276661159826,1557.28161621094,1557.28161621094,1557.28161621094,1,0,1,0,1,34576.1184570313,37377.1533203125,35883.9971609933,39913.2922222221,38331.2035505022
"FT1690",436.282536499512,436.281887168034,436.284405562368,999.876159667969,999.172424316406,1000.23510742188,5,3,1,1,1,7930.66070588234,7917.69933333341,8399.95794444441,5352.43575000003,7521.61200000005
"FT1691",437.144666811292,437.143903667806,437.145098327841,1006.73962402344,1006.62652587891,1006.81872558594,5,3,1,1,1,7500.27085714287,8061.84500000003,7708.49236363645,8915.574,8786.97600000003
"FT1692",437.144312647858,437.144217342057,437.144611841434,559.755,559.130004882812,559.873474121094,5,3,1,1,1,219731.93742857,219537.723999999,221399.544761904,121902.525333333,211406.307249999
"FT1693",437.186553017558,437.186242841187,437.186863193929,1187.46399462891,1187.46398925781,1187.464,2,1,0,1,1,4066.89908660882,3186.8900106811,4324.55999999994,3980.99343872063,4183.21909090913
"FT1694",438.14774319889,438.147498128426,438.147946999581,559.755,559.130004882812,559.873474121094,5,3,1,1,1,52095.9235263154,52689.5069999998,52165.5531904761,28749.0315789472,50141.2509523809
"FT1695",439.149858496397,439.149781836395,439.150155772053,559.253601074219,559.130004882812,559.755004882812,5,3,1,1,1,9777.11399999999,9486.55619999994,10257.8996666666,4805.25664285717,9780.59555555552
"FT1696",440.869563384778,440.868416932652,440.870181787255,1641.729,1641.62463378906,1642.44384765625,5,3,1,1,1,10055.8474000001,10727.1657142858,10753.8734117648,12072.0418750002,13176.3596250001
"FT1697",441.355074984657,441.354682760355,441.355797914208,1227.58923339844,1226.55493164062,1227.74768066406,5,3,1,1,1,13868.4858333334,13665.28,13546.0445714287,11260.8344999999,13383.9719999999
"FT1698",441.297439880754,441.296944914399,441.297606885875,1304.91662597656,1303.769,1311.15563964844,3,2,0,1,1,17268.4312841201,22518.2034385965,10150.7575714286,22156.6417863352,11717.0127692308
"FT1699",442.034832348644,442.034832348644,442.034832348644,516.88525390625,516.88525390625,516.88525390625,1,0,0,1,1,5600.08191276999,5675.78251139323,5544.09543863932,2928.99223327637,5926.16911764708
"FT1700",442.870073472328,442.868848240804,442.870611589174,1641.64697265625,1641.02124023438,1641.78283691406,5,3,1,1,1,3685.05942857142,3808.95900000008,4128.89246153854,3968.42666666655,3825.81333333343
"FT1701",443.105494322445,443.105324225864,443.10594682539,491.129,490.891479492188,491.849822998047,5,3,1,1,1,69278.5128333331,69142.944,69872.1853333332,65216.107157895,49013.9346666666
"FT1702",443.041930787626,443.041567612223,443.042049779782,516.911743164062,516.88525390625,518.669128417969,5,3,1,1,1,9564.78926315789,9470.84533333333,9419.10116666663,3925.31850000002,9081.06000000001
"FT1703",443.334537121341,443.333925519485,443.334777882518,1100.37915039062,1094.97888183594,1104.76684570312,8,3,1,1,1,10943.3415000001,20431.78,9209.89066666651,21616.0562500001,11360.5894500001
"FT1704",444.108087156013,444.10800497698,444.108499549339,491.129,490.265258789062,491.849822998047,5,3,1,1,1,14966.0309333333,14484.3500833333,14004.5005882353,13953.8132307693,9341.99676923078
"FT1705",445.102991499458,445.102440413612,445.103383117587,491.129,490.891479492188,491.849822998047,5,3,1,1,1,6799.20981818181,6670.26249999997,6633.60415384617,6811.31200000002,5098.53633333334
"FT1706",445.080517641476,445.080517641476,445.080517641476,516.88525390625,516.88525390625,516.88525390625,1,0,0,1,1,4592.97453308105,4163.13872419085,5376.42041015625,4095.66385091146,5401.43125000001
"FT1707",446.18588370726,446.185278529384,446.186088477766,737.661,737.570617675781,737.741394042969,5,3,1,1,1,96092.9616111116,97140.7736999996,97275.9064499998,83172.3374117652,93395.3007999994
"FT1708",446.887443923221,446.887085825982,446.888315399895,65.82,65.8088073730469,66.4627227783203,5,3,1,1,1,6756.90057142856,6718.31314285713,6822.521,7805.02366666666,7575.28566666666
"FT1709",447.188835263786,447.188321375614,447.189096512048,737.661,737.570617675781,737.741394042969,5,3,1,1,1,23952.9675,24243.6510000001,25097.7183333334,21307.668625,23827.3293333336
"FT1710",447.292586946609,447.292052056214,447.294059191293,1634.97973632812,1632.854,1636.462890625,4,3,0,1,1,22927.5239583335,41716.5185365854,47137.4201666667,39664.9426554511,30845.8014814813
"FT1711",447.292525174686,447.292408539908,447.292694050149,1526.24230957031,1517.08044433594,1544.21655273438,5,0,1,1,1,35805.2514905428,47552.0246516047,47019.4212415541,29092.461666667,24453.4715789474
"FT1712",447.316862657591,447.29051630094,447.343209014242,1364.19580078125,1361.65588378906,1366.73571777344,2,0,1,0,1,NA,NA,NA,15205.9203333333,NA
"FT1713",447.292690148998,447.29238723772,447.292993060275,1378.1279296875,1375.56555175781,1380.69030761719,2,0,1,1,1,35537.2730250503,35594.0386685458,35957.7348262902,36183.6194999998,40593.0428611112
"FT1714",447.292619543522,447.292586924063,447.292711107137,1457.53186035156,1449.27197265625,1463.09118652344,3,0,1,1,1,43316.3242685418,46403.9977182242,46199.9217465049,49840.4266666668,29143.3532173911
"FT1715",447.29248392978,447.292233174723,447.292661718498,1407.69226074219,1397.59497070312,1415.49243164062,3,0,1,1,1,45381.1204197096,50422.0051757813,46797.616402181,67156.4195636367,23255.1455000002
"FT1716",447.292501621082,447.292501621082,447.292501621082,1599.92077636719,1599.92077636719,1599.92077636719,1,0,1,0,1,5528.19618853401,23697.9475169462,20794.3982149012,23863.7423333332,22423.3500043084
"FT1717",447.292931906045,447.292931906045,447.292931906045,1588.63745117188,1588.63745117188,1588.63745117188,1,0,1,0,1,16457.1194370815,16924.9972961426,26331.9172851563,30080.9286818179,23438.9476143973
"FT1718",447.292742126536,447.292742126536,447.292742126536,1480.70812988281,1480.70812988281,1480.70812988281,1,0,0,1,1,19586.5167778863,24978.8291954627,35489.6708034939,23478.8504457827,38443.2811034484
"FT1719",447.293094785961,447.293094785961,447.293094785961,1563.52038574219,1563.52038574219,1563.52038574219,1,0,1,0,1,35230.9254286024,31740.6536996024,35686.0500052316,39633.5899285713,39575.002873012
"FT1720",448.185821486465,448.185236685284,448.18633285399,737.661,737.570617675781,737.741394042969,5,3,1,1,1,5702.12027272722,6167.48271428573,5598.9694285714,4459.92671428568,5308.01944444438
"FT1721",449.359786574864,449.359493966937,449.360700657157,1357.85287304687,1357.29016113281,1357.88098144531,4,2,1,1,1,4535.04037499998,4776.29764837645,4926.14270833337,6548.95477777789,6035.13368181823
"FT1722",452.276873322082,452.276477875132,452.277240909796,902.498123291016,902.134216308594,902.70849609375,4,3,0,1,1,75637.6069565216,76554.1245000003,76913.5732083331,49755.1161171768,67407.9429565218
"FT1723",452.277399514473,452.277293276114,452.277745357864,919.514219238281,919.284240722656,920.175109863281,4,3,0,1,1,108090.571520001,120793.578666666,122178.7092,18965.5633622315,123565.7665
"FT1724",453.280593802815,453.278944349269,453.281174570543,919.284240722656,916.721069335938,920.175109863281,5,3,1,1,1,18865.6786363635,28712.908,29409.8954000001,5642.71500000006,30444.0042500001
"FT1725",453.280094051359,453.279673873988,453.280374100558,902.694748046875,902.134216308594,902.947570800781,4,3,0,1,1,16716.3195789474,17657.8150000001,17361.3728571429,10301.0857146662,15990.5641739131
"FT1726",454.293130642894,454.292830889591,454.293358250048,977.743835449219,977.175109863281,977.780334472656,5,3,1,1,1,206702.009393939,206199.357090909,205440.576882353,195831.520521739,196759.589090908
"FT1727",454.293054636022,454.292717401607,454.293683424606,999.828002929688,998.933227539062,999.911,5,3,1,1,1,307139.337919999,305016.372916667,302253.598416667,217696.54225,270738.016208334
"FT1728",454.283007144455,454.28279200526,454.28322228365,919.417022705078,919.284240722656,919.5498046875,2,1,0,1,1,3952.75082600911,4365.09339999996,4838.25882911682,1558.00509262085,4666.54447058826
"FT1729",455.296483359437,455.29577435082,455.296663557308,977.743835449219,977.175109863281,977.780334472656,5,3,1,1,1,48692.7337499999,48418.432451613,49412.3122,48239.1872631579,44422.8464999999
"FT1730",455.296431480741,455.293997474112,455.296989645974,999.828002929688,998.290954589844,999.911,5,3,1,1,1,74661.1324583334,74735.1943478259,74328.5608800002,45138.213,76083.2730434785
"FT1731",456.117715084793,456.117576275104,456.117909904972,564.455047607422,556.672302246094,564.834,6,3,1,1,1,28014.455090909,24332.7808,24682.4442857144,27856.2418461538,31595.6528214286
"FT1732",456.298590162442,456.298069592614,456.298871742251,977.743835449219,976.5419921875,977.780334472656,5,3,1,1,1,8067.39831250004,8305.66050000004,7860.00000000004,8509.96410526316,7824.09377777779
"FT1733",456.298888455802,456.298213774924,456.299520115212,999.828002929688,998.290954589844,999.911,5,3,1,1,1,12593.3949000001,12240.9572727273,12342.0597647059,6670.70508333331,10649.4864000001
"FT1734",456.619574916629,456.619492582043,456.619765104103,564.201965332031,561.727478027344,564.834,5,3,1,1,1,17278.64003125,11026.0623684211,10935.70655,13358.9987916667,15176.0787857143
"FT1735",457.111841380717,457.111604637796,457.11199363019,432.077484130859,431.774139404297,432.834381103516,5,3,1,1,1,18638.3666666667,18316.23435,18190.3575,10135.8578,18279.954
"FT1736",457.349970914884,457.349367271963,457.350574557804,1142.22692871094,1142.11853027344,1142.33532714844,2,2,0,0,1,8292.72000000003,7211.4530526316,7414.96991136339,7373.71278720432,7704.43521796332
"FT1737",459.126332130324,459.126175481721,459.12647195925,559.755004882812,559.130004882812,560.37060546875,5,3,1,1,1,179108.262857143,188696.0761875,182988.018,156177.636111111,180654.270428571
"FT1738",460.129555199137,460.129484887313,460.129769423014,559.873474121094,559.755,560.3779296875,5,3,1,1,1,43161.1526666665,43548.681967742,43433.8015714286,36691.4223846155,42725.3324444443
"FT1739",461.102119533895,461.102053121264,461.102594775872,564.203,561.727478027344,564.756408691406,5,3,1,1,1,8729.01344999999,7606.0157894737,7983.99710000003,10314.5433846154,7435.12000000001
"FT1740",461.272072910962,461.271928476526,461.272252564193,1446.43450927734,1439.79626464844,1459.30993652344,4,0,0,1,1,13567.400234375,9386.25998046875,12579.8587849935,13877.4785253906,2202.91866666673
"FT1741",461.271740633958,461.271740633958,461.271740633958,1481.96472167969,1481.96472167969,1481.96472167969,1,0,0,1,1,6781.86417770386,12247.5339079826,15064.0648803711,10320.9165611267,20033.0932941176
"FT1742",461.271959611725,461.271959611725,461.271959611725,1500.50317382812,1500.50317382812,1500.50317382812,1,0,0,1,1,13792.9741015625,11445.662484976,13804.0497201773,12388.9507559317,16066.5585769231
"FT1743",461.271981962353,461.271981962353,461.271981962353,1525.01489257812,1525.01489257812,1525.01489257812,1,0,0,1,1,12115.5017877394,14102.063273112,15017.4763997396,15250.2156903667,18256.67665625
"FT1744",462.297903545155,462.297369785006,462.298038911955,1021.85754394531,1021.61743164062,1021.94995117188,3,1,1,1,1,5002.61193749995,4827.74537963867,4882.35330810547,4816.96666666667,5479.07666666668
"FT1745",462.861327808406,462.860549121028,462.862016214794,65.82,65.8088073730469,67.0774993896484,5,3,1,1,1,3402.50039999999,3441.76559999999,3780.777,4163.08919999999,3683.812
"FT1746",463.201398852551,463.201150706822,463.202263335396,1196.88635253906,1196.32775878906,1197.54931640625,5,3,1,1,1,5369.63500000006,5605.22523076935,5804.52141176467,5166.50579999991,4840.33233333341
"FT1747",465.102862738667,465.102578653796,465.102892016246,512.536189453125,512.445190429688,513.26171875,4,3,0,1,1,5950.85993333332,6247.50646153846,6137.72228571433,3205.28111580114,6150.66666666667
"FT1748",467.277240743526,467.276502996448,467.277631093074,1078.506,1074.740234375,1079.13171386719,5,3,1,1,1,9494.82764705887,10138.2472058824,9883.66803030303,9440.44933333334,10681.5132857142
"FT1749",467.277231329834,467.276378119597,467.277306072853,1041.64709472656,1041.33239746094,1046.09094238281,3,1,1,1,1,7699.37077777779,7535.00126279634,7898.85119207974,6357.32700000003,8085.43619999993
"FT1750",468.167702889923,468.167146170342,468.167942656647,737.661,737.570617675781,737.741394042969,5,3,1,1,1,50913.099789474,51434.5764705883,51258.2040526317,43399.5716875,49241.2536315789
"FT1751",469.170495439182,469.16985932232,469.170847929171,737.661,737.570617675781,737.741394042969,5,3,1,1,1,12484.9911999999,12686.411076923,13125.0616000001,10940.4682142857,12002.3768000001
"FT1752",469.328831388462,469.326868830836,469.329701917084,1364.19396972656,1363.49328613281,1364.82470703125,5,3,1,1,1,8233.52249999995,8793.98643478264,7604.43365,9564.41400000002,9387.59431818185
"FT1753",469.386049221378,469.386049221378,469.386049221378,1335.94189453125,1335.94189453125,1335.94189453125,1,0,0,1,1,3575.84981043199,4490.19245910645,3952.70038200827,4562.80453491211,4029.25355555548
"FT1754",469.924618885478,469.923825741749,469.925785118735,1635.89697265625,1635.81823730469,1636.042,3,3,0,0,1,21790.6697894741,25859.1421499998,24743.5563809524,10540.7047544922,15022.8027869629
"FT1755",469.924240110103,469.924240110103,469.924240110103,1403.9169921875,1403.9169921875,1403.9169921875,1,0,0,1,1,10953.1273643092,56527.1598307292,57017.6614583333,32508.1868665541,48621.9742105264
"FT1756",469.924685241798,469.924685241798,469.924685241798,1382.49340820312,1382.49340820312,1382.49340820312,1,0,0,1,1,42530.5104604868,42403.5458984375,42760.2246938852,32124.6520244892,36960.3433333332
"FT1757",473.266622684748,473.26636624549,473.267407342254,999.543060302734,999.172424316406,999.911,4,3,0,1,1,4377.24654545455,4928.1741666666,4682.39200000002,3134.93503409095,4238.84618181813
"FT1758",474.258632965612,474.258132972622,474.258879128852,902.694748046875,902.134216308594,902.947570800781,4,3,0,1,1,21880.1363478261,21278.7192727273,22846.4715454546,13351.2619790517,19162.587
"FT1759",474.259544537099,474.259396291199,474.259927617548,919.935333251953,919.729,920.175109863281,4,3,0,1,1,24165.567,27754.9682999999,29251.7960000001,6063.25164131498,29569.5600000001
"FT1760",474.267256337852,474.26665640312,474.26773554541,1632.84838867188,1632.231,1633.93237304688,3,2,0,1,1,10801.4058257378,12348.4127272728,13356.7923055556,13147.4535530598,13361.7161666666
"FT1761",475.262700027879,475.262303228272,475.262899223422,920.055480957031,919.934814453125,920.355,4,3,0,1,1,4103.00490000003,6852.78993749999,6718.96905882354,2041.97200398763,7526.95031578947
"FT1762",475.28785963288,475.287047216067,475.289163133706,1635.23828125,1634.774,1635.81823730469,3,3,0,0,1,11801.2878571428,20600.2363636364,24122.3546285716,20716.4589685059,23981.164885798
"FT1763",475.261996528445,475.261966335497,475.262026721392,903.006607177734,902.681,903.332214355469,2,1,0,1,1,3483.51451599121,4601.66791087123,4684.64123076921,2454.12764274902,4185.74470588234
"FT1764",475.283544128765,475.283544128765,475.283544128765,1107.73657226562,1107.73657226562,1107.73657226562,1,0,1,0,1,5423.6756423424,6819.2875453404,5679.26526750837,7739.53893103441,5640.67298626078
"FT1765",476.27509392238,476.274525135373,476.2753792336,977.743835449219,977.175109863281,977.780334472656,5,3,1,1,1,72629.174333333,70742.2248750002,72943.5240000003,66886.2476086956,60477.3622857144
"FT1766",476.274915645159,476.272800850234,476.275674411888,999.828002929688,998.933227539062,999.911,5,3,1,1,1,85982.9405999999,86358.8917692309,87060.0763846157,59714.3177741934,85718.8167999996
"FT1767",476.285113276483,476.285059077899,476.285167475068,1485.32073974609,1481.33740234375,1489.30407714844,2,0,0,1,1,15446.8109619141,15142.4901275635,15659.8120239258,13848.3259277344,9906.29869999993
"FT1768",476.285019068211,476.285019068211,476.285019068211,1527.4658203125,1527.4658203125,1527.4658203125,1,0,0,1,1,3674.66593424479,6297.67069498698,4597.5390625,4925.01017252604,9107.67368421055
"FT1769",476.285193602495,476.285193602495,476.285193602495,1513.39831542969,1513.39831542969,1513.39831542969,1,0,0,1,1,6029.88999586839,3751.03506469727,5282.98718261719,5171.01762507512,7411.48799999995
"FT1770",476.285176244392,476.285176244392,476.285176244392,1466.87646484375,1466.87646484375,1466.87646484375,1,0,0,1,1,8084.72758214614,8397.24272460937,8186.17042451746,7899.19396254596,8602.98088888891
"FT1771",476.28513184814,476.28513184814,476.28513184814,1636.02709960938,1636.02709960938,1636.02709960938,1,0,0,1,1,5447.5819905599,7724.46899414062,7511.92309570312,6461.65771484375,10456.5557692307
"FT1772",476.285179742236,476.285179742236,476.285179742236,1447.36975097656,1447.36975097656,1447.36975097656,1,0,0,1,1,7004.11929859835,5959.30592256434,7513.47415924072,7359.0622845818,9291.34266666679
"FT1773",477.105029097713,477.104824951362,477.105095370558,510.656625366211,510.547149658203,511.419555664062,4,3,0,1,1,3438.93000000001,4142.13524999995,4385.81325000006,1195.64333108957,2875.55249999999
"FT1774",477.27831101342,477.277705031702,477.278551244288,977.743835449219,977.175109863281,977.780334472656,5,3,1,1,1,16677.083142857,16617.80736,16496.9363,16152.3869473683,14609.1739047619
"FT1775",477.278196265481,477.277863229573,477.278694647382,999.828002929688,997.662963867188,999.911,5,3,1,1,1,19955.7530526316,19731.7323636364,21248.8993636364,10099.3689444445,18716.826590909
"FT1776",479.118585150884,479.11838492379,479.118672712377,507.07861328125,506.763549804688,507.628967285156,5,3,1,1,1,8710.75476923072,9057.37399999997,8480.94000000003,5420.09072727272,7646.84766666662
"FT1777",479.187203670129,479.186896497353,479.187232209945,321.191558837891,321.127,321.381408691406,5,3,1,1,1,24422.0201111111,25303.1000000001,25487.7235789474,22938.987631579,25635.1995789473
"FT1778",480.190289579532,480.18993182536,480.190433883841,321.127014160156,320.514,321.381408691406,5,3,1,1,1,5284.65600000001,5599.09333333332,5466.93131250002,5251.75857142855,5785.36200000001
"FT1779",480.169404418067,480.169248853407,480.169757975418,750.955,750.811218261719,751.594299316406,5,3,1,1,1,8415.22346666672,8856.05568749998,8592.01125000001,5294.23892307696,8032.8335
"FT1780",480.308698446069,480.308184206617,480.308771103859,1021.94311523438,1021.61743164062,1022.209,5,3,1,1,1,308181.807359999,307180.82496,310733.228119999,327995.914625,336248.964499998
"FT1781",480.308747577311,480.308253233963,480.30923501595,1000.50921630859,1000.46203613281,1000.533,3,3,0,0,1,73147.8770000002,76302.1279310342,75689.7745624998,52264.862622827,44026.4428510111
"FT1782",481.107675022229,481.107303788935,481.107808044663,507.403869628906,507.043090820312,507.628967285156,5,3,1,1,1,119599.023933333,113272.6290625,111245.499933334,62639.8655384614,107513.29875
"FT1783",481.312031416211,481.311622489591,481.312200588234,1021.94311523438,1021.61743164062,1022.209,5,3,1,1,1,84007.2244799998,81077.1933333334,81248.583416666,87361.0037826084,89693.6396086951
"FT1784",482.110974266414,482.110675106352,482.111149995378,507.07861328125,506.763549804688,507.628967285156,5,3,1,1,1,32469.9004285713,31190.0457142856,30266.5725000001,16372.015076923,28207.2089285715
"FT1785",482.314385841398,482.313811410408,482.31473424027,1021.94995117188,1021.24255371094,1022.58172607422,5,3,1,1,1,15879.3447272728,14320.1788095238,13771.4765555555,16330.8463809524,16607.1133333332
"FT1786",482.323469124252,482.323469124252,482.323469124252,1143.00732421875,1143.00732421875,1143.00732421875,1,0,1,0,1,5159.60752360026,6058.49970278533,4646.74924723307,6906.72433333336,5689.56107584635
"FT1787",483.113680455355,483.112919289507,483.113844946299,507.269045410156,506.763549804688,507.628967285156,4,3,0,1,1,6342.35983333329,5328.35549999998,5318.39384615384,3269.37799117026,5600.30523076921
"FT1788",483.177790249031,483.177197810697,483.178005078483,750.955,750.811218261719,750.9580078125,5,3,1,1,1,128585.683687501,127009.837599999,126437.270588236,55286.7280000001,119563.068125
"FT1789",483.271331722753,483.271331722753,483.271331722753,941.161560058594,941.161560058594,941.161560058594,1,0,1,0,1,3224.50676413143,2332.08103314568,3773.74328972312,5026.62977777778,1350.68032298369
"FT1790",484.116301315203,484.116236835014,484.116449896394,83.5810852050781,83.3854293823242,84.2020111083984,5,3,1,1,1,6224.01672727273,5581.73200000001,6508.54349999999,5634.33369230769,6776.4112
"FT1791",484.06886167434,484.068414375297,484.068873388639,516.907,516.88525390625,517.529357910156,3,2,0,1,1,6200.48594117649,6097.02564497646,6676.49947058822,4133.42618318177,6749.36788235297
"FT1792",484.180981591324,484.180673075907,484.181242177038,750.955,750.171081542969,750.9580078125,5,3,1,1,1,39951.4781428574,40097.9647999998,40781.7447999998,17711.8895454548,39084.3819333332
"FT1793",485.11281286314,485.112272086169,485.113104958216,1083.53259277344,1083.37268066406,1084.02868652344,5,3,1,1,1,23196.1566666669,23057.46,23140.8442222226,41069.0587499997,29150.4361363636
"FT1794",485.183731966814,485.183661246571,485.183810848506,750.630706787109,750.171081542969,750.955,4,3,0,1,1,6912.50200000006,7528.80150000003,7461.58407142856,2226.43400165266,7361.45815384615
"FT1795",485.2897759596,485.288807219552,485.289971551811,1076.61,1075.97595214844,1077.14245605469,5,3,1,1,1,37079.7730434779,38874.5971304346,37250.3137391302,25708.4088400001,36376.38725
"FT1796",485.381406085465,485.380456442496,485.381627656895,1217.709,1217.13037109375,1218.00830078125,5,3,1,1,1,4912.272,4864.19440000002,4609.37235294121,5860.67387500002,5784.92999999994
"FT1797",485.287498088093,485.286640812587,485.287739182589,1045.448,1041.33239746094,1045.89477539062,5,3,1,1,1,16365.9019354839,15440.5418387096,16135.8608333334,11598.1075714285,15013.9166153846
"FT1798",486.113417860336,486.112535150939,486.113776766857,1083.53259277344,1083.37268066406,1084.02868652344,5,3,1,1,1,9158.14249999998,8794.73292857154,9239.62355555571,15991.5794210526,12778.4626666667
"FT1799",486.293392421001,486.292420213411,486.293641211625,1076.61,1075.97595214844,1077.78234863281,5,3,1,1,1,10543.9634117647,10565.6616875,10650.6029473685,6385.4316666667,10297.6157272726
"FT1800",487.111011553707,487.110495434652,487.11138501142,1083.53259277344,1083.37268066406,1084.02868652344,5,3,1,1,1,5861.11200000005,5952.81375000006,5614.53654545454,10253.1009999998,7770.91249999992
"FT1801",487.360855386564,487.360080610922,487.36164797526,1103.802,1094.97888183594,1104.15783691406,5,2,0,1,1,8949.402,15097.5740621744,8239.94500000001,15416.0278307291,10127.2132380954
"FT1802",487.360562247845,487.360562247845,487.360562247845,1633.48376464844,1633.48376464844,1633.48376464844,1,0,0,1,1,9995.26586072198,10060.3315429688,10748.0877929687,10920.658984375,11509.8648
"FT1803",489.355459693543,489.354235256914,489.355812328031,1205.76196289062,1205.09655761719,1206.10461425781,5,3,1,1,1,7682.6984545455,7038.29840000006,7505.66449999991,8444.96325000024,8386.60638461542
"FT1804",489.303404369236,489.303210100586,489.304933741911,1633.70806884766,1631.591,1634.54614257812,4,3,0,1,1,29759.476348837,28106.2672222224,45223.7499999999,33852.5665705838,25948.0361290321
"FT1805",489.303325430418,489.303152816243,489.303404400917,1520.73120117188,1510.31945800781,1524.59924316406,3,0,1,1,1,10902.4745605469,24985.1115806843,25048.7341227214,21087.53728,17916.4831578946
"FT1806",489.303652371525,489.303652371525,489.303652371525,1478.1748046875,1478.1748046875,1478.1748046875,1,0,0,1,1,4483.21961975098,4394.23889160156,7274.32674153646,5820.01806640625,9384.44579999998
"FT1807",489.303394951518,489.303394951518,489.303394951518,1466.87646484375,1466.87646484375,1466.87646484375,1,0,0,1,1,14490.2765920539,12521.4375,15802.5109477796,13721.1043572677,18004.2706500001
"FT1808",489.303409408978,489.303409408978,489.303409408978,1587.39038085938,1587.39038085938,1587.39038085938,1,0,1,0,1,6137.45206227022,22411.1559466738,25212.5651352826,30972.3692571428,22688.9162310432
"FT1809",489.3031404433,489.3031404433,489.3031404433,1599.92077636719,1599.92077636719,1599.92077636719,1,0,1,0,1,4993.4736328125,18333.4823364258,14619.5544433594,17195.4712727273,18436.9786900112
"FT1810",489.303313354377,489.303313354377,489.303313354377,1412.71130371094,1412.71130371094,1412.71130371094,1,0,0,1,1,17312.6007385254,17326.1760142933,16436.1101074219,20169.8862304688,19795.9458333334
"FT1811",489.303304386679,489.303304386679,489.303304386679,1426.56689453125,1426.56689453125,1426.56689453125,1,0,0,1,1,4665.26816813151,13029.4225463867,13507.549322831,12297.4250938014,16410.8700000002
"FT1812",489.303379324349,489.303379324349,489.303379324349,1494.8779296875,1494.8779296875,1494.8779296875,1,0,0,1,1,13449.2947265625,20202.8943603516,20389.4756591797,15687.6269287109,23001.489
"FT1813",489.303701264757,489.303701264757,489.303701264757,1446.11279296875,1446.11279296875,1446.11279296875,1,0,0,1,1,23421.9106852214,22945.0100775825,26426.5141059028,29446.9093052455,31221.4589999998
"FT1814",489.303649505117,489.303649505117,489.303649505117,1564.14428710938,1564.14428710938,1564.14428710938,1,0,1,0,1,10217.2195166016,15658.1224646935,17549.7841259766,24090.1497692308,18901.8235107422
"FT1815",489.303686153703,489.303686153703,489.303686153703,1544.82922363281,1544.82922363281,1544.82922363281,1,0,1,0,1,16451.0237426758,21484.5507202148,20268.1898803711,24412.7485185184,23669.6377563477
"FT1816",489.303282097255,489.303282097255,489.303282097255,1378.7412109375,1378.7412109375,1378.7412109375,1,0,0,1,1,6304.96892989309,10902.1624177632,12007.505807977,11327.4475997122,15435.8387
"FT1817",490.14961326277,490.149486260579,490.149825181675,737.724731445312,737.615173339844,738.218566894531,4,2,1,1,1,3791.47499999999,4295.21849999999,4449.98558044434,4266.70133333332,4901.03300000005
"FT1818",490.30067311129,490.299969070156,490.301947214285,1635.29611865234,1631.59289550781,1635.89697265625,4,3,0,1,1,13198.2228,18067.6973749999,24264.1245000001,24961.7130812872,30011.902159091
"FT1819",490.300865710011,490.300693067095,490.301038352928,1486.56237792969,1481.96472167969,1491.16003417969,2,0,0,1,1,20394.1261125837,22439.0686747233,21517.7658377511,21867.3571079799,21792.480357143
"FT1820",490.300645533615,490.300645533615,490.300645533615,1437.90881347656,1437.90881347656,1437.90881347656,1,0,0,1,1,7335.9862905649,6209.3183969351,7129.24083533654,8901.43505859375,9309.52553846174
"FT1821",490.301134926667,490.301134926667,490.301134926667,1450.51794433594,1450.51794433594,1450.51794433594,1,0,0,1,1,7093.50870768229,5677.54313151042,6528.49055989583,7490.62579900568,9792.12999999995
"FT1822",490.300679102989,490.300679102989,490.300679102989,1523.79614257812,1523.79614257812,1523.79614257812,1,0,0,1,1,10029.9131610577,15536.9559983474,15803.3692089844,13768.8786339393,19609.338814815
"FT1823",490.300900216706,490.300900216706,490.300900216706,1510.31945800781,1510.31945800781,1510.31945800781,1,0,0,1,1,10272.9045681424,7760.82693142361,9837.9970703125,9641.96413845486,14320.9777894735
"FT1824",490.300782535128,490.300782535128,490.300782535128,1467.50085449219,1467.50085449219,1467.50085449219,1,0,0,1,1,10481.7901611328,8993.56481933594,10037.1889504825,11007.0461641199,13278.6608333332
"FT1825",491.318430586195,491.317531493333,491.319743873258,1633.493,1632.62316894531,1636.462890625,5,3,1,1,1,18373.6968750001,65810.6861999999,42769.4172600001,16478.4400000001,34316.4307692305
"FT1826",491.318520657513,491.31839204129,491.318778878757,1440.37164306641,1429.5546875,1446.11279296875,4,0,1,1,1,34685.2441226735,32314.539382037,32475.4887300379,18793.24,12987.28125
"FT1827",491.318294733453,491.318167048464,491.318920569314,1522.13854980469,1520.12561035156,1533.71887207031,3,0,1,1,1,41077.1839344113,46103.0369163336,44736.5080623183,20059.1716666667,52065.7833333336
"FT1828",491.318408891734,491.318357086686,491.318460696782,1596.78509521484,1593.6494140625,1599.92077636719,2,0,1,0,1,12714.7761019193,12455.0446706919,15864.9067664513,3590.37000000005,15281.5755192683
"FT1829",491.318548459015,491.318432366946,491.318664551083,1464.15301513672,1460.07287597656,1468.23315429688,2,0,1,0,1,17379.3242964311,22057.780217951,23830.5752165421,19339.5257058824,26492.2593550249
"FT1830",491.318832595345,491.318720280785,491.318944909904,1378.14929199219,1373.69995117188,1382.5986328125,2,0,1,0,1,25208.5168850806,24239.9994802167,26463.7876134073,23437.4862692308,25566.7974420363
"FT1831",491.318394040919,491.318394040919,491.318394040919,1483.80090332031,1483.80090332031,1483.80090332031,1,0,0,1,1,12582.1452525746,35182.6952934265,34622.129716353,27926.5298961293,38716.4482
"FT1832",491.318586287457,491.318586287457,491.318586287457,1577.30859375,1577.30859375,1577.30859375,1,0,1,0,1,35784.1710891724,26736.4558410645,32783.9510165128,39439.1806060606,35064.6065118963
"FT1833",491.318387168556,491.318387168556,491.318387168556,1403.47241210938,1403.47241210938,1403.47241210938,1,0,1,0,1,17693.1019112723,25402.5883510045,26881.5217912946,35919.0851666665,30599.3870814732
"FT1834",491.318737362802,491.318737362802,491.318737362802,1551.64575195312,1551.64575195312,1551.64575195312,1,0,1,0,1,35968.983498966,37806.7306123621,37056.6428222656,42767.6634857143,40202.3995576746
"FT1835",493.292653603497,493.29178947421,493.293168678168,1111.378,1105.37194824219,1112.11645507812,5,3,1,1,1,27234.6678947369,28109.6133888888,28143.2883513512,28678.7199999998,28079.3663548387
"FT1836",494.296089213183,494.296021286595,494.296157139772,1106.23321533203,1105.37194824219,1107.09448242188,2,0,1,1,1,5666.64358723958,5143.60498888739,5800.12207873114,7663.39199999995,7902.01799999999
"FT1837",495.096115040274,495.095841536304,495.096250889698,507.07861328125,506.763549804688,507.628967285156,5,3,1,1,1,20901.2248571428,19042.9489999999,18161.4375000001,17329.251076923,19034.7931428572
"FT1838",496.099474542401,496.099119295715,496.099623469517,507.060852050781,506.763549804688,507.628967285156,4,2,1,1,1,5343.32830769228,5340.15299999998,5363.42705829327,4591.83272727272,5647.05146153846
"FT1839",496.241271718666,496.240701217231,496.241671467576,920.456705322266,919.934814453125,920.79931640625,4,3,0,1,1,5414.21244444445,6923.60499999997,6859.19237499999,2060.30721327838,7443.25999999999
"FT1840",496.240845753027,496.240488758548,496.241818348363,902.516967773438,902.134216308594,902.681,3,2,1,0,1,6053.69090744015,6166.08699999999,6409.26247058824,4615.19125,4789.68776384418
"FT1841",498.256959890204,498.256165146263,498.257242608268,977.760375976562,977.175109863281,978.204,5,3,1,1,1,19623.51072,19653.552137931,20688.331375,17946.183,17159.9970000001
"FT1842",498.256774099551,498.256472750557,498.257297717657,999.852081298828,999.172424316406,999.911,4,3,0,1,1,22858.1379000001,23069.0379130434,23629.0001538461,19184.9149300944,20481.4655200001
"FT1843",498.901430561395,498.900390229106,498.902591564166,1639.19274902344,1639.06225585938,1639.20812988281,5,3,1,1,1,46138.7586111112,44355.2395862069,43444.1193448278,30119.4160000002,37797.1527826087
"FT1844",498.901185527354,498.900543397815,498.901827656893,66.1413612365723,65.8199996948242,66.4627227783203,2,0,1,1,1,2047.15851230621,3031.27190160751,3482.32942714691,3379.59933333333,3141.1435
"FT1845",498.900911506818,498.90083723293,498.900985780706,1289.92230224609,1288.06530761719,1291.779296875,2,0,0,1,1,28622.6386348179,29252.454869197,30272.8182809012,27219.548311506,8268.88333333293
"FT1846",498.901462161264,498.901462161264,498.901462161264,1425.94445800781,1425.94445800781,1425.94445800781,1,0,0,1,1,41760.7242431641,56686.3582458496,58897.8677045037,31054.2853142233,45264.648
"FT1847",498.901462736661,498.901462736661,498.901462736661,1414.59594726562,1414.59594726562,1414.59594726562,1,0,0,1,1,69089.894128418,72409.629901123,72973.8705412212,50237.522454834,58690.0507142857
"FT1848",498.900912194127,498.900912194127,498.900912194127,1397.59497070312,1397.59497070312,1397.59497070312,1,0,0,1,1,3398.36979166667,76248.9433361235,54164.9815673828,38904.4740513393,65114.5500000004
"FT1849",498.901450263073,498.901450263073,498.901450263073,1382.49340820312,1382.49340820312,1382.49340820312,1,0,0,1,1,94278.0836950232,95634.2787543403,96902.3243995949,73564.277307581,83900.4890714282
"FT1850",498.901051763781,498.901051763781,498.901051763781,1271.90368652344,1271.90368652344,1271.90368652344,1,0,0,1,1,41922.6166064453,38000.8315327962,40026.6517578125,37325.0491015625,41710.5415999999
"FT1851",498.901166494516,498.901166494516,498.901166494516,1316.78137207031,1316.78137207031,1316.78137207031,1,0,0,1,1,117032.874741988,121541.478461372,116998.82156033,110161.335327148,116646.228456521
"FT1852",498.900947751252,498.900947751252,498.900947751252,1247.26184082031,1247.26184082031,1247.26184082031,1,0,0,1,1,44491.5952050781,71194.0111035156,62067.0216438138,60999.5473034917,70029.3570000003
"FT1853",498.901277225015,498.901277225015,498.901277225015,1345.22033691406,1345.22033691406,1345.22033691406,1,0,0,1,1,72951.1328473772,106643.234856101,107411.251601275,76541.4268243963,99614.6894571432
"FT1854",499.096291402091,499.095894386136,499.096876742434,491.129,490.891479492188,491.849822998047,5,3,1,1,1,6231.46178571425,5665.915625,5414.64,4521.78466666668,5122.04721428572
"FT1855",499.142809673465,499.142538444475,499.143164880029,750.955,750.811218261719,751.594299316406,5,3,1,1,1,20111.6132608696,19955.5449999999,19059.9860000001,16340.7349411764,21417.4121363637
"FT1856",499.281961123371,499.281857664282,499.282780150597,1021.94311523438,1021.61743164062,1022.209,5,3,1,1,1,4603.99933333335,4658.40699999996,4577.445,4532.5595454545,4522.3355454546
"FT1857",499.260077052639,499.25985911971,499.260294985567,998.786981933594,997.662963867188,999.911,2,1,1,0,1,3102.36172175867,4877.83581852721,5103.35666666668,3089.60571428571,3326.57465215704
"FT1858",499.259723087727,499.259723087727,499.259723087727,978.409118652344,978.409118652344,978.409118652344,1,0,0,1,1,3010.42050405649,3382.18492713341,3205.32713099888,3502.66605922154,4484.76880000003
"FT1859",500.145986847466,500.145986847466,500.145986847466,751.583984375,751.583984375,751.583984375,1,0,0,1,1,5810.98166696649,5809.47380065918,5719.70549316406,4799.1028503418,6358.06050000001
"FT1860",501.086511539725,501.086085174698,501.087007271646,1083.53259277344,1083.37268066406,1084.02868652344,5,3,1,1,1,4794.41945454548,4552.2286666667,5211.48653846159,8639.57388235281,6298.66862499995
"FT1861",501.065744938918,501.065536142489,501.066030579542,507.269045410156,506.763549804688,507.628967285156,4,3,0,1,1,4289.71399999997,4088.61963636361,4385.07018181819,1681.22283935547,4247.06246153844
"FT1862",501.168944683667,501.16883517692,501.169267923145,321.127014160156,320.514,321.381408691406,5,3,1,1,1,6257.49718749999,6504.38718749999,5882.15838461541,5373.63771428569,6944.30364285713
"FT1863",502.087870014202,502.087870014202,502.087870014202,1083.38513183594,1083.38513183594,1083.38513183594,1,0,1,0,1,1626.91432407924,738.47181047712,1670.43260846819,3146.68753333332,1372.23193359375
"FT1864",502.290490587767,502.290131104274,502.290791988855,1021.94995117188,1021.61743164062,1022.58172607422,5,3,1,1,1,96174.6686956527,99139.95712,96307.5459130427,97026.4427499999,98933.9973599999
"FT1865",502.290331759402,502.290331759402,502.290331759402,997.662963867188,997.662963867188,997.662963867188,1,0,1,0,1,NA,2717.59169921875,881.7962890625,4696.227,1036.95556640625
"FT1866",503.293664833505,503.293329460716,503.293922338786,1021.85754394531,1021.6,1022.58172607422,5,3,1,1,1,24321.5599999999,24648.4987142857,24950.7252272725,25560.5170434781,25901.0314285713
"FT1867",504.296301489656,504.296301489656,504.296301489656,1021.24255371094,1021.24255371094,1021.24255371094,1,0,0,1,1,3851.753468233,3071.0106344784,3452.0557717716,3354.79599896599,4696.92455555554
"FT1868",505.125785329396,505.12554838224,505.125946088769,516.911743164062,516.88525390625,517.529357910156,5,3,1,1,1,39191.152,38992.4362666667,39336.8366874998,15349.0153846154,35098.6281249999
"FT1869",505.159875650245,505.159412063417,505.160071387241,750.955,750.811218261719,750.9580078125,5,3,1,1,1,53982.1666666669,56100.6655238094,55210.6070000001,44755.5042666665,58178.2412631577
"FT1870",505.253642011812,505.253221191991,505.25440897833,943.046,941.659973144531,943.696044921875,5,3,1,1,1,22318.8833333333,22626.1325185185,21878.6532,19763.96144,15680.6221538462
"FT1871",505.253160878997,505.253160878997,505.253160878997,963.875244140625,963.875244140625,963.875244140625,1,0,0,1,1,5719.71025558998,6546.80394199916,6883.14844170932,5089.88381642309,6751.0765862069
"FT1872",505.334368523212,505.333873095907,505.335826306088,1633.16888232422,1631.95227050781,1635.81823730469,4,3,0,1,1,19543.827173913,48088.2541666664,53932.5231071427,46287.9666488769,41870.1802857141
"FT1873",505.334488075011,505.334439461555,505.334536688466,1382.19580078125,1377.46911621094,1386.92248535156,2,0,0,1,1,21428.1188964844,21832.738494873,23421.1212158203,23412.4269104004,16482.4698823526
"FT1874",505.334671474283,505.334643792672,505.334699155894,1571.65734863281,1566.63427734375,1576.68041992188,2,0,1,0,1,42664.5076450657,33301.8352484452,39970.5350165116,32443.1283200001,44926.6086514122
"FT1875",505.334311980493,505.334138710727,505.334485250259,1455.54431152344,1450.51794433594,1460.57067871094,2,0,0,1,1,16732.6643428096,24669.4181631583,29093.8140371817,32419.5811063326,26584.8678181815
"FT1876",505.334179964484,505.334179964484,505.334179964484,1398.23083496094,1398.23083496094,1398.23083496094,1,0,0,1,1,13112.1663818359,16478.6588134766,15371.0131149292,18243.6550445557,18191.1451764707
"FT1877",505.334349654754,505.334349654754,505.334349654754,1409.57116699219,1409.57116699219,1409.57116699219,1,0,0,1,1,21524.0293273926,20343.6676913175,21732.0366210938,27208.767578125,26136.3406250002
"FT1878",505.334495239163,505.334495239163,505.334495239163,1478.1748046875,1478.1748046875,1478.1748046875,1,0,0,1,1,26168.985924354,13999.4586132812,27272.7437931941,23679.0609628183,34091.2736428572
"FT1879",505.334344058034,505.334344058034,505.334344058034,1494.25463867188,1494.25463867188,1494.25463867188,1,0,0,1,1,22132.3273925781,30725.0355573382,30294.9158281599,24354.0072588239,35211.2377500001
"FT1880",505.334247153362,505.334247153362,505.334247153362,1518.30285644531,1518.30285644531,1518.30285644531,1,0,0,1,1,19465.7603963216,46256.2042236328,45762.3277791341,39224.5834350586,51775.4534883721
"FT1881",505.334541052133,505.334541052133,505.334541052133,1426.56689453125,1426.56689453125,1426.56689453125,1,0,0,1,1,15951.6450427827,17003.178544478,21390.8313569568,20012.7766002308,25005.3983043478
"FT1882",505.334295875769,505.334295875769,505.334295875769,1538.68981933594,1538.68981933594,1538.68981933594,1,0,1,0,1,36675.9498612253,42535.5105879934,43537.613255551,47940.5602051281,44838.8980520148
"FT1883",505.333969127827,505.333969127827,505.333969127827,1599.92077636719,1599.92077636719,1599.92077636719,1,0,1,0,1,965.966341885653,25986.472467041,23867.7905439897,26565.1682727272,21547.3628104074
"FT1884",505.627369889576,505.627178400977,505.627495576919,516.911743164062,516.88525390625,518.064270019531,5,3,1,1,1,22764.2692666665,21278.8170666667,21636.9899999999,6367.18200000005,19597.0806666668
"FT1885",506.128773093452,506.128565876986,506.129467338427,516.909371582031,516.88525390625,517.529357910156,4,3,0,1,1,7883.75093333329,6911.51200000009,7457.93999999995,2977.96888948565,7116.84915384618
"FT1886",506.163039962738,506.162604255571,506.163335067768,750.955,750.171081542969,751.594299316406,5,3,1,1,1,17418.3240000001,16687.5051764706,16869.465375,13882.512,17345.6314285713
"FT1887",507.272050814668,507.270985734188,507.272221215445,1076.61,1075.97595214844,1077.14245605469,5,3,1,1,1,172264.418869563,174141.485125,174119.027500001,118843.384625001,159745.271086954
"FT1888",507.269710109262,507.269017428597,507.270092926272,1045.448,1041.33239746094,1046.09094238281,5,3,1,1,1,85698.4607812503,82840.3557419351,82748.3640967748,64282.911,74170.0800000008
"FT1889",508.275486060448,508.274408125967,508.275694124835,1076.61,1075.97595214844,1077.14245605469,5,3,1,1,1,52804.0663043473,54944.8443750002,53935.8050000002,35987.1330000004,48496.1439130428
"FT1890",508.272727864908,508.272089586276,508.273296111664,1045.89477539062,1041.33239746094,1046.09094238281,5,3,1,1,1,20575.5027575758,20452.1878124999,21755.4470769231,14953.3215384615,17549.5893333335
"FT1891",508.856340104275,508.855514191014,508.856865787353,1641.70757861328,1641.62463378906,1641.78283691406,4,2,1,1,1,3814.86768722534,4174.16176470588,3644.2709333334,4943.12715,4611.69964285715
"FT1892",509.278195046198,509.277337730291,509.278484415856,1076.61,1075.97595214844,1077.14245605469,5,3,1,1,1,10269.0669999999,8604.53316666652,9275.74053333322,5672.81169230766,9276.1444375
"FT1893",510.061011301966,510.060352356741,510.061177124656,507.07861328125,506.763549804688,507.628967285156,5,3,1,1,1,28128.1837333334,29349.3077333333,28915.5049333335,17579.51975,28678.7637692307
"FT1894",511.066609381547,511.066380632228,511.067069671389,507.07861328125,506.763549804688,507.628967285156,5,3,1,1,1,17684.0375384614,17422.62,17583.1350000001,10003.2624,17493.559076923
"FT1895",511.303371512932,511.302578758997,511.303627620266,1112.011,1105.37194824219,1112.66149902344,5,3,1,1,1,41959.4001749999,40675.344,41735.2970930232,40802.5297931035,41313.1791666665
"FT1896",512.070345574736,512.069368291282,512.07038859175,507.495,507.043090820312,507.628967285156,3,2,0,1,1,3967.03459999998,4824.91761890868,3858.385,1603.20069649991,4410.52499999999
"FT1897",512.306378790392,512.306376342723,512.306606131227,1107.09448242188,1105.97790527344,1112.11645507812,3,1,1,1,1,10371.6856571428,10250.4940490723,9874.86626688639,11138.5706666666,10861.072
"FT1898",514.874966083362,514.87431757266,514.875544811831,65.82,65.8088073730469,66.4627227783203,5,3,1,1,1,3476.85249999999,3312.38933333333,3549.121,3984.27633333333,3909.66
"FT1899",515.115238744391,515.115010840456,515.1153696318,750.955,750.811218261719,751.594299316406,5,3,1,1,1,42272.4666666669,44255.6053333332,43975.9059999998,34676.7591176468,46864.6935909092
"FT1900",515.118729913368,515.118366371161,515.119075717114,491.449157714844,490.265258789062,491.849822998047,5,3,1,1,1,10844.1703333333,11073.708,10745.299,7121.96723076924,7190.13846153845
"FT1901",516.118344779868,516.11804005558,516.118525060823,750.955,750.811218261719,750.9580078125,5,3,1,1,1,14034.3751111111,14359.8426315789,13811.328,11158.5624666666,14796.8656842105
"FT1902",517.107660716549,517.107497513224,517.108143583938,491.129,490.265258789062,491.849822998047,5,3,1,1,1,72904.6964705882,68807.1663157893,69191.8417894735,46434.3553125001,46702.8484999998
"FT1903",517.11747443997,517.116896693099,517.117987369807,750.955,750.171081542969,751.594299316406,5,3,1,1,1,6202.78750000004,5922.32283333333,6507.99150000001,4658.0277272728,6601.11247058823
"FT1904",518.111089220406,518.110953263074,518.111319606685,491.129,490.265258789062,491.849822998047,5,3,1,1,1,21331.3835294117,19419.95,19885.8458823529,12971.4729230769,14694.1062352941
"FT1905",519.321749432924,519.320946970932,519.321793765851,794.521,793.893920898438,795.189880371094,5,3,1,1,1,11228.2633333334,11497.7560833335,11938.794,16242.0154999999,8231.24900000006
"FT1906",519.314149760071,519.314149760071,519.314149760071,1597.20837402344,1597.20837402344,1597.20837402344,1,0,0,1,1,7615.30372032752,6631.67449481671,8573.42388916016,8363.56938288762,8562.07692857135
"FT1907",519.313763072038,519.313763072038,519.313763072038,1586.00268554688,1586.00268554688,1586.00268554688,1,0,0,1,1,13443.0676269531,12178.4887695312,12208.6083984375,14294.7531960227,13849.9466521739
"FT1908",519.313833332437,519.313833332437,519.313833332437,1633.48376464844,1633.48376464844,1633.48376464844,1,0,0,1,1,10452.5941772461,22712.0870986566,23549.5988325639,21278.4272793857,25970.4118181818
"FT1909",519.3141039928,519.3141039928,519.3141039928,1556.93359375,1556.93359375,1556.93359375,1,0,0,1,1,11909.7322042714,12592.1905975342,14242.9159997028,12747.400220788,14487.0698750001
"FT1910",520.324881978928,520.324743304551,520.324971706327,794.520998046875,793.893920898438,794.546203613281,4,3,1,0,1,4085.70839999998,4369.29480000007,4259.88750000003,5788.10033333325,2455.70926432292
"FT1911",521.329220238886,521.329220238886,521.329220238886,1482.5771484375,1482.5771484375,1482.5771484375,1,0,0,1,1,6682.58104790582,4232.46346706814,6084.00394479852,6101.1197317023,8204.21714999995
"FT1912",521.328785283074,521.328785283074,521.328785283074,1495.4970703125,1495.4970703125,1495.4970703125,1,0,0,1,1,7914.59607421875,9338.25785945012,9204.58793757512,9270.13761080229,11253.6219230769
"FT1913",521.329051511593,521.329051511593,521.329051511593,1633.48376464844,1633.48376464844,1633.48376464844,1,0,0,1,1,13857.637039848,12248.3702392578,13018.9514345915,14717.7715285281,14989.0868510638
"FT1914",521.32855085072,521.32855085072,521.32855085072,1519.51904296875,1519.51904296875,1519.51904296875,1,0,0,1,1,12648.1318155924,16098.2261992664,15238.6298624674,14730.9474690755,17831.4186046512
"FT1915",523.246193045159,523.24495498968,523.246378895087,1076.60168457031,1075.97570800781,1077.78234863281,5,3,1,1,1,58483.2706956515,61328.5813636363,59005.2925000002,39006.2427692307,55108.498421052
"FT1916",524.249414148694,524.24854529018,524.249779898503,1076.60168457031,1075.97570800781,1077.14245605469,5,3,1,1,1,17739.0489374999,17870.0402941177,17265.4964210526,12301.4710588235,17302.3399999999
"FT1917",524.272317419888,524.271977355694,524.272539027357,1022.209,1021.85754394531,1022.58172607422,5,3,1,1,1,28721.6862608694,29674.3556250002,29215.0109583331,29707.1536666665,29229.3503478259
"FT1918",525.182865445361,525.182262932756,525.182988132872,343.463012695312,343.443023681641,343.871215820312,5,3,1,1,1,27540.4369473684,28754.5802105264,28136.3174736842,27066.9673333334,27256.5461052631
"FT1919",525.247686510271,525.246641721619,525.248591323254,1076.61,1076.58874511719,1077.78234863281,5,3,1,1,1,5771.83285714286,6303.66956250005,6254.28543749992,3400.18500000004,6315.10457142849
"FT1920",525.275525233211,525.27500342742,525.275716901572,1022.209,1021.85754394531,1022.58172607422,5,3,1,1,1,7548.59999999991,7168.70190909095,6599.53682352937,7169.05263157888,7798.20239999995
"FT1921",526.180452665366,526.179864233448,526.180733311245,751.583984375,750.943420410156,751.594299316406,5,3,1,1,1,9432.12252631578,9954.24929999999,9560.79999999996,8585.09335294112,9733.86530000001
"FT1922",526.185703572452,526.184961282428,526.186274990222,343.463,343.235504150391,343.471466064453,5,3,1,1,1,6515.01085714289,6951.606,6516.85125000002,6882.14305882352,6684.22399999998
"FT1923",527.14179364705,527.14130140423,527.141934725596,750.955,750.811218261719,750.9580078125,5,3,1,1,1,29821.5738947369,31400.3564736841,30170.3216999999,27663.6861333332,33101.7117
"FT1924",527.235426136846,527.234675029639,527.235962160115,943.504333496094,941.787841796875,943.696044921875,5,3,1,1,1,9144.21244999998,10054.9739583333,9374.20931818185,8325.50400000002,6802.356
"FT1925",527.319376594531,527.318702109816,527.320355627975,1009.24,1009.23999023438,1009.96087646484,5,3,1,1,1,116957.589333334,119703.260250001,120321.68059091,113209.005,117295.072000001
"FT1926",528.144620565614,528.144329956895,528.145075935913,750.955,750.811218261719,750.9580078125,5,3,1,1,1,8917.94870588239,8955.66729411762,9697.72377777776,8146.77999999996,9598.57619999997
"FT1927",528.322780153004,528.322018814437,528.323647360222,1009.24,1009.23999023438,1009.96087646484,5,3,1,1,1,34701.4603000001,35899.5034444445,35477.2517647061,34054.7498947368,34960.6620000002
"FT1928",529.251294505667,529.250548918925,529.251850056658,1079.145,1074.740234375,1080.36730957031,5,3,1,1,1,20387.0737837837,20075.9696756756,21381.7640540541,16584.8036129031,18532.2353999999
"FT1929",529.251526889563,529.250903116837,529.252176088146,1046.082,1040.70666503906,1046.52941894531,5,3,1,1,1,41001.4370000001,40732.5740606059,40085.4945000002,31088.3857142859,32390.3643846155
"FT1930",529.325381142751,529.324480579892,529.326525159708,1009.80255126953,1009.23999023438,1009.96087646484,5,3,1,1,1,6151.51061538466,6586.11114285717,6805.79375000004,6574.47357142857,6637.06457142853
"FT1931",529.408167584976,529.408167584976,529.408167584976,1209.55822753906,1209.55822753906,1209.55822753906,1,0,1,0,1,3810.45470428467,2584.52550506592,3583.1942952474,3921.09900000002,4033.01326976103
"FT1932",530.254487052615,530.253946924627,530.25554289761,1046.52941894531,1040.70666503906,1046.723,5,3,1,1,1,8811.83746153844,9509.66780000002,9400.95977419362,5449.19041666661,6576.53333333341
"FT1933",531.096245435188,531.095930606622,531.096653662237,491.449157714844,490.265258789062,491.849822998047,5,3,1,1,1,32477.7439999999,30587.8108000001,29749.4486315789,20555.2042666667,21679.116
"FT1934",531.251675286843,531.251574305473,531.251776268214,80.4397888183594,80.400146484375,80.4794311523438,2,1,0,1,1,3193.25975,2531.51146740384,3319.73813486099,2516.20124816895,3406.2291
"FT1935",531.387064774829,531.386383619966,531.387171937997,1103.11248779297,1094.685546875,1103.38854980469,4,1,1,1,1,7630.43280000001,8547.19376627604,9875.49137369792,8527.206,8240.76719999986
"FT1936",532.099327221063,532.099157762995,532.100034756899,491.129,490.265258789062,491.849822998047,5,3,1,1,1,9313.89873333333,8281.41719999999,7890.70749999997,6012.71366666669,5999.10892857142
"FT1937",533.104352370994,533.104082740166,533.105364741557,77.775048614502,77.3856353759766,78.0357818603516,4,2,1,1,1,4501.07897581373,3862.398,4065.75900000001,4745.02625,4358.4254
"FT1938",533.129733260742,533.129733260742,533.129733260742,490.265258789062,490.265258789062,490.265258789062,1,0,0,1,1,4203.6399143764,5368.72408185686,4867.37253243583,3236.79596819196,4206.64766666665
"FT1939",533.284521053509,533.284310858208,533.285662789803,1077.20471191406,1072.89038085938,1077.24304199219,5,3,1,1,1,27194.1511111112,25189.4104150942,27255.5244814815,21308.3252307692,24658.0130689655
"FT1940",533.28549612695,533.28452741937,533.2859188625,1112.011,1105.37194824219,1112.74462890625,5,3,1,1,1,126776.462842105,126448.660918918,123470.530999999,121298.965333333,120070.231387097
"FT1941",533.330232592563,533.329355138674,533.331630217718,1635.39099121094,1631.95227050781,1635.81823730469,3,2,0,1,1,13101.5326500002,27918.1666190477,19399.8192619555,22484.0138290868,15037.9813636362
"FT1942",533.330533300784,533.330533300784,533.330533300784,1437.90881347656,1437.90881347656,1437.90881347656,1,0,0,1,1,9419.53197428385,7256.6739827474,6925.58545735677,8909.89666748047,11570.0191999999
"FT1943",533.329907709828,533.329907709828,533.329907709828,1448.63366699219,1448.63366699219,1448.63366699219,1,0,0,1,1,9934.54614257812,8384.025890532,11070.0218139648,8752.65383300781,17747.9178181819
"FT1944",533.329834625586,533.329834625586,533.329834625586,1398.23083496094,1398.23083496094,1398.23083496094,1,0,0,1,1,8914.30473327637,5345.89881896973,10352.9399871826,12152.5760650635,12839.5148823528
"FT1945",533.330151296118,533.330151296118,533.330151296118,1426.56689453125,1426.56689453125,1426.56689453125,1,0,0,1,1,10008.1875949436,12095.7359554893,10210.2746582031,9363.26946057771,14259.0539000001
"FT1946",533.330084468069,533.330084468069,533.330084468069,1386.92248535156,1386.92248535156,1386.92248535156,1,0,0,1,1,11193.2461412218,11969.9934014214,11477.5674506293,13190.7855970595,13470.03
"FT1947",533.329813551857,533.329813551857,533.329813551857,1495.4970703125,1495.4970703125,1495.4970703125,1,0,0,1,1,9067.64606584821,14762.4889026989,16188.882019043,15938.3081942472,18344.1752727273
"FT1948",533.330107202958,533.330107202958,533.330107202958,1483.80090332031,1483.80090332031,1483.80090332031,1,0,0,1,1,16188.2593044705,17217.8328631366,20552.1031629774,16062.1482204861,22829.6226206897
"FT1949",533.329876081527,533.329876081527,533.329876081527,1460.57067871094,1460.57067871094,1460.57067871094,1,0,0,1,1,15110.4501488095,16290.9540666853,15907.1254185268,16017.2618175688,17214.3374545454
"FT1950",533.330045978304,533.330045978304,533.330045978304,1412.71130371094,1412.71130371094,1412.71130371094,1,0,0,1,1,7348.54332386364,7072.10234375,7302.32208806818,8928.9296875,8483.8385454545
"FT1951",533.330127596378,533.330127596378,533.330127596378,1525.63000488281,1525.63000488281,1525.63000488281,1,0,0,1,1,9178.83511207217,14636.3474469866,14649.179594494,12232.886218843,16563.5938636364
"FT1952",533.329844803852,533.329844803852,533.329844803852,1512.16711425781,1512.16711425781,1512.16711425781,1,0,0,1,1,12970.6670379639,15607.1524180537,15837.0456441243,13024.3996429443,19980.3722399999
"FT1953",533.330154206618,533.330154206618,533.330154206618,1608.70373535156,1608.70373535156,1608.70373535156,1,0,0,1,1,27088.9446533203,26466.926801409,32950.3540649414,29514.3554443359,35823.9699130436
"FT1954",534.288635699074,534.287888745569,534.289071141794,1111.40393066406,1105.37194824219,1113.37145996094,5,3,1,1,1,34498.8287567568,34156.0966499998,33978.7213181817,32199.2106666665,32542.5200645161
"FT1955",534.326924294291,534.326816887375,534.327031701206,1488.72168164062,1487.521,1489.92236328125,2,1,0,1,1,8944.46010930528,10090.8069376395,9737.67295238094,10101.5518405413,10021.4044736843
"FT1956",534.326987257227,534.326751231148,534.327223283307,1500.80912060547,1498.67224121094,1502.946,2,1,0,1,1,5883.16715103315,8056.94333620883,7536.54211764702,8838.2608561113,9250.20670588224
"FT1957",534.326963361798,534.326231891491,534.327698705799,1515.232,1510.93078613281,1524.40344238281,3,1,0,1,1,15420.80883071,15745.9715288948,11296.3229166667,16608.3595545152,10399.0860000001
"FT1958",534.327154463342,534.326991031131,534.327317895552,1634.76004980469,1633.493,1636.02709960938,2,1,0,1,1,11992.4827319336,13808.2362973202,16548.2731891891,14899.8691097683,9600.68531999992
"FT1959",534.32675221209,534.32669709725,534.32680732693,1471.46324951172,1469.14,1473.78649902344,2,1,0,1,1,4937.42746469727,6761.98958276368,7392.8002941177,6515.62562580872,4653.15000000008
"FT1960",534.327371449219,534.327371449219,534.327371449219,1441.076171875,1441.076171875,1441.076171875,1,0,0,1,1,13979.6014569257,14559.9797429265,13430.6594509549,17042.3351702009,17308.5112702703
"FT1961",535.188253227114,535.188117489964,535.188797316711,117.172836303711,117.08194732666,117.384124755859,5,3,1,1,1,15404.0797826087,15093.6052727273,15483.2154545454,14894.2517142857,15792.552
"FT1962",535.188295582949,535.188195136953,535.188686793419,86.08,85.254264831543,86.7453002929688,5,3,1,1,1,20930.01,18880.3214285714,20793.8858571429,21309.8952857143,22714.5821538461
"FT1963",535.34391592042,535.34391592042,535.34391592042,1635.39099121094,1635.39099121094,1635.39099121094,1,0,0,1,1,7481.33834134615,9014.30106608073,9339.88510366587,9465.03976779514,10887.6859259259
"FT1964",536.191169676446,536.190748005572,536.191937067057,86.08,85.254264831543,86.7453002929688,5,3,1,1,1,4831.567,4394.157,4798.17333333333,4601.352,4743.60866666666
"FT1965",537.113557268721,537.113012410102,537.114109216556,491.129,490.265258789062,491.849822998047,5,3,1,1,1,8338.6512,8128.224,7663.49499999998,4596.28654545456,5937.76026666664
"FT1966",537.911851149678,537.911584356419,537.912117942937,1410.19860839844,1405.80126953125,1414.59594726562,2,0,0,1,1,20598.7563868931,20851.3683495155,21414.4570922852,14815.4780469622,3456.40399999963
"FT1967",537.912255286156,537.912255286156,537.912255286156,1387.56433105469,1387.56433105469,1387.56433105469,1,0,0,1,1,26129.7322998047,24806.6323242188,25972.5520019531,19282.1096191406,22972.5431578949
"FT1968",537.911267609819,537.911267609819,537.911267609819,1371.783203125,1371.783203125,1371.783203125,1,0,0,1,1,22913.0014648438,29803.2378859747,30574.3650599888,20484.1825358073,27086.4292727272
"FT1969",539.362456253854,539.361942896965,539.363267516835,900.427001953125,900.028686523438,900.8466796875,5,3,1,1,1,8740.18269230765,8658.43333333342,8057.16230769229,7381.12363636359,8096.98750000005
"FT1970",540.366004283427,540.365877027788,540.366131539067,900.340881347656,900.254760742188,900.427001953125,2,2,0,0,1,3076.24418181819,3315.02772727277,3163.0341796875,1803.16910622337,2575.29024436257
"FT1971",541.377921724589,541.37766057383,541.378428651209,901.03955078125,900.659301757812,901.479797363281,5,3,1,1,1,18351.3730000001,19064.9840714286,17125.4319230769,13744.7916666666,16375.4072307693
"FT1972",542.068512771425,542.068049070446,542.068696615575,112.737266540527,112.469627380371,113.192008972168,5,3,1,1,1,11114.0361290323,10775.7424482759,10784.6916551724,10116.89,11656.5561
"FT1973",542.068288774559,542.067877641976,542.068639378409,86.08,85.254264831543,86.7453002929688,5,3,1,1,1,4432.3364375,4673.21076923077,4366.65579999999,5998.93833333333,6225.19635294118
"FT1974",542.381213543248,542.380441045009,542.381896963796,901.03955078125,900.659301757812,901.479797363281,5,3,1,1,1,6404.74290909092,6888.70646153846,6706.93714285714,4788.03927272724,6043.2414545455
"FT1975",543.286779740899,543.285985949033,543.287756784758,1009.23999511719,1009.23999023438,1009.96087646484,4,3,0,1,1,3983.15563636366,4140.04745454545,4011.26249999998,3525.86731007079,3763.4890909091
"FT1976",543.392842980747,543.392708572227,543.393392929976,901.422,900.879760742188,902.088684082031,5,3,1,1,1,10306.3074545454,11142.3009230768,10208.7547692308,8141.74723076926,10263.8286153845
"FT1977",544.396245456525,544.395769377482,544.396721535569,901.879302978516,901.669921875,902.088684082031,2,1,0,1,1,3484.71199999995,3262.69939630682,3683.47323330966,2615.19790926847,4055.98792307688
"FT1978",546.061011760072,546.060801675149,546.061272020067,491.449157714844,490.265258789062,491.849822998047,5,3,1,1,1,21040.5953333333,20822.88,20946.3730588235,15629.958125,15761.4337058823
"FT1979",547.067435246063,547.067161474262,547.067802967013,491.129,490.265258789062,491.449157714844,5,3,1,1,1,23721.8366666666,23570.976,23500.1011764705,13287.5076,16161.1029999999
"FT1980",547.254917772379,547.254357350825,547.25545847998,750.955,750.811218261719,751.594299316406,5,3,1,1,1,28883.2307200001,29999.7216,27920.075521739,9611.93190000001,27607.7166923077
"FT1981",547.254775236892,547.253905262508,547.255281761881,623.948120117188,623.250244140625,624.432067871094,5,3,1,1,1,22661.8425,20833.4354285713,22409.4000000001,13159.8425,25697.5305714284
"FT1982",547.344754079464,547.344199183968,547.346763264464,1634.59167480469,1632.854,1635.81823730469,3,3,0,0,1,10427.6970000001,17588.2898076925,29619.2823191491,24351.3956424968,25661.9719611817
"FT1983",547.345019909828,547.345019909828,547.345019909828,1435.99841308594,1435.99841308594,1435.99841308594,1,0,0,1,1,7854.01106770833,9138.75260416667,9678.59720052084,11145.6526925223,10128.2760000002
"FT1984",547.344735357585,547.344735357585,547.344735357585,1422.81677246094,1422.81677246094,1422.81677246094,1,0,0,1,1,16329.3215625,16275.564049354,17554.8203782302,18216.6623910757,18541.4877777776
"FT1985",547.345298281664,547.345298281664,547.345298281664,1449.27197265625,1449.27197265625,1449.27197265625,1,0,0,1,1,9625.90892493206,12375.8868673573,14415.4354137074,13452.5277654474,18626.41625
"FT1986",547.34504119644,547.34504119644,547.34504119644,1495.4970703125,1495.4970703125,1495.4970703125,1,0,0,1,1,15970.0814368207,17252.5742797852,17251.9292755127,16217.3424224854,19875.5266666667
"FT1987",547.344578019621,547.344578019621,547.344578019621,1408.94165039062,1408.94165039062,1408.94165039062,1,0,0,1,1,7282.41577148438,10789.7494419643,10162.37265625,11116.66796875,11416.8885
"FT1988",547.344639975135,547.344639975135,547.344639975135,1393.18090820312,1393.18090820312,1393.18090820312,1,0,0,1,1,5279.955078125,8459.98962402344,7088.50231933594,9522.48571777344,11468.4912
"FT1989",547.345164426838,547.345164426838,547.345164426838,1481.33740234375,1481.33740234375,1481.33740234375,1,0,0,1,1,14417.5856135442,11336.3645458984,16810.5903085562,11685.3042461689,22516.4566428571
"FT1990",547.34508626694,547.34508626694,547.34508626694,1378.7412109375,1378.7412109375,1378.7412109375,1,0,0,1,1,8518.23590959821,9463.20661272321,9332.67604417067,10969.0849260603,10485.3527999998
"FT1991",547.345060204558,547.345060204558,547.345060204558,1510.31945800781,1510.31945800781,1510.31945800781,1,0,0,1,1,14543.3326681386,15237.9037642045,17073.6392026155,11664.9246773098,19208.2647916664
"FT1992",548.070873634459,548.070558503198,548.071138888238,491.129,490.265258789062,491.449157714844,5,3,1,1,1,6525.90642857139,6462.44071428571,6106.29075000001,3835.18100000001,4553.52307692307
"FT1993",548.258813404744,548.257912295258,548.259298442309,623.948120117188,623.250244140625,624.432067871094,5,3,1,1,1,9578.69000000004,9838.90827272719,9805.70683333337,5884.06681818182,10274.1285000001
"FT1994",548.258186693443,548.25764832276,548.258394908416,750.949210205078,750.811218261719,750.9580078125,4,3,0,1,1,9946.63409999994,9639.63000000001,9964.81682608695,2313.50435570128,9003.75105882352
"FT1995",548.342942775396,548.342852846634,548.343032704158,1528.15399169922,1524.40344238281,1531.90454101562,2,0,1,1,1,16869.2379101169,17982.1634659306,18808.3778952322,14510.7174545453,18853.824
"FT1996",548.343394435611,548.343202556319,548.343586314902,1561.64825439453,1557.28161621094,1566.01489257812,2,0,1,0,1,13499.0347396187,14715.7700301461,14807.8578862729,12473.2320000001,16791.9919778575
"FT1997",548.343241802255,548.343241802255,548.343241802255,1508.47680664062,1508.47680664062,1508.47680664062,1,0,0,1,1,8361.78430818256,6123.25151367187,5739.41434151786,7613.05759277344,14161.2857142856
"FT1998",548.343133084577,548.343133084577,548.343133084577,1497.44763183594,1497.44763183594,1497.44763183594,1,0,0,1,1,NA,2109.4658203125,2276.9423828125,2739.9658203125,1914.25750000012
"FT1999",548.343304649976,548.343304649976,548.343304649976,1546.04479980469,1546.04479980469,1546.04479980469,1,0,1,0,1,7245.93183729384,8131.07533094618,9462.37282986111,13276.1023157896,9890.28988308377
"FT2000",548.343126257023,548.343126257023,548.343126257023,1480.70812988281,1480.70812988281,1480.70812988281,1,0,0,1,1,12808.047109375,13312.1265234375,13854.4649609375,12959.0695703125,18008.5465185186
"FT2001",548.34284520137,548.34284520137,548.34284520137,1612.53088378906,1612.53088378906,1612.53088378906,1,0,0,1,1,9737.88174099392,15224.2779199219,14469.2257125289,13404.9219880281,19079.9965714286
"FT2002",548.343289239788,548.343289239788,548.343289239788,1588.00854492188,1588.00854492188,1588.00854492188,1,0,1,0,1,20007.9277762277,21026.2086181641,20122.3289655413,24676.4701666667,23500.7188895089
"FT2003",548.343505635114,548.343505635114,548.343505635114,1633.48376464844,1633.48376464844,1633.48376464844,1,0,0,1,1,11267.2217499704,15843.836476972,14519.4950025154,18492.9105296415,19804.3736470588
"FT2004",548.342653627676,548.342653627676,548.342653627676,1447.36975097656,1447.36975097656,1447.36975097656,1,0,0,1,1,9831.55748291016,15363.8908396754,16819.0418448613,18969.4615773168,20239.6764516129
"FT2005",549.106775099827,549.106503604245,549.107126721591,491.449157714844,490.265258789062,491.849822998047,5,3,1,1,1,11791.6413333333,10152.23,10459.995,8380.05385714286,8149.63406250001
"FT2006",549.270493737048,549.269785553006,549.271002681743,623.772,623.250244140625,624.432067871094,5,3,1,1,1,1877768.7032,1739809.97904999,1892655.89333332,946686.075789477,1834967.4804
"FT2007",549.301061882226,549.300398062141,549.301985219283,1009.859,1009.1611328125,1009.96087646484,5,3,1,1,1,19143.0465625,19381.4546666667,19771.5857777779,17912.0202941175,20399.668
"FT2008",549.359985147603,549.359209966585,549.361347764742,1632.85642431641,1631.28564453125,1635.1787109375,4,3,0,1,1,26721.8665945945,52233.2839285714,23601.4079999998,39392.7297549778,39770.6344285713
"FT2009",549.360182346947,549.360182346947,549.360182346947,1481.96472167969,1481.96472167969,1481.96472167969,1,0,0,1,1,11046.2705592105,7902.47747802734,14937.6329281456,8255.23748779297,19674.0022857141
"FT2010",549.359574856826,549.359574856826,549.359574856826,1396.96105957031,1396.96105957031,1396.96105957031,1,0,0,1,1,1389.24678548177,10861.4438999721,8695.48486328125,10303.6352713449,19205.9288181818
"FT2011",549.360151403639,549.360151403639,549.360151403639,1384.38916015625,1384.38916015625,1384.38916015625,1,0,0,1,1,10114.0294300426,14987.7520862926,13026.9226518111,13408.6712202592,18525.3286956521
"FT2012",549.360067636024,549.360067636024,549.360067636024,1494.8779296875,1494.8779296875,1494.8779296875,1,0,0,1,1,18577.7069091797,21085.6169189453,21086.2603027344,20265.9459716797,24916.8258
"FT2013",549.359680812937,549.359680812937,549.359680812937,1468.75756835938,1468.75756835938,1468.75756835938,1,0,0,1,1,9353.16879272461,14807.2961425781,13689.9529266357,13574.6873474121,16079.5397058826
"FT2014",549.360250778029,549.360250778029,549.360250778029,1584.87170410156,1584.87170410156,1584.87170410156,1,0,1,0,1,7281.93612060547,12261.4711669922,15503.0095214844,21365.6719047621,9153.62486572266
"FT2015",549.359763818451,549.359763818451,549.359763818451,1599.92077636719,1599.92077636719,1599.92077636719,1,0,1,0,1,9978.41709206321,17449.3673270089,20772.558186849,20798.4505652173,21731.633034446
"FT2016",549.360090079524,549.360090079524,549.360090079524,1516.46276855469,1516.46276855469,1516.46276855469,1,0,0,1,1,21874.3131813227,36256.8955759448,36956.7686656605,33280.3522061435,42334.4588444444
"FT2017",549.360531412541,549.360531412541,549.360531412541,1415.86108398438,1415.86108398438,1415.86108398438,1,0,0,1,1,27745.1419228002,27554.7190073374,28053.0271787901,32780.9735749897,33320.9531794869
"FT2018",549.360033448226,549.360033448226,549.360033448226,1566.01489257812,1566.01489257812,1566.01489257812,1,0,1,0,1,13579.4463279031,15957.779323412,17089.2410999645,23193.0386086957,22936.1410548998
"FT2019",549.360016812304,549.360016812304,549.360016812304,1449.27197265625,1449.27197265625,1449.27197265625,1,0,0,1,1,29559.6165226064,27464.1507854056,26121.0798658288,35959.4804904514,42406.0761702128
"FT2020",549.360154497378,549.360154497378,549.360154497378,1537.44372558594,1537.44372558594,1537.44372558594,1,0,1,0,1,32970.7924902344,43066.1024609375,43334.3368554687,52125.9032941175,46042.4967871094
"FT2021",549.588935416138,549.587237242057,549.589202647756,623.772,623.250244140625,624.432067871094,5,3,1,1,1,13012.1982222223,13619.125,13403.212222222,3146.83971428572,13354.042909091
"FT2022",549.834943915821,549.820819376464,549.849941381191,623.712324462891,623.250244140625,623.948120117188,8,3,0,1,1,10547.6345000001,8271.30374999986,8781.13288888877,2736.22559082029,8067.66750000002
"FT2023",550.273753333615,550.273015525284,550.274253659833,623.772,623.250244140625,624.432067871094,5,3,1,1,1,673275.225047616,625475.761052632,679853.913,327070.631999999,655983.910800001
"FT2024",550.304004395314,550.303506746662,550.305267207763,1009.24,1009.23999023438,1009.96087646484,5,3,1,1,1,5828.01138461542,5410.38883333333,5967.18900000003,5205.15776923077,5450.33138461538
"FT2025",550.595999983859,550.594143367031,550.597137716386,623.652648925781,623.310424804688,623.772,3,2,0,1,1,2646.9817403041,3305.27314285712,2665.45200000001,385.416353341235,2249.39099999998
"FT2026",551.276647645587,551.275926124156,551.277087415846,623.772,623.250244140625,624.432067871094,5,3,1,1,1,130837.777777778,121388.669500001,131758.233333333,63699.2064000002,128835.817263158
"FT2027",551.732262574012,551.732170563772,551.732354584251,918.696730712891,918.483,918.910461425781,2,1,0,1,1,1470.46837665473,986.054473754882,3322.37579999998,139.880543796115,2973.98737499999
"FT2028",552.278872006048,552.27799624619,552.279402639657,623.772,623.250244140625,624.432067871094,5,3,1,1,1,16432.7587999999,15596.8091428571,16435.4542857143,8706.46583333333,16650.555142857
"FT2029",553.177551886677,553.17740211188,553.177833416296,388.188217163086,387.560791015625,388.522,4,3,0,1,1,8514.83600000002,8854.41552631576,8286.58028571426,4434.14267921448,8390.01899999999
"FT2030",553.334600589743,553.334519164697,553.335803513516,1057.37060546875,1057.191,1057.51586914062,5,3,1,1,1,54895.8922105265,57287.9491578947,57120.9835500005,57379.6233500001,57388.3562999998
"FT2031",554.338096971687,554.337769933894,554.339219010772,1057.37060546875,1057.191,1057.51586914062,5,3,1,1,1,16771.4335555554,17895.7483333332,17452.996736842,17558.3623125002,17901.5741052629
"FT2032",555.3504031664,555.349913674205,555.351420808405,1093.67993164062,1093.1591796875,1093.9814453125,5,3,1,1,1,92170.5066666661,91653.0251428567,90108.0982000001,83109.1537777775,93313.1279499998
"FT2033",555.267394435613,555.266437481115,555.267583116389,1111.378,1105.37194824219,1112.74462890625,5,3,1,1,1,67038.1810454542,65345.6148717953,66560.9760000002,58689.788709677,59262.3032258064
"FT2034",555.266541045098,555.265953807454,555.267441075755,1077.22385595703,1073.33557128906,1077.24304199219,4,3,1,0,1,11820.9112424243,13601.3132075472,14052.989117647,10044.1566153846,11816.7248020157
"FT2035",555.34067557362,555.34067557362,555.34067557362,1057.51586914062,1057.51586914062,1057.51586914062,1,0,1,0,1,2778.03245442708,4010.758984375,2600.76881510417,3821.81981250005,2434.41500854492
"FT2036",556.353688829108,556.353328999691,556.354936420975,1093.67993164062,1093.1591796875,1093.9814453125,5,3,1,1,1,29070.593529412,28155.9968888893,28518.5849411767,24897.5039473684,28593.5321249999
"FT2037",556.270771511934,556.269612318146,556.270986041664,1111.378,1105.37194824219,1112.66149902344,5,3,1,1,1,17015.5755121952,16946.7717446809,16248.498,16307.2405263157,16025.4631612903
"FT2038",557.373246629068,557.372660908651,557.374022577789,900.16,899.606872558594,900.8466796875,5,3,1,1,1,34973.3670588236,35610.7829333332,34625.3691249998,43729.306111111,49586.2530000001
"FT2039",557.356564933168,557.355366544194,557.357355126656,1093.44067382812,1093.065,1094.59631347656,5,3,1,1,1,5545.03949999998,5230.79392857153,5525.65676923067,5096.5621538463,6213.87642857144
"FT2040",558.376634699468,558.375739461571,558.377085689109,900.16,899.606872558594,900.8466796875,5,3,1,1,1,13060.825076923,13662.9784615386,13197.8933333333,17516.2722307692,19933.7741333333
"FT2041",559.131684553138,559.12908464168,559.132239761015,1164.398,1163.67297363281,1164.44030761719,5,3,1,1,1,20147.635,19451.3452105262,21156.5439999999,24256.5859130433,25276.5810000001
"FT2042",559.387986659056,559.387357584177,559.388421437209,900.81,900.028686523438,901.479797363281,5,3,1,1,1,29326.9870000001,30192.2639999999,28793.4,26253.1866666668,42491.6385000004
"FT2043",560.132497033561,560.130037050607,560.132865999768,1164.398,1163.67297363281,1164.44030761719,5,3,1,1,1,9494.67733333339,9489.95999999984,8833.58899999999,10677.8611875,11966.2491428573
"FT2044",560.391546903075,560.39125605634,560.392652821005,900.81,900.254760742188,901.479797363281,5,3,1,1,1,11164.2881428571,11571.8251428572,10893.8571428571,14222.6890769231,16299.2712
"FT2045",561.130043910863,561.127529651521,561.130549294664,1164.398,1163.67297363281,1164.44030761719,5,3,1,1,1,6366.21818181804,5620.3753846154,6634.12387499998,7785.45710526312,8918.97852631582
"FT2046",561.344552309429,561.343531067029,561.344889087865,900.16,899.606872558594,900.8466796875,5,3,1,1,1,16251.079625,16102.5672142857,16346.5847999999,10168.3993333334,10756.8215384617
"FT2047",561.27056983517,561.270007436997,561.271010679448,761.023932373047,760.959716796875,761.149658203125,4,3,0,1,1,5242.14166666671,5022.92892307696,5008.53241666669,869.280589177058,4552.01607142859
"FT2048",562.347946335033,562.347113080956,562.34817496627,900.16,899.606872558594,900.8466796875,5,3,1,1,1,6438.4297857143,5971.68000000006,6008.01136363638,4075.36999999998,4806.54492307698
"FT2049",563.249113901491,563.247962693721,563.249455903078,623.511122070312,623.025817871094,623.948120117188,4,3,0,1,1,4278.57208333335,4364.92115384614,4581.03090909087,2593.96057128906,4948.71600000007
"FT2050",563.35969168518,563.359254271641,563.360319386744,901.277893066406,900.879760742188,902.088684082031,5,3,1,1,1,21876.3670588236,21691.5349333333,21818.16,13758.672,16826.4282352942
"FT2051",563.375951865865,563.375235500581,563.3761938468,1632.231,1631.59289550781,1633.27575683594,3,2,0,1,1,15663.2983733163,34129.0596136364,47842.5243857144,35248.1212301994,38993.4450000001
"FT2052",563.376293418622,563.37556834214,563.37685539016,1421.54376220703,1407.69226074219,1435.99841308594,4,0,0,1,1,27072.8051592853,26575.7580071527,27395.4954570049,31935.9301097973,13331.9647058822
"FT2053",563.375820417942,563.375820417942,563.375820417942,1449.8994140625,1449.8994140625,1449.8994140625,1,0,0,1,1,14825.9615384615,18555.5,19832.88,19203.2,23930.1058148148
"FT2054",563.376062293192,563.376062293192,563.376062293192,1524.40344238281,1524.40344238281,1524.40344238281,1,0,0,1,1,5769.76397235577,18656.2690805288,20584.6575,17454.7908653846,24361.3725185184
"FT2055",563.376073328331,563.376073328331,563.376073328331,1464.36596679688,1464.36596679688,1464.36596679688,1,0,0,1,1,11950.8706984747,18149.8408726283,17635.5129568917,17466.7078973679,19659.7738636366
"FT2056",563.375959356174,563.375959356174,563.375959356174,1510.31945800781,1510.31945800781,1510.31945800781,1,0,0,1,1,3435.39294433594,6855.9052734375,7405.25823419744,6997.94750976562,10510.9356363634
"FT2057",563.376099066953,563.376099066953,563.376099066953,1485.02661132812,1485.02661132812,1485.02661132812,1,0,0,1,1,23864.8895833333,37405.0729383681,37317.6746773098,29568.0282566236,43143.9370434783
"FT2058",563.376061328677,563.376061328677,563.376061328677,1595.96496582031,1595.96496582031,1595.96496582031,1,0,0,1,1,6941.67877807617,14928.8696738795,15425.6453343442,17694.3464355469,18819.2561904762
"FT2059",563.376149788927,563.376149788927,563.376149788927,1385.63696289062,1385.63696289062,1385.63696289062,1,0,0,1,1,7696.52893066406,6020.60229492188,13181.2591552734,11067.615234375,15017.2598947369
"FT2060",564.363269259738,564.362543306759,564.363720950795,901.422,900.879760742188,902.088684082031,5,3,1,1,1,7926.80853846162,7884.79614285714,8309.33333333336,5050.48520000001,6101.96671428571
"FT2061",565.374512725029,565.374202237674,565.374624629044,902.184623291016,901.501892089844,902.70849609375,4,3,0,1,1,8589.22036363632,9165.78239999998,8969.81341666667,4285.96756738282,7575.56476923069
"FT2062",566.888928541995,566.887808191314,566.890304221082,1639.19274902344,1639.06225585938,1639.81604003906,5,3,1,1,1,45886.7744000002,42209.0900000002,43286.7776551728,28451.9945500002,36587.2524814813
"FT2063",566.888688664202,566.887796440362,566.889139323219,65.6360893249512,65.1768569946289,66.4627227783203,4,2,1,1,1,3023.81259999999,2732.00199999999,2520.18405818939,3520.602,3658.26
"FT2064",566.888476377675,566.888476377675,566.888476377675,1256.72583007812,1256.72583007812,1256.72583007812,1,0,0,1,1,13798.4491182215,28044.6571762983,21245.5277602252,21083.3736285041,27136.2123333337
"FT2065",566.888492150816,566.888492150816,566.888492150816,1245.98657226562,1245.98657226562,1245.98657226562,1,0,0,1,1,10760.8013472124,19461.3098876953,16072.3648681641,14123.8610595703,18260.2770000001
"FT2066",566.888558253939,566.888558253939,566.888558253939,1308.60534667969,1308.60534667969,1308.60534667969,1,0,0,1,1,33092.4305701623,37731.6479492188,36640.8404634916,34814.5119816707,35669.907428571
"FT2067",566.888375245986,566.888375245986,566.888375245986,1297.40588378906,1297.40588378906,1297.40588378906,1,0,0,1,1,6744.10009765625,8462.29817708333,10172.6491699219,9388.25439453125,8765.81333333384
"FT2068",566.888829007658,566.888829007658,566.888829007658,1413.35180664062,1413.35180664062,1413.35180664062,1,0,0,1,1,20948.5586425781,23187.8949279785,21394.0950622559,13986.5993041992,17665.4615999989
"FT2069",566.888285343413,566.888285343413,566.888285343413,1400.14440917969,1400.14440917969,1400.14440917969,1,0,0,1,1,NA,51076.7824707031,54787.864839994,23460.2121769832,44443.2940714283
"FT2070",566.888709928909,566.888709928909,566.888709928909,1427.17944335938,1427.17944335938,1427.17944335938,1,0,0,1,1,30751.9263131278,55701.2813313802,56612.1361868722,30039.4262695312,40222.9753125
"FT2071",566.888576064757,566.888576064757,566.888576064757,1271.90368652344,1271.90368652344,1271.90368652344,1,0,0,1,1,43874.2103857422,40697.0621795654,43656.2758691406,39247.1922705078,42456.2347999999
"FT2072",566.888767842573,566.888767842573,566.888767842573,1383.75830078125,1383.75830078125,1383.75830078125,1,0,0,1,1,114602.380981445,100136.449584961,115162.314758301,79673.1787109375,95144.5428387091
"FT2073",566.888607468718,566.888607468718,566.888607468718,1325.47644042969,1325.47644042969,1325.47644042969,1,0,0,1,1,44457.3,57019.9309475807,87371.0337701613,59623.171875,87548.0368749997
"FT2074",566.888818347079,566.888818347079,566.888818347079,1347.75,1347.75,1347.75,1,0,0,1,1,36019.5023386102,50585.6376888877,69875.9771389431,35228.6363050673,57695.1669473681
"FT2075",568.243994175106,568.243493395848,568.24418009273,624.5849609375,623.652648925781,625.0615234375,5,3,1,1,1,11734.9171578948,11065.5887222223,10580.815,9466.51000000005,11235.8527777777
"FT2076",568.745631709216,568.745446779694,568.745918606497,624.178560058594,623.882141113281,625.0615234375,4,2,1,1,1,7835.47916666667,5684.76064942846,7429.55294117648,6385.94562500003,7416.72916666664
"FT2077",569.236907455413,569.23615505575,569.237232018903,751.267120361328,750.811218261719,751.585,4,3,0,1,1,8784.63074999999,8761.07843478258,8860.72299999996,3339.69740210976,8710.88236363636
"FT2078",570.233780405929,570.233500169606,570.233992349229,923.576805175781,923.103637695312,923.9453125,4,3,0,1,1,11926.8677142857,12428.1389999999,12027.7399411765,2802.23434161378,11746.7373333333
"FT2079",571.252418636597,571.251895151687,571.252958759253,623.948120117188,623.652648925781,624.432067871094,5,3,1,1,1,996069.618869564,963735.163499998,1019653.31130435,815354.611499998,1005017.66336364
"FT2080",571.236828721052,571.236668406448,571.23752314931,923.625610351562,922.886,923.9453125,3,2,0,1,1,3591.29018181819,3741.9526098633,4005.05384615382,814.117434082035,3642.96719999999
"FT2081",571.353504584639,571.352100854936,571.353939400942,870.35,869.746887207031,870.415649414062,5,3,1,1,1,55174.4964705883,54654.1597142857,53670.5687222224,74356.9124999996,75477.8352941178
"FT2082",572.25559099452,572.255133640057,572.256179884227,623.948120117188,623.652648925781,624.432067871094,5,3,1,1,1,337971.947130434,322786.163999999,348480.661090912,278236.082349999,345930.052681819
"FT2083",572.356688147285,572.355348617245,572.356927721245,870.35,869.746887207031,870.415649414062,5,3,1,1,1,22754.1501874999,22549.4019999998,22641.1947692305,30156.0346153845,30396.4554666667
"FT2084",573.228727650683,573.228462624081,573.229285488208,623.948120117188,623.652648925781,625.0615234375,5,3,1,1,1,27071.555875,26255.9586666666,25979.1380833335,24847.2884210527,29907.9125
"FT2085",573.359650889242,573.358122567827,573.360194215016,870.35,869.746887207031,870.415649414062,5,3,1,1,1,4469.85291666666,4358.84400000001,4245.19239999998,6143.57500000005,6014.13369230772
"FT2086",573.25806143515,573.257478295442,573.25857241881,623.948120117188,623.652648925781,624.432067871094,5,3,1,1,1,63874.9646000001,61040.4196111116,65545.125,51335.3093750003,64132.3333333331
"FT2087",574.231808471148,574.230755357274,574.23233434252,624.5849609375,623.652648925781,625.0615234375,5,3,1,1,1,8418.13194444444,8441.23490000005,8242.29695238098,9142.49999999998,9736.19961904766
"FT2088",574.260074279427,574.259316562911,574.260916247054,623.948120117188,623.652648925781,624.432067871094,5,3,1,1,1,8907.80826666662,8512.24228571424,9135.16333333336,7005.61166666666,9151.71659999999
"FT2089",575.104960922254,575.102212116284,575.106029554179,1164.398,1163.67297363281,1164.44030761719,5,3,1,1,1,5106.03499999993,4186.85999999996,4820.6526923077,5988.89828571431,6136.05075000009
"FT2090",575.316486750183,575.315856925343,575.317516856201,1057.49035644531,1057.216796875,1057.801,5,3,1,1,1,10571.7561176472,11498.8599999999,11325.3181052631,12099.279368421,12133.741736842
"FT2091",575.286010061726,575.28575957296,575.286460875598,788.214172363281,788.185791015625,788.229,3,3,0,0,1,3737.49169230771,3951.75345454542,3804.13615384618,582.359201941859,2095.83509399415
"FT2092",575.383996038221,575.383174307025,575.384371644039,900.16,899.606872558594,900.8466796875,5,3,1,1,1,39848.1485294118,39294.5846875001,39910.3786666666,72319.6201764706,81180.5223529412
"FT2093",575.412701981415,575.412701981415,575.412701981415,1101.71813964844,1101.71813964844,1101.71813964844,1,0,0,1,1,6126.82861328125,5847.75317382812,6241.66655273438,6604.78540039063,6751.35999999996
"FT2094",576.106375897964,576.106375897964,576.106375897964,1163.67297363281,1163.67297363281,1163.67297363281,1,0,0,1,1,2227.90954589844,1323.10404459635,2064.34855143229,1167.19909667969,3052.87999999999
"FT2095",576.319735329946,576.319735329946,576.319735329946,1057.51586914062,1057.51586914062,1057.51586914062,1,0,1,0,1,2226.11000061035,3184.96162414551,1851.87164306641,3330.35155555549,1761.23392740885
"FT2096",576.386966647824,576.386344155982,576.387563539543,900.16,899.606872558594,900.8466796875,5,3,1,1,1,14915.8741333333,15582.4615384617,15657.1257857142,30607.6527058824,33471.4497499997
"FT2097",576.84467607409,576.844395410351,576.845185732832,1641.66656494141,1641.62463378906,1641.729,4,2,1,1,1,4010.22120000004,2770.08858893692,4560.38613333341,4838.00624999994,4675.1254000001
"FT2098",577.33237438204,577.331843374879,577.33337809826,1093.67993164062,1093.1591796875,1093.9814453125,5,3,1,1,1,19718.9184375002,18472.2004210525,18889.2015789474,16968.2367647059,19671.6958749999
"FT2099",577.355585538972,577.354986289318,577.355951893552,1597.84619140625,1584.24499511719,1611.24816894531,5,0,1,1,1,11834.7120824353,14603.7657819475,15989.6745954241,7791.75992857136,8067.71156249997
"FT2100",577.355812909417,577.355752272434,577.355873546401,1632.53969433594,1632.231,1632.84838867188,2,1,0,1,1,12538.5324258387,14745.3183652573,16898.3874285714,17794.7590404856,18731.959
"FT2101",577.355588278521,577.355588278521,577.355588278521,1566.01489257812,1566.01489257812,1566.01489257812,1,0,1,0,1,12597.2647798978,13136.9498517072,13150.93357497,15329.794074074,15603.7652813947
"FT2102",577.389694324532,577.389238082854,577.39015056621,900.437683105469,900.028686523438,900.8466796875,2,0,1,1,1,2413.89930979411,3266.55306371053,2543.48613739014,6115.37538461536,6122.13161538458
"FT2103",578.335840041806,578.334825394289,578.336976107581,1093.67993164062,1093.1591796875,1093.9814453125,5,3,1,1,1,5775.60199999993,5934.50293333326,5930.91393749998,5393.28600000003,6192.33892857143
"FT2104",579.354822649438,579.354482244333,579.355504272842,900.16,899.606872558594,900.8466796875,5,3,1,1,1,5863.78400000001,5612.30613333332,6052.18133333332,5602.37756250001,6565.36569230765
"FT2105",579.370551926518,579.370551926518,579.370551926518,1632.84838867188,1632.84838867188,1632.84838867188,1,0,0,1,1,8144.81312853225,10410.6712589707,12594.7445811396,11366.1367473196,17970.2242553192
"FT2106",579.496080590091,579.495313128685,579.496848051498,1586.69262695312,1586.62475585938,1586.76049804688,2,0,1,1,1,5283.03756050442,5070.13911854137,5422.71266392299,5601.32668181813,6344.14558333327
"FT2107",581.365689895777,581.364725336436,581.365811728953,1136.07,1135.68115234375,1136.67944335938,5,3,1,1,1,6510.90763636372,6572.284,7026.36458333329,7723.57050000003,7829.88606250014
"FT2108",582.862232866818,582.862075384397,582.862814795249,65.82,65.8088073730469,66.4627227783203,5,3,1,1,1,3508.70999999999,3246.84359999999,3479.2465,4038.786,3903.27166666666
"FT2109",583.381891167122,583.380817396418,583.382027422423,1171.19409179688,1171.11877441406,1171.32836914062,5,3,1,1,1,9420.76243750006,9532.86833333339,9228.69375000006,11784.8339999999,11065.1440555556
"FT2110",584.384424270485,584.384424270485,584.384424270485,1171.19409179688,1171.19409179688,1171.19409179688,1,0,0,1,1,3956.4008601262,3130.60266113281,3166.98313685826,4036.78530649038,4214.43742857136
"FT2111",587.221891976029,587.221814918556,587.223020633503,624.5849609375,623.652648925781,625.0615234375,5,3,1,1,1,27804.75684,27168.9183333333,28232.2310400002,25816.512,30479.0375
"FT2112",588.224549515201,588.223955321365,588.225912773618,624.409,623.882141113281,624.5849609375,5,3,1,1,1,8482.22941176462,9037.91263157895,7848.12914285717,8514.33058823531,9375.36120000002
"FT2113",591.125998492568,591.125318255599,591.126155406698,794.528198242188,794.52099609375,795.189880371094,5,3,1,1,1,16134.5982,16351.1978666668,16547.1945,3328.55099999999,9457.56553846164
"FT2114",591.371360095286,591.371074950921,591.371645239652,1631.43927001953,1631.28564453125,1631.59289550781,2,1,0,1,1,24091.5629332169,28411.3851875001,27407.1466097624,27202.504860256,24928.4457714286
"FT2115",591.372088505056,591.372034475386,591.372142534727,1464.35540771484,1463.09118652344,1465.61962890625,2,0,0,1,1,6664.4765625,8810.44117647059,9806.60661764706,9614.29411764706,7178.51229999986
"FT2116",591.371658500155,591.371019101857,591.372297898452,1598.56457519531,1597.20837402344,1599.92077636719,2,0,1,1,1,8235.97086842855,14328.9249572754,13656.7885529891,16508.7073846153,10986.7679999999
"FT2117",591.371635230925,591.371473554649,591.371796907202,1525.42626953125,1523.79614257812,1527.05639648438,2,0,1,1,1,22382.825664605,27338.200773112,27656.4012559679,29869.2196363636,26032.9117894737
"FT2118",591.371755506217,591.371755506217,591.371755506217,1584.24499511719,1584.24499511719,1584.24499511719,1,0,1,0,1,13803.2708458534,14720.5768197867,16380.8743127894,19029.2555555555,14665.8122840294
"FT2119",591.372612167909,591.372612167909,591.372612167909,1449.8994140625,1449.8994140625,1449.8994140625,1,0,0,1,1,10294.0112879136,8792.74570599724,9995.92666625977,11515.1657333374,12954.3547777779
"FT2120",591.371961075601,591.371961075601,591.371961075601,1481.33740234375,1481.33740234375,1481.33740234375,1,0,0,1,1,10725.000604248,10885.5771057129,12376.8733607701,10160.0418875558,15307.2745000001
"FT2121",591.371195399297,591.371195399297,591.371195399297,1566.63427734375,1566.63427734375,1566.63427734375,1,0,1,0,1,9046.17169189453,12747.9163275825,11817.2642916166,20334.2706666666,14130.6351047092
"FT2122",591.372237164227,591.372237164227,591.372237164227,1549.77185058594,1549.77185058594,1549.77185058594,1,0,1,0,1,15241.398633874,14029.1399702592,14032.2065907354,17871.8301666667,15387.3579738451
"FT2123",592.12916019878,592.128992855948,592.129640641059,794.546203613281,794.52099609375,795.159,3,3,0,0,1,4979.01909090911,5449.138909091,5287.13150000001,842.700762384589,2574.19285946378
"FT2124",592.259422759759,592.25898902319,592.259993013382,1022.209,1021.85754394531,1022.58172607422,5,3,1,1,1,5874.57663157891,6323.33669999996,6326.46600000001,5538.31578947363,5382.3853333333
"FT2125",592.369395085183,592.369271138085,592.36951903228,1599.44659423828,1597.84619140625,1601.04699707031,2,0,0,1,1,5271.24815877279,4645.59602864583,5255.03573608398,4532.55122680664,1355.49200000003
"FT2126",592.369112572783,592.369112572783,592.369112572783,1633.48376464844,1633.48376464844,1633.48376464844,1,0,0,1,1,13931.4557098389,16420.9523010254,14572.5362267127,15861.2254760742,18185.3809999999
"FT2127",593.102132221836,593.101602165301,593.102814402024,794.521,794.52099609375,794.546203613281,3,3,0,0,1,4514.90000000002,3981.52766666673,4183.82030769231,880.54968457032,972.331117209703
"FT2128",593.234348016698,593.23395372307,593.234820858353,627.706909179688,626.320739746094,628.205,5,3,1,1,1,7875.63052631578,12133.6343333333,7804.84421052627,13725.516,9504.26400000006
"FT2129",593.334963270469,593.334138472242,593.335043601676,870.35,870.349975585938,870.415649414062,5,3,1,1,1,5029.21507692312,4985.3946153846,4932.86539999997,5467.4429090909,6374.4984615384
"FT2130",595.425259990725,595.424563159757,595.425560557179,940.528995849609,940.339904785156,940.540954589844,4,3,1,0,1,4166.58666666666,4284.58560000001,3783.01777777776,3841.7126666667,1062.9683787028
"FT2131",597.365222933333,597.364800675653,597.365645191013,899.795776367188,899.388061523438,900.203491210938,2,0,1,1,1,3315.55786132812,3474.3310546875,3567.72705078125,4786.8829090909,5462.11049999995
"FT2132",597.440891314111,597.440389319091,597.442250002463,1009.23999511719,1009.1611328125,1009.326171875,4,2,1,1,1,3216.84614181519,3567.67609090909,3217.46862500004,4412.58763636364,4467.79800000004
"FT2133",597.678114908387,597.677670154768,597.67820138944,330.37,329.987670898438,331.269348144531,5,3,1,1,1,33163.9340869565,35722.0889999999,32990.4304782609,34926.0282692308,33527.18912
"FT2134",598.179611248646,598.179251931357,598.179736702557,330.37,329.987670898438,331.269348144531,5,3,1,1,1,16766.94,16863.12,16582.0502727273,17323.3288518518,16664.668
"FT2135",598.680780365973,598.679984516491,598.681010834503,330.362365722656,329.746,331.198577880859,4,3,0,1,1,5853.93900000001,5797.92461111113,5904.80099999999,6036.81278572083,5340.5724
"FT2136",599.197213597248,599.196915412019,599.197433546607,559.755,559.130004882812,559.873474121094,5,3,1,1,1,119861.703652174,123503.519999999,123112.691,62858.9936842103,115009.775789473
"FT2137",599.283792351936,599.282331929746,599.283824129448,706.099,705.615234375,706.199401855469,3,3,0,0,1,3350.33999999998,2892.71985714282,3418.47600000002,354.339542829238,1433.02257183837
"FT2138",599.456665900542,599.45595811588,599.457264231032,1009.28308105469,1009.23999023438,1009.80255126953,4,2,1,1,1,3181.48199999998,3509.74859999998,4022.68684387207,3911.54977777778,3428.1448
"FT2139",600.200524408828,600.200098071469,600.200809746895,559.755,559.130004882812,559.873474121094,5,3,1,1,1,35774.1541176469,35744.825235294,37263.2179999999,18290.9329411765,34544.1176470587
"FT2140",601.202951490748,601.20232377619,601.203124313296,559.253601074219,559.130004882812,559.755004882812,5,3,1,1,1,8242.36439999994,7845.59966666658,8041.39323076924,4137.71290909094,8411.06085714287
"FT2141",603.189026923013,603.188333744866,603.189502114343,623.948120117188,623.652648925781,625.0615234375,5,3,1,1,1,11824.3751428572,11878.02,11928.5524800001,11717.028,13201.3008
"FT2142",605.150336364959,605.150158385666,605.152429959487,516.907,516.25146484375,517.529357910156,5,3,1,1,1,10571.6942499999,11036.5566428572,11209.3233333332,5518.88057142855,9798.99125000001
"FT2143",605.386387276845,605.386261990777,605.386434711239,1517.81115722656,1512.16711425781,1525.01489257812,3,0,1,1,1,15671.5082491361,20630.2307691072,20675.4997370793,17889.7917931036,11647.072
"FT2144",605.386568737409,605.386568737409,605.386568737409,1536.81494140625,1536.81494140625,1536.81494140625,1,0,1,0,1,17094.8394775391,19438.5530192057,17929.5348714193,22633.4042432432,21683.1385904948
"FT2145",605.386802351896,605.386802351896,605.386802351896,1482.5771484375,1482.5771484375,1482.5771484375,1,0,0,1,1,20516.3474731445,17303.5631591797,22953.8229409076,19669.3497158619,29206.1623617023
"FT2146",605.386250253081,605.386250253081,605.386250253081,1449.27197265625,1449.27197265625,1449.27197265625,1,0,0,1,1,2572.7109375,6593.92299107143,6460.88040865385,4130.45248647837,9755.95153333317
"FT2147",605.899153491327,605.898103705899,605.900796089699,1635.89697265625,1635.81823730469,1636.042,3,3,0,0,1,18558.8172000002,17690.3752105265,28116.99,8345.42531909178,13067.4622201538
"FT2148",605.898553910588,605.898553910588,605.898553910588,1396.96105957031,1396.96105957031,1396.96105957031,1,0,0,1,1,4395.03881835938,19297.4310302734,15414.3373413086,12507.2444458008,18378.9733333332
"FT2149",605.898470297161,605.898470297161,605.898470297161,1407.69226074219,1407.69226074219,1407.69226074219,1,0,0,1,1,9377.16323454484,34318.9621117002,32233.1234479632,22413.6786831942,27073.2671739132
"FT2150",605.899237809195,605.899237809195,605.899237809195,1379.36840820312,1379.36840820312,1379.36840820312,1,0,0,1,1,41043.8232421875,43845.8785400391,45198.3702392578,30309.2347412109,38283.4500645162
"FT2151",606.38541529421,606.38541529421,606.38541529421,1582.9921875,1582.9921875,1582.9921875,1,0,1,0,1,6024.53671773275,9115.03306070963,13835.7875,14928.16152,9028.62223307292
"FT2152",606.384943745475,606.384943745475,606.384943745475,1594.91052246094,1594.91052246094,1594.91052246094,1,0,1,0,1,9796.4645703125,12154.9245198568,13286.4125569661,14576.5494615385,13810.243515625
"FT2153",606.385440012601,606.385440012601,606.385440012601,1536.81494140625,1536.81494140625,1536.81494140625,1,0,1,0,1,7755.14806547619,10248.5838512074,10320.6981259301,13782.2277272728,10097.634765625
"FT2154",606.385639957458,606.385639957458,606.385639957458,1549.77185058594,1549.77185058594,1549.77185058594,1,0,1,0,1,11030.0390625,12289.8660714286,11573.9701704545,13526.9659130435,12685.2272727273
"FT2155",606.385675354606,606.385675354606,606.385675354606,1565.39306640625,1565.39306640625,1565.39306640625,1,0,1,0,1,8724.56974283854,11744.2199902344,11426.5528259277,15359.4098,12893.7980859375
"FT2156",606.385063355603,606.385063355603,606.385063355603,1521.50598144531,1521.50598144531,1521.50598144531,1,0,1,0,1,12127.7307128906,13131.0596127717,13337.7684273098,15111.03,14488.1052246094
"FT2157",606.385119706104,606.385119706104,606.385119706104,1632.21984863281,1632.21984863281,1632.21984863281,1,0,0,1,1,13083.8292051373,17246.1390341482,15676.6274562027,15043.608771829,18644.1370588235
"FT2158",607.139499577289,607.139378528028,607.139680493686,516.911743164062,516.88525390625,518.064270019531,5,3,1,1,1,81357.0219444448,76392.4603333333,75898.6145999999,29134.7697142856,75520.9114444445
"FT2159",607.401158510047,607.400686478161,607.401630541932,1632.73858447266,1632.62316894531,1632.854,2,2,0,0,1,15873.1128690592,24875.7561000001,21888.36,22948.784039318,26539.0940928955
"FT2160",607.401306488107,607.401053617387,607.401559358826,1454.29095458984,1449.27197265625,1459.30993652344,2,0,0,1,1,10704.0670293172,21383.3781661987,21298.9904976981,24075.7855006627,19458.9417777778
"FT2161",607.40148017097,607.40148017097,607.40148017097,1574.15344238281,1574.15344238281,1574.15344238281,1,0,0,1,1,8958.52096896701,11089.7835388184,15734.3160095215,17114.7267523872,23302.787586207
"FT2162",607.401965931821,607.401965931821,607.401965931821,1586.00268554688,1586.00268554688,1586.00268554688,1,0,0,1,1,11811.4634114583,11109.5550101144,10582.8745361328,13033.4076741536,11626.0549999997
"FT2163",607.401492897411,607.401492897411,607.401492897411,1524.40344238281,1524.40344238281,1524.40344238281,1,0,0,1,1,5486.8515625,13300.3979492188,15437.2044881185,11086.9521484375,18812.2526153846
"FT2164",607.40156849913,607.40156849913,607.40156849913,1481.33740234375,1481.33740234375,1481.33740234375,1,0,0,1,1,12514.4245239258,12514.6759327856,18793.1779541016,16458.1153198242,24535.6606875001
"FT2165",607.401804657184,607.401804657184,607.401804657184,1498.67224121094,1498.67224121094,1498.67224121094,1,0,0,1,1,8704.58093261719,11754.0059988839,13950.4223516555,10906.1866920108,17095.3332380953
"FT2166",607.401663291369,607.401663291369,607.401663291369,1556.93359375,1556.93359375,1556.93359375,1,0,0,1,1,8942.37804645041,14121.6759796143,12582.9382801885,14479.0500700577,17578.6613750001
"FT2167",608.088885519177,608.088418494264,608.089013625488,75.952,75.8217010498047,76.815055847168,5,3,1,1,1,7718.87147619047,7050.47933333334,7291.44,7392.345,5659.34021052631
"FT2168",608.142615978588,608.142472496333,608.142922242546,516.911743164062,516.88525390625,518.064270019531,5,3,1,1,1,26466.5168333334,25229.548125,25199.616,8786.08363636372,23769.5565882352
"FT2169",608.668176557342,608.668135958791,608.668604143569,330.620391845703,330.105712890625,331.269348144531,5,3,1,1,1,9275.99431578948,10487.7490909091,9827.27995652172,9910.65399999999,9656.67249999998
"FT2170",609.144781942438,609.144600762995,609.145286988171,516.909371582031,516.88525390625,517.529357910156,4,3,0,1,1,5827.71718749997,5554.66,5674.15843749998,2020.75720214844,5846.47266666669
"FT2171",609.482556194411,609.481429992171,609.483538711817,1196.351,1196.251953125,1196.92639160156,5,3,1,1,1,6172.23949999986,6232.4981818182,6331.76100000004,6778.94160000002,5834.14999999997
"FT2172",609.658498722431,609.658150133489,609.659235827767,330.620391845703,330.37,331.198577880859,5,3,1,1,1,6260.76114285713,7027.26521739132,6572.14380952381,6622.4196,6978.38708333332
"FT2173",611.160923165643,611.16061549801,611.161041265798,512.58837890625,512.445190429688,513.26171875,5,3,1,1,1,119170.96425,120796.93055,118298.86995,57089.1475000002,114251.6664
"FT2174",611.420389922633,611.41952458932,611.42216346438,939.891,939.694458007812,940.387329101562,5,3,1,1,1,10608.5910000001,11840.5177142858,10976.6194999999,15321.28,13497.6239999999
"FT2175",612.164288214295,612.164011774677,612.16456401846,512.58837890625,512.445190429688,513.26171875,5,3,1,1,1,35664.4724210525,36122.618111111,35276.9404500001,16136.1108333334,33982.8631578947
"FT2176",612.423719055305,612.422682514252,612.425024214607,939.891,939.694458007812,940.387329101562,5,3,1,1,1,4628.98450000003,4956.505,4390.48545454549,7110.96654545459,5860.53124999997
"FT2177",613.239487405519,613.237512566461,613.239756308122,916.149169921875,915.49267578125,916.978820800781,5,3,1,1,1,264518.086857142,286507.767272727,287097.68890909,101488.748833333,266841.293333334
"FT2178",613.15898876153,613.158719796951,613.159394877966,86.08,85.254264831543,86.7453002929688,5,3,1,1,1,7428.87541666667,6559.00000000001,7672.60375,6424.88899999999,7228.53761538461
"FT2179",613.166400653008,613.166189924094,613.166527518475,512.536189453125,512.445190429688,513.26171875,4,3,0,1,1,8698.19285714283,8656.96240000003,8106.73485714292,3573.27359517415,7914.05612500002
"FT2180",614.242778661019,614.240693916173,614.243050856433,916.598,915.49267578125,916.978820800781,5,3,1,1,1,94352.8211999998,100964.574857143,99565.3395,35076.6311666665,93730.4295238097
"FT2181",615.245435835826,615.243496951873,615.245702907901,916.598,916.104919433594,916.978820800781,5,3,1,1,1,21914.739,22717.4471999999,23087.2587,7531.13437499999,21895.4900000001
"FT2182",615.459491618319,615.45855361828,615.46094657759,949.93017578125,949.331176757812,950.042,5,3,1,1,1,5340.17169999997,5637.9596,5407.0478888889,5039.21775000001,4025.98685714279
"FT2183",616.651684282068,616.651425022348,616.651867253824,330.495195922852,330.105712890625,331.198577880859,4,3,0,1,1,6690.21600000001,7515.69838095241,6853.16699999999,7135.06425544955,5987.50784210528
"FT2184",617.407481542622,617.406516634522,617.407838578484,940.528995849609,940.339904785156,940.540954589844,4,3,1,0,1,4944.61440000001,5153.74800000001,4633.49439999998,3990.79037500007,1256.95450526259
"FT2185",619.423020532374,619.422058667605,619.423982397143,1009.20056152344,1009.1611328125,1009.23999023438,2,0,1,1,1,3101.62290445964,3368.85582733154,3141.14214409722,3129.99555555556,3120.72177777775
"FT2186",621.127997801812,621.127736535787,621.128937137681,516.911743164062,516.25146484375,517.541,5,3,1,1,1,26939.5621666668,25500.1847058824,24769.4836249999,19199.3809333333,24540.7086666667
"FT2187",621.416954884279,621.416863840763,621.417045927795,1401.3837890625,1398.23083496094,1404.53674316406,2,0,0,1,1,14886.5142198928,23068.5517989449,21542.0207909117,26225.6907627272,24410.7583333333
"FT2188",621.417555044758,621.417555044758,621.417555044758,1524.40344238281,1524.40344238281,1524.40344238281,1,0,0,1,1,9868.15872547238,24291.109375,21306.6960797991,15679.2386300223,27435.889840909
"FT2189",621.417952958826,621.417952958826,621.417952958826,1481.96472167969,1481.96472167969,1481.96472167969,1,0,0,1,1,10522.600479126,14779.1607910156,13632.7883148193,12684.8062896729,17014.6267307694
"FT2190",621.417717374143,621.417717374143,621.417717374143,1381.24743652344,1381.24743652344,1381.24743652344,1,0,0,1,1,12359.03908128,11652.3029972957,10296.4701021635,12537.1968336839,13962.9533333334
"FT2191",621.417598244577,621.417598244577,621.417598244577,1449.8994140625,1449.8994140625,1449.8994140625,1,0,0,1,1,8088.88776506696,10412.4520385742,11153.9772949219,12012.9855834961,13850.2440000002
"FT2192",622.130961727732,622.028955478522,622.131627517227,517.220550537109,516.25146484375,525.713,6,3,1,1,1,7735.112,8287.32937500003,7328.89835294117,6111.86666666665,7748.25624999997
"FT2193",622.028955708137,622.028954503328,622.028955867774,73.6173400878906,73.448,74.0410766601562,3,3,0,0,1,70017.0053333333,67622.3326666667,61790.4875757576,NA,NA
"FT2194",622.028152052776,622.028091868708,622.028223495742,15.9553070068359,15.944,15.9915332794189,3,3,0,0,1,135656.8615,125074.969888889,115382.838833333,398.848229089737,2463.1252242893
"FT2195",622.028955688375,622.028954119616,622.028957297806,1673.00697363281,1665.28381347656,1677.43969726562,4,3,0,0,1,63736.8879999992,168466.697580645,43411.3368571435,NA,NA
"FT2196",622.028955435481,622.028954297996,622.02895621408,1741.47766113281,1733.454,1747.992,5,3,0,0,1,95880.2019310341,60211.5405500004,13887.3229999994,NA,NA
"FT2197",622.028955874426,622.028955201849,622.028956624904,1763.2156015625,1756.41723632812,1769.84436035156,4,3,0,0,1,137115.784000001,53199.9722222218,58721.3538571426,NA,NA
"FT2198",622.02895590384,622.028954982322,622.028955926916,1708.61322021484,1700.123,1718.401,4,3,0,0,1,68332.5761363639,97361.0070588234,86232.166636364,NA,NA
"FT2199",622.028956695183,622.028956138436,622.028956925213,1783.77355957031,1780.78344726562,1789.916,3,3,0,0,1,99545.4977142858,52473.4393333327,74171.1360000004,NA,NA
"FT2200",623.254347678149,623.253606084445,623.255242945833,1111.378,1105.37194824219,1112.74462890625,5,3,1,1,1,13070.8334117647,13386.2363555555,13809.2339069768,11666.8244375,11521.726875
"FT2201",623.244740651481,623.244189201707,623.245521711187,86.0764227294922,85.254264831543,86.0800018310547,4,2,1,1,1,2637.4845,2518.60320415387,2911.11249999999,2554.224,3158.786
"FT2202",627.09739929564,627.097188407727,627.097937480625,516.909371582031,516.88525390625,517.529357910156,4,3,0,1,1,4871.39723076919,5168.77778571429,5183.38631249998,1973.84861210414,5239.03093333336
"FT2203",627.145159302525,627.144879326698,627.146090609373,516.907,516.25146484375,516.925109863281,5,3,1,1,1,11988.0508235294,11205.832,11523.68275,6783.50766666665,11348.5640666667
"FT2204",627.415396354263,627.415033882009,627.416275777605,938.626403808594,938.41162109375,939.122436523438,5,3,1,1,1,19135.288090909,19661.4228571429,18846.1117500001,40215.4009230772,37841.6916923075
"FT2205",627.414862408039,627.414082366611,627.415642449468,971.464141845703,971.450012207031,971.478271484375,2,0,1,1,1,3325.16418457031,3402.00335693359,3586.28137207031,6613.06920000008,7352.65672727276
"FT2206",628.418312386524,628.418226255677,628.41950201268,938.626403808594,938.41162109375,939.122436523438,5,3,1,1,1,8627.05233333333,8179.97600000007,8433.88849999991,17708.2600000002,15902.6523076922
"FT2207",628.419179187213,628.419179187213,628.419179187213,972.104675292969,972.104675292969,972.104675292969,1,0,0,1,1,1415.26107449002,1379.68773057726,1473.99196777344,2682.12550354004,3445.68249999997
"FT2208",629.421989170118,629.421175280451,629.422803059785,938.873291015625,938.624145507812,939.122436523438,2,0,1,1,1,1978.9638671875,1617.65862358941,1878.08093261719,4323.79272727274,3382.96533333333
"FT2209",630.134140184244,630.134050886738,630.13494940784,512.58837890625,512.445190429688,513.26171875,5,3,1,1,1,13536.6321428571,12002.1556363637,12506.7600000001,2946.88575,10647.4846153846
"FT2210",630.636127041395,630.635958777187,630.636253207049,512.536189453125,512.445190429688,513.26171875,4,3,0,1,1,7964.42090909089,7241.77800000008,7280.68227272731,2317.762342779,5882.54275000001
"FT2211",631.464664095713,631.463638240522,631.465387427246,1196.351,1196.251953125,1196.92639160156,5,3,1,1,1,4575.0986666667,5088.31140000003,5478.44910000006,4811.43333333337,4814.2038000001
"FT2212",631.447126652109,631.44619086031,631.448470489,1003.658,1003.56243896484,1004.29107666016,5,3,1,1,1,3562.417875,3800.89950000004,4314.25454545456,10344.7698750002,15530.1545454543
"FT2213",632.213047904736,632.212385085763,632.213395599523,916.692280029297,916.115539550781,917.622436523438,4,3,0,1,1,3723.17866666669,4220.8714166667,4506.93825,1162.1662467041,4536.30750000003
"FT2214",632.450600810251,632.450600810251,632.450600810251,1003.56243896484,1003.56243896484,1003.56243896484,1,0,0,1,1,1757.87171630859,2176.90733032227,2151.28035888672,4934.23093261719,6563.47499999991
"FT2215",633.14292206184,633.142521988308,633.143159935042,513.213073730469,513.074584960938,513.878112792969,5,3,1,1,1,60933.4005000002,61062.0768000002,59307.1199000001,28791.3256842105,58738.2923333334
"FT2216",633.151013969508,633.149502663133,633.151350661615,1231.52490234375,1230.96447753906,1232.06396484375,5,3,1,1,1,8415.8769545455,6976.55538461534,8055.83630769239,11220.7766666666,10856.8621052633
"FT2217",634.146230246749,634.145683538065,634.146697344075,513.213073730469,513.074584960938,513.878112792969,5,3,1,1,1,17246.9330526315,17072.5490526316,17210.0964,8787.04482352946,17401.0828421053
"FT2218",634.151102445021,634.149907732042,634.151695874983,1231.623046875,1230.96447753906,1232.1533203125,5,3,1,1,1,5471.19066666673,4530.18461538464,4682.48799999998,6589.94616666666,6032.46359999992
"FT2219",634.231767075999,634.230920834864,634.232613317134,999.378021240234,999.172424316406,999.583618164062,2,0,1,1,1,5214.63148583306,5007.85469224718,4174.09874640571,5708.05521052636,4286.16222222225
"FT2220",634.231258999176,634.230841431783,634.23167656657,977.477722167969,977.175109863281,977.780334472656,2,0,1,1,1,3659.50656223297,4659.6112701416,4342.37165737152,4657.52264285714,3935.48400000001
"FT2221",634.876282197662,634.875205368396,634.877890841294,1639.19274902344,1639.06225585938,1639.81604003906,5,3,1,1,1,41488.4548124999,38655.3055862072,40405.4071379311,25444.2155555554,30535.0471428568
"FT2222",634.875494499376,634.874987015698,634.876163219332,65.8199996948242,65.4521789550781,66.4627227783203,3,1,1,1,1,3388.61548662186,2531.5108,3462.11383008957,3083.142,3144.1782
"FT2223",634.875789995534,634.875682387634,634.875897603434,1294.28826904297,1289.91040039062,1298.66613769531,2,0,0,1,1,27020.7120881922,35697.3122217515,36674.9852761661,28016.2572972915,16004.5526250002
"FT2224",634.876570888701,634.876570888701,634.876570888701,1414.59594726562,1414.59594726562,1414.59594726562,1,0,0,1,1,67305.6564360119,69514.8633789062,69166.6453683036,37815.4798177083,50761.814272727
"FT2225",634.875833178714,634.875833178714,634.875833178714,1401.41479492188,1401.41479492188,1401.41479492188,1,0,0,1,1,16427.2213040865,84659.7006005859,74973.7876416016,43131.3324121094,63686.8066153845
"FT2226",634.876190751836,634.876190751836,634.876190751836,1312.97802734375,1312.97802734375,1312.97802734375,1,0,0,1,1,28987.1181640625,26636.84765625,30016.5810546875,25972.0703125,28773.4384615387
"FT2227",634.875788473626,634.875788473626,634.875788473626,1242.18383789062,1242.18383789062,1242.18383789062,1,0,0,1,1,25497.3887329102,34314.9878540039,32689.3351732337,23723.4042544158,32208.7500000003
"FT2228",634.875746088114,634.875746088114,634.875746088114,1256.72583007812,1256.72583007812,1256.72583007812,1,0,0,1,1,28568.671875,32695.3457919034,31479.2504882812,28475.6336558949,30879.8936521739
"FT2229",634.876186495498,634.876186495498,634.876186495498,1429.07299804688,1429.07299804688,1429.07299804688,1,0,0,1,1,NA,12333.2144165039,11396.7288208008,4538.57025146484,7990.64533333299
"FT2230",634.876051978806,634.876051978806,634.876051978806,1328.55139160156,1328.55139160156,1328.55139160156,1,0,0,1,1,64475.6522269871,45416.7242940267,64516.838200887,44560.5189259847,58970.6479999996
"FT2231",634.876143903543,634.876143903543,634.876143903543,1274.42150878906,1274.42150878906,1274.42150878906,1,0,0,1,1,44743.6946105957,42532.5016276042,44468.2968357631,36409.0147835868,40849.1429999997
"FT2232",634.87642130791,634.87642130791,634.87642130791,1385.00305175781,1385.00305175781,1385.00305175781,1,0,0,1,1,34996.7227280561,46313.0601878447,57045.2641601562,32792.0684024586,46908.3066666671
"FT2233",634.876466553408,634.876466553408,634.876466553408,1347.12438964844,1347.12438964844,1347.12438964844,1,0,0,1,1,35456.0293945312,63587.2409836342,81402.5118618669,42382.3669346401,75089.8772000006
"FT2234",635.221491783833,635.219456488854,635.221802149715,916.149169921875,915.49267578125,916.978820800781,5,3,1,1,1,109480.552380952,119302.853142857,118538.01326087,47061.6464999998,109425.717142857
"FT2235",635.148168026323,635.147737721411,635.148598331236,513.476348876953,513.074584960938,513.878112792969,2,2,0,0,1,3958.84714285716,3780.17350000002,4031.08970289964,1711.21926645132,2573.17526245117
"FT2236",635.149824808322,635.149067148255,635.150582468388,1231.51422119141,1230.96447753906,1232.06396484375,2,0,1,1,1,3352.59239783654,1783.70039719802,3035.65117469201,4248.56249999993,4325.23485714283
"FT2237",635.397748601131,635.397039322249,635.39977110725,1594.27319335938,1575.42028808594,1607.05944824219,5,1,1,0,1,11754.3586153847,19874.1286214193,20962.4151367188,5772.67016666661,23873.362109375
"FT2238",635.397497413995,635.397324052021,635.397670775969,1479.439453125,1477.54150390625,1481.33740234375,2,0,0,1,1,4405.96881103516,3201.90263875326,3707.88589477539,5149.720703125,891.035999999954
"FT2239",635.398039670052,635.397836059728,635.398243280376,1527.85034179688,1523.79614257812,1531.90454101562,2,0,1,1,1,10542.4670210618,10464.5384792752,11138.2409609281,8721.64449999997,11740.068125
"FT2240",635.398447076855,635.39837887967,635.398515274041,1551.96539306641,1547.27624511719,1556.65454101562,2,0,1,0,1,9772.26383375085,10036.5370151686,9776.15975288723,10011.7919999999,12104.9183616638
"FT2241",635.398477192127,635.397834875933,635.399119508321,1628.0764140625,1623.298828125,1632.854,2,2,0,0,1,9827.90886363628,12467.8103123779,14074.8567272728,14958.2265858765,15757.7812842102
"FT2242",635.398465096488,635.398465096488,635.398465096488,1413.9833984375,1413.9833984375,1413.9833984375,1,0,0,1,1,4633.10178375244,5587.49751499721,5391.52081298828,6420.73473307292,6910.36212499998
"FT2243",635.398831676121,635.398831676121,635.398831676121,1426.56689453125,1426.56689453125,1426.56689453125,1,0,0,1,1,7731.09802827381,6201.20431082589,7317.68440755208,9688.88800920759,8973.40436363645
"FT2244",635.397745995438,635.397745995438,635.397745995438,1510.93078613281,1510.93078613281,1510.93078613281,1,0,0,1,1,6139.17460632324,6122.37879231771,6575.39993106618,5199.95790863037,8426.92752941173
"FT2245",635.39830560537,635.39830560537,635.39830560537,1494.8779296875,1494.8779296875,1494.8779296875,1,0,0,1,1,6364.44140625,5979.30223670373,5272.88116924579,6432.17889404297,7439.94321428567
"FT2246",635.397911002063,635.397911002063,635.397911002063,1398.87658691406,1398.87658691406,1398.87658691406,1,0,0,1,1,6603.30115327381,3085.9880952381,7254.58203125,6952.72061011905,9765.44386363643
"FT2247",636.092866375475,636.092537001252,636.093929557953,516.911743164062,516.25146484375,517.541,5,3,1,1,1,18480.1811666667,18434.3756470589,19259.1536666666,13226.0064,19404.8887999999
"FT2248",636.224551296579,636.222335043773,636.224708149033,916.149169921875,916.104919433594,916.978820800781,5,3,1,1,1,37952.8577999999,40427.4410999998,40816.8069523807,17298.7759999999,36714.3447
"FT2249",637.09957501903,637.099378431956,637.101403486783,516.907,516.25146484375,517.529357910156,5,3,1,1,1,27313.4404444446,28830.4874999999,28265.4246666664,14001.7583333333,26345.92
"FT2250",637.2270235806,637.224991919821,637.22730279311,916.598,915.49267578125,916.978820800781,5,3,1,1,1,7991.93962500001,9172.21599999998,8974.79289473687,3906.31333333331,8153.27333333335
"FT2251",637.4118527886,637.411502989372,637.412202587829,1633.07611083984,1632.21984863281,1633.93237304688,2,1,0,1,1,6240.28545398247,11985.2385,12763.6245950838,11427.7745389717,15773.5767045454
"FT2252",637.412749178465,637.411976720171,637.412960488311,1567.25085449219,1559.16027832031,1576.68041992188,3,0,1,0,1,10163.9111022949,10687.163104248,10373.7299743652,7109.75999999995,13628.5128479004
"FT2253",637.412064047912,637.412064047912,637.412064047912,1596.15942382812,1596.15942382812,1596.15942382812,1,0,1,0,1,7514.63834897934,10707.2680664062,11301.2184082031,13435.916375,10100.5445989793
"FT2254",638.102898752951,638.102859037478,638.103068031101,516.896126953125,516.278015136719,516.925109863281,4,3,0,1,1,8322.01066666662,9013.31653846162,9361.86428571419,3555.14141067942,8742.4426666666
"FT2255",639.138038337348,639.137927856605,639.138645558086,517.498291015625,516.911743164062,517.541,5,3,1,1,1,8926.46439999995,8843.4018,8785.32568749997,6101.78884615387,10034.3509444445
"FT2256",641.217909086397,641.217392220914,641.218051433312,916.339111328125,916.115539550781,916.598,3,2,0,1,1,3919.11050463868,3825.04654545459,3713.09672727273,373.781674249823,3359.19711111114
"FT2257",644.010434629203,644.010322925792,644.010518345488,7.911,7.90585660934448,7.91466331481934,3,3,0,0,1,118575.027612903,100901.954307692,93344.59756,NA,NA
"FT2258",644.831798278714,644.829911853159,644.833563738282,1641.729,1641.02124023438,1642.28198242188,5,3,1,1,1,3497.33026315787,4009.3568181819,4304.93550000002,4066.97390909085,4607.96833333333
"FT2259",645.319463639997,645.318879106777,645.320048173218,1093.56030273438,1093.44067382812,1093.67993164062,2,2,0,0,1,4436.4186,4908.74400000001,4328.45976257324,3162.35380655924,3378.85686238607
"FT2260",649.397468825539,649.396657793329,649.39827985775,938.873291015625,938.624145507812,939.122436523438,2,0,1,1,1,3538.60261917114,2964.96512811834,2871.19110743205,5641.36990909099,4627.5572307692
"FT2261",649.413233645374,649.413233645374,649.413233645374,1611.88659667969,1611.88659667969,1611.88659667969,1,0,0,1,1,9245.33951728288,19817.2493225098,17733.983678306,15214.1031319754,25848.4742325581
"FT2262",649.413074981727,649.413074981727,649.413074981727,1478.80029296875,1478.80029296875,1478.80029296875,1,0,0,1,1,12374.9158829399,13013.838001598,12432.1913452148,12767.4179077148,14609.7552
"FT2263",649.41323209629,649.41323209629,649.41323209629,1520.73120117188,1520.73120117188,1520.73120117188,1,0,0,1,1,10820.908973107,19172.7281269274,20848.4471403423,18895.3766350997,22061.587875
"FT2264",649.413796416417,649.413796416417,649.413796416417,1496.83142089844,1496.83142089844,1496.83142089844,1,0,0,1,1,13769.9268022017,16179.5020859662,16400.6153145926,14282.1299617992,20351.9381470588
"FT2265",649.413356215388,649.413356215388,649.413356215388,1636.02709960938,1636.02709960938,1636.02709960938,1,0,0,1,1,6436.13139905428,8386.62567138672,9081.87444104646,9199.33717041016,10731.8505
"FT2266",650.411689807349,650.410541812799,650.412185181588,1580.84887695312,1576.05102539062,1586.95153808594,4,1,1,0,1,7921.93263157896,11138.2373324308,12932.2464322177,6767.63679999988,13511.9388538707
"FT2267",650.41187041836,650.411298736959,650.412442099761,1561.66906738281,1561.64318847656,1561.69494628906,2,1,1,0,1,8800.87745454547,4386.08595581055,5906.36799621582,8027.46749999993,7991.00711212158
"FT2268",650.411363882221,650.41074199392,650.412019271945,1523.97619628906,1514.83569335938,1526.68017578125,3,1,1,0,1,11060.3499310345,15762.3123953683,13052.8803562071,16837.7010000001,16331.1393083845
"FT2269",650.411038231468,650.410190768678,650.412643425349,1632.854,1622.6748046875,1634.75854492188,3,2,0,1,1,10317.4047407407,17011.3100922396,19483.2376470588,15911.6457630773,13102.6416875
"FT2270",650.411708847165,650.410580772437,650.412836921893,1599.45129394531,1598.98181152344,1599.92077636719,2,1,1,0,1,8654.78991304344,5777.305861253,8832.44283403669,10926.08775,9338.1368637085
"FT2271",650.411473929568,650.410704233357,650.412243625778,1546.79626464844,1544.44763183594,1549.14489746094,2,1,1,0,1,8086.27260000003,9796.92978834069,9560.58449554443,12055.0863846153,10300.7681380562
"FT2272",650.850005258106,650.849017798743,650.850346491372,65.8199998474121,65.1768569946289,66.4627227783203,4,2,1,1,1,3383.53439999999,3314.80058201142,3290.3965,3719.678,3413.2865
"FT2273",651.394866169436,651.394154442405,651.395337982342,960.076171875,960.046203613281,960.715637207031,5,3,1,1,1,4613.73266666668,4631.00400000001,4379.68918181815,4664.66949999993,4650.99100000005
"FT2274",656.245329057533,656.245134318323,656.245670674105,922.15978515625,921.829223632812,922.391357421875,4,3,0,1,1,5669.68854545451,6030.08846153852,6969.02558333336,1276.97353108724,6253.68046153846
"FT2275",657.203270803543,657.203042237534,657.203499243019,916.132354736328,915.967,916.978820800781,4,3,0,1,1,5109.69352941173,5600.75599999999,5505.45400000001,2011.9538370864,5425.67866666668
"FT2276",659.984953008719,659.984093315426,659.985345638872,65.82,65.8088073730469,66.0743637084961,3,3,0,0,1,8730.45968421052,9801.44704,7921.39724,210.998457272212,90.3047267285157
"FT2277",659.985002482616,659.984737942265,659.985011758919,1652.05529785156,1649.299,1653.09899902344,3,3,0,0,1,38061.8401228068,38934.3489836064,27555.0531136363,NA,203.143248144532
"FT2278",659.984167226179,659.984081765088,659.984252687271,14.9690856933594,14.4484910964966,15.4896802902222,2,2,0,0,1,15147.776,14848.9371724138,10259.1977789137,NA,NA
"FT2279",660.247220605208,660.24642393121,660.24759078309,1022.209,1021.85754394531,1022.58172607422,5,3,1,1,1,6695.93333333332,6233.30410526316,6279.79333333334,7519.82959999997,6688.96742857139
"FT2280",663.224695640005,663.224327372238,663.224918665245,86.0764227294922,85.4459991455078,86.0800018310547,4,3,0,1,1,3225.58971428571,3434.71285714286,3981.82399999999,1939.59932119968,3027.33214285714
"FT2281",663.452105020736,663.429776544035,663.45230307985,1472.09497070312,1470.66052246094,1472.95,3,1,1,1,1,413.981309430803,737.22698939732,8753.11995238093,3800.39100000002,3629.45400000009
"FT2282",663.428273150354,663.428242410512,663.428303890196,1633.81099560547,1632.231,1635.39099121094,2,1,0,1,1,12522.6487781027,18182.5405940509,21604.3563214286,17510.4889101562,8641.24510000005
"FT2283",664.116429346822,664.116286848456,664.116856767553,112.878036499023,112.545372009277,113.697456359863,5,3,1,1,1,51361.8610714286,53138.8964827586,53346.8472857143,44344.7098181818,50854.9159642857
"FT2284",664.116497993274,664.116276749205,664.11708068469,86.08,85.254264831543,86.7453002929688,5,3,1,1,1,31249.5890625,28066.4075333333,33851.0082777778,29965.1943529412,33670.0811764706
"FT2285",664.427387698189,664.427387698189,664.427387698189,1594.70959472656,1594.70959472656,1594.70959472656,1,0,0,1,1,6122.02635814525,6115.1767202524,10139.9889479417,9410.2025282118,11264.4786428571
"FT2286",664.427053119129,664.427053119129,664.427053119129,1631.59289550781,1631.59289550781,1631.59289550781,1,0,0,1,1,9353.05401970358,13567.8589935303,14324.6909179688,13056.9519761029,15653.8955
"FT2287",665.119904920868,665.119593774957,665.120361328444,112.878036499023,112.736,113.192008972168,5,3,1,1,1,15915.0789333333,16243.958,16504.4587,13982.028,15358.1337
"FT2288",665.119449291073,665.119181788424,665.120177182325,86.08,85.254264831543,86.7453002929688,5,3,1,1,1,8551.46614285714,6941.71850000001,8233.87416666666,8017.745,8837.25723076923
"FT2289",665.44360012678,665.44360012678,665.44360012678,1523.79614257812,1523.79614257812,1523.79614257812,1,0,0,1,1,9360.85654122489,7101.34106445312,8622.72827148438,9381.1442086356,15892.4557241379
"FT2290",665.443436082032,665.443436082032,665.443436082032,1508.47680664062,1508.47680664062,1508.47680664062,1,0,0,1,1,9174.90692138672,6303.98559570312,7728.33862304688,9246.06018066406,12827.6181818182
"FT2291",665.443012210534,665.443012210534,665.443012210534,1448.63366699219,1448.63366699219,1448.63366699219,1,0,0,1,1,14838.984264027,16188.9849298651,15661.1748712713,18722.9919433594,18490.5988235293
"FT2292",665.442897944664,665.442897944664,665.442897944664,1481.33740234375,1481.33740234375,1481.33740234375,1,0,0,1,1,16628.2071247507,23588.541657821,20324.2789332072,22679.3819936117,27362.4168750002
"FT2293",667.257031366659,667.256704990651,667.25771999388,361.144,360.424743652344,361.309661865234,5,3,1,1,1,11970.4829090909,12923.5783333333,12064.7487142857,11766.2969333334,12116.0399999999
"FT2294",668.259708859951,668.259403541514,668.260015459963,361.144,360.424743652344,361.309661865234,5,3,1,1,1,3688.19018181819,3667.70120000002,3749.76000000003,3376.66553846155,3524.63888888892
"FT2295",668.870169398419,668.868956118815,668.871755539162,1639.81604003906,1639.816,1640.35388183594,4,3,0,1,1,4163.21840000011,4551.8010000001,4481.65107692313,4116.69278458652,4170.11816666645
"FT2296",673.377452338717,673.376455534638,673.377744772278,960.076171875,960.046203613281,960.715637207031,5,3,1,1,1,50116.354235294,50901.5368421052,50890.9971052632,48399.0651666669,50618.846
"FT2297",673.887966626513,673.886752393676,673.889180859351,1636.2524453125,1636.042,1636.462890625,2,2,0,0,1,12423.4252941178,4325.14702623152,15630.3358095238,3886.81760312497,6371.02941385685
"FT2298",673.887144701362,673.887144701362,673.887144701362,1414.59594726562,1414.59594726562,1414.59594726562,1,0,0,1,1,30683.9280728427,28833.839605158,32626.9162819602,17170.6394431374,22410.4379565216
"FT2299",673.886878110785,673.886878110785,673.886878110785,1426.56689453125,1426.56689453125,1426.56689453125,1,0,0,1,1,18329.6665602464,15610.6804950421,20489.2440091647,8506.51114327567,12937.0450666667
"FT2300",673.886233286738,673.886233286738,673.886233286738,1400.76916503906,1400.76916503906,1400.76916503906,1,0,0,1,1,1199.80990722656,31478.1971740723,22282.9908599854,12674.6865692139,25996.18852
"FT2301",673.887494591782,673.887494591782,673.887494591782,1382.49340820312,1382.49340820312,1382.49340820312,1,0,0,1,1,27193.9487508138,26394.1071573893,29173.3551097197,19139.6370646159,20884.4425263157
"FT2302",674.186078286484,674.18596090882,674.186503645003,563.479553222656,561.727478027344,564.113647460938,5,3,1,1,1,26577.96456,26058.1422222222,25571.2875555556,21964.9136000001,25554.48
"FT2303",674.38078496973,674.37989401614,674.380970881742,960.076171875,960.046203613281,960.715637207031,5,3,1,1,1,18516.350117647,17826.6324374999,18288.501,17984.1384999999,18705.8446666667
"FT2304",674.68770007417,674.687595522054,674.688066813233,563.479553222656,561.727478027344,563.568,5,3,1,1,1,18602.21725,18642.1811111111,17773.3472307693,15705.2194444445,18061.161125
"FT2305",675.189181946357,675.188777208684,675.18974779961,563.222229003906,561.105346679688,563.568,4,2,1,1,1,7682.06807407405,7948.96520252987,7501.63443478258,7295.56666666668,7664.56545454545
"FT2306",675.382798065088,675.382066388793,675.383632845037,960.106884033203,960.046203613281,960.715637207031,4,2,1,1,1,3828.4783,4156.14713793946,4228.27545454542,4248.14159999994,3556.1666666667
"FT2307",678.227369208744,678.226884400502,678.227681918151,922.325678710937,921.829223632812,922.688537597656,4,3,0,1,1,4128.91854545456,4518.79633333336,4557.96600000001,872.509899139404,4873.43176923077
"FT2308",679.166039789641,679.165705823338,679.166435449519,491.129,490.265258789062,491.449157714844,5,3,1,1,1,13497.1474,12730.8916,12871.027,7040.5296923077,7904.94575000002
"FT2309",679.425723300324,679.42533793417,679.426760193275,1042.58825683594,1041.64709472656,1042.917,5,3,1,1,1,8176.56000000011,7582.61966666666,7846.38750000002,4709.06449999998,5932.94250000008
"FT2310",679.458585904555,679.45823956794,679.459125718501,1507.15118408203,1497.44763183594,1515.8427734375,4,1,0,1,1,7828.65177338699,5419.48420000002,11963.4325384325,10986.5014444987,7813.87588235294
"FT2311",679.45858511951,679.458452599808,679.459538242135,1597.183,1596.20849609375,1608.921,3,2,0,0,1,7538.05602022201,16795.2407380954,9116.43949999991,15168.4697420446,16315.8859098467
"FT2312",679.458592442641,679.45858952265,679.458829350774,1631.28564453125,1620.882,1635.397,3,2,0,0,1,4365.24469335934,17158.9695238094,7969.64533333335,15621.0032483802,16851.1696151866
"FT2313",679.458702405445,679.458549730778,679.458855080111,1528.53179931641,1525.63000488281,1531.43359375,2,1,0,1,1,4784.44884080153,10152.6749999999,9672.2501953125,9056.14639892578,8542.45750000003
"FT2314",679.459540002467,679.459208070376,679.459871934558,1441.05816650391,1436.63500976562,1445.48132324219,2,0,0,1,1,9929.77582691334,7962.24999321832,9099.80698083948,8653.99885163484,8090.21342105257
"FT2315",679.458976402872,679.458717742291,679.459235063454,1574.68557080078,1569.64514160156,1579.726,2,2,0,0,1,7619.32269372886,16002.6993846153,9909.996125,15396.9892029138,15585.7653608141
"FT2316",679.459445187287,679.459445187287,679.459445187287,1481.96472167969,1481.96472167969,1481.96472167969,1,0,0,1,1,5109.76474276456,4240.93184761379,6614.31034712358,3829.44453014027,10699.5341249999
"FT2317",679.459184772441,679.459184772441,679.459184772441,1462.45483398438,1462.45483398438,1462.45483398438,1,0,0,1,1,8352.5463362069,7540.20464409722,9100.53556034483,10999.077653556,12709.3273333334
"FT2318",679.419232627318,679.419232627318,679.419232627318,1128.50048828125,1128.50048828125,1128.50048828125,1,0,1,0,1,3083.1406693892,2659.0009765625,3377.23401988636,3209.44507692311,3396.095703125
"FT2319",680.16853064882,680.168246296404,680.169299875429,491.070969726563,490.265258789062,491.849822998047,4,3,0,1,1,6865.30928571425,6564.94159999999,6536.43439999998,3356.70950929361,4913.54324999998
"FT2320",681.156488398348,681.155811329098,681.156650253786,491.449157714844,490.265258789062,491.849822998047,5,3,1,1,1,15634.6939285713,14424.8888,14696.3147692308,9241.51709090912,10460.1109285714
"FT2321",682.159087823073,682.158305872442,682.159583389609,491.070969726563,490.265258789062,491.849822998047,4,3,0,1,1,6429.02464285711,5310.94916666665,5542.8373846154,3328.90500582181,4128.24535714286
"FT2322",685.276047558687,685.275077942898,685.277017174476,1009.52340698242,1009.1611328125,1009.88568115234,2,0,1,1,1,3733.81079336313,4256.94585800171,3358.39007685735,4068.76261538462,4557.67569230769
"FT2323",685.435658974364,685.434856255706,685.437469147451,1472.317,1470.66052246094,1472.56909179688,5,3,1,1,1,82056.2647500001,75055.5375652171,85849.6671304351,92350.1710909084,113670.420217392
"FT2324",686.438740553903,686.438292351804,686.440820189445,1472.317,1470.66052246094,1472.56909179688,5,3,1,1,1,37617.1579999999,34177.8640000003,38908.2097391306,42460.1756842101,53356.7252173917
"FT2325",687.441718010524,687.441030289355,687.443639154824,1472.317,1470.66052246094,1472.56909179688,5,3,1,1,1,8267.30431578941,8337.53960000003,9556.60168421063,10620.1419999999,12793.5681363636
"FT2326",691.24192427245,691.240851153523,691.242347372742,1111.50366210938,1105.37194824219,1112.02319335938,5,3,1,1,1,12131.4985454546,10926.7032,12102.0520975609,11719.4852068965,11369.512
"FT2327",693.439973420449,693.439973420449,693.439973420449,1451.78283691406,1451.78283691406,1451.78283691406,1,0,0,1,1,7633.93359375,7689.94343261719,8385.57180175781,8873.75632324219,9179.27718181816
"FT2328",693.439385463847,693.439385463847,693.439385463847,1465.61962890625,1465.61962890625,1465.61962890625,1,0,0,1,1,6915.24895368304,8615.26414794922,8350.1532156808,8573.80036272322,8567.26254545457
"FT2329",693.440730717068,693.440730717068,693.440730717068,1436.63500976562,1436.63500976562,1436.63500976562,1,0,0,1,1,7918.93278171705,7000.7132196841,6316.94614045516,8796.19066273082,9387.74034782613
"FT2330",695.143572015271,695.143310957368,695.143956155704,491.129,490.265258789062,491.449157714844,5,3,1,1,1,31961.4609375,27437.524375,27813.2464999999,17061.8005384616,20390.4819999999
"FT2331",695.133149880319,695.132678254359,695.134006586191,86.08,85.254264831543,86.7453002929688,5,3,1,1,1,4430.251,3650.901,4285.35999999999,3562.5206,3867.105
"FT2332",695.35923395851,695.357803209487,695.359801750739,960.076171875,960.046203613281,960.715637207031,5,3,1,1,1,7907.57916666672,7246.44400000002,7027.93076923073,7568.37907692308,7821.734
"FT2333",695.392176852171,695.392049061763,695.392304642579,1128.80015966797,1128.473,1129.12731933594,2,1,1,0,1,2869.35689783649,2312.6160072115,3606.57119999999,3253.74449999992,3046.01506505404
"FT2334",696.146987653798,696.14675262748,696.147611123666,491.129,490.265258789062,491.849822998047,5,3,1,1,1,12078.2845999999,11726.232,10416.5925,6733.23023076924,7347.22733333334
"FT2335",699.392418191359,699.391423846972,699.393897927982,1006.761,1006.72131347656,1007.25988769531,5,3,1,1,1,18935.8613333334,17941.0699000001,18701.6472222224,18332.3565000002,18292.5107894738
"FT2336",700.395782645881,700.39432250991,700.396739435302,1006.761,1006.72131347656,1007.45007324219,5,3,1,1,1,6389.77066666669,6514.96821428571,6408.69850000007,6752.09921428579,6476.44400000003
"FT2337",701.408608893654,701.407895306168,701.409350707965,1042.58825683594,1042.284,1042.89953613281,5,3,1,1,1,84073.6682608705,86365.308521739,83448.6337999995,61750.8745499997,75033.2551304354
"FT2338",702.412009357545,702.411011028397,702.412397108767,1042.58825683594,1041.64709472656,1042.917,5,3,1,1,1,31384.5918181822,30895.9250000001,30850.8952380954,20839.3754210527,28637.3786666668
"FT2339",702.863925200238,702.862730025278,702.865620027171,1639.71008300781,1639.16711425781,1639.81604003906,5,3,1,1,1,35356.2675,39725.6566451612,32232.3185263157,25451.206105263,31322.3707599997
"FT2340",702.863641277718,702.863596795088,702.863685760349,1381.55303955078,1377.46911621094,1385.63696289062,2,0,0,1,1,74548.0453491211,66573.6177062988,76530.2515112835,46113.4130063264,40240.7972941181
"FT2341",702.863005424218,702.863005424218,702.863005424218,1397.59497070312,1397.59497070312,1397.59497070312,1,0,0,1,1,NA,80224.1996777344,59182.5920654297,34183.6869970703,58627.6629230768
"FT2342",702.863582549395,702.863582549395,702.863582549395,1427.17944335938,1427.17944335938,1427.17944335938,1,0,0,1,1,14682.3683558873,42989.1676810128,42941.9574933733,18482.3592773437,27056.5707500002
"FT2343",702.863393623644,702.863393623644,702.863393623644,1249.79187011719,1249.79187011719,1249.79187011719,1,0,0,1,1,62026.2109559257,76604.8456109965,71998.6039762677,60524.7253832547,64642.0973584908
"FT2344",702.863184007961,702.863184007961,702.863184007961,1294.87438964844,1294.87438964844,1294.87438964844,1,0,0,1,1,81605.4333735447,101129.784375,94458.1544883578,82638.8466413909,92624.5745192304
"FT2345",702.86370028331,702.86370028331,702.86370028331,1346.49353027344,1346.49353027344,1346.49353027344,1,0,0,1,1,64002.6976102941,95766.9085878314,93322.2476103812,60631.3788604736,81265.0161176476
"FT2346",702.863443585293,702.863443585293,702.863443585293,1326.08666992188,1326.08666992188,1326.08666992188,1,0,0,1,1,22960.940626878,63273.9704241071,53921.6287344473,38593.9630353009,62552.5509999998
"FT2347",703.414474681587,703.413279384932,703.415012008373,1042.32958984375,1042.14074707031,1042.89953613281,5,3,1,1,1,7055.59444444442,7967.25529411766,7493.17766666674,5724.45741176476,7172.60263157898
"FT2348",707.168468014722,707.167526468708,707.169781172182,1287.02685546875,1286.429,1287.44787597656,5,3,1,1,1,7303.88595000007,6827.072388889,6038.70715384621,9146.45557894736,8079.65271428576
"FT2349",707.454989965854,707.453373476937,707.456129427641,1632.84838867188,1631.4111328125,1633.93237304688,3,2,0,1,1,20662.8363333334,13430.420625,18602.8131519664,18066.2937011719,17359.864945946
"FT2350",708.16940725473,708.168767681406,708.170835277806,1287.02685546875,1286.74072265625,1287.22827148438,5,3,1,1,1,4369.224,4211.51421428571,4457.95733333341,4989.91850000012,5118.77339999997
"FT2351",708.511204839331,708.510536297585,708.513307014531,1472.317,1470.66052246094,1472.56909179688,5,3,1,1,1,11038.4996999999,10215.2131333334,10885.7042105263,18962.2874999999,22296.2450454545
"FT2352",709.167182252467,709.167067632028,709.168311257305,1287.22827148438,1287.02685546875,1287.44787597656,3,1,1,1,1,3274.23499999999,2688.56302584135,3124.87719726562,3969.89691666676,4137.70176470586
"FT2353",709.514482749634,709.513943260194,709.515863479145,1472.317,1470.66052246094,1472.56909179688,5,3,1,1,1,5378.66646153847,5030.88835294117,5258.26886666669,8598.41329411763,10450.7712
"FT2354",711.227741198445,711.227321879295,711.228221340683,559.755002441406,559.130004882812,559.755004882812,4,3,0,1,1,5048.11149999996,5844.84576923073,5418.90207692306,2887.19665853178,5984.90342857144
"FT2355",712.819441731893,712.819347886054,712.819671845012,1641.05822753906,1641.02124023438,1641.64697265625,3,1,1,1,1,3984.97586666671,1090.54987980769,3680.60584435096,3879.21599999999,4020.92323076927
"FT2356",713.307040637961,713.306767035048,713.307940609536,1093.692,1093.44067382812,1093.9814453125,5,3,1,1,1,4219.07692307692,3893.95500000002,4344.43499999999,3854.56763636366,4359.76436363641
"FT2357",713.259645787686,713.259130524605,713.259761272661,750.955,750.811218261719,751.594299316406,5,3,1,1,1,15833.5771578947,15987.8365882353,15431.6335294118,11803.3579999999,16264.5967058823
"FT2358",714.262372247456,714.261495638265,714.262593612387,750.955,750.811218261719,751.594299316406,5,3,1,1,1,9346.92776470592,9773.94823529413,9039.44812499997,7067.15500000002,8934.43811764705
"FT2359",715.24966503195,715.24896208058,715.250019895099,750.955,750.811218261719,751.594299316406,5,3,1,1,1,23307.6435555556,22849.0936666666,23354.6042222222,18419.9327333332,23853.7336470588
"FT2360",716.252694618373,716.25169566347,716.252775485474,750.955,750.811218261719,751.594299316406,5,3,1,1,1,10488.4073125001,10143.6201176471,10404.9441176471,8125.93939999996,10381.9395
"FT2361",718.837075750449,718.835636062088,718.837560510935,65.8199996948242,65.4521789550781,66.4627227783203,3,1,1,1,1,1647.83566951752,3672.51249999999,2679.66428279877,3367.808,3666.2645
"FT2362",721.300160848331,721.300092093013,721.300229603648,86.0800009155273,86.08,86.0800018310547,2,2,0,0,1,3164.81228571428,1958.09083147321,3373.43599999999,1611.60053981018,1895.37073452758
"FT2363",723.390260702296,723.389391486432,723.391450998017,1042.284,1041.95825195312,1042.76147460938,5,3,1,1,1,12788.5158421054,13112.2377222221,12892.0329473686,8272.58747368414,10069.7152105263
"FT2364",723.484355895738,723.483997630599,723.484714160876,1598.37487792969,1594.27319335938,1602.4765625,2,0,1,0,1,5907.17914373224,8601.66566685268,9100.73610142299,7285.94352941167,9449.28294233842
"FT2365",723.484184950728,723.484184950728,723.484184950728,1581.09814453125,1581.09814453125,1581.09814453125,1,0,1,0,1,9426.34582519531,8490.5965735394,8055.1267191569,11232.6825,9851.2691013502
"FT2366",723.485184360235,723.485184360235,723.485184360235,1564.76354980469,1564.76354980469,1564.76354980469,1,0,1,0,1,7929.70447265625,7664.2058997521,6073.74684082031,12341.0328461539,10804.5808886719
"FT2367",723.48474540123,723.48474540123,723.48474540123,1534.94079589844,1534.94079589844,1534.94079589844,1,0,1,0,1,8235.595703125,9171.05195418648,9259.92988918139,11160.74925,10272.7547023607
"FT2368",727.424197955372,727.423049424936,727.425121682499,1085.43359375,1085.21850585938,1085.9208984375,5,3,1,1,1,7498.1940000001,7280.81550000012,7770.62981818194,8464.98927272733,8118.70800000002
"FT2369",729.237429762937,729.236687512638,729.23769253787,750.955,750.811218261719,751.594299316406,5,3,1,1,1,96269.4665263157,94344.6254210524,90362.8572222221,66761.5484999995,92152.2084210523
"FT2370",729.440033956386,729.438924868693,729.440623686438,1122.153,1121.8759765625,1122.19299316406,5,3,1,1,1,24702.5639999999,25320.0252631577,24434.3986315788,21280.5800526316,28658.3582380953
"FT2371",730.240655886929,730.23994025858,730.240974924178,750.955,750.811218261719,750.9580078125,5,3,1,1,1,44486.1297777778,43618.7613157892,43729.7994117648,31579.1927999999,41816.7351578946
"FT2372",730.443349515682,730.442195874435,730.443740430904,1122.12438964844,1121.57666015625,1122.16772460938,5,3,1,1,1,8719.03666666665,9236.4227222223,8637.78899999998,7099.91676470596,11774.0790000001
"FT2373",731.242963909668,731.242626320054,731.243740628565,750.955,750.811218261719,751.594299316406,5,3,1,1,1,10506.7625000001,11423.9317647059,10199.226375,7896.05785714288,10670.53675
"FT2374",733.258394860135,733.257200428807,733.258689631588,750.950714111328,750.811218261719,751.594299316406,4,2,1,1,1,6520.78613333337,5808.130875,5723.01537780762,5861.07607142859,6618.99059999998
"FT2375",735.254245329378,735.253680298085,735.254717750121,750.955,750.811218261719,750.9580078125,5,3,1,1,1,14075.2021176471,14128.0120625,13638.133125,11221.0842666666,15497.1134117647
"FT2376",736.257414209813,736.25711949169,736.257600022824,750.955,750.811218261719,750.9580078125,5,3,1,1,1,6047.71781250004,6293.73586666665,5909.13525000001,4739.33833333338,6939.566625
"FT2377",736.85738869869,736.856724000142,736.859429647578,1639.81604003906,1639.816,1640.35388183594,5,3,1,1,1,5930.21000000005,6540.4265714286,5899.78928571423,5529.75499999981,5103.61366666641
"FT2378",741.875083460469,741.87387473208,741.876292188859,1634.9779453125,1633.493,1636.462890625,2,2,0,0,1,9686.14517647071,14777.2256141928,22521.4555789473,4313.15836588543,9971.57691267645
"FT2379",741.873600906849,741.873600906849,741.873600906849,1400.76916503906,1400.76916503906,1400.76916503906,1,0,0,1,1,49435.1595315372,90287.7736206055,90351.781745569,43636.5007925461,65825.0969117647
"FT2380",741.874236628573,741.874236628573,741.874236628573,1338.44653320312,1338.44653320312,1338.44653320312,1,0,1,0,1,38370.0137867647,37284.2240349265,40065.2365056818,30024.573970588,33074.8262867647
"FT2381",741.874575237185,741.874575237185,741.874575237185,1300.12878417969,1300.12878417969,1300.12878417969,1,0,1,0,1,16125.5785495924,12412.8660517154,16971.900390625,18816.2768333334,12635.8124044667
"FT2382",744.082422555317,744.082258005471,744.082445486144,101.341201782227,99.7849731445312,102.260894775391,3,1,1,1,1,11336.0758601597,11231.7305882353,11537.1578027998,6227.55705,12199.0169736842
"FT2383",744.203060435946,744.201852223503,744.203444153447,750.955,750.811218261719,751.594299316406,5,3,1,1,1,12013.3145882353,12097.8386666667,11573.685,9052.10693333333,12350.936
"FT2384",745.208965061226,745.208121572147,745.209364471782,750.955,750.811218261719,751.594299316406,5,3,1,1,1,37777.4045555556,38018.8952941177,38009.4470588236,23688.1048,36229.8743529411
"FT2385",746.212337956317,746.211738577501,746.212938150838,750.955,750.811218261719,751.594299316406,5,3,1,1,1,16570.9366875001,16052.584625,15975.376875,9928.19861538468,15256.5118
"FT2386",747.213269034391,747.212589906181,747.21413755042,750.949210205078,750.811218261719,750.9580078125,4,3,0,1,1,6242.06153333338,5420.00942857144,5496.61399999999,3460.8277923584,5971.77519999998
"FT2387",751.431182729489,751.430253854881,751.432816774102,1122.12438964844,1121.57666015625,1122.16772460938,5,3,1,1,1,5725.51184615386,5412.54499999992,4954.82399999998,4087.97499999996,5119.45499999999
"FT2388",757.235696280355,757.235097356767,757.236282588608,750.955,750.171081542969,750.9580078125,5,3,1,1,1,13236.3925333334,13670.710125,14069.804,11898.664,14835.2439375
"FT2389",758.238985421954,758.237999584267,758.23926557641,750.955,750.811218261719,751.594299316406,5,3,1,1,1,5666.726923077,6202.81919999997,5928.88493333331,5413.79375000003,6544.62699999998
"FT2390",761.249827870499,761.249022395283,761.249980192544,559.444730224609,559.130004882812,559.755004882812,4,3,0,1,1,5333.97583333334,5556.57846153847,5259.264,3373.99187493896,5375.07208333332
"FT2391",763.605244511936,763.605244511936,763.605244511936,1265.55871582031,1265.55871582031,1265.55871582031,1,0,1,0,1,1627.4994594029,2374.47814941406,1238.06123860677,2859.98000000002,2968.34763183594
"FT2392",764.573467048637,764.572726819322,764.574207277952,1471.69146728516,1471.28796386719,1472.09497070312,2,0,1,1,1,1324.8080666282,2383.04381103516,2491.90088722923,4578.06050000005,4876.72033333341
"FT2393",770.85135418055,770.849937899768,770.853221256979,1639.81604003906,1639.71008300781,1639.81604003906,5,3,1,1,1,28820.3092000001,29603.5288888886,29009.9792499999,21957.3205333333,24740.7300000003
"FT2394",770.850896762131,770.850274343528,770.851031848866,1240.92041015625,1238.54614257812,1244.07775878906,3,0,1,1,1,26141.1391514369,27704.1467023577,27223.5705217634,28277.6572799999,11475.4759999999
"FT2395",770.850898736373,770.850746553601,770.851050919144,1255.85784912109,1254.98986816406,1256.72583007812,2,0,1,1,1,31613.4177924262,33305.7518174913,32903.9190809462,29584.7098461537,29489.9759259262
"FT2396",770.850116629094,770.849907392702,770.850325865487,1293.9765625,1289.28698730469,1298.66613769531,2,0,0,1,1,4945.12695651584,45430.5762563852,28346.9853549533,33742.5417819553,28461.3975000001
"FT2397",770.850572728876,770.850572728876,770.850572728876,1271.28076171875,1271.28076171875,1271.28076171875,1,0,0,1,1,10814.7735595703,31519.6048357928,26155.1639404297,25580.1107177734,32020.9844999998
"FT2398",770.85063725628,770.85063725628,770.85063725628,1326.70288085938,1326.70288085938,1326.70288085938,1,0,0,1,1,24639.7969917629,46837.1063690186,51002.305828592,34783.6985727946,47230.1172399994
"FT2399",770.851098425496,770.851098425496,770.851098425496,1348.38757324219,1348.38757324219,1348.38757324219,1,0,0,1,1,10043.2197753906,21317.8748081752,36894.425327846,16572.8391462054,29924.5294666666
"FT2400",779.217915463636,779.217216301107,779.218189704509,750.955,750.811218261719,751.594299316406,5,3,1,1,1,16497.6348235295,17621.454375,16888.376625,16612.8053571429,18688.0291764706
"FT2401",780.221338061889,780.219633860836,780.221870577398,750.955,750.171081542969,750.9580078125,5,3,1,1,1,7478.68285714291,8211.87279999997,7871.87335714285,7139.70400000001,8660.83859999998
"FT2402",780.807557082925,780.806126446225,780.808442898811,1641.35260009766,1641.02124023438,1641.729,4,2,1,1,1,3141.72584615379,3150.16144549006,3633.8716666667,3665.88444444442,4024.40290909082
"FT2403",781.187703170981,781.186769654692,781.188653418649,1334.03991699219,1333.47436523438,1334.8212890625,5,3,1,1,1,5606.77269999999,5197.43999999992,5399.70993749991,7163.41080952379,6826.50694444447
"FT2404",782.188340991752,782.187504048983,782.190308023673,1334.24997363281,1334.03991699219,1334.8212890625,4,2,1,1,1,4225.93684210531,2686.74458312988,3001.02505263161,5008.62031578943,4977.73599999996
"FT2405",783.187202768669,783.187202768669,783.187202768669,1334.03991699219,1334.03991699219,1334.03991699219,1,0,1,0,1,2996.81062825521,1959.20585632324,2194.01000976562,3766.28437500003,2337.39707946777
"FT2406",783.57455433658,783.573994546975,783.575733070014,1267.03599316406,1266.8037109375,1267.41918945312,4,3,1,0,1,3733.47045454549,5242.08299999997,4140.38400000007,4356.89560000001,4078.73838667436
"FT2407",786.164492866162,786.164486584499,786.164499147824,463.827459960938,460.617919921875,467.037,2,2,0,0,1,15020.8694282004,14750.2758857143,11196.46925,12546.0522347986,11995.5093610729
"FT2408",787.166123272826,787.165605242408,787.166559977573,510.656625366211,510.547149658203,511.419555664062,4,3,0,1,1,2693.052,2701.32799999999,3406.03033333334,771.606181640623,2533.19549999999
"FT2409",799.208480115677,799.208409792798,799.209740349004,516.907,516.25146484375,517.529357910156,5,3,1,1,1,24381.6925624999,23657.5157142857,23147.2053333331,13697.1242307693,21731.1807058822
"FT2410",800.211090985232,800.210642826115,800.211637576814,516.911743164062,516.88525390625,518.064270019531,5,3,1,1,1,13605.1332666666,13515.9357857143,13660.1593333332,3513.01545454546,12081.0673333334
"FT2411",801.198763602838,801.19873761281,801.198952712187,516.911743164062,516.88525390625,518.064270019531,5,3,1,1,1,39868.9663124998,36919.3853571429,37093.0366249999,10780.8526,35161.3889333335
"FT2412",802.201657724441,802.201522199782,802.202196618196,516.911743164062,516.88525390625,518.064270019531,5,3,1,1,1,16775.2146249999,16384.4975,15855.3053333332,3422.64533333332,14804.6980666667
"FT2413",803.204082049809,803.203455098134,803.204709001483,516.896126953125,516.88525390625,516.907,2,1,0,1,1,4807.44978914385,4431.29830371091,4351.376,1814.6792951882,4053.71815384611
"FT2414",803.543420582349,803.543420582349,803.543420582349,1268.16662597656,1268.16662597656,1268.16662597656,1,0,0,1,1,794.757832845052,977.246744791667,1587.28110758464,NA,3434.03399999996
"FT2415",804.844690961753,804.843286201898,804.846615615687,1639.81604003906,1639.816,1640.35388183594,4,3,0,1,1,5075.59140000014,5558.16360000015,5650.70449999992,4931.8204648437,4924.68479999971
"FT2416",809.86313792606,809.862213009339,809.864062842781,1636.58026513672,1636.042,1637.11853027344,2,2,0,0,1,7404.44118750004,5609.54761474603,10412.46875,1864.53345996092,3881.64316699215
"FT2417",809.862573370973,809.862573370973,809.862573370973,1415.224609375,1415.224609375,1415.224609375,1,0,0,1,1,23605.5506774902,24115.8717447917,24670.0665690104,11389.4991326583,16194.4352
"FT2418",809.861764476452,809.861764476452,809.861764476452,1426.56689453125,1426.56689453125,1426.56689453125,1,0,0,1,1,12748.8137381417,17823.9055013021,19162.7401367188,5578.25450846354,11499.2706874999
"FT2419",809.861237619403,809.861237619403,809.861237619403,1397.59497070312,1397.59497070312,1397.59497070312,1,0,0,1,1,2646.54116586538,34022.5681152344,20830.397254357,12557.3409517728,23042.1991111111
"FT2420",809.862169410277,809.862169410277,809.862169410277,1379.99243164062,1379.99243164062,1379.99243164062,1,0,0,1,1,15933.4553934733,16343.4094238281,18391.1263834635,7603.65488688151,12180.4104615383
"FT2421",815.186154160206,815.186104624016,815.186661574177,516.911743164062,516.88525390625,517.529357910156,5,3,1,1,1,47778.624,46274.734882353,45607.7437499998,18868.555,43650.5091111112
"FT2422",816.18929811942,816.188893161432,816.192409689926,516.911743164062,516.88525390625,517.529357910156,5,3,1,1,1,20997.6186874999,20524.7879333333,20476.6653333331,9841.80599999996,18313.7175
"FT2423",817.191367362984,817.191107179476,817.191855714883,516.909371582031,516.88525390625,517.529357910156,4,3,0,1,1,5664.73600000003,5559.90861538464,5451.38999999996,2896.41518622841,5040.56871428569
"FT2424",819.351629675805,819.350420379399,819.352838972211,1006.67391967773,1006.62652587891,1006.72131347656,2,0,1,1,1,NA,1760.41320037842,2588.88939921061,2809.16133333334,2695.14850000005
"FT2425",821.385770971477,821.384703729173,821.386830016975,623.948120117188,623.250244140625,624.432067871094,5,3,1,1,1,6861.10981818182,6738.37079999997,6801.19999999994,3083.29787499996,8348.5635000001
"FT2426",822.3890768394,822.387572808373,822.389878295708,623.800384521484,623.250244140625,624.409,4,3,0,1,1,3664.74222222224,3314.90466666669,3597.87099999996,1782.32659212239,4365.83340000003
"FT2427",829.176989130693,829.176570863237,829.177754523253,513.486536865234,513.074584960938,513.878112792969,4,3,0,1,1,4007.40709090909,3246.75900000005,3262.44450000003,1252.68828049046,3348.8377142857
"FT2428",830.151089328083,830.150704977673,830.153140114659,516.907,516.25146484375,517.529357910156,5,3,1,1,1,8462.60799999999,8673.78600000003,8808.65999999994,5100.80192307694,8314.92461538452
"FT2429",831.154780461326,831.154710560786,831.155441511435,516.909371582031,516.88525390625,517.529357910156,4,3,0,1,1,5615.24257142853,5895.22821428572,5558.52553846151,2570.14856580527,5381.54330769232
"FT2430",835.325539224182,835.323786676567,835.327291771797,1006.67391967773,1006.62652587891,1006.72131347656,2,0,1,1,1,1824.2219060262,1645.47554779053,2449.11340840658,2719.96166666667,2466.02385714287
"FT2431",838.838867676693,838.837394273463,838.840582098968,1639.81604003906,1639.71008300781,1639.81604003906,5,3,1,1,1,24974.4222916667,25342.0736470587,25896.4970588236,19113.4344545451,21262.7268000002
"FT2432",838.838193269213,838.838018988151,838.838367550273,1294.60076904297,1289.91040039062,1299.29113769531,2,0,0,1,1,41514.9262207031,44314.8923536731,46641.0355638073,42276.3205200195,28588.4371739128
"FT2433",838.837645921042,838.837645921042,838.837645921042,1396.96105957031,1396.96105957031,1396.96105957031,1,0,0,1,1,NA,42006.1480034722,10706.3680555556,10619.9835069444,30198.2953684209
"FT2434",838.838003188523,838.838003188523,838.838003188523,1409.57116699219,1409.57116699219,1409.57116699219,1,0,0,1,1,38314.1665900735,38216.9635416667,38126.3999023438,17799.1010742188,25881.9368823531
"FT2435",838.837999909816,838.837999909816,838.837999909816,1257.34606933594,1257.34606933594,1257.34606933594,1,0,0,1,1,17653.3881494141,25343.0698828125,25465.1387402344,24346.1742138672,26056.7363076924
"FT2436",838.838727179649,838.838727179649,838.838727179649,1383.13134765625,1383.13134765625,1383.13134765625,1,0,0,1,1,63632.0658220564,64390.2817644392,66624.4740077428,36781.9558279855,48553.3999999999
"FT2437",838.838491266871,838.838491266871,838.838491266871,1271.28076171875,1271.28076171875,1271.28076171875,1,0,0,1,1,20377.96485314,25227.3067333984,28427.2936166617,24030.4587777945,26254.0818461539
"FT2438",838.838271403385,838.838271403385,838.838271403385,1240.92041015625,1240.92041015625,1240.92041015625,1,0,0,1,1,13610.0764857701,19507.9029134115,18168.0086730957,12972.4009094238,22021.3253333335
"FT2439",838.838416499719,838.838416499719,838.838416499719,1319.31823730469,1319.31823730469,1319.31823730469,1,0,0,1,1,60674.7888183594,65112.7739432199,73881.3679547991,53707.5588088263,68115.4255813949
"FT2440",838.838655631797,838.838655631797,838.838655631797,1426.56689453125,1426.56689453125,1426.56689453125,1,0,0,1,1,21391.9589468149,25950.344144381,23016.7012845553,10293.0462646484,17474.3180666667
"FT2441",838.838938200137,838.838938200137,838.838938200137,1350.26538085938,1350.26538085938,1350.26538085938,1,0,0,1,1,24224.451171875,14839.4025336372,23233.0955674913,11282.2763400608,17853.0740000003
"FT2442",844.561530173432,844.560947483778,844.562112863086,900.437683105469,900.028686523438,900.8466796875,2,0,1,1,1,2065.93951416016,2259.49265136719,2278.0243347168,3646.23359999999,3819.08290909093
"FT2443",845.377938475788,845.377467741742,845.378839463208,623.948120117188,623.652648925781,624.432067871094,5,3,1,1,1,28441.3382352941,27902.82,28815.5795882352,24691.6012000001,29328.6097222221
"FT2444",846.380018600275,846.378762244523,846.381053270491,623.948120117188,623.652648925781,624.432067871094,5,3,1,1,1,15609.9567647057,15109.636875,14661.6539999999,13924.6350000001,15825.5291666666
"FT2445",846.576713966859,846.576713966859,846.576713966859,900.659301757812,900.659301757812,900.659301757812,1,0,1,0,1,1981.45184326172,1636.21472167969,1883.11157226562,3338.35149999997,2775.14849853516
"FT2446",847.36146635503,847.361316283621,847.362594802663,623.948120117188,623.250244140625,624.432067871094,5,3,1,1,1,38129.7922105266,36299.7694736842,35517.8605714288,32083.2150000002,37090.7292000001
"FT2447",848.364599188256,848.363970630078,848.36542066822,623.948120117188,623.250244140625,624.432067871094,5,3,1,1,1,18238.5486111111,17000.7499444446,17512.265894737,16081.7306250001,18357.436111111
"FT2448",855.206877736601,855.205445143018,855.208061049046,1376.87817382812,1376.59265136719,1378.12292480469,5,3,1,1,1,5024.68649999997,3583.50823529409,4070.4358947369,8005.3990999999,6589.38945454542
"FT2449",856.208112887173,856.208026238384,856.209235191913,1376.87817382812,1376.83203125,1378.12292480469,3,1,1,1,1,3396.14916666663,3248.59619140625,3372.04284667969,6714.33284210527,4957.07955555553
"FT2450",856.525982925187,856.524374725673,856.526977397587,870.35,869.746887207031,870.415649414062,5,3,1,1,1,3630.52700000003,3876.13119999998,3714.70179999998,6046.16249999996,6065.39069999994
"FT2451",857.206028143684,857.205927867743,857.206128419625,1376.85510253906,1376.83203125,1376.87817382812,2,0,1,1,1,3187.92613943,2662.24687596371,2388.12372468647,6272.49622222222,4343.26869999999
"FT2452",857.527469637765,857.527105935717,857.527833339814,870.387359619141,870.359069824219,870.415649414062,2,0,1,1,1,1421.7518157959,1242.55666097005,1766.79234313965,3786.66388888892,3806.02799999996
"FT2453",859.292114691741,859.290576732347,859.294046675394,1007.36041259766,1006.761,1007.45007324219,5,3,1,1,1,4374.07472727274,4717.47845454553,4577.14963636369,5210.04711111113,5637.41018181823
"FT2454",860.295733708927,860.295733708927,860.295733708927,1007.25988769531,1007.25988769531,1007.25988769531,1,0,1,0,1,2274.18644205729,2369.06221516927,654.218017578125,2883.8542,1306.31195068359
"FT2455",861.349261136915,861.348742026686,861.350226639733,624.409,623.652648925781,625.0615234375,5,3,1,1,1,71131.1267368426,66883.2517500004,68074.6388571434,58995.331764706,69565.1975789472
"FT2456",861.293797807769,861.293797807769,861.293797807769,1007.25988769531,1007.25988769531,1007.25988769531,1,0,1,0,1,2898.48664008247,2310.00816514757,2458.01298014323,3351.06799999999,860.410766601563
"FT2457",862.352356293894,862.351759792212,862.353364704564,624.409,623.652648925781,625.0615234375,5,3,1,1,1,36225.8933684213,34013.5008888891,35013.1623157893,30236.2775000002,34715.4972222221
"FT2458",862.572156040118,862.571099525476,862.573212554759,900.437683105469,900.028686523438,900.8466796875,2,0,1,1,1,1647.39617365057,1637.62127546831,1518.23718566895,4412.79999999998,4867.95845454549
"FT2459",863.354459497567,863.353916854413,863.354983577711,623.948120117188,623.652648925781,625.0615234375,5,3,1,1,1,10345.208,9489.71624999998,9870.26533333336,8750.27621428572,10461.9916470588
"FT2460",867.366312922893,867.362604724708,867.366611770799,627.519226074219,626.320739746094,628.205,5,3,1,1,1,10814.672,18207.4935000001,11207.6051428572,21234.2437647059,11953.1981538461
"FT2461",868.369815908046,868.369174382256,868.370266230959,627.519226074219,625.691772460938,628.205,5,3,1,1,1,4846.07091666668,9468.78900000007,4498.65569999994,10524.1456470588,5356.86149999997
"FT2462",869.340650240186,869.340650240186,869.340650240186,625.0615234375,625.0615234375,625.0615234375,1,0,1,0,1,4402.34409877232,3123.36125300481,3167.13448660714,5698.35600000002,5143.1982421875
"FT2463",872.832998183424,872.83186617842,872.834130188429,1640.08494091797,1639.816,1640.35388183594,2,2,0,0,1,4329.16220000012,4526.82099737548,4539.30920000019,4452.5255333496,3771.02315874023
"FT2464",873.281631397171,873.2807951311,873.282035582063,559.755,559.130004882812,559.873474121094,5,3,1,1,1,41101.9771764704,42440.9487894735,43026.5186842107,23110.7355000001,42708.327105263
"FT2465",874.284562545543,874.284398175546,874.285130217484,559.755,559.130004882812,559.873474121094,5,3,1,1,1,19265.3684999998,20037.2176666666,19642.6094736843,10214.5956,19843.5188888888
"FT2466",875.287205437272,875.286103045667,875.28787204685,559.750485839844,559.134460449219,559.755004882812,4,3,0,1,1,5634.22352941174,5954.21178571424,5470.32749999997,3138.51304060362,5565.04285714284
"FT2467",876.314902782782,876.314115149326,876.31594649801,623.948120117188,623.652648925781,625.0615234375,5,3,1,1,1,11089.9930555556,11003.5515333333,10600.718,11292.6938571429,12584.0027777777
"FT2468",877.321013349673,877.320399201905,877.322093268111,623.948120117188,623.250244140625,624.432067871094,5,3,1,1,1,35152.9361052634,33966.1636111114,34751.0130555556,31315.7806250002,36195.6694444443
"FT2469",878.324193906378,878.322775889427,878.324674686107,623.948120117188,623.250244140625,624.432067871094,5,3,1,1,1,16181.3379411763,15556.7811764707,16980.1764999999,14249.0770000001,17319.0305555555
"FT2470",879.324948648304,879.324648867289,879.326613810049,623.882141113281,623.652648925781,624.432067871094,5,3,1,1,1,7017.11705882346,6869.51579999999,6877.23049999996,6378.12428571432,7496.38213333332
"FT2471",892.254664114308,892.253980259829,892.254890738483,562.239440917969,561.105346679688,562.931,5,3,1,1,1,14681.0285217391,14059.3880952381,13339.0399999999,12553.0655555556,14691.8726315789
"FT2472",892.756163685283,892.755877888567,892.756503681255,562.324951171875,561.105346679688,562.931,5,3,1,1,1,13001.1805714285,12963.4093181818,12625.0097142857,11611.94,13375.9742105263
"FT2473",893.257716408248,893.256976404104,893.258243091959,562.239440917969,560.484313964844,562.324951171875,5,3,1,1,1,6975.95684210524,7225,6553.74719999997,6603.04333333334,7340.1357
"FT2474",895.262484893148,895.261857028703,895.263280031034,561.037963867188,560.484313964844,561.656,5,3,1,1,1,32716.94132,32158.5667199998,32797.7517692308,26744.1608421052,33009.8882307691
"FT2475",896.265804237111,896.264863760658,896.266199334127,561.61083984375,560.484313964844,562.239440917969,5,3,1,1,1,13959.6003461538,14167.9755,14398.877,13025.3888000001,14823.8053478261
"FT2476",897.240619390015,897.238983290604,897.240740199806,564.201965332031,562.341674804688,564.834,5,3,1,1,1,11092.6098461538,7924.62457142861,8398.64000000003,10927.2274782609,12047.6271923077
"FT2477",906.826421916638,906.824791458518,906.828329677538,1639.81604003906,1639.71008300781,1639.81604003906,5,3,1,1,1,18336.18056,17485.2633999999,17072.4342857145,13826.0544,15054.8216000002
"FT2478",906.825365568357,906.825365568357,906.825365568357,1327.32104492188,1327.32104492188,1327.32104492188,1,0,0,1,1,6981.75602722168,20783.7052360983,12188.3173684513,7802.609375,21179.4199999999
"FT2479",906.825797796548,906.825797796548,906.825797796548,1274.42150878906,1274.42150878906,1274.42150878906,1,0,0,1,1,23069.9011230469,21166.59375,22969.3857421875,19712.6874023437,21593.7465
"FT2480",906.825249461023,906.825249461023,906.825249461023,1254.23010253906,1254.23010253906,1254.23010253906,1,0,0,1,1,17385.3388671875,22412.4421218346,19733.7943241514,19842.9002222522,20645.8038000001
"FT2481",906.824875730419,906.824875730419,906.824875730419,1298.03002929688,1298.03002929688,1298.03002929688,1,0,0,1,1,46334.5649386936,46836.6119135076,45932.3959852431,44432.9983072917,44798.4934782608
"FT2482",906.825578920673,906.825578920673,906.825578920673,1346.49353027344,1346.49353027344,1346.49353027344,1,0,0,1,1,24130.8554484049,42483.7861653646,41806.5722908809,24652.2024666922,36108.3730666667
"FT2483",907.578681393421,907.578178987308,907.579982727412,999.828002929688,997.662963867188,999.911,5,3,1,1,1,13194.21,14318.7946153846,13045.0953333334,6148.962,12901.8615384614
"FT2484",907.578617326597,907.577389043453,907.579606629186,977.386054931641,977.099731445312,977.780334472656,4,2,1,1,1,8225.96308333337,8678.59933527165,8647.22633333333,8562.93554545451,8734.05225000006
"FT2485",908.582058533313,908.581303645259,908.583521668147,999.852081298828,998.555480957031,999.911,4,3,0,1,1,6002.93672727273,5922.21500000008,5938.66546153848,4000.25082319778,5525.51999999994
"FT2486",908.581340995009,908.579904690929,908.581867305909,977.760375976562,977.175109863281,977.780334472656,3,1,1,1,1,3477.14508611506,3782.16690909092,3999.77534068715,4157.39760000005,4030.97200000004
"FT2487",913.34570289466,913.345122450893,913.346559403466,737.661,737.570617675781,737.741394042969,5,3,1,1,1,4037.68049999995,4086.05222222226,4488.18133333328,3414.85928571426,3566.37312499997
"FT2488",916.781936591346,916.781936591346,916.781936591346,1641.05822753906,1641.05822753906,1641.05822753906,1,0,0,1,1,2115.3779296875,NA,1186.845703125,977.40234375,2915.73214285715
"FT2489",927.199540160328,927.199295572974,927.200761351609,564.087890625,561.727478027344,564.203,5,3,1,1,1,8556.64259999999,11938.7277777778,9420.34761904765,10922.4715789473,13146.4510434782
"FT2490",929.224881777567,929.224481131332,929.225282423803,1421.08624267578,1420.90930175781,1421.26318359375,2,0,1,1,1,1737.90087890625,2442.55993652344,2954.82934570312,6811.04752941183,5590.73415000002
"FT2491",929.560028914165,929.558395383317,929.560838457656,977.743835449219,977.175109863281,977.780334472656,5,3,1,1,1,6274.25458333336,6764.6818461539,6898.69636363637,7507.85280000008,6227.14800000003
"FT2492",929.560291248039,929.559692251042,929.561940497413,999.27,998.933227539062,999.876159667969,5,3,1,1,1,8977.11826666663,9047.73914285715,9134.20426666667,6126.31281818183,8466.01249999991
"FT2493",930.226981049573,930.225095195397,930.227452946729,1421.26318359375,1420.90930175781,1422.43054199219,3,1,1,1,1,3285.57892307687,2079.47729492188,2448.66931152344,6294.29277777776,4187.58724999997
"FT2494",930.562643078188,930.561876503585,930.564771993623,999.549001464844,999.172424316406,999.876159667969,4,3,0,1,1,3843.243,3962.97291666661,4028.94745454544,3062.90679844159,4512.99423076918
"FT2495",931.224815666057,931.2241550336,931.225476298515,1421.08624267578,1420.90930175781,1421.26318359375,2,0,1,1,1,2770.27402630974,2354.30961227417,2429.79991149902,5720.10910526317,4187.74564285708
"FT2496",933.594623632605,933.593437475745,933.595527271008,999.869501464844,999.172424316406,1000.50921630859,4,3,0,1,1,5851.03527272725,5679.26099999999,5991.71850000004,6377.66554406742,4183.52999999996
"FT2497",935.210507465382,935.210139449451,935.210875481313,513.476348876953,513.074584960938,513.878112792969,2,2,0,0,1,3076.54666666668,3327.5748,3037.85160488553,88.4811147054037,2326.40589396159
"FT2498",935.712272435244,935.712248919462,935.712295951026,513.161651611328,512.445190429688,513.878112792969,2,2,0,0,1,3188.57777777776,2724.25999999997,2251.73840141296,211.878131866455,391.050243377686
"FT2499",938.328815711466,938.32854363276,938.329641700852,916.149169921875,915.488708496094,916.598,3,3,0,0,1,3318.48533333335,3234.57599999995,2843.60271428567,83.4337660522457,3064.11257031249
"FT2500",938.830179500936,938.828980935714,938.831800518523,916.132354736328,915.967,916.978820800781,4,3,0,1,1,4070.96200000002,3520.98,3501.89642857138,325.577392578125,3423.27300000005
"FT2501",939.595315896562,939.594233407198,939.596607816164,1290.23541259766,1289.89196777344,1290.53869628906,4,2,1,1,1,3363.53722222214,3361.94181818181,3842.9830078125,3813.64580000009,4580.0826923077
"FT2502",940.5996850081,940.5996850081,940.5996850081,1290.16516113281,1290.16516113281,1290.16516113281,1,0,1,0,1,2152.00583065257,2439.24951889936,1746.01706112132,2719.77566666665,2224.31428797105
"FT2503",943.354466436757,943.353101176465,943.354873278273,750.955,750.811218261719,750.9580078125,5,3,1,1,1,27609.6784000002,27999.7921874999,28173.2624999999,17280.144,26027.94325
"FT2504",944.357310053226,944.355910544845,944.357702352006,750.955,750.811218261719,750.9580078125,5,3,1,1,1,20547.9068235295,20562.1408125,19792.8107999999,12475.2407142858,19250.7193999999
"FT2505",945.34470743548,945.343389202434,945.344902327701,750.955,750.811218261719,750.9580078125,5,3,1,1,1,73551.2160000003,74688.8345882354,71841.7682352942,45132.8760714287,69536.6329411764
"FT2506",946.347442187271,946.346093014801,946.347661695091,750.955,750.811218261719,750.9580078125,5,3,1,1,1,43541.6694375003,43828.2525624999,43593.0301111111,27476.9925000001,40670.157875
"FT2507",947.349831198052,947.348579133569,947.350487027104,750.955,750.811218261719,750.9580078125,5,3,1,1,1,14493.5861428572,13850.2649999999,14381.8673999999,8276.67200000001,13135.8888
"FT2508",951.542253269676,951.541709951607,951.542739437696,999.549001464844,999.172424316406,999.876159667969,4,3,0,1,1,4409.428,4191.49784615388,4261.75753846156,3758.48581069944,4232.87099999998
"FT2509",951.541458586185,951.540754148303,951.542163024067,977.477722167969,977.175109863281,977.780334472656,2,0,1,1,1,2710.60120738636,3262.83877840909,2933.32297585227,3535.11600000004,3573.62461538462
"FT2510",955.576050326901,955.575035274211,955.576746213589,1000.4856262207,1000.23510742188,1000.533,4,3,1,0,1,4633.26184615386,4326.931,4275.25033333332,3136.43472727269,3705.92016723634
"FT2511",955.590655679091,955.590083332666,955.591228025516,1272.18463134766,1271.84460449219,1272.52465820312,2,0,1,1,1,2658.10537338257,2635.66459437779,1761.55215454102,2771.05437499996,3325.95166666667
"FT2512",959.332069983617,959.330774586297,959.332364770429,750.955,750.811218261719,751.594299316406,5,3,1,1,1,74468.7369411768,74581.7141666666,72365.0135294119,47383.9285714287,68758.4376470588
"FT2513",959.609473731705,959.608910162648,959.610093046476,1021.94311523438,1021.61743164062,1022.209,5,3,1,1,1,11765.8271428571,12071.3558333332,12895.4241428572,14789.5090666667,14270.4935714286
"FT2514",960.33515295064,960.334150397528,960.335752152452,750.955,750.811218261719,750.9580078125,5,3,1,1,1,44894.2568750003,45179.9232499999,45038.2282352942,28724.7692857144,42207.1703529411
"FT2515",960.613458057608,960.612481074523,960.614024188922,1021.94311523438,1021.61743164062,1022.209,5,3,1,1,1,6283.35999999996,6107.52925000005,5915.58836363631,7150.21263636365,7373.141
"FT2516",961.337752426094,961.336773372828,961.338289401108,750.955,750.811218261719,750.9580078125,5,3,1,1,1,15035.9498666668,14647.6439999999,14426.0280666666,9700.56800000001,14051.9499999999
"FT2517",965.34816162677,965.346913757698,965.348783801233,750.955,750.811218261719,750.9580078125,5,3,1,1,1,7482.86933333338,7579.8471428571,7428.12971428571,5144.03166666672,7692.35261538461
"FT2518",966.349604839354,966.349604839354,966.349604839354,750.9580078125,750.9580078125,750.9580078125,1,0,0,1,1,3538.83368474787,3234.43273925781,3990.48455810547,2525.87161254883,4511.46324999999
"FT2519",974.295985865347,974.294527970989,974.296654505368,750.955,750.811218261719,751.594299316406,5,3,1,1,1,10546.7144285715,10157.3368,10169.5706666666,7849.44000000001,10726.4796
"FT2520",974.813943667769,974.812767049669,974.815890162608,1639.81604003906,1639.816,1640.35388183594,5,3,1,1,1,11429.1965714284,12939.4864666666,13134.1542857144,10255.1819999996,11510.7885714285
"FT2521",975.299124724336,975.297999281524,975.300000541037,750.955,750.811218261719,751.594299316406,5,3,1,1,1,6900.11061538471,7199.47599999997,6591.58961538464,4814.57875000002,6690.86249999999
"FT2522",981.591544835242,981.590644691119,981.592040390096,1021.94311523438,1021.24255371094,1022.209,5,3,1,1,1,9494.39215384615,9825.95033333325,9477.5650666667,10745.0134615385,10425.3175
"FT2523",982.594547222523,982.593719307137,982.595711780343,1021.94311523438,1021.61743164062,1022.209,5,3,1,1,1,4230.74419999994,4737.58430769228,4698.60000000001,5119.8978461539,5358.78800000003
"FT2524",989.307098289876,989.30625547619,989.307941103561,750.949210205078,750.943420410156,750.955,2,2,0,0,1,3256.79190460205,4255.57350000002,4445.57884615386,1489.98732330322,4111.49489335493
"FT2525",991.556018106343,991.553948532431,991.55622585195,1076.58874511719,1075.97570800781,1077.14245605469,5,3,1,1,1,30138.5279999998,29555.3518333328,28859.6866923079,11636.324666667,23852.1028571425
"FT2526",992.559080473711,992.557086740643,992.559510008376,1076.58874511719,1075.97570800781,1077.14245605469,5,3,1,1,1,18613.7370909089,18876.9567272726,19072.6059999999,7469.52400000019,15015.1085454544
"FT2527",993.561264321687,993.559115505146,993.56249167432,1076.28234863281,1075.97570800781,1076.61,4,3,0,1,1,5651.28960000004,5761.80569999999,5517.938,2667.73741243482,5062.51466666667
"FT2528",1003.5731687129,1003.57245865435,1003.57413253041,1021.85754394531,1021.31072998047,1022.209,5,3,1,1,1,5578.87533333335,5295.47591666671,5038.01225000001,5905.55000000002,5959.40723076927
"FT2529",1007.52953756721,1007.52795278182,1007.53031320437,1076.58874511719,1075.97570800781,1077.14245605469,5,3,1,1,1,16417.4289230768,15817.9179999997,15800.2561666664,7503.0330000001,13502.8888333333
"FT2530",1008.53282363343,1008.53060597218,1008.53329456325,1076.58874511719,1075.97570800781,1077.14245605469,5,3,1,1,1,9827.42640000008,9652.94672727265,9171.03600000002,4294.16466666677,8168.37449999989
"FT2531",1009.53311350484,1009.53173132382,1009.53354726215,1076.28234863281,1075.97570800781,1076.61,4,3,0,1,1,4299.63111111127,3972.09199999997,4301.71499999998,2616.36242299809,3607.04618181817
"FT2532",1011.18024528706,1011.17987569518,1011.18096879577,86.08,86.0728454589844,86.0800018310547,3,2,0,1,1,3041.7954,2869.23845243454,2966.44249999999,2928.92167917887,3771.5975
"FT2533",1011.61656949452,1011.61614402081,1011.61952931419,1279.8134765625,1279.45520019531,1280.64514160156,5,3,1,1,1,3425.16085714283,4088.96249999993,3648.34837499994,3589.13311111109,3999.67122222221
"FT2534",1031.29333346208,1031.29301673244,1031.29365019173,751.276153564453,750.9580078125,751.594299316406,2,0,1,1,1,4733.2957572937,5165.43887710571,4990.62369918823,4320.29700000007,5320.61071428568
"FT2535",1031.64932889523,1031.64800825718,1031.65079565357,1009.24,1009.23999023438,1009.96087646484,5,3,1,1,1,9647.88381818185,9571.56709090908,9884.43927272732,9265.40580000006,9111.32772727269
"FT2536",1032.65336205548,1032.6507431006,1032.65379208367,1009.23999023438,1009.1611328125,1009.96087646484,5,3,1,1,1,5841.52299999997,5731.46933333325,5525.42666666672,5198.66640000003,5418.16622222218
"FT2537",1035.33424045001,1035.33362893485,1035.33465623666,559.444730224609,559.130004882812,559.755004882812,4,3,0,1,1,6738.84184615382,6841.67007692304,7274.87200000002,3203.12736914063,7019.3069230769
"FT2538",1036.33814653245,1036.3372479064,1036.33904515851,559.444730224609,559.134460449219,559.755,2,2,0,0,1,3941.50468821022,3419.77309090911,3682.48499999997,1852.50038778409,3284.47364559658
"FT2539",1041.24953782008,1041.24953782008,1041.24953782008,751.594299316406,751.594299316406,751.594299316406,1,0,1,0,1,3217.15707674893,4438.42805064808,3947.92994995117,4446.07416666669,4572.21897194602
"FT2540",1042.80118002438,1042.8001621652,1042.80398915792,1639.81604003906,1639.816,1640.35388183594,5,3,1,1,1,8904.63190909083,9194.47353846161,9591.8548333334,8194.51199999962,8232.30683333291
"FT2541",1053.63387279618,1053.63387279618,1053.63387279618,1009.80255126953,1009.80255126953,1009.80255126953,1,0,1,0,1,2734.20849609375,1672.44362967355,1567.96144866943,2991.16650000002,1007.83857945033
"FT2542",1064.50972718692,1064.50832019105,1064.51016604045,918.265700439453,918.027770996094,918.910461425781,4,3,0,1,1,4759.59633333336,5553.49107692308,6075.73869230767,584.171973266599,6055.07200000007
"FT2543",1065.51315884371,1065.51158021893,1065.51473746848,918.255385498047,918.027770996094,918.483,2,2,0,0,1,1814.16153986275,2837.40280000001,3195.95444444448,629.749944919167,3879.79802960886
"FT2544",1086.49098534914,1086.49069837006,1086.4924652164,918.571028808594,918.048400878906,918.910461425781,4,3,0,1,1,3351.95558333331,4285.40509090905,4155.79169999997,348.801987437856,4174.85963636368
"FT2545",1087.71196653634,1087.710183702,1087.71378602238,1093.73070458984,1093.44067382812,1093.9814453125,4,2,1,1,1,3320.01818181814,3447.09193524166,2784.60228571422,2857.09828571442,3312.32200000013
"FT2546",1110.32287324533,1110.32187118373,1110.32326226057,561.615539550781,560.484313964844,561.681945800781,4,2,1,1,1,7920.24726315783,7071.07933333331,7334.7348650764,7240.73380000002,8374.03222222219
"FT2547",1110.78890507242,1110.78727094136,1110.79134994695,1639.81604003906,1639.816,1640.35388183594,5,3,1,1,1,5846.27625000006,7883.772,7417.8394,6160.82366666645,6415.80916666634
"FT2548",1110.82477458826,1110.82403790635,1110.82592323805,561.61083984375,560.484313964844,561.681945800781,5,3,1,1,1,9231.21094736835,8444.66111111108,8628.69078947372,9279.70862500002,9098.35263157891
"FT2549",1111.32543010136,1111.32537843286,1111.32548176986,561.083129882812,560.484313964844,561.681945800781,2,0,1,1,1,5152.5262336731,5605.44333934784,5211.60237789154,5916.89360000001,6487.19444444442
"FT2550",1119.50329206325,1119.50310962229,1119.50621125824,623.948120117188,623.652648925781,624.432067871094,5,3,1,1,1,8833.4949999999,8312.09379999999,8366.55359999996,7045.85153846156,8547.19171428565
"FT2551",1120.50606923028,1120.50559456853,1120.50785835732,623.948120117188,623.250244140625,624.432067871094,5,3,1,1,1,7097.82899999997,6990.5691428571,6770.83500000002,5302.85,7435.33253333332
"FT2552",1121.49303002987,1121.49252882512,1121.49499795795,623.948120117188,623.250244140625,624.432067871094,5,3,1,1,1,37451.5899999996,34612.3902666666,35664.1827499998,31308.4506000001,37855.3736249999
"FT2553",1122.49574575146,1122.49495773469,1122.49727607306,623.948120117188,623.250244140625,624.432067871094,5,3,1,1,1,23385.4224999997,22145.9977142856,22770.1652499999,19729.0210769231,23807.7365
"FT2554",1123.49819461507,1123.49780670012,1123.49968517961,623.772,623.250244140625,624.432067871094,5,3,1,1,1,8237.60053333329,7752.08685714281,7737.04224999996,6849.40183333336,8476.35539999999
"FT2555",1135.48094462675,1135.48057135651,1135.48305815198,624.409,623.652648925781,624.5849609375,5,3,1,1,1,45306.1911764706,41616.6814375002,43084.7874117645,36737.1864000001,43832.257882353
"FT2556",1136.48389659992,1136.48359631742,1136.48568177168,623.948120117188,623.652648925781,624.432067871094,5,3,1,1,1,29105.0447058821,28577.8371764707,28693.0971176469,24976.2634285716,29718.2669374999
"FT2557",1137.48727871407,1137.48558925877,1137.48819784799,623.948120117188,623.652648925781,624.432067871094,5,3,1,1,1,9957.46253333328,9602.28679999999,10914.1129999999,8546.87166666666,10468.5915
"FT2558",1150.44605343732,1150.44563771096,1150.44714110624,623.800384521484,623.250244140625,624.432067871094,4,2,1,1,1,5846.26386666664,6060.12799999996,5075.32667541504,5774.69045454546,6509.41359999999
"FT2559",1151.45181030245,1151.4509671575,1151.45440937163,623.772,623.250244140625,624.432067871094,5,3,1,1,1,9479.17499999996,9573.84159999999,8996.59428571432,8936.41938461541,9783.84912499998
"FT2560",1152.45535559079,1152.45535559079,1152.45535559079,624.432067871094,624.432067871094,624.432067871094,1,0,1,0,1,4100.2368330522,4468.44957275391,4679.37023370916,4494.08400000002,5150.69359796697
"FT2561",1178.77682769501,1178.77535920539,1178.77944840791,1639.81604003906,1639.816,1640.35388183594,4,3,0,1,1,4583.75666666674,5559.38793333331,5560.96071428566,4323.37622526053,4548.33599999973
"FT2562",1194.34946656458,1194.34818398743,1194.34960775172,330.37,330.105712890625,331.198577880859,3,2,0,1,1,5743.08337699751,6180.32019047618,5632.11645454545,4939.72392543247,6132.71652173913
"FT2563",1225.47284159792,1225.46728922827,1225.47313679594,916.598,916.104919433594,916.978820800781,5,3,1,1,1,28080.133846154,28746.5006666668,28552.6935384613,5700.463,26419.7800000001
"FT2564",1226.47615363346,1226.47007858954,1226.47648874217,916.149169921875,916.104919433594,916.978820800781,5,3,1,1,1,20047.9808,20650.5837142859,20239.0746666666,4239.407,19039.982769231
"FT2565",1227.47870412393,1227.47665071446,1227.47929197818,916.692280029297,916.115539550781,916.978820800781,4,3,0,1,1,7220.98500000003,7316.45409090909,7432.52420000002,331.731759389242,7165.7750000001
"FT2566",1241.38318438017,1241.3811119752,1241.3843492996,750.955,750.811218261719,750.9580078125,5,3,1,1,1,5636.89400000005,6036.74250000002,5442.60363636367,3290.530625,6697.77324999999
"FT2567",1242.38547717857,1242.38423314666,1242.38717335032,750.955,750.171081542969,750.9580078125,3,2,0,1,1,4040.84100000002,4185.35063122555,4061.3798333333,2105.74059472655,4823.3192727273
"FT2568",1243.29636003913,1243.29593271962,1243.29670384439,512.536189453125,512.445190429688,513.26171875,4,3,0,1,1,8132.81241666669,7962.36218181823,7553.52560000007,1462.14319893577,7401.18127272725
"FT2569",1244.29919104186,1244.29851467791,1244.29968934571,512.536189453125,512.445190429688,513.26171875,4,3,0,1,1,4579.72530000001,4959.11563636366,4878.68740000005,873.414172085852,4492.22759999999
"FT2570",1247.45452262333,1247.44867266135,1247.45521132385,916.149169921875,916.104919433594,916.978820800781,5,3,1,1,1,19886.100125,20265.0326153847,20423.9880000001,4868.1300000001,19214.0550000002
"FT2571",1248.45795966861,1248.45250224259,1248.45885151061,916.149169921875,916.104919433594,916.978820800781,5,3,1,1,1,13777.358,14310.6327692308,13864.6475,3225.08628571434,13576.5385000002
"FT2572",1249.45987826157,1249.45788714018,1249.460519846,916.373584960937,916.115539550781,916.978820800781,4,3,0,1,1,5278.71866666669,5564.03580000002,5521.89408333333,411.386359822592,4789.77840000007
"FT2573",1270.33828726874,1270.33480090906,1270.3388565634,750.955,750.811218261719,751.594299316406,5,3,1,1,1,6829.98230769232,6301.96950000002,6565.25978571428,6514.28181818192,8217.50999999999
"FT2574",1271.33946326971,1271.33730836803,1271.34121526504,750.955008544922,750.943420410156,750.9580078125,4,2,1,1,1,4478.72374371338,5247.70799999999,5215.22423076926,5302.69740000008,5688.80374999999
"FT2575",1307.39047468777,1307.39019751515,1307.39075186038,84.1100463867188,84.0180816650391,84.2020111083984,2,0,1,1,1,3217.22768624624,3019.23493107882,3443.04578177134,3735.8755,4049.301
"FT2576",1309.42027836483,1309.41722433044,1309.42133808697,559.444730224609,559.130004882812,559.755004882812,4,3,0,1,1,6037.22999999995,5609.84233333327,5861.06092307693,1826.4386168119,6450.31200000002
"FT2577",1310.42260932996,1310.42198934585,1310.42520202559,559.132232666016,559.112060546875,559.755,4,3,0,1,1,3725.9716,3953.73999999996,4077.72553846154,434.625990193686,4309.23166666666
"FT2578",1333.37752572696,1333.3751277409,1333.38013152395,562.857238769531,561.105346679688,562.931,5,3,1,1,1,8809.0821,8446.48127272727,8063.65772727275,8394.14794117647,10050.8090476191
"FT2579",1334.37770220265,1334.37770220265,1334.37770220265,562.324951171875,562.324951171875,562.324951171875,1,0,0,1,1,1835.91282823351,1095.98240831163,1395.11667209201,5752.70790728401,6735.89666666664
