feature_name,mz,rt,metabolite_annotation,adducts_anno,neutral_loss_annotation,ISF_anno,iso_anno,group,cor_group,check_group,user_anno
FT0001,219.0225,61.8,NA,NA,NA,,,NA,NA,,
FT0002,84.9597,62.1,NA,NA,FT0006-HCOOH(H2+CO2 or H2O+CO),,,group1,corgroup214,+,
FT0003,164.9698,62.1,NA,NA,NA,,,NA,NA,,
FT0005,81.5207,62.3,NA,NA,NA,,,NA,NA,,
FT0007,110.0087,62.3,NA,NA,FT0010-H2O,,,group2,corgroup214,+,
FT0008,114.9876,62.3,NA,NA,NA,,,NA,NA,,
FT0004,125.9862,62.3,NA,NA,NA,,,NA,corgroup214,,
FT0006,130.9653,62.3,NA,NA,NA,,,group1,NA,,
FT0011,73.5319,62.5,NA,NA,NA,,,NA,NA,,
FT0012,111.0099,62.5,NA,NA,NA,,,NA,corgroup214,,
FT0009,112.0063,62.5,NA,NA,NA,,,NA,corgroup214,,
FT0010,128.0192,62.5,NA,NA,NA,,,group2,NA,,
FT0014,149.9527,62.5,NA,NA,NA,,,NA,corgroup275,,
FT0013,151.0351,62.5,NA,NA,NA,,,NA,corgroup214,,
FT0015,153.9483,62.5,NA,NA,NA,,,NA,corgroup275,,
FT0016,151.9497,62.8,NA,NA,NA,,,NA,corgroup275,,
FT0017,362.9261,65.6,NA,NA,NA,,,NA,corgroup319,,
FT0018,430.9136,65.6,NA,NA,NA,Precursor,,group3,corgroup305,,
FT0019,378.9,65.7,NA,NA,NA,,,NA,corgroup305,,
FT0021,90.9767,65.8,NA,NA,NA,FT0020_MS2 match,,group3,corgroup319,+,
FT0020,226.9515,65.8,NA,NA,NA,Precursor; FT0018_MS2 match,,group3,corgroup319,+,
FT0022,242.9255,65.8,NA,NA,NA,,,NA,corgroup319,,
FT0024,106.9505,66.1,NA,NA,NA,,,NA,corgroup319,,
FT0023,174.938,66.1,NA,NA,NA,,,NA,corgroup319,,
FT0025,659.9853,66.1,NA,NA,NA,,,NA,NA,,
FT0026,122.9244,66.3,NA,NA,NA,,,NA,corgroup319,,
FT0027,158.9429,67.2,NA,NA,NA,,,NA,NA,,
FT0028,80.9479,67.6,NA,NA,FT0039-C6H13NO5,,,group4,NA,,
FT0029,96.9218,67.6,NA,NA,NA,,,NA,corgroup319,,
FT0030,112.8957,67.6,NA,NA,NA,,,NA,corgroup319,,
FT0031,114.893,67.6,NA,NA,NA,,,NA,corgroup319,,
FT0034,156.0767,67.9,NA,NA,NA,,,group6,corgroup181,+,
FT0032,180.9039,67.9,NA,NA,FT0041-H3PO4,,,group5,corgroup319,+,
FT0033,196.8778,67.9,NA,NA,NA,,,NA,corgroup319,,
FT0036,222.8884,68.1,NA,NA,NA,,,NA,corgroup117,,
FT0035,238.8626,68.1,NA,NA,NA,,,NA,corgroup181,,
FT0037,142.9481,68.6,NA,NA,NA,,,NA,corgroup181,,
FT0038,174.8958,68.6,NA,NA,FT0041-NO+NO2+CO,,,group5,NA,,
FT0039,260.0271,68.9,NA,NA,NA,,,group4,corgroup181,+,
FT0040,262.9068,69.4,NA,NA,NA,,,NA,corgroup181,,
FT0041,278.8806,69.4,NA,NA,NA,,,group5,corgroup117,+,
FT0042,207.9982,69.6,NA,NA,NA,,,NA,corgroup181,,
FT0043,238.045,69.6,NA,NA,NA,,,NA,corgroup181,,
FT0044,120.9661,69.7,NA,NA,NA,,,NA,corgroup142,,
FT0045,106.0863,69.9,NA,NA,FT0034-CH3Cl,,,group6,corgroup174,+,
FT0047,192.0243,69.9,NA,NA,NA,,,NA,corgroup181,,
FT0046,195.0028,69.9,NA,NA,NA,,,NA,NA,,
FT0048,186.0162,70.1,NA,NA,NA,,,NA,corgroup51,,
FT0050,134.0448,70.4,NA,NA,FT0067-Anhydro-aminodeoxyhexose,,,group7,NA,,
FT0049,150.1124,70.4,NA,NA,NA,,,NA,corgroup174,,
FT0051,170.0424,70.7,NA,NA,NA,,,NA,NA,,
FT0052,269.0397,70.7,NA,NA,NA,,,NA,NA,,
FT0053,173.0211,70.9,NA,NA,FT0075-NO+NO2+CO,,,group8,NA,,
FT0055,203.0529,70.9,NA,NA,FT0069-C2H2O2; FT0079-Anhydrohexose,,,group10,NA,,
FT0054,216.0631,70.9,NA,NA,FT0072-trimethylamine,,,group9,NA,,
FT0056,98.9841,71.1,NA,NA,NA,,,NA,corgroup142,,
FT0059,87.0441,71.4,NA,NA,FT0063-HNCO; FT0065-NH3; FT0066-CO2+NH3,,,group12,corgroup28,,
FT0058,247.0578,71.4,NA,NA,NA,,,group11,NA,,
FT0057,399.1443,71.4,NA,NA,NA,,,NA,NA,,
FT0060,131.0532,71.6,NA,NA,NA,,[15][M+1]+,group12,NA,,
FT0061,84.0444,71.7,NA,NA,FT0062-H2O; FT0063-HCOOH(H2+CO2 or H2O+CO),,,group12,NA,,
FT0062,102.055,71.7,NA,NA,FT0063-CO; FT0066-HCOOH(H2+CO2 or H2O+CO); FT0070-Methyl isocyanate,,,group12,corgroup51,,
FT0065,104.0706,71.7,NA,NA,FT0066-CO2; FT0070-HCN+CO; FT0073-CH3COOH,,,group12,NA,,
FT0063,130.0499,71.7,NA,NA,FT0066-H2O,,[15][M]+,group12,NA,,
FT0066,148.0604,71.7,NA,NA,NA,,[23][M]+,group12,corgroup142,+,
FT0064,149.0637,71.7,NA,NA,NA,,[23][M+1]+,group12,corgroup92,,
FT0067,295.1135,71.9,NA,NA,NA,,,group7,corgroup27,+,
FT0068,391.1823,72.1,NA,NA,NA,,,group12,corgroup107,,
FT0069,261.0581,72.2,NA,NA,NA,,,group10,NA,,
FT0070,159.0764,72.4,NA,NA,FT0071-NH3; FT0078-Anhydro-aminodeoxyhexose,,,group12,corgroup79,,
FT0071,176.103,72.4,NA,NA,NA,,,group12,corgroup142,+,
FT0072,275.135,72.4,NA,NA,NA,,,group9,corgroup107,+,
FT0073,164.0917,72.5,NA,NA,NA,,,group12,NA,,
FT0074,112.9998,72.7,NA,NA,FT0053-CH3COOH,,,group8,NA,,
FT0077,196.0949,72.7,NA,NA,NA,,,NA,NA,,
FT0076,209.0186,72.7,NA,NA,NA,,,NA,corgroup28,,
FT0075,277.0084,72.7,NA,NA,NA,,,group8,NA,,
FT0078,320.1451,72.7,NA,NA,FT0068-dehydroalanine,,,group12,NA,,
FT0079,365.1053,72.7,NA,NA,NA,,,group10,corgroup92,+,
FT0080,187.0366,72.9,p-Coumaric Acid [M+Na]+,[M+Na]+ 164.0473,FT0058-CH3COOH,,,group11,corgroup92,+,
FT0081,115.0367,73.7,NA,NA,FT0083-Pyroglutamic acid,,,group13,NA,,
FT0082,161.0921,74.5,NA,NA,FT0087-CO2,,,group14,corgroup27,,
FT0083,244.0791,74.5,NA,NA,NA,,,group13,corgroup27,+,
FT0084,222.0971,74.6,NA,NA,NA,,,group15,corgroup247,+,
FT0085,427.0949,74.6,NA,NA,NA,,,NA,NA,,
FT0086,214.0513,74.9,NA,NA,NA,,,NA,NA,,
FT0087,205.082,75,NA,NA,NA,,,group14,corgroup112,+,
FT0090,116.0706,75.2,NA,NA,FT0082-NH3+CO or HCN+H2O,,[6][M]+,group14,corgroup112,+,
FT0089,117.0739,75.2,NA,NA,NA,,[6][M+1]+,group14,corgroup112,+,
FT0088,204.0866,75.2,NA,NA,FT0084-H2O,,,group15,NA,,
FT0091,405.0093,75.3,NA,NA,FT0092-Anhydro-N-acetylglucosamine,,,group16,corgroup79,+,
FT0092,608.0885,76,NA,NA,NA,,,group16,NA,,
FT0093,88.0216,76.4,NA,NA,FT0094-HCOOH(H2+CO2 or H2O+CO),,,group17,NA,,
FT0094,134.027,76.5,NA,NA,NA,,,group17,NA,,
FT0095,403.1933,76.5,NA,NA,NA,,,NA,corgroup433,,
FT0096,346.0409,76.9,NA,NA,NA,,,NA,corgroup10,,
FT0097,620.0997,77,NA,NA,NA,,,NA,corgroup247,,
FT0098,324.0591,77.2,NA,NA,NA,,,NA,NA,,
FT0099,233.1131,77.3,NA,NA,FT0105-CO2,,,group18,NA,,
FT0100,533.1042,77.4,NA,NA,NA,,,NA,corgroup14,,
FT0101,241.0818,77.8,NA,NA,FT0103-H2O,,,group18,NA,,
FT0103,259.0925,77.8,NA,NA,FT0105-H2O,,[103][M]+,group18,corgroup433,+,
FT0104,260.0957,77.8,NA,NA,NA,,[103][M+1]+,group18,corgroup14,,
FT0105,277.1031,77.8,NA,NA,NA,,[125][M]+,group18,corgroup433,+,
FT0106,278.1063,77.8,NA,NA,NA,,[125][M+1]+,group18,corgroup213,,
FT0102,279.1078,77.8,NA,NA,NA,,[125][M+2]+,group18,NA,,
FT0107,325.0526,78.9,NA,NA,NA,,,NA,NA,,
FT0108,220.0482,79.3,NA,NA,NA,,,NA,NA,,
FT0109,302.1172,79.5,NA,NA,NA,,[168][M+1]+,group19,corgroup10,+,
FT0110,301.1142,79.6,NA,NA,NA,,[168][M]+,group19,NA,,
FT0111,531.2518,80.4,NA,NA,NA,,,NA,corgroup213,,
FT0112,219.0975,80.6,NA,NA,NA,,,NA,NA,,
FT0113,306.1025,80.7,NA,NA,NA,,,NA,NA,,
FT0114,577.9665,80.8,NA,NA,NA,,,NA,NA,,
FT0116,213.0159,80.9,NA,NA,NA,,,NA,NA,,
FT0115,347.0249,80.9,NA,NA,NA,,,NA,corgroup60,,
FT0117,97.0284,81.1,NA,NA,NA,,,NA,NA,,
FT0118,560.0785,81.1,NA,NA,NA,,,NA,corgroup60,,
FT0119,299.1099,81.5,NA,NA,NA,,,NA,NA,,
FT0121,231.6135,81.6,NA,NA,NA,,[73][M]2+,group20,NA,,
FT0120,232.1152,81.6,NA,NA,NA,,[73][M+1]2+,group20,NA,,
FT0122,243.0635,82.2,NA,NA,NA,,[82][M+1]2+,group21,corgroup12,+,
FT0123,242.5621,82.4,NA,NA,NA,,[82][M]2+,group21,corgroup12,+,
FT0124,462.2189,82.9,NA,NA,NA,,,NA,corgroup383,,
FT0125,484.1161,83.6,NA,NA,NA,,,NA,corgroup235,,
FT0126,803.2212,83.7,NA,NA,NA,,,NA,NA,,
FT0127,191.0484,83.8,NA,NA,FT0192-Pyroglutamic acid,,,group22,corgroup218,+,
FT0128,119.0895,83.9,NA,NA,NA,,[10][M+1]+,group23,corgroup145,,
FT0129,118.0862,84,NA,NA,FT0131-CO2,FT0196_MS2 match,[10][M]+,group23,corgroup218,,
FT0130,163.0794,84.1,NA,NA,NA,,[32][M+1]+,group23,corgroup49,,
FT0131,162.076,84.2,NA,NA,NA,,[32][M]+,group23,corgroup218,,
FT0133,479.1156,84.2,NA,NA,NA,,,NA,corgroup111,,
FT0132,1307.3895,84.2,NA,NA,NA,,,NA,corgroup170,,
FT0134,983.2832,84.6,NA,NA,NA,,,NA,corgroup111,,
FT0135,811.2721,84.7,NA,NA,NA,,,NA,corgroup170,,
FT0136,112.0505,84.9,NA,NA,NA,,,NA,corgroup235,,
FT0138,267.1321,85.2,NA,NA,NA,,,NA,corgroup111,,
FT0137,316.1614,85.2,NA,NA,FT0154-Glutathione,,[203][M]+,group24,corgroup235,+,
FT0156,104.0529,85.4,NA,NA,FT0172-HCOOH(H2+CO2 or H2O+CO),,,group23,corgroup218,,
FT0144,136.0616,85.4,NA,NA,NA,,,group23,corgroup139,,
FT0142,139.0501,85.4,NA,NA,NA,,,NA,corgroup177,,
FT0141,146.0923,85.4,NA,NA,NA,,,NA,NA,,
FT0143,169.0357,85.4,NA,NA,NA,,,group25,NA,,
FT0145,179.0484,85.4,NA,NA,FT0140-Pyroglutamic acid,,,group23,corgroup145,,
FT0160,228.098,85.4,NA,NA,NA,,,NA,corgroup218,,
FT0162,278.5726,85.4,NA,NA,FT0147-formaldehyde,,,group26,corgroup218,+,
FT0146,290.1344,85.4,NA,NA,NA,,,NA,corgroup333,,
FT0140,308.0904,85.4,NA,NA,FT0221-phenyl radical,,[186][M]+,group23,corgroup279,,
FT0147,308.5838,85.4,NA,NA,NA,,,group26,NA,,
FT0148,309.0937,85.4,NA,NA,NA,,[186][M+1]+,group23,corgroup139,,
FT0139,317.1643,85.4,NA,NA,NA,,[203][M+1]+,group24,NA,,
FT0149,388.1349,85.4,NA,NA,FT0150-H2O,,,group27,corgroup387,,
FT0150,406.1454,85.4,NA,NA,FT0158-Pyroglutamic acid,,[286][M]+,group27,corgroup335,+,
FT0151,407.1486,85.4,NA,NA,NA,,[286][M+1]+,group27,corgroup335,+,
FT0152,408.1507,85.4,NA,NA,NA,,[286][M+2]+,group27,corgroup234,,
FT0157,533.2562,85.4,NA,NA,NA,,,NA,corgroup218,,
FT0158,535.1881,85.4,NA,NA,NA,,[359][M]+,group27,corgroup333,,
FT0153,536.1909,85.4,NA,NA,NA,,[359][M+1]+,group27,NA,,
FT0154,623.245,85.4,NA,NA,NA,,,group24,corgroup279,+,
FT0155,663.2245,85.4,NA,NA,NA,,,NA,corgroup218,,
FT0161,721.2995,85.4,NA,NA,NA,,,NA,corgroup335,,
FT0159,753.2077,85.4,NA,NA,NA,,,NA,NA,,
FT0165,254.0884,85.6,NA,NA,NA,,,NA,corgroup218,,
FT0163,310.0885,85.6,NA,NA,NA,,[186][M+2]+,group23,corgroup279,,
FT0164,1011.1792,85.6,NA,NA,NA,,,NA,corgroup333,,
FT0170,102.1277,85.7,NA,NA,NA,,,NA,NA,,
FT0187,106.0651,85.7,NA,[M+H-CH2O2]+ 151.0633,FT0144-NO; FT0196-HCOOH(H2+CO2 or H2O+CO),FT0195_MS2 match,,group23,corgroup335,+,
FT0190,124.0393,85.7,NA,NA,FT0143-COOH,,,group25,corgroup218,+,
FT0191,130.05,85.7,NA,NA,FT0131-CH3OH; FT0140-CysGly(pos),,,group23,NA,,
FT0171,133.0317,85.7,NA,NA,FT0172-NH3,,,group23,corgroup49,,
FT0166,135.044,85.7,NA,[M+H-NH3]+ 151.0633,FT0196-NH3,Precursor; FT0166_MS2 match,,group23,NA,,
FT0172,150.0583,85.7,NA,NA,NA,,,group23,corgroup235,,
FT0173,153.0739,85.7,NA,NA,NA,,,NA,corgroup335,,
FT0175,307.0832,85.7,NA,NA,FT0221-benzene,,[183][M]2+,group23,corgroup177,,
FT0176,307.5845,85.7,NA,NA,NA,,[183][M+1]2+,group23,corgroup177,,
FT0192,320.0909,85.7,NA,NA,NA,,,group22,corgroup447,+,
FT0177,332.0754,85.7,NA,NA,NA,,,NA,corgroup235,,
FT0188,332.5618,85.7,NA,NA,NA,,[232][M]+,group29,corgroup241,+,
FT0189,333.0634,85.7,NA,NA,NA,,[232][M+1]2+,group29,corgroup241,+,
FT0169,333.5643,85.7,NA,NA,NA,,[232][M+2]2+,group29,NA,,
FT0178,348.0703,85.7,NA,NA,NA,,[250][M]+,group31,corgroup177,+,
FT0179,349.0731,85.7,NA,NA,NA,,[250][M+1]+,group31,corgroup177,+,
FT0180,350.0749,85.7,NA,NA,NA,,[250][M+2]+,group31,corgroup387,,
FT0167,464.1334,85.7,NA,NA,NA,,,NA,corgroup235,,
FT0174,524.0575,85.7,NA,NA,FT0181-H2O,,,group30,corgroup170,+,
FT0181,542.0681,85.7,NA,NA,NA,,,group30,corgroup170,+,
FT0182,613.159,85.7,NA,NA,NA,,[407][M]+,group28,corgroup335,+,
FT0168,614.1619,85.7,NA,NA,NA,,[407][M+1]+,group28,corgroup235,+,
FT0183,664.116,85.7,NA,NA,FT0186-CH2OH,,[434][M]+,group32,corgroup279,+,
FT0184,665.1192,85.7,NA,NA,NA,,[434][M+1]+,group32,corgroup333,+,
FT0185,666.1214,85.7,NA,NA,NA,,[434][M+2]+,group32,corgroup383,+,
FT0186,695.1331,85.7,NA,NA,NA,,,group32,corgroup335,+,
FT0195,107.0491,85.9,NA,NA,FT0166-CO; FT0196-NH3+CO or HCN+H2O; FT0227-NO,Precursor; FT0166_MS2 match,,group23,corgroup335,+,
FT0198,123.0551,85.9,NA,NA,FT0216-HCl,,,group31,NA,,
FT0193,130.0102,85.9,NA,NA,NA,,,group23,corgroup447,,
FT0194,143.9901,85.9,NA,NA,NA,,,NA,corgroup335,,
FT0199,144.988,85.9,NA,NA,NA,,[19][M]2+,group33,corgroup177,+,
FT0196,152.0704,85.9,L-(+)-Alpha-Phenylglycine [M+H]+,[M+H]+ 151.0633,NA,Precursor,,group23,corgroup279,,
FT0200,364.0652,85.9,NA,NA,NA,,,group34,corgroup234,+,
FT0197,383.5479,85.9,NA,NA,NA,,,NA,corgroup335,,
FT0201,137.4764,86.1,NA,NA,NA,,,NA,corgroup335,,
FT0206,79.0213,86.2,NA,NA,FT0172-dehydroalanine; FT0209-CH3Cl; FT0214-NO2+CO,Precursor; FT0196_MS2 match; FT0206_MS2 match; FT0207_MS2 match; FT0215_MS2 match; FT0226_MS2 match,[1][M]+,group23,corgroup335,+,
FT0208,80.0242,86.2,NA,NA,NA,FT0207_MS2 match,[1][M+1]+,group23,corgroup335,+,
FT0204,81.0171,86.2,NA,NA,NA,FT0207_MS2 match,,group23,corgroup335,+,
FT0209,129.013,86.2,NA,NA,FT0140-C6H13NO5,,,group23,corgroup335,+,
FT0205,139.0131,86.2,NA,NA,NA,,,NA,corgroup335,,
FT0210,140.0106,86.2,NA,NA,NA,,,NA,corgroup335,,
FT0202,145.4889,86.2,NA,NA,NA,,[19][M+1]2+,group33,corgroup335,+,
FT0211,154.0082,86.2,NA,NA,NA,,,NA,corgroup335,,
FT0207,157.0351,86.2,NA,NA,NA,Precursor,[27][M]+,group23,corgroup335,+,
FT0203,158.0378,86.2,NA,NA,NA,,[27][M+1]+,group23,corgroup335,+,
FT0212,114.9861,86.3,NA,NA,FT0193-CH3,FT0196_MS2 match,,group23,corgroup335,+,
FT0213,105.9809,86.4,NA,NA,NA,FT0196_MS2 match,,group23,corgroup335,+,
FT0217,145.9969,86.4,NA,NA,NA,,[19][M+2]2+,group33,NA,,
FT0214,153.01,86.4,NA,NA,NA,,,group23,corgroup335,+,
FT0216,159.0309,86.4,NA,NA,FT0178-C3H12NO6P,,,group31,corgroup335,,
FT0215,176.0087,86.4,NA,NA,NA,Precursor,,group23,corgroup335,+,
FT0218,114.003,86.5,NA,NA,FT0200-gamma-GluCys,,,group34,corgroup335,+,
FT0219,138.009,86.5,NA,NA,NA,,,NA,corgroup335,,
FT0220,137.0017,86.7,NA,NA,FT0145-C3H6,,,group23,corgroup335,+,
FT0221,385.1287,86.8,NA,NA,NA,,,group23,corgroup333,,
FT0222,101.0032,86.9,NA,NA,FT0145-benzene,,,group23,corgroup335,+,
FT0223,97.9948,87,NA,NA,FT0209-CH2OH,FT0196_MS2 match; FT0215_MS2 match,,group23,corgroup335,+,
FT0224,102.999,87,NA,NA,FT0193-HCN,,,group23,corgroup335,+,
FT0225,179.0171,87,NA,NA,NA,,,NA,corgroup335,,
FT0226,256.9598,87.4,NA,NA,NA,Precursor,,group23,corgroup335,+,
FT0227,137.0458,87.6,NA,NA,FT0196-CH3,,,group23,corgroup333,,
FT0228,664.2294,88.9,NA,NA,NA,,,NA,NA,,
FT0229,246.9312,89.6,NA,NA,NA,,,NA,corgroup301,,
FT0230,308.9744,91.5,NA,NA,NA,,,NA,corgroup301,,
FT0231,240.9876,92,NA,NA,NA,,,NA,corgroup301,,
FT0232,364.0651,99.2,NA,NA,NA,,,NA,NA,,
FT0233,373.0465,101.7,NA,NA,NA,,[271][M+1]2+,group35,NA,,
FT0234,372.5451,102,NA,NA,NA,,[271][M]2+,group35,NA,,
FT0235,744.0827,102.1,NA,NA,NA,,,NA,NA,,
FT0236,153.0406,106.3,NA,NA,NA,,,NA,NA,,
FT0237,464.133,107.3,NA,NA,NA,,,NA,NA,,
FT0238,147.0439,110.8,NA,[M+H-H2O]+ 164.0473,FT0242-H2O,,,group36,corgroup260,+,
FT0239,428.0366,111,NA,NA,NA,,,NA,NA,,
FT0240,94.0651,111.3,NA,NA,FT0241-CH2CO,,,group36,NA,,
FT0241,136.0756,111.3,NA,NA,FT0243-HCOOH(H2+CO2 or H2O+CO),,,group36,corgroup476,+,
FT0242,165.0545,111.3,p-Coumaric Acid [M+H]+,[M+H]+ 164.0473,FT0243-NH3,,,group36,corgroup476,+,
FT0243,182.0811,111.8,NA,[M+NH4]+ 164.0473,NA,,,group36,corgroup260,+,
FT0244,137.0788,112,NA,NA,NA,,,NA,NA,,
FT0245,332.0754,112.5,NA,NA,NA,,,NA,NA,,
FT0246,542.0681,112.8,NA,NA,NA,,,group37,NA,,
FT0247,332.5619,112.9,NA,NA,NA,,[233][M]+,group38,corgroup95,+,
FT0249,333.0634,112.9,NA,NA,NA,,[233][M+1]2+,group38,corgroup95,+,
FT0248,333.5646,112.9,NA,NA,NA,,[233][M+2]2+,group38,corgroup75,,
FT0250,524.0574,112.9,NA,NA,FT0246-H2O,,,group37,corgroup75,+,
FT0251,664.116,112.9,NA,NA,NA,,[435][M]+,group39,NA,,
FT0252,665.1196,112.9,NA,NA,NA,,[435][M+1]+,group39,corgroup75,+,
FT0253,686.0977,112.9,NA,NA,NA,,,NA,NA,,
FT0254,123.0441,113,NA,NA,FT0242-CH2CO,,,group36,NA,,
FT0255,535.1879,116.8,NA,NA,NA,,[358][M]+,group40,corgroup50,+,
FT0256,536.1909,116.9,NA,NA,NA,,[358][M+1]+,group40,corgroup50,+,
FT0257,307.5847,123.7,NA,NA,NA,,[184][M+1]2+,group41,corgroup195,,
FT0258,308.0839,123.7,NA,NA,NA,,[184][M+2]2+,group41,corgroup136,+,
FT0259,86.0965,123.9,NA,NA,FT0262-HCOOH(H2+CO2 or H2O+CO),,,group42,NA,,
FT0260,307.0834,123.9,NA,NA,NA,,[184][M]2+,group41,corgroup136,+,
FT0261,613.159,123.9,NA,NA,NA,,,NA,NA,,
FT0262,132.1019,124,NA,NA,NA,,[17][M]+,group42,corgroup173,+,
FT0263,133.1053,124.3,NA,NA,NA,,[17][M+1]+,group42,corgroup136,+,
FT0264,153.0407,124.7,NA,NA,NA,,,NA,corgroup173,,
FT0265,166.058,124.9,NA,NA,NA,,[35][M+1]+,group43,NA,,
FT0267,119.0491,125.2,NA,[M+H-CH2O2]+ 164.0473,FT0268-CO; FT0269-NH3; FT0270-HCOOH(H2+CO2 or H2O+CO),,,group43,NA,,
FT0266,183.0844,125.2,NA,NA,NA,,[47][M+1]+,group43,NA,,
FT0268,147.0441,125.3,NA,[M+H-H2O]+ 164.0473,FT0270-H2O,,,group43,corgroup202,+,
FT0269,136.0757,125.7,NA,NA,FT0271-HCOOH(H2+CO2 or H2O+CO),,,group43,corgroup202,+,
FT0270,165.0547,125.7,p-Coumaric Acid [M+H]+,[M+H]+ 164.0473,FT0271-NH3; FT0272-C2H8O4NP,,[35][M]+,group43,NA,,
FT0271,182.0811,125.7,NA,[M+NH4]+ 164.0473,NA,,[47][M]+,group43,corgroup195,,
FT0272,306.0756,125.9,NA,NA,NA,,,group43,corgroup136,,
FT0273,182.0673,139.8,NA,NA,NA,,,NA,NA,,
FT0274,164.0567,143.8,NA,NA,NA,,,NA,NA,,
FT0275,157.0835,145.5,NA,NA,NA,,,NA,NA,,
FT0276,170.0654,147.1,NA,NA,NA,,,NA,NA,,
FT0277,193.0681,147.1,NA,NA,NA,,,NA,NA,,
FT0278,288.0648,148.9,NA,NA,NA,,,NA,NA,,
FT0279,664.2303,160.4,NA,NA,NA,,,NA,corgroup122,,
FT0280,288.0648,161.7,NA,NA,NA,,,NA,corgroup122,,
FT0281,163.9834,165.4,NA,NA,NA,,,NA,NA,,
FT0282,173.0783,183,NA,NA,NA,,,NA,NA,,
FT0284,120.0808,220.9,NA,NA,FT0288-HCOOH(H2+CO2 or H2O+CO),,[13][M]+,group44,corgroup291,+,
FT0285,121.0841,220.9,NA,NA,NA,,[13][M+1]+,group44,corgroup291,+,
FT0283,131.0492,220.9,NA,NA,FT0286-H2O,,,group44,corgroup291,+,
FT0286,149.0597,220.9,NA,NA,FT0288-NH3,,,group44,corgroup291,+,
FT0287,103.0542,221,NA,NA,FT0283-CO; FT0284-NH3; FT0286-HCOOH(H2+CO2 or H2O+CO),,,group44,NA,,
FT0288,166.0862,221,NA,NA,NA,,[36][M]+,group44,corgroup291,+,
FT0289,167.0896,221,NA,NA,NA,,[36][M+1]+,group44,corgroup291,+,
FT0290,276.1078,241.7,NA,NA,NA,,,NA,NA,,
FT0291,298.0897,241.7,NA,NA,NA,,,NA,NA,,
FT0292,127.0502,307.3,NA,NA,NA,,,NA,NA,,
FT0293,265.0794,307.4,NA,NA,NA,,,NA,NA,,
FT0294,376.6461,315.4,NA,NA,NA,,,NA,NA,,
FT0295,311.1236,317.6,NA,NA,NA,,,NA,NA,,
FT0296,727.2055,318.1,NA,NA,NA,,,NA,NA,,
FT0297,501.1689,320.7,NA,NA,NA,,,NA,NA,,
FT0298,480.1902,320.8,NA,NA,NA,,[320][M+1]+,group45,corgroup121,+,
FT0299,479.187,320.9,NA,NA,NA,,[320][M]+,group45,corgroup121,+,
FT0300,204.0866,321,NA,NA,NA,,,NA,corgroup121,,
FT0302,259.0709,321,NA,NA,NA,,,NA,corgroup169,,
FT0301,268.0761,321,NA,NA,NA,,,NA,corgroup169,,
FT0303,219.1338,325.3,NA,NA,NA,,,NA,NA,,
FT0305,597.6779,330.9,NA,NA,NA,,[397][M]+,group46,corgroup285,+,
FT0304,598.1795,330.9,NA,NA,NA,,[397][M+1]2+,group46,corgroup285,+,
FT0306,635.6261,330.9,NA,NA,NA,,,NA,NA,,
FT0307,598.6808,331.1,NA,NA,NA,,[397][M+2]2+,group46,NA,,
FT0309,608.6683,331.1,NA,NA,NA,,[402][M]2+,group48,NA,,
FT0308,609.6587,331.1,NA,NA,NA,,[404][M]2+,group47,corgroup71,+,
FT0310,616.6516,331.1,NA,NA,NA,,[411][M]2+,group49,corgroup134,+,
FT0315,609.1697,331.2,NA,NA,NA,,[402][M+1]2+,group48,NA,,
FT0312,610.1595,331.2,NA,NA,NA,,[404][M+1]2+,group47,corgroup134,+,
FT0314,617.153,331.2,NA,NA,NA,,[411][M+1]2+,group49,NA,,
FT0311,624.6369,331.2,NA,NA,NA,,,NA,NA,,
FT0313,1194.3486,331.2,NA,NA,NA,,,NA,NA,,
FT0316,619.6589,331.3,NA,NA,NA,,,NA,NA,,
FT0317,627.6421,331.3,NA,NA,NA,,,NA,corgroup71,,
FT0318,218.108,337.8,NA,NA,NA,,[64][M+1]+,group50,corgroup464,+,
FT0319,195.1226,337.9,NA,NA,NA,,,NA,corgroup464,,
FT0320,217.1046,337.9,NA,NA,NA,Precursor; FT0320_MS2 match,[64][M]+,group50,corgroup464,+,
FT0321,376.154,341,NA,NA,NA,,,NA,NA,,
FT0322,444.0924,344,NA,NA,NA,,,NA,NA,,
FT0323,406.1454,344.1,NA,NA,FT0324-C2H8O4NP,,,group51,NA,,
FT0324,547.1638,344.1,NA,NA,NA,,,group51,NA,,
FT0328,120.0443,344.2,NA,NA,NA,,,NA,NA,,
FT0327,282.0686,344.2,NA,NA,NA,,,NA,NA,,
FT0325,525.1826,344.2,NA,NA,NA,,[349][M]+,group52,NA,,
FT0326,526.1857,344.2,NA,NA,NA,,[349][M+1]+,group52,NA,,
FT0329,328.0749,352.5,NA,NA,NA,,,NA,NA,,
FT0330,235.066,354.6,NA,NA,NA,,,NA,NA,,
FT0331,368.142,355.8,NA,NA,NA,,[267][M+1]2+,group53,corgroup448,+,
FT0332,367.6405,355.9,NA,NA,NA,,[267][M]2+,group53,corgroup448,+,
FT0333,335.135,361.5,NA,NA,NA,,[234][M+2]2+,group54,corgroup99,,
FT0335,235.7398,361.6,NA,NA,NA,,,NA,NA,,
FT0334,346.1113,361.6,NA,NA,NA,,,NA,corgroup124,,
FT0336,334.1321,361.7,NA,NA,NA,,[234][M]+,group54,corgroup124,+,
FT0337,334.6337,361.7,NA,NA,NA,,[234][M+1]2+,group54,corgroup124,+,
FT0340,344.1003,361.7,NA,NA,NA,,,NA,corgroup124,,
FT0338,667.2566,361.7,NA,NA,NA,,[436][M]+,group55,corgroup99,+,
FT0339,668.2596,361.7,NA,NA,NA,,[436][M+1]+,group55,corgroup99,+,
FT0341,413.091,363,NA,NA,NA,,,NA,corgroup124,,
FT0342,188.0705,366.4,NA,NA,FT0343-NH3,,[52][M]+,group56,corgroup237,+,
FT0344,189.0739,366.4,NA,NA,NA,,[52][M+1]+,group56,corgroup237,+,
FT0343,205.0971,366.4,NA,NA,NA,,[57][M]+,group56,corgroup237,+,
FT0345,206.1004,366.5,NA,NA,NA,,[57][M+1]+,group56,NA,,
FT0346,236.1282,373.8,NA,NA,NA,Precursor; FT0346_MS2 match,,group57,NA,,
FT0347,461.6981,376,NA,NA,NA,,,NA,NA,,
FT0348,224.1216,379.1,NA,NA,NA,,,NA,NA,,
FT0349,222.1489,380.9,NA,NA,NA,Precursor,,group58,corgroup377,+,
FT0350,151.0753,381.1,NA,NA,NA,FT0349_MS2 match,,group58,corgroup377,+,
FT0352,114.0913,381.3,NA,NA,FT0349-tyrosine side-chain+hydrogen,,,group58,corgroup345,,
FT0351,262.1343,381.3,NA,NA,NA,,[109][M+1]+,group59,corgroup394,+,
FT0353,239.1489,381.6,NA,NA,NA,,,NA,corgroup394,,
FT0354,261.1308,381.6,NA,NA,NA,Precursor; FT0354_MS2 match,[109][M]+,group59,corgroup394,+,
FT0355,298.0967,381.8,NA,NA,NA,,,NA,corgroup345,,
FT0356,223.0535,384.7,NA,NA,NA,,,NA,corgroup242,,
FT0357,476.1872,385.6,NA,NA,NA,,,NA,corgroup242,,
FT0358,211.0865,388.5,NA,NA,NA,,[60][M]+,group60,NA,,
FT0359,212.0908,388.5,NA,NA,NA,,[60][M+1]+,group60,NA,,
FT0360,296.066,388.7,NA,NA,NA,,,NA,NA,,
FT0361,553.1772,389,NA,NA,NA,,[369][M]+,group61,NA,,
FT0362,554.1803,389,NA,NA,NA,,[369][M+1]+,group61,NA,,
FT0363,575.1586,389,NA,NA,NA,,,NA,NA,,
FT0364,250.645,396.2,NA,NA,NA,,,NA,NA,,
FT0365,364.6171,397.7,NA,NA,NA,,,NA,NA,,
FT0366,728.2264,397.7,NA,NA,NA,,,NA,NA,,
FT0367,179.0638,401.5,NA,NA,NA,,,NA,corgroup127,,
FT0368,295.1288,402,NA,NA,NA,,,NA,corgroup127,,
FT0369,130.1591,403.8,NA,NA,NA,,,NA,NA,,
FT0371,283.1751,410.6,NA,NA,FT0372-NH3,,,group63,corgroup165,+,
FT0370,305.157,410.6,NA,NA,NA,Precursor; FT0370_MS2 match,,group62,corgroup165,+,
FT0372,300.2015,410.7,NA,NA,NA,,,group63,corgroup165,+,
FT0373,217.0912,420.5,NA,NA,NA,FT0377_MS2 match,[62][M+1]+,group64,corgroup341,+,
FT0374,238.0698,420.6,Kinetin [M+Na]+,[M+Na]+ 215.0807,NA,,,group64,corgroup341,+,
FT0375,148.0617,420.7,NA,NA,NA,Precursor; FT0375_MS2 match; FT0377_MS2 match,,group64,corgroup341,+,
FT0376,218.0934,420.7,NA,NA,NA,,[62][M+2]+,group64,corgroup341,+,
FT0377,216.088,420.8,Kinetin [M+H]+,[M+H]+ 215.0807,NA,Precursor; FT0377_MS2 match,[62][M]+,group64,corgroup341,+,
FT0378,123.044,429.7,NA,NA,NA,,,NA,NA,,
FT0379,120.0443,429.9,NA,NA,NA,,,NA,NA,,
FT0380,318.2023,431,NA,NA,NA,,,NA,NA,,
FT0381,457.1116,432.4,NA,NA,NA,,[309][M]+,group65,corgroup87,+,
FT0382,458.1151,432.4,NA,NA,NA,,[309][M+1]+,group65,NA,,
FT0383,479.0933,432.5,NA,NA,NA,,,NA,NA,,
FT0384,327.2013,433.9,NA,NA,NA,,,NA,corgroup87,,
FT0385,349.1831,434,NA,NA,NA,,,NA,NA,,
FT0386,328.0749,437.1,NA,NA,NA,,,NA,NA,,
FT0388,196.0907,438.1,NA,NA,NA,,[55][M+1]+,group66,corgroup267,+,
FT0387,217.0696,438.1,NA,NA,NA,,,NA,NA,,
FT0389,138.0661,438.2,NA,NA,FT0390-Methyl isocyanate,,,group66,NA,,
FT0390,195.0877,438.3,NA,NA,NA,,[55][M]+,group66,corgroup267,+,
FT0391,413.0913,438.9,NA,NA,NA,,,NA,corgroup313,,
FT0392,215.1253,439.8,NA,NA,NA,,,NA,corgroup313,,
FT0397,261.0982,448.3,NA,NA,FT0395-CH3,Precursor; FT0397_MS2 match; FT0400_MS2 match,,group67,corgroup354,+,
FT0394,275.1137,448.3,NA,NA,NA,Precursor; FT0394_MS2 match; FT0400_MS2 match,,group67,corgroup354,+,
FT0395,276.1209,448.3,NA,NA,FT0400-CH3,FT0400_MS2 match,,group67,corgroup354,+,
FT0399,292.1483,448.3,NA,NA,NA,FT0400_MS2 match,[151][M+1]+,group67,corgroup354,+,
FT0398,293.1506,448.3,NA,NA,NA,FT0400_MS2 match,[151][M+2]+,group67,corgroup354,+,
FT0393,294.1531,448.3,NA,NA,NA,,[151][M+3]+,group67,corgroup354,+,
FT0396,313.1271,448.3,Trimetoprim [M+Na]+,[M+Na]+ 290.1379,NA,,,group67,corgroup354,+,
FT0400,291.1452,448.5,Trimetoprim [M+H]+,[M+H]+ 290.1379,NA,Precursor; FT0400_MS2 match,[151][M]+,group67,corgroup354,+,
FT0401,357.6094,455.7,NA,NA,NA,,,NA,NA,,
FT0402,377.1455,459.3,NA,NA,NA,,,NA,NA,,
FT0403,223.0901,461.3,NA,NA,NA,,,NA,NA,,
FT0404,439.1011,461.7,NA,NA,NA,,,NA,NA,,
FT0405,899.1201,491.2,NA,NA,NA,,,NA,corgroup325,,
FT0406,123.0439,491.3,NA,NA,FT0417-CH2CO; FT0465-SO3,FT0417_MS2 match,,group68,corgroup325,+,
FT0434,91.0542,491.4,NA,NA,FT0412-CO; FT0414-CO+CO; FT0443-C6H13O9P,Precursor; FT0412_MS2 match; FT0414_MS2 match; FT0417_MS2 match; FT0421_MS2 match; FT0426_MS2 match; FT0434_MS2 match; FT0448_MS2 match,,group68,corgroup325,+,
FT0412,119.0491,491.4,NA,[M+H-CH2O2]+ 164.0473,FT0414-CO; FT0417-HCOOH(H2+CO2 or H2O+CO),Precursor; FT0412_MS2 match; FT0414_MS2 match; FT0417_MS2 match; FT0421_MS2 match; FT0423_MS2 match; FT0426_MS2 match; FT0429_MS2 match; FT0439_MS2 match; FT0448_MS2 match; FT0461_MS2 match,[12][M]+,group68,corgroup325,+,
FT0413,120.0525,491.4,NA,NA,NA,FT0414_MS2 match; FT0417_MS2 match; FT0429_MS2 match,[12][M+1]+,group68,corgroup325,+,
FT0414,147.044,491.4,NA,[M+H-H2O]+ 164.0473,FT0417-H2O,Precursor; FT0414_MS2 match; FT0417_MS2 match; FT0421_MS2 match; FT0423_MS2 match; FT0426_MS2 match; FT0429_MS2 match; FT0439_MS2 match; FT0448_MS2 match; FT0453_MS2 match; FT0456_MS2 match; FT0461_MS2 match; FT0463_MS2 match,[21][M]+,group68,corgroup325,+,
FT0415,148.0475,491.4,NA,NA,NA,FT0414_MS2 match; FT0417_MS2 match; FT0423_MS2 match; FT0426_MS2 match; FT0429_MS2 match; FT0439_MS2 match; FT0448_MS2 match; FT0461_MS2 match,[21][M+1]+,group68,corgroup325,+,
FT0416,149.0496,491.4,NA,NA,NA,FT0417_MS2 match,[21][M+2]+,group68,corgroup325,+,
FT0417,165.0546,491.4,p-Coumaric Acid [M+H]+,[M+H]+ 164.0473,NA,Precursor; FT0417_MS2 match; FT0421_MS2 match; FT0423_MS2 match,[34][M]+,group68,corgroup325,+,
FT0418,166.058,491.4,NA,NA,NA,FT0417_MS2 match,[34][M+1]+,group68,corgroup325,+,
FT0419,167.0599,491.4,NA,NA,NA,,[34][M+2]+,group68,corgroup325,+,
FT0420,187.0366,491.4,p-Coumaric Acid [M+Na]+,[M+Na]+ 164.0473,FT0408-H2O,FT0421_MS2 match,[51][M]+,group68,corgroup325,+,
FT0407,188.0399,491.4,NA,NA,NA,,[51][M+1]+,group68,corgroup325,+,
FT0408,205.0468,491.4,NA,NA,NA,,,group68,NA,,
FT0442,266.5537,491.4,NA,NA,NA,,[112][M+1]2+,group68,corgroup325,+,
FT0452,275.5589,491.4,NA,NA,NA,,[121][M+1]2+,group68,corgroup295,,
FT0421,348.0753,491.4,NA,NA,NA,Precursor,[251][M]+,group68,corgroup325,+,
FT0422,348.5772,491.4,NA,NA,NA,,[251][M+1]2+,group68,corgroup325,+,
FT0409,349.0779,491.4,NA,NA,NA,,[251][M+2]2+,group68,corgroup325,+,
FT0443,351.0825,491.4,NA,[2M+Na]+ 164.0473,NA,,,group68,corgroup325,+,
FT0444,365.0106,491.4,NA,NA,FT0463-H2O,FT0426_MS2 match; FT0461_MS2 match,,group68,corgroup138,,
FT0423,430.099,491.4,NA,NA,NA,Precursor,[296][M]+,group68,corgroup325,+,
FT0424,430.6008,491.4,NA,NA,NA,,[296][M+1]2+,group68,corgroup325,+,
FT0445,431.102,491.4,NA,NA,NA,,[296][M+2]2+,group68,corgroup325,+,
FT0446,499.0962,491.4,NA,NA,FT0441-CH3Cl; FT0448-H2O,FT0429_MS2 match; FT0439_MS2 match; FT0448_MS2 match,,group68,corgroup138,,
FT0447,515.1185,491.4,NA,NA,FT0450-H2O,,[342][M]+,group72,corgroup325,+,
FT0435,516.1208,491.4,NA,NA,NA,,[342][M+1]+,group72,corgroup325,+,
FT0448,517.1075,491.4,NA,NA,NA,Precursor; FT0429_MS2 match; FT0439_MS2 match,[343][M]+,group68,corgroup325,+,
FT0436,518.1107,491.4,NA,NA,NA,FT0429_MS2 match,[343][M+1]+,group68,corgroup325,+,
FT0449,519.1132,491.4,NA,NA,NA,,[343][M+2]+,group68,corgroup325,+,
FT0410,524.1017,491.4,NA,NA,NA,,,group69,corgroup295,+,
FT0453,531.0959,491.4,NA,NA,NA,Precursor,[356][M]+,group68,corgroup325,+,
FT0454,532.0993,491.4,NA,NA,NA,,[356][M+1]+,group68,corgroup325,+,
FT0450,533.1287,491.4,NA,NA,NA,,,group72,corgroup138,,
FT0437,537.1128,491.4,NA,NA,NA,,[360][M]+,group70,NA,,
FT0425,538.1168,491.4,NA,NA,NA,,[360][M+1]+,group70,corgroup325,+,
FT0426,547.0671,491.4,NA,NA,NA,Precursor,[363][M]+,group68,corgroup325,+,
FT0427,548.0702,491.4,NA,NA,NA,,[363][M+1]+,group68,corgroup325,+,
FT0441,549.0886,491.4,NA,NA,NA,,,group68,NA,,
FT0438,550.11,491.4,NA,NA,NA,,,NA,corgroup138,,
FT0428,631.0523,491.4,NA,NA,NA,,,NA,corgroup295,,
FT0439,679.1658,491.4,NA,NA,NA,Precursor,[440][M]+,group68,corgroup325,+,
FT0440,680.1682,491.4,NA,NA,NA,,[440][M+1]+,group68,corgroup325,+,
FT0429,681.1557,491.4,NA,NA,NA,Precursor,[443][M]+,group68,corgroup325,+,
FT0430,682.1587,491.4,NA,NA,NA,,[443][M+1]+,group68,corgroup325,+,
FT0431,695.1433,491.4,NA,NA,NA,Precursor,[447][M]+,group68,corgroup325,+,
FT0432,696.1467,491.4,NA,NA,NA,,[447][M+1]+,group68,corgroup325,+,
FT0411,697.1488,491.4,NA,NA,NA,,[447][M+2]+,group68,corgroup325,+,
FT0451,710.1081,491.4,NA,NA,NA,,[453][M]+,group71,corgroup325,+,
FT0433,711.1123,491.4,NA,NA,NA,,[453][M+1]+,group71,corgroup325,+,
FT0455,266.052,491.5,NA,[3M+H+K]2+ 164.0473,NA,,[112][M]2+,group68,corgroup295,,
FT0456,275.0571,491.5,NA,NA,NA,Precursor,[121][M]2+,group68,corgroup325,+,
FT0457,367.0488,491.5,NA,NA,FT0460-CO+CO+H; FT0464-H2O,Precursor; FT0421_MS2 match; FT0423_MS2 match; FT0426_MS2 match; FT0431_MS2 match; FT0453_MS2 match; FT0461_MS2 match,[265][M]+,group68,corgroup325,+,
FT0465,203.0017,491.6,NA,NA,FT0474-H2O; FT0475-CO+CO+H,FT0421_MS2 match; FT0423_MS2 match; FT0426_MS2 match; FT0431_MS2 match; FT0453_MS2 match; FT0457_MS2 match; FT0461_MS2 match; FT0463_MS2 match,,group68,corgroup325,+,
FT0459,368.0521,491.6,NA,NA,NA,FT0431_MS2 match,[265][M+1]+,group68,corgroup325,+,
FT0463,383.021,491.6,NA,NA,FT0462-H2O,Precursor; FT0426_MS2 match,,group68,corgroup325,+,
FT0464,385.0593,491.6,NA,NA,NA,FT0421_MS2 match; FT0423_MS2 match; FT0426_MS2 match; FT0431_MS2 match; FT0453_MS2 match; FT0461_MS2 match,,group68,corgroup138,,
FT0462,401.0313,491.6,NA,NA,FT0453-Anhydro-dideoxyhexose,,,group68,corgroup138,,
FT0460,424.0476,491.6,NA,NA,NA,,,group68,corgroup325,+,
FT0466,443.1053,491.6,NA,NA,FT0446-CO+CO; FT0453-NO+NO+CO,,[301][M]+,group68,corgroup295,,
FT0467,444.108,491.6,NA,NA,NA,,[301][M+1]+,group68,corgroup295,,
FT0468,445.1031,491.6,NA,NA,NA,,[301][M+2]+,group68,NA,,
FT0458,446.105,491.6,NA,NA,FT0410-CH2N2+HCl,,,group69,NA,,
FT0461,546.0608,491.6,NA,NA,NA,Precursor,,group68,corgroup138,,
FT0469,723.1235,491.6,NA,NA,NA,,,NA,corgroup295,,
FT0470,353.0601,491.7,NA,NA,FT0423-phenyl radical; FT0473-H2O,FT0429_MS2 match; FT0439_MS2 match; FT0448_MS2 match,,group68,corgroup295,,
FT0472,276.0448,491.8,NA,NA,NA,,,NA,corgroup325,,
FT0471,465.0868,491.8,NA,NA,NA,,,NA,NA,,
FT0474,221.0117,491.9,NA,NA,NA,FT0421_MS2 match; FT0423_MS2 match; FT0426_MS2 match; FT0431_MS2 match; FT0453_MS2 match; FT0457_MS2 match; FT0463_MS2 match,,group68,corgroup138,,
FT0473,371.0706,491.9,NA,NA,NA,FT0429_MS2 match; FT0439_MS2 match; FT0448_MS2 match,,group68,corgroup138,,
FT0475,260.0003,492.5,NA,NA,NA,,,group68,corgroup325,+,
FT0476,195.063,493.1,NA,NA,NA,,,NA,corgroup325,,
FT0477,246.0931,498.7,NA,NA,NA,,[87][M+1]2+,group73,NA,,
FT0478,245.5915,498.9,NA,NA,NA,,[87][M]2+,group73,NA,,
FT0479,162.055,507,NA,NA,NA,,,group74,NA,,
FT0480,192.5414,507.3,NA,NA,NA,,,NA,corgroup123,,
FT0535,77.0387,507.4,NA,NA,FT0483-H2O; FT0492-formaldehyde; FT0501-NO2+NO2+CO; FT0545-C2H2O2; FT0549-CO,FT0497_MS2 match; FT0507_MS2 match; FT0509_MS2 match; FT0512_MS2 match; FT0521_MS2 match; FT0526_MS2 match; FT0531_MS2 match; FT0545_MS2 match,,group74,corgroup222,+,
FT0536,92.0257,507.4,NA,NA,FT0492-CH3; FT0493-CO; FT0565-HCOOH(H2+CO2 or H2O+CO),Precursor; FT0497_MS2 match; FT0509_MS2 match; FT0526_MS2 match; FT0536_MS2 match; FT0545_MS2 match,,group74,corgroup222,+,
FT0483,95.0491,507.4,NA,NA,FT0497-C2H2O2,FT0497_MS2 match; FT0509_MS2 match; FT0545_MS2 match,,group74,corgroup97,,
FT0492,107.0491,507.4,NA,[M+H-CH2O2]+ 152.0473,FT0479-HCN+CO; FT0497-HCOOH(H2+CO2 or H2O+CO); FT0545-CO,FT0497_MS2 match; FT0509_MS2 match; FT0545_MS2 match,,group74,corgroup222,+,
FT0493,120.0206,507.4,NA,NA,FT0537-C4H8O4; FT0545-CH3; FT0565-H2O,FT0497_MS2 match; FT0509_MS2 match; FT0545_MS2 match,,group74,corgroup222,+,
FT0494,135.3317,507.4,NA,NA,NA,FT0497_MS2 match; FT0509_MS2 match,,group74,NA,,
FT0495,136.0475,507.4,NA,NA,FT0567-CO+CO+H,FT0497_MS2 match; FT0507_MS2 match; FT0509_MS2 match; FT0512_MS2 match; FT0521_MS2 match; FT0526_MS2 match; FT0531_MS2 match; FT0545_MS2 match,[18][M]+,group74,corgroup222,+,
FT0496,137.0494,507.4,NA,NA,NA,FT0497_MS2 match; FT0509_MS2 match; FT0545_MS2 match,[18][M+1]+,group74,corgroup222,+,
FT0481,138.0521,507.4,NA,NA,NA,,[18][M+2]+,group74,corgroup222,+,
FT0497,153.0546,507.4,2-Methoxybenzoic Acid [M+H]+,[M+H]+ 152.0473,FT0546-NH3,Precursor; FT0497_MS2 match; FT0507_MS2 match; FT0509_MS2 match; FT0512_MS2 match,[26][M]+,group74,corgroup222,+,
FT0498,154.0581,507.4,NA,NA,NA,FT0509_MS2 match; FT0512_MS2 match,[26][M+1]+,group74,corgroup222,+,
FT0499,155.0598,507.4,NA,NA,NA,FT0509_MS2 match,[26][M+2]+,group74,corgroup222,+,
FT0500,190.0385,507.4,NA,NA,NA,FT0512_MS2 match,,group74,corgroup125,,
FT0501,197.0185,507.4,NA,NA,NA,,,group74,corgroup222,+,
FT0537,240.0632,507.4,NA,NA,FT0530-C6H13O9S,,[79][M]2+,group74,corgroup222,+,
FT0502,240.5644,507.4,NA,NA,NA,,[79][M+1]2+,group74,corgroup222,+,
FT0538,241.0623,507.4,NA,NA,NA,,[79][M+2]2+,group74,corgroup222,+,
FT0503,248.0519,507.4,NA,[3M+H+K]2+ 152.0473,NA,Precursor; FT0512_MS2 match,[90][M]+,group74,corgroup222,+,
FT0504,248.5537,507.4,NA,NA,NA,,[90][M+1]2+,group74,corgroup222,+,
FT0505,250.0485,507.4,NA,NA,NA,,,group74,corgroup222,+,
FT0506,256.0381,507.4,NA,NA,NA,,[96][M]2+,group75,corgroup222,+,
FT0484,256.5396,507.4,NA,NA,NA,,[96][M+1]2+,group75,corgroup222,+,
FT0507,257.0572,507.4,NA,NA,NA,Precursor,[98][M]2+,group74,corgroup222,+,
FT0508,257.5588,507.4,NA,NA,NA,,[98][M+1]2+,group74,corgroup222,+,
FT0482,287.0913,507.4,NA,NA,FT0509-H2O,,,group74,corgroup222,+,
FT0509,305.1022,507.4,NA,[2M+H]+ 152.0473,NA,Precursor,,group74,corgroup222,+,
FT0490,307.1075,507.4,NA,NA,NA,,,NA,corgroup222,,
FT0510,316.0869,507.4,NA,NA,FT0543-acetylcysteine,,[202][M]2+,group76,corgroup222,+,
FT0511,316.5882,507.4,NA,NA,NA,,[202][M+1]2+,group76,corgroup222,+,
FT0485,317.0846,507.4,NA,NA,NA,,[202][M+2]2+,group76,corgroup222,+,
FT0539,317.5856,507.4,NA,NA,NA,,[202][M+3]2+,group76,corgroup222,+,
FT0512,324.0756,507.4,NA,NA,NA,Precursor,[212][M]+,group74,corgroup222,+,
FT0513,324.5773,507.4,NA,NA,NA,,[212][M+1]2+,group74,corgroup222,+,
FT0514,325.0783,507.4,NA,NA,NA,,[212][M+2]2+,group74,corgroup222,+,
FT0515,325.5792,507.4,NA,NA,NA,,[212][M+3]2+,group74,corgroup222,+,
FT0540,328.0871,507.4,NA,NA,NA,,[212][M+4]+,group74,corgroup222,+,
FT0516,332.0619,507.4,NA,NA,FT0519-OH,,[229][M]2+,group74,corgroup222,+,
FT0517,343.049,507.4,NA,NA,FT0522-H2O,Precursor; FT0512_MS2 match; FT0529_MS2 match,[245][M]+,group74,corgroup222,+,
FT0518,344.0522,507.4,NA,NA,NA,FT0512_MS2 match,[245][M+1]+,group74,corgroup222,+,
FT0491,345.0821,507.4,NA,NA,NA,,,NA,corgroup222,,
FT0541,347.0708,507.4,NA,NA,FT0555-CO,FT0526_MS2 match,,group74,corgroup222,+,
FT0519,349.0662,507.4,NA,NA,FT0526-Anhydro-pentose,,[253][M]+,group74,corgroup222,+,
FT0520,350.0695,507.4,NA,NA,NA,,[253][M+1]+,group74,corgroup222,+,
FT0521,359.0214,507.4,NA,NA,NA,Precursor; FT0531_MS2 match,[259][M]+,group74,corgroup222,+,
FT0488,360.0243,507.4,NA,NA,NA,,[259][M+1]+,group74,corgroup222,+,
FT0486,361.0229,507.4,NA,NA,NA,,[259][M+2]+,group74,corgroup222,+,
FT0522,361.0596,507.4,NA,NA,NA,FT0512_MS2 match; FT0529_MS2 match,,group74,corgroup97,,
FT0523,371.0477,507.4,NA,NA,NA,,,NA,NA,,
FT0542,400.0243,507.4,NA,NA,NA,,,NA,corgroup222,,
FT0524,457.0413,507.4,NA,NA,NA,,,NA,corgroup125,,
FT0543,479.1186,507.4,NA,NA,NA,,[319][M]+,group76,corgroup222,+,
FT0525,480.1212,507.4,NA,NA,NA,,[319][M+1]+,group76,corgroup222,+,
FT0526,481.1077,507.4,NA,NA,NA,Precursor; FT0526_MS2 match,[323][M]+,group74,corgroup222,+,
FT0527,482.1108,507.4,NA,NA,NA,,[323][M+1]+,group74,corgroup222,+,
FT0528,483.1135,507.4,NA,NA,NA,,[323][M+2]+,group74,corgroup222,+,
FT0529,495.0962,507.4,NA,NA,NA,Precursor,[328][M]+,group74,corgroup251,,
FT0489,496.0993,507.4,NA,NA,NA,,[328][M+1]+,group74,corgroup251,,
FT0530,501.0893,507.4,NA,NA,NA,,,group74,corgroup222,+,
FT0531,510.061,507.4,NA,NA,NA,Precursor,,group74,corgroup222,+,
FT0532,511.0668,507.4,NA,NA,NA,,[339][M]+,group77,corgroup222,+,
FT0533,512.0699,507.4,NA,NA,NA,,[339][M+1]+,group77,corgroup222,+,
FT0487,513.0697,507.4,NA,NA,NA,,[339][M+2]+,group77,corgroup222,+,
FT0544,517.0774,507.4,NA,NA,NA,,,NA,NA,,
FT0534,545.0767,507.4,NA,NA,FT0556-HC(=O)OC4H9,,,group78,corgroup123,+,
FT0559,79.0214,507.5,NA,NA,NA,,,NA,corgroup222,,
FT0549,105.0335,507.5,NA,NA,FT0479-Methyl isocyanate; FT0545-formaldehyde,FT0497_MS2 match; FT0509_MS2 match; FT0545_MS2 match,,group74,NA,,
FT0545,135.0443,507.5,NA,[M+H-H2O]+ 152.0473,FT0479-HCN; FT0497-H2O; FT0563-Glucuronic-acid,Precursor; FT0497_MS2 match; FT0503_MS2 match; FT0507_MS2 match; FT0509_MS2 match; FT0512_MS2 match; FT0521_MS2 match; FT0526_MS2 match; FT0529_MS2 match; FT0531_MS2 match; FT0545_MS2 match; FT0548_MS2 match,,group74,corgroup222,+,
FT0546,170.0811,507.5,NA,[M+NH4]+ 152.0473,FT0505-HPO3,,,group74,corgroup97,,
FT0550,172.0282,507.5,NA,[2M+H+K]2+ 152.0473,FT0500-H2O,,[40][M]2+,group74,corgroup222,+,
FT0551,172.5299,507.5,NA,NA,NA,,[40][M+1]2+,group74,corgroup222,+,
FT0552,175.0366,507.5,2-Methoxybenzoic Acid [M+Na]+,[M+Na]+ 152.0473,FT0567-H2O,FT0512_MS2 match; FT0548_MS2 match,[42][M]+,group74,corgroup222,+,
FT0547,176.04,507.5,NA,NA,NA,FT0548_MS2 match,[42][M+1]+,group74,corgroup222,+,
FT0553,181.0335,507.5,NA,NA,NA,FT0512_MS2 match,,group74,corgroup222,+,
FT0560,209.0121,507.5,NA,NA,NA,FT0507_MS2 match; FT0512_MS2 match; FT0521_MS2 match; FT0529_MS2 match,,group74,corgroup97,,
FT0554,326.0727,507.5,NA,NA,NA,,[212][M+4]2+,group74,corgroup222,+,
FT0548,327.0839,507.5,NA,[2M+Na]+ 152.0473,NA,Precursor,[212][M+3]+,group74,corgroup222,+,
FT0557,357.0259,507.5,NA,NA,NA,,,NA,corgroup222,,
FT0555,375.0655,507.5,NA,NA,NA,,,group74,corgroup222,+,
FT0558,508.0659,507.5,NA,NA,NA,,,NA,corgroup222,,
FT0556,647.1431,507.5,NA,NA,NA,,,group78,corgroup251,+,
FT0565,138.0312,507.6,NA,NA,FT0497-CH3,FT0545_MS2 match,,group74,corgroup97,,
FT0561,147.0118,507.6,NA,NA,FT0572-NH3,FT0507_MS2 match; FT0512_MS2 match; FT0517_MS2 match; FT0521_MS2 match; FT0529_MS2 match,,group74,corgroup222,+,
FT0564,153.222,507.6,NA,NA,NA,,,NA,corgroup222,,
FT0562,191.0097,507.6,NA,[M+K]+ 152.0473,NA,,,group74,corgroup222,+,
FT0563,329.0892,507.6,NA,NA,NA,,,group74,NA,,
FT0566,332.5633,507.6,NA,NA,NA,,[229][M+1]2+,group74,corgroup222,+,
FT0570,125.5231,507.7,NA,NA,NA,,,NA,NA,,
FT0572,164.0395,507.7,NA,NA,NA,,,group74,corgroup251,,
FT0567,193.0467,507.7,NA,NA,FT0503-HCN+CO,FT0512_MS2 match,,group74,corgroup97,,
FT0568,231.0686,507.7,NA,[M+DMSO+H]+ 152.0473; [M+C2H6OS+H]+ 152.0473,FT0517-4CO,,,group74,corgroup222,+,
FT0571,241.0288,507.7,NA,NA,NA,,,NA,NA,,
FT0569,249.0545,507.7,NA,NA,NA,,[90][M+2]2+,group74,corgroup222,+,
FT0573,116.5178,507.8,NA,NA,NA,,,NA,NA,,
FT0574,477.6067,510.7,NA,NA,NA,,[318][M+1]2+,group79,corgroup299,,
FT0575,787.166,510.8,NA,NA,NA,,,NA,corgroup299,,
FT0576,409.5692,511,NA,NA,NA,,,NA,corgroup299,,
FT0577,477.105,511.1,NA,NA,NA,Precursor,[318][M]2+,group79,corgroup299,,
FT0578,393.5937,511.2,NA,NA,NA,,[280][M+1]2+,group80,corgroup299,+,
FT0579,393.0924,511.3,NA,NA,NA,,[280][M]2+,group80,corgroup299,+,
FT0580,401.0813,511.5,NA,NA,NA,Precursor,[284][M]+,group79,corgroup299,,
FT0581,401.5829,511.5,NA,NA,NA,,[284][M+1]2+,group79,corgroup299,,
FT0582,402.0841,511.6,NA,NA,NA,,[284][M+2]2+,group79,corgroup299,,
FT0583,177.0482,512.2,NA,NA,NA,,,NA,NA,,
FT0584,1221.3155,512.3,NA,[2M+H]+ 610.1534,NA,,,group79,corgroup372,+,
FT0585,306.0803,512.4,NA,[M+2H]2+ 610.1534,NA,,,group79,NA,,
FT0586,304.0535,512.7,NA,NA,NA,FT0592_MS2 match,[175][M+1]+,group79,corgroup372,+,
FT0587,1244.2981,512.7,NA,NA,NA,,[530][M+1]+,group79,corgroup372,+,
FT0589,613.1664,512.8,NA,NA,NA,,[405][M+2]+,group79,corgroup372,+,
FT0588,630.6359,512.8,NA,NA,NA,,[418][M+1]2+,group79,corgroup372,+,
FT0590,936.2141,512.8,NA,NA,NA,,[499][M+2]2+,group79,corgroup331,,
FT0592,303.0499,512.9,Quercetin [M+H]+,[M+H]+ 302.0427,FT0593-Anhydrohexose,Precursor; FT0580_MS2 match; FT0591_MS2 match; FT0592_MS2 match; FT0594_MS2 match; FT0602_MS2 match; FT0608_MS2 match,[175][M]+,group79,corgroup372,+,
FT0593,465.1027,512.9,NA,NA,FT0594-Anhydro-deoxyhexose,,,group79,corgroup372,+,
FT0594,611.1609,512.9,Rutin [M+H]+,[M+H]+ 610.1534,NA,Precursor,[405][M]+,group79,corgroup372,+,
FT0595,612.1642,512.9,NA,NA,NA,,[405][M+1]+,group79,corgroup372,+,
FT0596,630.134,512.9,NA,[2M+H+K]2+ 610.1534,NA,,[418][M]+,group79,corgroup372,+,
FT0591,1243.2958,512.9,NA,[2M+Na]+ 610.1534,NA,Precursor,[530][M]+,group79,corgroup372,+,
FT0598,334.0628,513,NA,NA,NA,FT0577_MS2 match; FT0580_MS2 match; FT0608_MS2 match,,group79,NA,,
FT0597,935.2108,513,NA,[3M+H+K]2+ 610.1534,NA,,[499][M]+,group79,corgroup331,,
FT0599,631.1365,513.1,NA,NA,NA,,[418][M+2]2+,group79,corgroup372,+,
FT0600,935.7121,513.1,NA,NA,NA,,[499][M+1]2+,group79,corgroup372,+,
FT0601,634.1458,513.3,NA,NA,NA,FT0591_MS2 match; FT0602_MS2 match,[422][M+1]+,group79,corgroup372,+,
FT0602,633.1426,513.5,Rutin [M+Na]+,[M+Na]+ 610.1534,NA,Precursor; FT0591_MS2 match; FT0602_MS2 match,[422][M]+,group79,corgroup372,+,
FT0603,635.1474,513.7,NA,NA,NA,,[422][M+2]+,group79,corgroup372,+,
FT0604,829.1765,513.9,NA,NA,NA,,,NA,corgroup372,,
FT0605,858.1304,514.2,NA,NA,NA,,,NA,corgroup372,,
FT0606,649.1149,514.5,NA,[M+K]+ 610.1534,NA,,,group79,corgroup372,+,
FT0607,859.1369,514.5,NA,NA,NA,,,NA,corgroup372,,
FT0608,422.0866,514.7,NA,NA,NA,Precursor,[293][M]+,group79,corgroup339,,
FT0609,422.588,514.7,NA,NA,NA,,[293][M+1]2+,group79,corgroup339,,
FT0610,423.0893,514.9,NA,NA,NA,,[293][M+2]2+,group79,corgroup339,,
FT0611,519.617,515,NA,NA,NA,,[344][M+1]2+,group81,corgroup331,+,
FT0612,519.1154,515.1,NA,NA,NA,,[344][M]2+,group81,corgroup339,+,
FT0613,843.1658,516.5,NA,NA,NA,,,NA,corgroup250,,
FT0616,89.0386,516.6,NA,NA,FT0617-COOH; FT0627-CO; FT0628-CO+CO; FT0629-CH3COOH,FT0627_MS2 match; FT0628_MS2 match; FT0629_MS2 match; FT0632_MS2 match; FT0648_MS2 match; FT0666_MS2 match,,group82,corgroup339,+,
FT0617,134.0362,516.6,NA,NA,FT0619-CO; FT0629-CH3; FT0684-CH3COOH,FT0628_MS2 match; FT0632_MS2 match,,group82,corgroup339,+,
FT0618,146.0319,516.6,NA,NA,NA,FT0632_MS2 match,[20][M+1]+,group82,corgroup339,+,
FT0619,162.0311,516.6,NA,NA,FT0684-CH3OH,FT0632_MS2 match,,group82,corgroup339,+,
FT0625,163.0385,516.6,NA,NA,FT0632-CH3OH; FT0684-CH2OH,FT0632_MS2 match,,group82,corgroup339,+,
FT0620,178.0581,516.6,NA,NA,FT0623-CO+CO+H,FT0632_MS2 match; FT0648_MS2 match; FT0651_MS2 match; FT0664_MS2 match; FT0666_MS2 match; FT0668_MS2 match,[43][M]+,group82,corgroup339,+,
FT0621,217.0472,516.6,Trans-Ferulic Acid [M+Na]+,[M+Na]+ 194.0579,FT0623-H2O,FT0666_MS2 match,[63][M]+,group82,corgroup339,+,
FT0622,218.0506,516.6,NA,NA,NA,,[63][M+1]+,group82,corgroup339,+,
FT0615,219.0525,516.6,NA,NA,NA,,[63][M+2]+,group82,corgroup339,+,
FT0623,235.0576,516.6,NA,NA,NA,,,group82,corgroup339,+,
FT0624,412.1082,516.6,NA,NA,NA,,[288][M+1]+,group82,corgroup339,+,
FT0614,506.1283,516.6,NA,NA,NA,,[334][M+2]2+,group82,corgroup339,+,
FT0627,117.0335,516.7,NA,NA,FT0617-OH; FT0619-COOH; FT0625-HCOOH(H2+CO2 or H2O+CO); FT0628-CO; FT0629-CH3OH,Precursor; FT0628_MS2 match; FT0629_MS2 match; FT0632_MS2 match; FT0648_MS2 match; FT0651_MS2 match; FT0664_MS2 match; FT0666_MS2 match; FT0668_MS2 match,[7][M]+,group82,corgroup339,+,
FT0626,118.0376,516.7,NA,NA,NA,FT0632_MS2 match,[7][M+1]+,group82,corgroup339,+,
FT0628,145.0284,516.7,NA,NA,FT0619-OH; FT0625-H2O,Precursor; FT0632_MS2 match; FT0644_MS2 match; FT0648_MS2 match; FT0651_MS2 match; FT0664_MS2 match; FT0666_MS2 match; FT0668_MS2 match,[20][M]+,group82,corgroup339,+,
FT0629,149.0597,516.7,NA,[M+H-CH2O2]+ 194.0579,FT0632-HCOOH(H2+CO2 or H2O+CO); FT0684-COOH,Precursor; FT0628_MS2 match; FT0632_MS2 match; FT0648_MS2 match,[25][M]+,group82,corgroup339,+,
FT0630,150.0631,516.7,NA,NA,NA,FT0632_MS2 match,[25][M+1]+,group82,corgroup339,+,
FT0631,179.0601,516.7,NA,NA,NA,FT0632_MS2 match,[43][M+1]+,group82,corgroup339,+,
FT0632,195.0653,516.7,Trans-Ferulic Acid [M+H]+,[M+H]+ 194.0579,NA,Precursor; FT0632_MS2 match; FT0653_MS2 match; FT0664_MS2 match; FT0666_MS2 match,[54][M]+,group82,corgroup339,+,
FT0633,196.0687,516.7,NA,NA,NA,FT0664_MS2 match,[54][M+1]+,group82,corgroup339,+,
FT0634,197.0706,516.7,NA,NA,NA,,[54][M+2]+,group82,corgroup339,+,
FT0635,411.1048,516.7,NA,[2M+Na]+ 194.0579,NA,,[288][M]+,group82,corgroup339,+,
FT0636,589.1284,516.7,NA,NA,FT0648-H2O,FT0648_MS2 match,,group82,corgroup137,,
FT0640,409.0976,516.8,NA,NA,NA,,[287][M+2]2+,group82,corgroup339,+,
FT0641,609.1448,516.8,NA,NA,NA,,[401][M+2]+,group82,corgroup339,+,
FT0642,799.2082,516.8,NA,NA,NA,,[469][M]+,group84,corgroup339,+,
FT0643,800.2109,516.8,NA,NA,NA,,[469][M+1]+,group84,corgroup339,+,
FT0637,801.1985,516.8,NA,NA,NA,,[470][M]+,group83,corgroup339,+,
FT0638,802.2015,516.8,NA,NA,NA,,[470][M+1]+,group83,corgroup339,+,
FT0639,803.2036,516.8,NA,NA,NA,,[470][M+2]+,group83,corgroup339,+,
FT0644,830.1505,516.8,NA,NA,NA,Precursor,[475][M]+,group82,corgroup339,+,
FT0657,408.5984,516.9,NA,NA,NA,,[287][M+1]2+,group82,corgroup339,+,
FT0658,425.0317,516.9,NA,NA,FT0681-H2O; FT0686-OH,FT0651_MS2 match; FT0668_MS2 match,,group82,corgroup137,,
FT0645,506.6296,516.9,NA,NA,NA,,[334][M+3]2+,group82,corgroup339,+,
FT0659,603.1474,516.9,NA,NA,NA,,,NA,corgroup339,,
FT0646,605.1502,516.9,NA,NA,FT0660-H2O; FT0663-H2S,,[400][M]+,group82,corgroup339,+,
FT0647,606.1523,516.9,NA,NA,NA,,[400][M+1]+,group82,corgroup339,+,
FT0648,607.1394,516.9,NA,NA,FT0660-NH2,Precursor,[401][M]+,group82,corgroup339,+,
FT0649,608.1425,516.9,NA,NA,NA,,[401][M+1]+,group82,corgroup339,+,
FT0660,623.1602,516.9,NA,NA,NA,,,group82,corgroup137,,
FT0650,627.121,516.9,NA,NA,NA,,,NA,NA,,
FT0661,628.1476,516.9,NA,NA,NA,,,NA,NA,,
FT0651,637.0993,516.9,NA,NA,NA,Precursor,[425][M]+,group82,corgroup339,+,
FT0652,638.1029,516.9,NA,NA,NA,,[425][M+1]+,group82,corgroup339,+,
FT0653,815.1859,516.9,NA,NA,NA,Precursor,[471][M]+,group82,corgroup339,+,
FT0654,816.189,516.9,NA,NA,NA,,[471][M+1]+,group82,corgroup339,+,
FT0655,817.1913,516.9,NA,NA,NA,,[471][M+2]+,group82,corgroup339,+,
FT0656,831.1554,516.9,NA,NA,NA,,[475][M+1]+,group82,corgroup339,+,
FT0662,832.1587,516.9,NA,NA,NA,,[475][M+2]+,group82,corgroup246,,
FT0664,505.1256,517,NA,NA,NA,Precursor,[334][M]+,group82,corgroup339,+,
FT0665,505.6273,517,NA,NA,NA,,[334][M+1]2+,group82,corgroup339,+,
FT0663,639.1376,517,NA,NA,NA,,[426][M]+,group82,NA,,
FT0671,214.0388,517.1,NA,[2M+H+K]2+ 194.0579,NA,,,group82,corgroup270,,
FT0672,216.0392,517.1,NA,NA,NA,,,NA,corgroup339,,
FT0666,408.0967,517.1,NA,NA,NA,Precursor,[287][M]2+,group82,corgroup339,+,
FT0670,410.0939,517.1,NA,NA,NA,,,NA,corgroup339,,
FT0673,428.0733,517.1,NA,NA,NA,FT0653_MS2 match,[295][M+1]+,group82,corgroup246,,
FT0674,445.0805,517.1,NA,NA,NA,FT0651_MS2 match; FT0653_MS2 match; FT0664_MS2 match; FT0666_MS2 match; FT0668_MS2 match,,group82,corgroup189,,
FT0667,461.0526,517.1,NA,NA,FT0688-C6H13O9P,,,group82,corgroup189,,
FT0675,484.0686,517.1,NA,NA,FT0689-Anhydro-dideoxyhexose,,,group82,corgroup339,+,
FT0676,621.1278,517.1,NA,NA,FT0663-H2O,,[414][M]+,group82,corgroup339,+,
FT0677,622.131,517.1,NA,NA,NA,,[414][M+1]+,group82,corgroup339,+,
FT0668,636.0929,517.1,NA,NA,NA,Precursor,,group82,corgroup339,+,
FT0669,640.1413,517.1,NA,NA,NA,,[426][M+1]+,group82,corgroup137,,
FT0678,239.0292,517.2,NA,NA,NA,,,NA,NA,,
FT0679,311.0679,517.2,NA,[3M+H+K]2+ 194.0579,NA,,,group82,corgroup339,+,
FT0680,320.073,517.2,NA,NA,NA,,,NA,corgroup339,,
FT0682,413.0814,517.2,NA,NA,FT0685-H2O,FT0648_MS2 match,,group82,corgroup339,+,
FT0683,427.0699,517.2,NA,NA,FT0674-H2O; FT0675-CO+CO+H,Precursor; FT0651_MS2 match; FT0653_MS2 match; FT0664_MS2 match; FT0666_MS2 match; FT0668_MS2 match,[295][M]+,group82,corgroup339,+,
FT0681,443.0417,517.2,NA,NA,FT0667-H2O,Precursor; FT0651_MS2 match,,group82,corgroup339,+,
FT0684,194.0573,517.3,NA,[M]+ 194.0579,NA,FT0632_MS2 match,,group82,corgroup339,+,
FT0685,431.0917,517.3,NA,NA,NA,,,group82,corgroup246,,
FT0686,442.0346,517.3,NA,NA,NA,FT0644_MS2 match; FT0651_MS2 match; FT0668_MS2 match,,group82,corgroup137,,
FT0688,721.0842,517.4,NA,NA,NA,,,group82,corgroup250,,
FT0687,835.1514,517.4,NA,NA,NA,,,NA,corgroup339,,
FT0690,233.0126,517.6,NA,NA,FT0694-CO+CO+H,FT0651_MS2 match; FT0653_MS2 match; FT0664_MS2 match; FT0666_MS2 match; FT0668_MS2 match; FT0681_MS2 match; FT0683_MS2 match,,group82,corgroup246,,
FT0689,614.1336,517.6,NA,NA,NA,,[409][M]2+,group82,corgroup250,,
FT0692,614.6352,517.6,NA,NA,NA,,[409][M+1]2+,group82,NA,,
FT0693,628.6113,517.6,NA,NA,NA,,,NA,corgroup336,,
FT0691,629.1137,517.6,NA,NA,NA,,,NA,corgroup336,,
FT0694,290.0109,517.8,NA,NA,NA,,,group82,corgroup246,,
FT0695,251.1853,518.2,NA,NA,NA,,,NA,corgroup250,,
FT0696,273.1672,518.4,NA,NA,NA,Precursor; FT0696_MS2 match,,group85,corgroup250,+,
FT0697,212.0895,519.6,NA,NA,NA,,,NA,corgroup270,,
FT0698,491.0946,521.2,NA,NA,NA,,,NA,NA,,
FT0699,475.1209,527.3,NA,NA,NA,Precursor; FT0699_MS2 match,,group86,corgroup186,+,
FT0700,123.0439,528.1,NA,NA,FT0702-formaldehyde,,,group87,corgroup186,,
FT0701,135.044,529.3,NA,[M+H-H2O]+ 152.0473,FT0702-H2O,Precursor; FT0701_MS2 match; FT0702_MS2 match,,group87,corgroup306,+,
FT0702,153.0545,529.6,2-Methoxybenzoic Acid [M+H]+,[M+H]+ 152.0473,NA,Precursor,,group87,corgroup306,+,
FT0703,294.2274,531.7,NA,NA,NA,Precursor; FT0703_MS2 match,[155][M]+,group88,corgroup306,+,
FT0704,295.2308,531.7,NA,NA,NA,FT0703_MS2 match,[155][M+1]+,group88,corgroup306,+,
FT0705,291.0993,532.2,NA,NA,NA,,,NA,corgroup306,,
FT0706,251.0851,532.4,NA,NA,NA,,,NA,NA,,
FT0707,107.0703,532.9,NA,NA,NA,,,NA,corgroup259,,
FT0708,101.0962,533.2,NA,NA,NA,,,NA,corgroup259,,
FT0709,163.1328,533.2,NA,NA,NA,,,NA,corgroup259,,
FT0710,188.107,533.7,NA,NA,NA,,,NA,NA,,
FT0711,185.1148,534,NA,NA,NA,,[49][M]+,group89,corgroup259,+,
FT0712,186.1182,534,NA,NA,NA,,[49][M+1]+,group89,corgroup259,+,
FT0713,165.5353,537,NA,NA,NA,,[33][M+1]2+,group90,corgroup324,+,
FT0714,327.5947,537,NA,NA,NA,,,NA,corgroup324,,
FT0715,92.0577,537.2,NA,NA,NA,FT0739_MS2 match; FT0749_MS2 match; FT0767_MS2 match,[2][M+1]+,group90,corgroup462,,
FT0719,149.0686,537.2,NA,NA,NA,,[22][M+2]+,group90,corgroup324,+,
FT0716,230.0726,537.2,NA,NA,NA,,[71][M+1]2+,group91,corgroup324,+,
FT0723,240.0725,537.2,NA,NA,NA,FT0756_MS2 match,[78][M+1]2+,group90,corgroup324,+,
FT0720,311.5901,537.2,NA,NA,NA,,[189][M+3]2+,group90,corgroup324,+,
FT0721,312.0834,537.2,NA,NA,NA,,[189][M+4]2+,group90,corgroup324,+,
FT0717,318.5741,537.2,NA,NA,NA,,[206][M+1]2+,group90,corgroup324,+,
FT0718,375.0651,537.2,NA,NA,NA,,,NA,corgroup352,,
FT0722,391.0375,537.2,NA,NA,NA,,,NA,corgroup324,,
FT0767,91.0543,537.3,NA,NA,FT0739-HCN; FT0749-HCN+CO,Precursor; FT0739_MS2 match; FT0743_MS2 match; FT0749_MS2 match; FT0756_MS2 match; FT0767_MS2 match,[2][M]+,group90,corgroup324,+,
FT0753,116.0495,537.3,NA,NA,FT0749-formaldehyde; FT0778-CO,FT0739_MS2 match; FT0743_MS2 match,,group90,corgroup462,,
FT0738,117.0573,537.3,NA,NA,FT0777-CO,FT0739_MS2 match; FT0743_MS2 match; FT0749_MS2 match; FT0756_MS2 match,,group90,corgroup324,+,
FT0739,118.0651,537.3,NA,NA,FT0749-CO,Precursor; FT0730_MS2 match; FT0739_MS2 match; FT0743_MS2 match; FT0747_MS2 match; FT0749_MS2 match; FT0751_MS2 match; FT0756_MS2 match; FT0760_MS2 match,[9][M]+,group90,corgroup324,+,
FT0740,119.0684,537.3,NA,NA,NA,FT0739_MS2 match; FT0749_MS2 match,[9][M+1]+,group90,corgroup324,+,
FT0728,120.0717,537.3,NA,NA,NA,FT0739_MS2 match; FT0749_MS2 match,[9][M+2]+,group90,corgroup324,+,
FT0749,146.0603,537.3,Indole-3-carboxaldehyde [M+H]+,[M+H]+ 145.0528,FT0736-C3H9O6P,Precursor; FT0730_MS2 match; FT0743_MS2 match; FT0747_MS2 match; FT0749_MS2 match; FT0751_MS2 match; FT0756_MS2 match; FT0760_MS2 match,,group90,NA,,
FT0737,146.2243,537.3,NA,NA,NA,,,NA,corgroup324,,
FT0752,146.4869,537.3,NA,NA,NA,,,NA,corgroup462,,
FT0741,147.0633,537.3,NA,NA,NA,FT0749_MS2 match,[22][M]+,group90,corgroup324,+,
FT0729,148.0659,537.3,NA,NA,NA,,[22][M+1]+,group90,corgroup324,+,
FT0768,169.0452,537.3,NA,NA,NA,FT0745_MS2 match,[37][M+1]+,group90,corgroup324,+,
FT0750,173.0198,537.3,NA,NA,NA,,,NA,corgroup324,,
FT0770,181.0419,537.3,NA,NA,FT0745-Pyroglutamic acid,,,group90,corgroup324,+,
FT0754,229.5713,537.3,NA,NA,FT0732-H3PO4 from 2+ charge state,,[71][M]2+,group91,corgroup324,+,
FT0756,237.56,537.3,NA,[3M+H+K]2+ 145.0528,NA,Precursor; FT0747_MS2 match,[76][M]2+,group90,corgroup324,+,
FT0757,238.0616,537.3,NA,NA,NA,,[76][M+1]2+,group90,corgroup324,+,
FT0763,238.5761,537.3,NA,NA,NA,FT0730_MS2 match,,group90,NA,,
FT0730,239.571,537.3,NA,NA,NA,Precursor; FT0730_MS2 match; FT0745_MS2 match; FT0747_MS2 match; FT0751_MS2 match; FT0756_MS2 match,[78][M]2+,group90,corgroup324,+,
FT0742,240.5692,537.3,NA,[3M+2Na]2+ 145.0528,NA,FT0756_MS2 match,[78][M+2]2+,group90,corgroup324,+,
FT0724,241.0705,537.3,NA,NA,NA,,[78][M+3]2+,group90,corgroup324,+,
FT0764,244.5487,537.3,NA,NA,NA,,,NA,corgroup324,,
FT0743,245.5462,537.3,NA,NA,NA,Precursor,[86][M]2+,group90,corgroup324,+,
FT0758,245.9847,537.3,NA,NA,NA,,,NA,corgroup352,,
FT0725,246.0479,537.3,NA,NA,NA,,[86][M+1]2+,group90,corgroup324,+,
FT0751,246.5651,537.3,NA,NA,NA,Precursor; FT0747_MS2 match,,group90,NA,,
FT0759,247.0668,537.3,NA,NA,NA,FT0747_MS2 match,,group90,corgroup324,+,
FT0765,249.5504,537.3,NA,NA,NA,,,NA,corgroup324,,
FT0760,253.5683,537.3,NA,NA,FT0747-Pyroglutamic acid,Precursor,[94][M]2+,group90,corgroup324,+,
FT0731,254.0699,537.3,NA,NA,NA,,[94][M+1]2+,group90,corgroup324,+,
FT0766,268.0451,537.3,NA,NA,NA,,,NA,corgroup324,,
FT0732,278.5596,537.3,NA,NA,NA,,,group91,corgroup352,,
FT0726,287.562,537.3,NA,NA,NA,,,NA,corgroup91,,
FT0761,302.0976,537.3,NA,NA,NA,,[171][M]2+,group92,corgroup324,+,
FT0744,302.5989,537.3,NA,NA,NA,,[171][M+1]2+,group92,corgroup324,+,
FT0733,303.0951,537.3,NA,NA,NA,,[171][M+2]2+,group92,corgroup324,+,
FT0727,303.5956,537.3,NA,NA,NA,,[171][M+3]2+,group92,corgroup324,+,
FT0745,310.0864,537.3,NA,NA,NA,Precursor; FT0747_MS2 match,[189][M]+,group90,corgroup324,+,
FT0746,310.588,537.3,NA,NA,NA,,[189][M+1]2+,group90,corgroup324,+,
FT0734,311.0892,537.3,NA,NA,NA,,[189][M+2]2+,group90,corgroup324,+,
FT0735,314.0977,537.3,NA,NA,NA,,[189][M+4]+,group90,corgroup324,+,
FT0736,318.0726,537.3,NA,NA,NA,,[206][M]2+,group90,corgroup324,+,
FT0762,319.0735,537.3,NA,NA,NA,,[206][M+2]2+,group90,corgroup324,+,
FT0769,381.009,537.3,NA,NA,NA,,,NA,corgroup317,,
FT0747,382.6128,537.3,NA,NA,NA,Precursor,[274][M]2+,group90,corgroup324,+,
FT0748,383.1144,537.3,NA,NA,NA,,[274][M+1]2+,group90,corgroup324,+,
FT0755,443.0523,537.3,NA,NA,NA,,,NA,corgroup91,,
FT0771,165.0335,537.4,NA,[2M+H+K]2+ 145.0528,NA,FT0747_MS2 match,[33][M]2+,group90,corgroup324,+,
FT0773,168.042,537.4,Indole-3-carboxaldehyde [M+Na]+,[M+Na]+ 145.0528,NA,FT0745_MS2 match,[37][M]+,group90,corgroup324,+,
FT0772,174.0388,537.4,NA,NA,FT0775-NO+NO+CO,FT0743_MS2 match; FT0747_MS2 match,,group90,corgroup317,,
FT0774,313.0947,537.4,NA,[2M+Na]+ 145.0528,NA,,[189][M+3]+,group90,corgroup324,+,
FT0780,113.0204,537.5,NA,NA,NA,,,NA,corgroup352,,
FT0778,144.0443,537.5,NA,NA,NA,FT0730_MS2 match; FT0743_MS2 match; FT0756_MS2 match,,group90,corgroup317,,
FT0777,145.0519,537.5,NA,[M]+ 145.0528,NA,FT0743_MS2 match,,group90,corgroup324,+,
FT0779,230.0124,537.5,NA,NA,NA,,,NA,corgroup352,,
FT0775,262.0291,537.5,NA,NA,NA,,,group90,corgroup352,,
FT0776,306.5894,537.5,NA,NA,NA,,,NA,corgroup324,,
FT0781,122.0257,537.8,NA,NA,FT0771-HNCO,,,group90,corgroup352,,
FT0782,299.5816,539.3,NA,NA,NA,,,NA,corgroup324,,
FT0783,121.0285,539.8,NA,NA,FT0784-H2O,,,group93,corgroup324,+,
FT0784,139.0389,539.8,NA,NA,NA,,,group93,corgroup324,+,
FT0785,625.1761,544.1,NA,NA,NA,,,NA,corgroup425,,
FT0786,135.044,546,NA,NA,NA,Precursor; FT0786_MS2 match,,group94,corgroup425,+,
FT0787,175.0367,550,2-Methoxybenzoic Acid [M+Na]+,[M+Na]+ 152.0473,NA,,,group95,NA,,
FT0788,372.2169,554.1,NA,NA,NA,,,NA,NA,,
FT0789,243.0876,555.6,NA,NA,NA,,,NA,NA,,
FT0790,163.0753,558,NA,NA,NA,,,NA,corgroup359,,
FT0791,762.2529,559.4,NA,NA,NA,,[467][M+1]+,group96,corgroup359,+,
FT0792,1310.4215,559.5,NA,NA,NA,,[533][M+1]+,group96,corgroup359,+,
FT0823,107.0492,559.7,NA,NA,FT0813-CH2CO,Precursor; FT0801_MS2 match; FT0805_MS2 match; FT0806_MS2 match; FT0808_MS2 match; FT0815_MS2 match; FT0818_MS2 match; FT0819_MS2 match; FT0823_MS2 match,[5][M]+,group96,corgroup359,+,
FT0824,108.0525,559.7,NA,NA,NA,FT0808_MS2 match; FT0815_MS2 match; FT0818_MS2 match; FT0819_MS2 match; FT0823_MS2 match,[5][M+1]+,group96,corgroup359,+,
FT0825,127.0389,559.7,NA,NA,FT0814-CH2CO,FT0808_MS2 match; FT0814_MS2 match; FT0815_MS2 match; FT0818_MS2 match; FT0819_MS2 match,,group96,corgroup359,+,
FT0813,149.0597,559.7,NA,NA,NA,FT0805_MS2 match; FT0808_MS2 match; FT0815_MS2 match; FT0818_MS2 match; FT0819_MS2 match,[24][M]+,group96,corgroup359,+,
FT0821,150.0631,559.7,NA,NA,NA,,[24][M+1]+,group96,corgroup359,+,
FT0814,169.0496,559.7,NA,NA,NA,Precursor; FT0808_MS2 match; FT0814_MS2 match; FT0815_MS2 match; FT0818_MS2 match; FT0819_MS2 match,[38][M]+,group96,corgroup359,+,
FT0826,170.0529,559.7,NA,NA,NA,FT0808_MS2 match; FT0815_MS2 match; FT0819_MS2 match,[38][M+1]+,group96,corgroup359,+,
FT0812,257.0808,559.7,NA,NA,FT0805-CH3COOH; FT0806-Anhydrohexose; FT0815-H2O,FT0808_MS2 match,,group96,corgroup359,+,
FT0815,275.0915,559.7,NA,[M+H-Hexose-H2O]+ 436.1369,FT0805-CH2CO; FT0808-Anhydrohexose,Precursor; FT0801_MS2 match; FT0808_MS2 match; FT0815_MS2 match; FT0818_MS2 match; FT0819_MS2 match; FT0830_MS2 match; FT0836_MS2 match,[123][M]+,group96,corgroup359,+,
FT0816,276.0949,559.7,NA,NA,NA,FT0801_MS2 match; FT0808_MS2 match; FT0818_MS2 match; FT0819_MS2 match,[123][M+1]+,group96,corgroup359,+,
FT0817,277.0971,559.7,NA,NA,NA,FT0818_MS2 match; FT0819_MS2 match,[123][M+2]+,group96,corgroup359,+,
FT0793,278.0998,559.7,NA,NA,NA,,[123][M+3]+,group96,corgroup359,+,
FT0805,317.1019,559.7,NA,NA,FT0808-C4H8O4,Precursor; FT0808_MS2 match; FT0818_MS2 match; FT0819_MS2 match,[205][M]+,group96,corgroup359,+,
FT0794,318.1051,559.7,NA,NA,NA,FT0808_MS2 match; FT0818_MS2 match,[205][M+1]+,group96,corgroup359,+,
FT0795,341.1018,559.7,NA,NA,FT0796-CH3COOH; FT0802-CH2CO,FT0806_MS2 match; FT0808_MS2 match; FT0818_MS2 match; FT0819_MS2 match,,group96,corgroup359,+,
FT0802,383.1124,559.7,NA,NA,FT0796-H2O,FT0818_MS2 match,,group96,corgroup359,+,
FT0796,401.1232,559.7,NA,[M+H-H4O2]+ 436.1369,FT0806-H2O; FT0830-C2H2O2,FT0818_MS2 match,,group96,corgroup359,+,
FT0806,419.1336,559.7,NA,[M+H-H2O]+ 436.1369,FT0808-H2O,Precursor; FT0818_MS2 match; FT0819_MS2 match,[291][M]+,group96,corgroup359,+,
FT0807,420.1369,559.7,NA,NA,NA,,[291][M+1]+,group96,corgroup359,+,
FT0808,437.1443,559.7,Phlorizin [M+H]+,[M+H]+ 436.1369,FT0818-Anhydrohexose,Precursor,[299][M]+,group96,corgroup359,+,
FT0822,438.1476,559.7,NA,NA,NA,,[299][M+1]+,group96,corgroup359,+,
FT0809,439.1496,559.7,NA,NA,NA,,[299][M+2]+,group96,corgroup359,+,
FT0818,599.197,559.7,NA,NA,FT0798-Anhydrohexose,Precursor,[398][M]+,group96,corgroup359,+,
FT0797,600.2003,559.7,NA,NA,NA,,[398][M+1]+,group96,corgroup359,+,
FT0810,601.2024,559.7,NA,NA,NA,,[398][M+2]+,group96,corgroup359,+,
FT0811,711.2281,559.7,NA,NA,FT0819-Anhydrohexose,,[454][M]+,group96,corgroup359,+,
FT0803,712.2314,559.7,NA,NA,NA,,[454][M+1]+,group96,corgroup359,+,
FT0798,761.2497,559.7,NA,NA,NA,,[467][M]+,group96,corgroup359,+,
FT0819,873.2808,559.7,NA,[2M+H]+ 436.1369,FT0799-Anhydrohexose,Precursor,[488][M]+,group96,corgroup359,+,
FT0820,874.2842,559.7,NA,NA,NA,,[488][M+1]+,group96,corgroup359,+,
FT0804,875.2867,559.7,NA,NA,NA,,[488][M+2]+,group96,corgroup359,+,
FT0799,1035.3331,559.7,NA,NA,NA,,[518][M]+,group96,corgroup359,+,
FT0800,1036.3369,559.7,NA,NA,NA,,[518][M+1]+,group96,corgroup359,+,
FT0801,1309.4171,559.7,NA,[3M+H]+ 436.1369,NA,Precursor,[533][M]+,group96,corgroup359,+,
FT0827,123.044,559.8,NA,NA,FT0814-HCOOH(H2+CO2 or H2O+CO),FT0814_MS2 match; FT0815_MS2 match,,group96,corgroup359,+,
FT0828,151.0753,559.9,NA,NA,NA,,[24][M+2]+,group96,corgroup359,+,
FT0829,460.1295,559.9,NA,NA,NA,FT0836_MS2 match,[310][M+1]+,group96,corgroup422,,
FT0830,459.1262,560.1,Phlorizin [M+Na]+,[M+Na]+ 436.1369,NA,Precursor; FT0830_MS2 match; FT0836_MS2 match,[310][M]+,group96,corgroup422,,
FT0831,475.0998,560.4,NA,[M+K]+ 436.1369,NA,,,group96,corgroup422,,
FT0832,461.1169,560.5,NA,NA,NA,,,NA,NA,,
FT0833,1328.8917,560.6,NA,NA,NA,,,NA,corgroup106,,
FT0834,898.2434,560.7,NA,NA,NA,FT0847_MS2 match,[492][M+1]+,group97,corgroup106,+,
FT0835,892.2543,560.8,NA,NA,NA,,[490][M]+,group98,corgroup269,+,
FT0836,895.2625,560.9,NA,[2M+Na]+ 436.1369,NA,Precursor,[491][M]+,group96,corgroup422,,
FT0838,896.2656,560.9,NA,NA,NA,,[491][M+1]+,group96,corgroup381,,
FT0837,1111.326,560.9,NA,NA,NA,,[523][M+2]2+,group99,corgroup381,,
FT0839,675.1891,561,NA,NA,NA,,[438][M+2]2+,group100,corgroup269,+,
FT0842,928.2028,561.2,NA,NA,NA,,[495][M+1]+,group101,NA,,
FT0841,1110.3226,561.2,NA,NA,NA,,[523][M]+,group99,corgroup164,+,
FT0840,1110.8244,561.2,NA,NA,NA,,[523][M+1]2+,group99,corgroup164,+,
FT0845,464.1039,561.3,NA,NA,NA,,,NA,corgroup422,,
FT0844,892.7559,561.3,NA,NA,NA,,[490][M+1]2+,group98,corgroup269,+,
FT0843,893.2577,561.3,NA,NA,NA,,[490][M+2]2+,group98,corgroup381,,
FT0846,1334.3793,561.4,NA,NA,NA,,[534][M+1]+,group97,corgroup106,+,
FT0847,1333.3764,561.5,NA,NA,NA,Precursor,[534][M]+,group97,corgroup106,+,
FT0848,238.5512,561.9,NA,NA,NA,,[77][M+1]2+,group102,NA,,
FT0849,247.0547,562.2,NA,NA,NA,,,NA,NA,,
FT0850,674.1863,562.3,NA,NA,NA,Precursor,[438][M]+,group100,corgroup269,+,
FT0852,238.0494,562.4,NA,NA,NA,,[77][M]2+,group102,corgroup269,+,
FT0851,674.6879,562.4,NA,NA,NA,,[438][M+1]2+,group100,corgroup269,+,
FT0854,456.1179,563.4,NA,NA,NA,FT0850_MS2 match,[308][M]+,group100,corgroup269,+,
FT0853,927.1998,563.4,NA,NA,NA,,[495][M]+,group101,corgroup164,+,
FT0857,448.129,563.6,NA,NA,NA,,[303][M]2+,group103,corgroup269,+,
FT0855,456.6196,563.6,NA,NA,NA,,[308][M+1]2+,group100,corgroup269,+,
FT0856,897.2408,563.6,NA,NA,NA,,[492][M]+,group97,corgroup164,,
FT0858,448.6305,563.8,NA,NA,NA,,[303][M+1]2+,group103,corgroup269,+,
FT0859,230.1444,564.1,NA,NA,NA,FT0867_MS2 match,[70][M+1]+,group104,corgroup264,+,
FT0860,89.0599,564.3,NA,NA,NA,FT0866_MS2 match,,group105,NA,,
FT0862,145.1223,564.3,NA,NA,NA,,,NA,corgroup264,,
FT0864,208.1625,564.3,NA,NA,NA,,[59][M+1]+,group105,corgroup264,+,
FT0861,224.1856,564.3,NA,NA,NA,,,group105,corgroup264,+,
FT0863,231.1466,564.3,NA,NA,NA,,[70][M+2]+,group104,corgroup264,+,
FT0865,245.115,564.3,NA,NA,NA,,,NA,corgroup264,,
FT0869,133.0859,564.4,NA,NA,NA,,,NA,corgroup264,,
FT0866,207.1591,564.4,NA,NA,FT0861-NH3,Precursor,[59][M]+,group105,corgroup264,+,
FT0867,229.1411,564.4,NA,NA,NA,Precursor; FT0867_MS2 match,[70][M]+,group104,corgroup264,+,
FT0868,291.1117,564.4,NA,NA,NA,,,NA,corgroup264,,
FT0870,457.1203,564.5,NA,NA,NA,,[308][M+2]2+,group100,NA,,
FT0871,490.0554,564.8,NA,NA,NA,,,NA,NA,,
FT0872,174.1854,569.8,NA,NA,NA,,,NA,NA,,
FT0873,218.2115,570.9,NA,NA,NA,,,NA,NA,,
FT0874,435.1284,574.2,NA,NA,NA,,,group106,corgroup434,+,
FT0875,273.0758,574.4,NA,NA,FT0874-Anhydrohexose,,,group106,corgroup434,+,
FT0876,309.227,579.5,NA,NA,NA,,,NA,corgroup1,,
FT0877,331.2091,579.8,NA,NA,NA,,,NA,corgroup1,,
FT0878,202.1226,583.9,NA,NA,NA,,,NA,NA,,
FT0880,234.2063,587.7,NA,NA,NA,Precursor; FT0880_MS2 match,[75][M]+,group107,corgroup353,+,
FT0879,235.2097,587.7,NA,NA,NA,,[75][M+1]+,group107,corgroup353,+,
FT0881,273.1671,588.1,NA,NA,NA,,,NA,corgroup428,,
FT0882,251.1852,588.2,NA,NA,NA,,,NA,corgroup428,,
FT0883,171.1491,589,NA,NA,NA,,,NA,corgroup428,,
FT0884,269.0559,605.6,NA,NA,NA,,,NA,NA,,
FT0885,191.0703,606.4,NA,NA,NA,,,NA,NA,,
FT0886,160.0756,612.7,NA,NA,NA,,,NA,NA,,
FT0893,102.0464,623.9,NA,NA,FT0917-HCN,FT0904_MS2 match; FT0918_MS2 match,,group108,corgroup280,+,
FT0894,104.0575,623.9,NA,NA,NA,FT0904_MS2 match; FT0918_MS2 match,[3][M+1]+,group108,corgroup280,+,
FT0902,259.1346,623.9,NA,NA,NA,FT0906_MS2 match,[99][M+2]+,group108,corgroup280,+,
FT0895,274.1311,623.9,NA,[M]+ 274.1317,FT0974-OH,FT0906_MS2 match; FT0968_MS2 match,,group108,corgroup280,+,
FT0891,275.3024,623.9,NA,NA,NA,FT0906_MS2 match,,group108,corgroup89,,
FT0890,275.5497,623.9,NA,NA,NA,,,NA,corgroup89,,
FT0888,275.9174,623.9,NA,NA,NA,,,NA,corgroup280,,
FT0892,545.2395,623.9,NA,NA,FT0899-H2O,,,group109,corgroup280,+,
FT0896,549.5898,623.9,NA,NA,NA,,,NA,corgroup280,,
FT0887,549.8489,623.9,NA,NA,NA,,,NA,corgroup280,,
FT0897,551.2772,623.9,NA,NA,NA,,[366][M+2]+,group108,corgroup280,+,
FT0898,552.2796,623.9,NA,NA,NA,,[366][M+3]+,group108,corgroup280,+,
FT0889,553.2817,623.9,NA,NA,NA,,[366][M+4]+,group108,corgroup280,+,
FT0899,563.2501,623.9,NA,NA,FT0932-H2O,,[376][M]+,group109,corgroup280,+,
FT0901,564.2532,623.9,NA,NA,NA,,[376][M+1]+,group109,corgroup280,+,
FT0900,1123.4988,623.9,NA,NA,NA,,[525][M+2]+,group110,corgroup280,+,
FT0908,77.0386,624,NA,NA,FT0957-Methyl isocyanate,FT0904_MS2 match; FT0918_MS2 match; FT0929_MS2 match,,group108,corgroup280,+,
FT0912,103.0543,624,NA,NA,FT0904-HCN; FT0934-HCN+CO,FT0904_MS2 match; FT0906_MS2 match; FT0918_MS2 match; FT0929_MS2 match; FT0930_MS2 match,[3][M]+,group108,corgroup280,+,
FT0903,119.0896,624,NA,NA,NA,FT0906_MS2 match; FT0918_MS2 match,[11][M+1]+,group108,corgroup280,+,
FT0913,128.0495,624,NA,NA,FT0934-formaldehyde; FT0943-Anhydro-aminodeoxyhexose; FT0945-C6H13NO5,FT0904_MS2 match; FT0918_MS2 match; FT0929_MS2 match,,group108,corgroup280,+,
FT0917,129.0567,624,NA,NA,FT0944-Anhydro-aminodeoxyhexose,FT0904_MS2 match; FT0906_MS2 match; FT0918_MS2 match,,group108,corgroup280,+,
FT0904,130.0652,624,NA,NA,FT0934-CO; FT0974-Anhydro-aminodeoxyhexose,Precursor; FT0904_MS2 match; FT0906_MS2 match; FT0918_MS2 match; FT0929_MS2 match; FT0930_MS2 match; FT0951_MS2 match; FT0966_MS2 match; FT0968_MS2 match; FT0975_MS2 match; FT0987_MS2 match; FT1001_MS2 match,[16][M]+,group108,corgroup280,+,
FT0905,131.0685,624,NA,NA,NA,FT0904_MS2 match; FT0906_MS2 match; FT0918_MS2 match; FT0929_MS2 match; FT0930_MS2 match,[16][M+1]+,group108,corgroup280,+,
FT0909,231.1402,624,NA,NA,NA,FT0906_MS2 match; FT0918_MS2 match,[69][M+2]+,group108,corgroup280,+,
FT0914,277.1451,624,NA,NA,NA,FT0906_MS2 match,[124][M+2]+,group108,corgroup280,+,
FT0915,278.1474,624,NA,NA,NA,,[124][M+3]+,group108,corgroup280,+,
FT0910,295.1158,624,NA,NA,NA,,[154][M+2]2+,group108,corgroup280,+,
FT0906,549.2712,624,NA,[2M+H]+ 274.1317,NA,Precursor,[366][M]+,group108,corgroup280,+,
FT0907,550.2744,624,NA,NA,NA,,[366][M+1]+,group108,corgroup280,+,
FT0911,823.3961,624,NA,NA,NA,,[473][M+2]+,group111,corgroup280,+,
FT0916,1151.4523,624,NA,NA,NA,,[527][M]+,group112,corgroup280,+,
FT0927,118.0863,624.1,NA,NA,NA,FT0906_MS2 match; FT0918_MS2 match; FT0966_MS2 match; FT0975_MS2 match; FT0987_MS2 match,[11][M]+,group108,corgroup280,+,
FT0928,132.0717,624.1,NA,NA,NA,FT0904_MS2 match; FT0906_MS2 match; FT0918_MS2 match,[16][M+2]+,group108,corgroup280,+,
FT0957,134.0601,624.1,NA,NA,NA,,,group108,corgroup280,+,
FT0934,158.0601,624.1,NA,NA,NA,FT0906_MS2 match; FT0918_MS2 match; FT0929_MS2 match,,group108,corgroup280,+,
FT0929,229.1338,624.1,NA,[M+H-CH2O2]+ 274.1317,FT0895-COOH; FT0918-HCOOH(H2+CO2 or H2O+CO); FT0930-CO; FT0995-CO2,Precursor; FT0906_MS2 match; FT0918_MS2 match; FT0929_MS2 match; FT0930_MS2 match; FT0966_MS2 match; FT0975_MS2 match; FT0987_MS2 match,[69][M]+,group108,corgroup280,+,
FT0922,230.137,624.1,NA,NA,NA,FT0906_MS2 match; FT0918_MS2 match; FT0929_MS2 match,[69][M+1]+,group108,corgroup280,+,
FT0930,257.1287,624.1,NA,[M+H-H2O]+ 274.1317,FT0895-OH; FT0918-H2O,Precursor; FT0906_MS2 match; FT0918_MS2 match,[99][M]+,group108,corgroup280,+,
FT0923,258.1319,624.1,NA,NA,NA,FT0906_MS2 match,[99][M+1]+,group108,corgroup280,+,
FT0918,275.1392,624.1,Indole-3-acetyl-L-valine [M+H]+,[M+H]+ 274.1317,FT0919-C2H7N,Precursor; FT0906_MS2 match; FT0918_MS2 match; FT0966_MS2 match; FT0968_MS2 match,[124][M]+,group108,corgroup280,+,
FT0924,276.1425,624.1,NA,NA,NA,FT0906_MS2 match; FT0918_MS2 match; FT0966_MS2 match,[124][M+1]+,group108,corgroup280,+,
FT0965,287.1201,624.1,NA,NA,NA,,[136][M+2]2+,group119,corgroup280,,
FT0943,289.1183,624.1,NA,NA,FT0945-H2O,,,group108,corgroup266,,
FT0944,290.1256,624.1,NA,NA,FT0945-OH,,,group108,corgroup266,,
FT0942,292.1371,624.1,NA,NA,NA,,[150][M+1]+,group108,corgroup280,+,
FT0963,302.6004,624.1,NA,NA,NA,,[172][M+1]2+,group118,corgroup280,+,
FT0945,307.129,624.1,NA,NA,NA,,[185][M]+,group108,corgroup266,,
FT0937,308.1322,624.1,NA,NA,NA,,[185][M+1]+,group108,corgroup280,+,
FT0919,320.1969,624.1,NA,NA,NA,,,group108,corgroup280,+,
FT0946,547.2552,624.1,NA,NA,NA,,[365][M]+,group116,corgroup280,+,
FT0947,548.2597,624.1,NA,NA,NA,,[365][M+1]+,group116,corgroup280,+,
FT0931,565.2647,624.1,NA,NA,NA,,[376][M+2]+,group109,corgroup280,+,
FT0966,571.2531,624.1,NA,[2M+Na]+ 274.1317,NA,Precursor,[381][M]+,group108,corgroup280,+,
FT0948,572.2563,624.1,NA,NA,NA,,[381][M+1]+,group108,corgroup280,+,
FT0958,573.2582,624.1,NA,NA,NA,,[381][M+2]+,group108,NA,,
FT0967,574.2602,624.1,NA,NA,NA,,[381][M+3]+,group108,corgroup280,+,
FT0959,579.2447,624.1,NA,NA,NA,,,NA,corgroup280,,
FT0932,581.26,624.1,NA,NA,NA,,,group109,corgroup280,+,
FT0920,705.8118,624.1,NA,NA,NA,,[452][M+1]2+,group113,corgroup280,+,
FT0949,821.387,624.1,NA,NA,NA,,[473][M]+,group111,corgroup280,+,
FT0938,822.3903,624.1,NA,NA,NA,,[473][M+1]+,group111,corgroup280,+,
FT0960,845.379,624.1,NA,NA,NA,,[480][M]+,group117,corgroup280,+,
FT0961,846.381,624.1,NA,NA,NA,,[480][M+1]+,group117,corgroup280,+,
FT0950,847.3623,624.1,NA,NA,NA,,[481][M]+,group114,corgroup280,+,
FT0954,848.3646,624.1,NA,NA,NA,,[481][M+1]+,group114,corgroup280,+,
FT0935,849.3671,624.1,NA,NA,NA,,[481][M+2]+,group114,corgroup280,+,
FT0964,853.3756,624.1,NA,NA,NA,,,NA,corgroup284,,
FT0968,862.3528,624.1,NA,NA,NA,Precursor,[484][M+1]+,group108,corgroup280,+,
FT0969,863.355,624.1,NA,NA,NA,,[484][M+2]+,group108,corgroup280,+,
FT0955,876.3152,624.1,NA,NA,NA,,,NA,corgroup309,,
FT0951,877.3214,624.1,NA,NA,NA,Precursor,[489][M]+,group108,corgroup280,+,
FT0933,878.3246,624.1,NA,NA,NA,,[489][M+1]+,group108,corgroup309,,
FT0939,879.3257,624.1,NA,NA,NA,,[489][M+2]+,group108,corgroup280,+,
FT0921,880.3257,624.1,NA,NA,NA,,[489][M+3]+,group108,corgroup460,,
FT0956,1119.5041,624.1,NA,NA,NA,,[524][M]+,group115,corgroup280,+,
FT0940,1120.5068,624.1,NA,NA,NA,,[524][M+1]+,group115,corgroup280,+,
FT0925,1121.4937,624.1,NA,NA,NA,,[525][M]+,group110,corgroup280,+,
FT0926,1122.4964,624.1,NA,NA,NA,,[525][M+1]+,group110,corgroup280,+,
FT0962,1135.4816,624.1,NA,NA,NA,Precursor,[526][M]+,group108,corgroup280,+,
FT0952,1136.4845,624.1,NA,NA,NA,,[526][M+1]+,group108,corgroup280,+,
FT0953,1137.4872,624.1,NA,NA,NA,,[526][M+2]+,group108,corgroup280,+,
FT0936,1150.4462,624.1,NA,NA,NA,,,NA,corgroup309,,
FT0941,1152.4557,624.1,NA,NA,NA,,[527][M+1]+,group112,corgroup280,+,
FT0972,245.1285,624.2,NA,NA,FT0918-formaldehyde; FT0943-CO2; FT0944-COOH; FT0974-HCOOH(H2+CO2 or H2O+CO); FT0995-CO,,,group108,corgroup280,+,
FT0973,286.6251,624.2,NA,NA,NA,,[136][M+1]2+,group119,corgroup266,+,
FT0974,291.1338,624.2,NA,NA,NA,,[150][M]+,group108,corgroup280,+,
FT0978,294.6143,624.2,NA,NA,NA,,[154][M+1]2+,group108,corgroup266,,
FT0975,297.1212,624.2,Indole-3-acetyl-L-valine [M+Na]+,[M+Na]+ 274.1317,NA,Precursor; FT0966_MS2 match; FT0975_MS2 match,[158][M]+,group108,corgroup280,+,
FT0976,298.1245,624.2,NA,NA,NA,FT0966_MS2 match,[158][M+1]+,group108,corgroup280,+,
FT0979,299.1269,624.2,NA,NA,NA,,[158][M+2]+,group108,corgroup280,+,
FT0977,432.1812,624.2,NA,NA,NA,,[297][M+2]2+,group108,corgroup280,+,
FT0970,603.1897,624.2,NA,NA,NA,FT0951_MS2 match,[399][M]+,group108,NA,,
FT0980,604.1926,624.2,NA,NA,NA,FT0951_MS2 match,[399][M+1]+,group108,corgroup309,,
FT0971,705.3103,624.2,NA,NA,NA,,[452][M]2+,group113,corgroup280,+,
FT0983,314.0979,624.3,NA,NA,NA,FT0994_MS2 match,[198][M+1]+,group108,corgroup280,+,
FT0982,569.2467,624.3,NA,NA,NA,,[378][M+2]2+,group121,corgroup280,+,
FT0981,717.7913,624.3,NA,NA,NA,,[458][M+1]2+,group120,corgroup89,+,
FT0995,273.1235,624.4,NA,NA,FT0944-OH; FT0974-H2O,,,group108,corgroup280,+,
FT0988,286.1239,624.4,NA,NA,NA,,[136][M]2+,group119,corgroup266,+,
FT0986,294.1127,624.4,NA,[2M+H+K]2+ 274.1317,NA,,[154][M]+,group108,corgroup280,+,
FT0992,302.0989,624.4,NA,NA,FT1007-CO2+NH3,,[172][M]2+,group118,corgroup280,+,
FT0987,431.1785,624.4,NA,[3M+H+K]2+ 274.1317,NA,Precursor,[297][M]+,group108,corgroup280,+,
FT0989,431.68,624.4,NA,NA,NA,,[297][M+1]2+,group108,corgroup280,+,
FT0991,568.2443,624.4,NA,NA,NA,,[378][M]+,group121,corgroup280,+,
FT0984,568.7459,624.4,NA,NA,NA,,[378][M+1]2+,group121,corgroup280,+,
FT0994,587.2224,624.4,NA,[2M+K]+ 274.1317,NA,Precursor; FT0962_MS2 match; FT0987_MS2 match; FT0990_MS2 match,[389][M]+,group108,corgroup284,,
FT0996,588.2254,624.4,NA,NA,NA,FT0962_MS2 match; FT0966_MS2 match; FT0987_MS2 match; FT0990_MS2 match,[389][M+1]+,group108,corgroup309,,
FT0993,589.2263,624.4,NA,NA,NA,FT0962_MS2 match; FT0990_MS2 match,[389][M+2]+,group108,NA,,
FT0990,861.3499,624.4,NA,NA,NA,Precursor,[484][M]+,group108,corgroup280,+,
FT0985,870.3425,624.4,NA,NA,NA,,[487][M+1]+,group108,corgroup256,,
FT0997,644.1932,624.5,NA,NA,NA,,,group122,corgroup280,+,
FT0998,869.3395,624.5,NA,NA,NA,FT0968_MS2 match,[487][M]+,group108,corgroup271,,
FT0999,157.0471,624.6,NA,[M+H+K]2+ 274.1317,NA,,,group108,corgroup266,,
FT1002,169.5712,624.6,NA,NA,NA,,,NA,corgroup266,,
FT1001,313.0949,624.6,NA,[M+K]+ 274.1317,NA,Precursor; FT0994_MS2 match,[198][M]+,group108,corgroup280,+,
FT1000,602.1827,624.6,NA,NA,FT0997-CH2CO,,,group122,corgroup460,+,
FT1003,177.56,624.7,NA,NA,NA,,,NA,corgroup266,,
FT1004,345.1028,624.8,NA,NA,FT1007-H2O,,,group118,corgroup280,+,
FT1005,185.5462,624.9,NA,NA,NA,,,NA,corgroup280,,
FT1006,732.2688,624.9,NA,NA,NA,,,NA,NA,,
FT1007,363.1132,625.2,NA,NA,NA,,,group118,NA,,
FT1008,717.2901,625.3,NA,NA,NA,,[458][M]2+,group120,corgroup271,+,
FT1009,166.0521,625.4,NA,NA,NA,,,NA,corgroup284,,
FT1010,331.2053,626.7,NA,NA,NA,,,NA,corgroup110,,
FT1011,867.3662,626.7,NA,NA,NA,,[486][M]+,group123,corgroup256,+,
FT1012,868.3691,626.8,NA,NA,NA,,[486][M+1]+,group123,corgroup256,+,
FT1013,593.2345,627.2,NA,NA,NA,Precursor,[392][M]+,group124,NA,,
FT1014,594.2376,627.2,NA,NA,NA,,[392][M+1]+,group124,corgroup110,+,
FT1015,875.2707,627.7,NA,NA,NA,,,NA,NA,,
FT1016,319.103,628,NA,NA,NA,Precursor; FT1013_MS2 match; FT1016_MS2 match,,group124,corgroup110,+,
FT1017,303.05,631.3,Quercetin [M+H]+,[M+H]+ 302.0427,NA,Precursor; FT1017_MS2 match,[176][M]+,group125,corgroup147,+,
FT1018,304.0534,631.3,NA,NA,NA,FT1017_MS2 match,[176][M+1]+,group125,corgroup147,+,
FT1019,175.0367,632.8,2-Methoxybenzoic Acid [M+Na]+,[M+Na]+ 152.0473,NA,,,group126,corgroup147,+,
FT1020,382.1239,635.8,NA,NA,NA,,,group127,corgroup370,+,
FT1034,157.076,635.9,3-Indoleacetonitrile [M+H]+,[M+H]+ 156.0687,NA,Precursor,[28][M]+,group128,corgroup370,+,
FT1022,158.0793,635.9,NA,NA,NA,,[28][M+1]+,group128,corgroup370,+,
FT1025,180.0613,635.9,NA,NA,NA,,[44][M+1]+,group128,corgroup370,+,
FT1026,213.0334,635.9,NA,NA,NA,,,NA,corgroup370,,
FT1027,263.0893,635.9,NA,NA,NA,,,NA,corgroup370,,
FT1035,301.1727,635.9,NA,NA,NA,,,NA,corgroup370,,
FT1032,321.1019,635.9,NA,NA,NA,,,NA,corgroup370,,
FT1023,324.1295,635.9,NA,NA,FT1020-NO+CO,,,group127,corgroup370,+,
FT1033,334.1302,635.9,NA,NA,NA,,,NA,corgroup370,,
FT1028,340.1046,635.9,NA,NA,NA,,[242][M]2+,group129,corgroup370,+,
FT1029,340.6058,635.9,NA,NA,NA,,[242][M+1]2+,group129,corgroup370,+,
FT1030,341.1231,635.9,NA,NA,NA,,,NA,corgroup370,,
FT1021,394.0749,635.9,NA,NA,NA,,,NA,corgroup370,,
FT1024,410.1357,635.9,NA,NA,NA,,,NA,NA,,
FT1031,410.654,635.9,NA,NA,NA,,,NA,corgroup370,,
FT1036,254.0841,636,NA,[3M+H+K]2+ 156.0687,NA,,[95][M]2+,group128,corgroup370,+,
FT1038,254.5855,636,NA,NA,NA,,[95][M+1]2+,group128,corgroup370,+,
FT1039,332.1183,636,NA,NA,NA,Precursor,[230][M]2+,group128,corgroup370,+,
FT1037,332.6199,636,NA,NA,NA,,[230][M+1]2+,group128,corgroup370,+,
FT1042,117.0573,636.1,NA,NA,NA,Precursor; FT1042_MS2 match,,group130,corgroup370,+,
FT1044,155.0604,636.1,NA,NA,NA,FT1034_MS2 match,,group128,corgroup370,+,
FT1041,156.0681,636.1,NA,[M]+ 156.0687,NA,,,group128,corgroup370,+,
FT1040,176.0494,636.1,NA,[2M+H+K]2+ 156.0687,NA,,,group128,corgroup370,+,
FT1043,179.0581,636.1,3-Indoleacetonitrile [M+Na]+,[M+Na]+ 156.0687,NA,FT1039_MS2 match,[44][M]+,group128,corgroup370,+,
FT1045,389.2507,636.6,NA,NA,NA,,,NA,NA,,
FT1046,224.0817,640.7,NA,NA,NA,,,NA,NA,,
FT1047,246.0637,640.8,NA,NA,NA,,,NA,NA,,
FT1048,299.11,648.5,NA,NA,NA,,,NA,NA,,
FT1049,885.2803,649.5,NA,NA,NA,,,NA,NA,,
FT1050,130.0079,650.5,NA,NA,NA,,,NA,NA,,
FT1051,578.2957,658.6,NA,NA,NA,,,NA,corgroup393,,
FT1053,374.2076,659.1,NA,NA,NA,,,NA,corgroup393,,
FT1052,396.1893,659.1,NA,NA,NA,Precursor; FT1052_MS2 match,,group131,corgroup393,+,
FT1054,197.0711,663.1,NA,NA,NA,,,NA,corgroup204,,
FT1055,216.1383,665.9,NA,NA,NA,,,NA,corgroup204,,
FT1056,297.1352,666.5,NA,NA,NA,,,NA,NA,,
FT1057,213.146,667,NA,NA,NA,Precursor; FT1057_MS2 match,,group132,NA,,
FT1058,238.1777,669.2,NA,NA,NA,,,NA,NA,,
FT1059,216.1958,669.3,NA,NA,NA,,,NA,corgroup245,,
FT1060,175.0367,669.4,2-Methoxybenzoic Acid [M+Na]+,[M+Na]+ 152.0473,NA,,,group133,NA,,
FT1061,271.0602,669.8,NA,NA,NA,,,NA,corgroup245,,
FT1063,243.1492,670.6,NA,NA,FT1067-HCOOH(H2+CO2 or H2O+CO),,,group134,corgroup245,+,
FT1062,333.1183,670.6,NA,NA,NA,,,NA,corgroup245,,
FT1064,290.1579,670.7,NA,NA,NA,,[145][M+1]+,group134,corgroup245,+,
FT1065,311.1366,670.7,NA,NA,NA,,[193][M]+,group135,corgroup245,+,
FT1066,312.1399,670.7,NA,NA,NA,,[193][M+1]+,group135,corgroup245,+,
FT1068,144.0808,670.8,NA,NA,NA,FT1067_MS2 match,,group134,corgroup245,+,
FT1067,289.1546,670.8,NA,NA,NA,Precursor,[145][M]+,group134,corgroup245,+,
FT1069,605.1627,673.8,NA,NA,NA,Precursor; FT1069_MS2 match,,group136,NA,,
FT1070,186.1308,675.4,NA,NA,NA,,,NA,NA,,
FT1071,264.7479,680.1,NA,NA,NA,,,NA,corgroup84,,
FT1072,264.9374,680.1,NA,NA,NA,,,NA,corgroup84,,
FT1073,265.3357,680.2,NA,NA,NA,,,NA,corgroup84,,
FT1074,527.3419,680.2,NA,[2M+H]+ 263.1674,NA,,,group137,corgroup84,+,
FT1078,130.073,680.3,NA,NA,NA,FT1122_MS2 match,[14][M+1]+,group137,corgroup84,+,
FT1075,152.0621,680.3,NA,NA,NA,FT1080_MS2 match; FT1099_MS2 match; FT1100_MS2 match; FT1122_MS2 match,,group137,corgroup84,+,
FT1076,215.0856,680.3,NA,NA,NA,FT1111_MS2 match; FT1114_MS2 match; FT1122_MS2 match,,group137,corgroup84,+,
FT1077,264.3647,680.3,NA,NA,NA,,,NA,corgroup84,,
FT1079,153.0696,680.4,NA,NA,FT1113-benzene,FT1080_MS2 match; FT1122_MS2 match,,group137,corgroup84,+,
FT1085,154.077,680.4,NA,NA,FT1113-phenyl radical,FT1080_MS2 match; FT1122_MS2 match,,group137,corgroup84,+,
FT1080,155.0854,680.4,NA,NA,FT1114-benzene,Precursor; FT1080_MS2 match; FT1114_MS2 match; FT1122_MS2 match,,group137,NA,,
FT1081,190.0769,680.4,NA,NA,FT1108-CH3; FT1114-C3H7,FT1114_MS2 match; FT1122_MS2 match,,group137,corgroup84,+,
FT1084,208.1203,680.4,NA,NA,NA,FT1122_MS2 match,,group137,corgroup84,+,
FT1082,216.0927,680.4,NA,NA,FT1113-CH3,FT1111_MS2 match; FT1114_MS2 match; FT1122_MS2 match,,group137,corgroup84,+,
FT1083,265.1781,680.4,NA,NA,NA,FT1122_MS2 match,[111][M]+,group137,NA,,
FT1088,91.0543,680.5,NA,NA,NA,Precursor; FT1088_MS2 match; FT1092_MS2 match; FT1114_MS2 match; FT1122_MS2 match,,group137,corgroup84,+,
FT1087,103.0542,680.5,NA,NA,NA,FT1089_MS2 match; FT1114_MS2 match; FT1122_MS2 match,,group137,corgroup84,+,
FT1089,105.0699,680.5,NA,NA,NA,Precursor; FT1089_MS2 match; FT1114_MS2 match; FT1122_MS2 match,[4][M]+,group137,corgroup84,+,
FT1090,106.0733,680.5,NA,NA,NA,FT1114_MS2 match; FT1122_MS2 match,[4][M+1]+,group137,corgroup84,+,
FT1091,115.0542,680.5,NA,NA,FT1105-benzene,FT1080_MS2 match; FT1092_MS2 match; FT1096_MS2 match; FT1114_MS2 match; FT1122_MS2 match,,group137,corgroup84,+,
FT1123,116.0598,680.5,NA,NA,FT1081-C3H6S; FT1105-phenyl radical,FT1092_MS2 match; FT1122_MS2 match,,group137,corgroup84,+,
FT1092,117.0699,680.5,NA,NA,NA,Precursor; FT1092_MS2 match; FT1114_MS2 match; FT1122_MS2 match,[8][M]+,group137,corgroup84,+,
FT1093,118.0731,680.5,NA,NA,NA,FT1092_MS2 match; FT1114_MS2 match; FT1122_MS2 match,[8][M+1]+,group137,corgroup84,+,
FT1120,127.054,680.5,NA,NA,FT1107-phenyl radical; FT1108-benzene,FT1095_MS2 match; FT1122_MS2 match,,group137,corgroup84,+,
FT1094,128.062,680.5,NA,NA,FT1108-phenyl radical,FT1080_MS2 match; FT1095_MS2 match; FT1114_MS2 match; FT1122_MS2 match,,group137,corgroup84,+,
FT1095,129.0698,680.5,NA,NA,NA,Precursor; FT1080_MS2 match; FT1095_MS2 match; FT1114_MS2 match; FT1122_MS2 match,[14][M]+,group137,corgroup84,+,
FT1096,141.0698,680.5,NA,NA,FT1111-phenyl radical,Precursor; FT1096_MS2 match; FT1114_MS2 match; FT1122_MS2 match,,group137,corgroup84,+,
FT1097,156.089,680.5,NA,NA,FT1081-H2S; FT1107-CH4S,FT1080_MS2 match; FT1114_MS2 match; FT1122_MS2 match,,group137,corgroup84,+,
FT1098,165.0699,680.5,NA,NA,NA,Precursor; FT1098_MS2 match; FT1114_MS2 match; FT1122_MS2 match,,group137,corgroup84,+,
FT1099,178.0777,680.5,NA,NA,FT1105-CH3,Precursor; FT1099_MS2 match; FT1100_MS2 match; FT1114_MS2 match; FT1122_MS2 match,,group137,corgroup84,+,
FT1100,179.0852,680.5,NA,NA,NA,Precursor; FT1099_MS2 match; FT1100_MS2 match; FT1114_MS2 match; FT1122_MS2 match,[45][M]+,group137,corgroup84,+,
FT1101,180.0889,680.5,NA,NA,NA,FT1099_MS2 match; FT1100_MS2 match; FT1122_MS2 match,[45][M+1]+,group137,corgroup84,+,
FT1102,189.0699,680.5,NA,NA,FT1107-CH3; FT1113-C3H6,FT1114_MS2 match; FT1122_MS2 match,,group137,corgroup84,+,
FT1103,191.0856,680.5,NA,NA,FT1114-C3H6,FT1114_MS2 match; FT1122_MS2 match,,group137,corgroup84,+,
FT1104,192.0909,680.5,NA,NA,NA,FT1114_MS2 match; FT1122_MS2 match,,group137,corgroup84,+,
FT1105,193.1007,680.5,NA,NA,NA,FT1122_MS2 match,[53][M]+,group137,corgroup84,+,
FT1086,194.1045,680.5,NA,NA,NA,FT1122_MS2 match,[53][M+1]+,group137,corgroup84,+,
FT1106,202.0777,680.5,NA,NA,FT1110-CH3,FT1108_MS2 match; FT1111_MS2 match; FT1114_MS2 match; FT1122_MS2 match,,group137,corgroup84,+,
FT1121,203.0853,680.5,NA,NA,FT1111-CH3,FT1108_MS2 match; FT1111_MS2 match; FT1114_MS2 match; FT1122_MS2 match,,group137,corgroup84,+,
FT1107,204.093,680.5,NA,NA,NA,FT1108_MS2 match; FT1111_MS2 match; FT1114_MS2 match; FT1122_MS2 match,,group137,corgroup84,+,
FT1108,205.101,680.5,NA,NA,FT1122-trimethylamine,Precursor; FT1108_MS2 match; FT1114_MS2 match; FT1122_MS2 match,[58][M]+,group137,corgroup84,+,
FT1109,206.1045,680.5,NA,NA,NA,FT1114_MS2 match; FT1122_MS2 match,[58][M+1]+,group137,corgroup84,+,
FT1110,217.1013,680.5,NA,NA,NA,FT1111_MS2 match; FT1114_MS2 match; FT1122_MS2 match,,group137,corgroup84,+,
FT1111,218.109,680.5,NA,NA,FT1114-CH3,Precursor; FT1111_MS2 match; FT1114_MS2 match; FT1122_MS2 match,[65][M]+,group137,corgroup84,+,
FT1112,219.1124,680.5,NA,NA,NA,FT1111_MS2 match; FT1114_MS2 match; FT1122_MS2 match,[65][M+1]+,group137,corgroup84,+,
FT1113,231.1169,680.5,NA,NA,NA,FT1114_MS2 match; FT1122_MS2 match,,group137,corgroup84,+,
FT1114,233.1326,680.5,NA,NA,FT1122-CH3NH2,Precursor; FT1114_MS2 match; FT1122_MS2 match,[74][M]+,group137,corgroup84,+,
FT1115,234.136,680.5,NA,NA,NA,FT1114_MS2 match; FT1122_MS2 match,[74][M+1]+,group137,corgroup84,+,
FT1116,235.1393,680.5,NA,NA,NA,FT1122_MS2 match,[74][M+2]+,group137,corgroup84,+,
FT1122,264.1752,680.5,Nortriptylin [M+H]+,[M+H]+ 263.1674,NA,Precursor; FT1122_MS2 match,,group137,NA,,
FT1117,264.5666,680.5,NA,NA,NA,,,NA,corgroup84,,
FT1118,266.1815,680.5,NA,NA,NA,FT1122_MS2 match,[111][M+1]+,group137,corgroup84,+,
FT1119,267.1847,680.5,NA,NA,NA,,[111][M+2]+,group137,corgroup84,+,
FT1125,246.2429,680.7,NA,NA,NA,,,NA,NA,,
FT1124,286.1566,680.7,Nortriptylin [M+Na]+,[M+Na]+ 263.1674,NA,,,group137,corgroup84,+,
FT1126,232.133,682,NA,NA,NA,,,NA,NA,,
FT1127,207.086,685.7,NA,NA,NA,,,NA,NA,,
FT1128,447.2924,687.8,NA,NA,NA,,,NA,corgroup150,,
FT1130,175.0367,689.1,2-Methoxybenzoic Acid [M+Na]+,[M+Na]+ 152.0473,NA,,,group138,corgroup358,+,
FT1129,547.2549,689.1,NA,NA,NA,,,NA,corgroup358,,
FT1132,225.066,689.9,NA,NA,NA,,[66][M]+,group139,NA,,
FT1131,226.0692,689.9,NA,NA,NA,,[66][M+1]+,group139,NA,,
FT1133,248.0512,689.9,NA,NA,NA,,[89][M+1]+,group140,NA,,
FT1134,247.0479,690,NA,NA,NA,,[89][M]+,group140,corgroup150,+,
FT1135,263.2411,694.5,NA,NA,NA,,[110][M+1]+,group141,corgroup480,+,
FT1136,262.2376,694.7,NA,NA,NA,,[110][M]+,group141,corgroup480,+,
FT1137,221.0808,697,NA,NA,NA,,,NA,corgroup316,,
FT1138,367.1152,697,NA,NA,NA,,,NA,corgroup316,,
FT1139,426.1335,697.7,NA,NA,NA,Precursor; FT1139_MS2 match,,group142,corgroup316,+,
FT1140,168.0476,699.3,NA,NA,NA,,,NA,NA,,
FT1142,214.1802,699.8,NA,NA,FT1146-formaldehyde,,,group144,corgroup357,,
FT1141,236.1621,699.8,NA,NA,FT1148-formaldehyde,,,group143,corgroup221,+,
FT1143,291.2167,700.6,NA,NA,NA,,,NA,corgroup357,,
FT1144,313.1986,700.7,NA,NA,NA,Precursor; FT1144_MS2 match,,group145,corgroup357,+,
FT1145,227.1835,701.1,NA,NA,NA,,[67][M+1]+,group144,corgroup221,+,
FT1147,226.1801,701.3,NA,NA,FT1146-H2O,,[67][M]+,group144,corgroup221,+,
FT1146,244.1907,701.3,NA,NA,NA,,,group144,corgroup221,+,
FT1148,266.1728,701.3,NA,NA,NA,,,group143,corgroup221,+,
FT1149,278.1902,702.9,NA,NA,NA,Precursor; FT1149_MS2 match,,group146,NA,,
FT1151,325.0674,703.4,NA,NA,NA,,[214][M]+,group147,corgroup367,+,
FT1150,326.0703,703.4,NA,NA,NA,,[214][M+1]+,group147,corgroup367,+,
FT1152,327.0872,704.8,NA,NA,NA,,,NA,NA,,
FT1153,599.2839,706.1,NA,NA,NA,Precursor,,group148,corgroup369,+,
FT1158,130.0651,706.2,NA,NA,NA,FT1156_MS2 match,,group149,corgroup369,+,
FT1156,289.1547,706.2,NA,NA,NA,Precursor,[146][M]+,group149,corgroup369,+,
FT1155,290.158,706.2,NA,NA,NA,,[146][M+1]+,group149,corgroup369,+,
FT1157,311.1367,706.2,NA,NA,NA,Precursor; FT1153_MS2 match; FT1157_MS2 match,[194][M]+,group148,corgroup369,+,
FT1154,312.1399,706.2,NA,NA,NA,FT1157_MS2 match,[194][M+1]+,group148,corgroup369,+,
FT1159,287.1392,709.9,NA,NA,NA,,,NA,NA,,
FT1160,360.1494,712.5,NA,NA,NA,Precursor; FT1160_MS2 match,,group150,corgroup467,+,
FT1161,182.0794,713.7,NA,NA,NA,,[46][M+1]+,group151,corgroup278,+,
FT1162,181.076,713.8,NA,NA,NA,,[46][M]+,group151,corgroup278,+,
FT1163,177.0547,714.1,NA,NA,NA,,,NA,corgroup467,,
FT1164,431.1785,723.6,NA,NA,NA,,,NA,NA,,
FT1165,179.1043,726.6,NA,NA,NA,,,NA,NA,,
FT1166,230.1538,728.7,NA,NA,NA,,,NA,NA,,
FT1167,263.056,733.2,NA,NA,NA,,,NA,corgroup323,,
FT1168,224.0641,733.3,NA,NA,NA,,,NA,corgroup323,,
FT1169,223.0636,733.5,NA,NA,NA,,,NA,corgroup323,,
FT1173,100.1121,737.5,NA,NA,NA,,,NA,NA,,
FT1174,321.1017,737.5,NA,NA,NA,,[209][M]+,group154,corgroup419,+,
FT1175,347.0808,737.5,NA,NA,NA,,,NA,corgroup194,,
FT1170,415.1838,737.5,NA,NA,NA,,[289][M]+,group152,corgroup263,+,
FT1171,416.187,737.5,NA,NA,NA,,[289][M+1]+,group152,NA,,
FT1176,446.1859,737.5,NA,NA,NA,,[302][M]+,group155,corgroup419,+,
FT1177,447.1886,737.5,NA,NA,NA,,[302][M+1]+,group155,corgroup419,+,
FT1178,448.1859,737.5,NA,NA,NA,,[302][M+2]+,group155,corgroup419,+,
FT1179,465.6604,737.5,NA,NA,NA,,[311][M+1]2+,group156,corgroup263,+,
FT1180,469.1705,737.5,NA,NA,NA,,[313][M+1]+,group157,corgroup419,+,
FT1181,490.1493,737.5,NA,NA,NA,,,NA,corgroup194,,
FT1172,914.3482,737.5,NA,NA,NA,,[494][M+1]+,group153,NA,,
FT1182,465.1592,737.7,NA,NA,NA,,[311][M]2+,group156,corgroup263,+,
FT1183,913.3454,737.7,NA,NA,NA,,[494][M]+,group153,NA,,
FT1184,242.5701,737.8,NA,NA,NA,,,NA,corgroup263,,
FT1189,250.5563,737.8,NA,NA,NA,,,NA,NA,,
FT1190,251.5754,737.8,NA,NA,NA,,,NA,NA,,
FT1185,322.1046,737.8,NA,NA,NA,,[209][M+1]+,group154,NA,,
FT1186,468.1677,737.8,NA,NA,NA,,[313][M]+,group157,corgroup419,+,
FT1187,470.1676,737.8,NA,NA,NA,,[313][M+2]+,group157,NA,,
FT1188,891.3638,737.8,NA,NA,NA,,,NA,NA,,
FT1191,246.1489,739.2,NA,NA,NA,,,NA,corgroup194,,
FT1192,302.1751,739.8,NA,NA,NA,,[173][M]+,group158,corgroup469,+,
FT1193,303.1785,739.8,NA,NA,NA,,[173][M+1]+,group158,corgroup469,+,
FT1194,281.1723,743.1,NA,NA,NA,,,NA,corgroup196,,
FT1195,271.1876,743.7,NA,NA,NA,,,NA,corgroup196,,
FT1196,286.1803,745.2,NA,NA,NA,,,NA,NA,,
FT1197,318.17,746.2,NA,NA,NA,,,NA,NA,,
FT1198,495.2013,749.5,NA,NA,FT1313-H3PO4 from 2+ charge state,,,group159,corgroup338,+,
FT1199,517.183,749.8,NA,NA,NA,,,NA,corgroup338,,
FT1200,158.0728,750.5,NA,NA,NA,FT1223_MS2 match; FT1237_MS2 match; FT1239_MS2 match; FT1318_MS2 match,[29][M]+,group159,corgroup338,+,
FT1201,331.0608,750.5,NA,NA,NA,,,NA,corgroup338,,
FT1206,128.062,750.6,NA,NA,FT1200-formaldehyde; FT1236-CH2CO,FT1237_MS2 match; FT1239_MS2 match,,group159,corgroup338,+,
FT1217,153.0697,750.6,NA,NA,FT1218-CH2OH; FT1236-OH; FT1237-CH3OH,FT1237_MS2 match; FT1239_MS2 match; FT1243_MS2 match,,group159,corgroup338,+,
FT1207,159.0776,750.6,NA,NA,NA,FT1239_MS2 match,[29][M+1]+,group159,corgroup338,+,
FT1218,184.0881,750.6,NA,NA,FT1223-CF3; FT1292-HCOOH(H2+CO2 or H2O+CO); FT1305-OH,FT1237_MS2 match; FT1239_MS2 match,,group159,corgroup244,,
FT1219,186.0996,750.6,NA,NA,NA,FT1223_MS2 match; FT1237_MS2 match; FT1239_MS2 match; FT1243_MS2 match; FT1268_MS2 match; FT1281_MS2 match; FT1287_MS2 match; FT1290_MS2 match; FT1300_MS2 match,[48][M+1]+,group159,corgroup338,+,
FT1220,232.1051,750.6,NA,NA,NA,FT1239_MS2 match,[72][M+1]+,group159,corgroup338,+,
FT1221,233.1076,750.6,NA,NA,NA,,[72][M+2]+,group159,corgroup338,+,
FT1203,234.1101,750.6,NA,NA,NA,,[72][M+3]+,group159,corgroup338,+,
FT1222,248.1282,750.6,NA,[M+NH4]+ 230.0943,NA,,,group159,corgroup338,+,
FT1223,253.0837,750.6,Naproxen [M+Na]+,[M+Na]+ 230.0943,FT1316-γ-GluAlaGly-2H,Precursor; FT1212_MS2 match,[92][M]+,group159,corgroup338,+,
FT1224,254.0871,750.6,NA,NA,NA,FT1212_MS2 match,[92][M+1]+,group159,corgroup338,+,
FT1208,255.0895,750.6,NA,NA,NA,FT1212_MS2 match,[92][M+2]+,group159,corgroup338,+,
FT1225,269.0574,750.6,NA,[M+K]+ 230.0943,NA,,[114][M]+,group159,corgroup338,+,
FT1204,270.0608,750.6,NA,NA,NA,,[114][M+1]+,group159,corgroup338,+,
FT1212,483.1779,750.6,NA,[2M+Na]+ 230.0943,NA,Precursor,[324][M]+,group159,corgroup338,+,
FT1209,484.181,750.6,NA,NA,NA,,[324][M+1]+,group159,corgroup338,+,
FT1213,485.1839,750.6,NA,NA,NA,,[324][M+2]+,group159,corgroup338,+,
FT1226,516.1184,750.6,NA,NA,NA,FT1268_MS2 match,[341][M+1]+,group159,corgroup338,+,
FT1227,743.2132,750.6,NA,NA,NA,,,NA,corgroup244,,
FT1210,795.1918,750.6,NA,NA,NA,,,NA,NA,,
FT1205,948.3525,750.6,NA,NA,NA,,[503][M+3]+,group159,corgroup338,+,
FT1202,976.3016,750.6,NA,NA,NA,,[510][M+2]+,group160,corgroup244,,
FT1214,990.3098,750.6,NA,NA,NA,,[512][M+1]+,group161,corgroup244,+,
FT1211,1019.2652,750.6,NA,NA,NA,,,NA,corgroup431,,
FT1215,1241.3829,750.6,NA,NA,NA,,[529][M]+,group162,corgroup338,+,
FT1216,1242.3857,750.6,NA,NA,NA,,[529][M+1]+,group162,corgroup338,+,
FT1254,115.0542,750.7,NA,NA,FT1225-C3H7O5P,FT1236_MS2 match; FT1237_MS2 match; FT1239_MS2 match,,group159,corgroup338,+,
FT1234,152.0621,750.7,NA,NA,FT1218-CH3OH; FT1236-H2O; FT1247-OH,FT1237_MS2 match; FT1239_MS2 match,,group159,corgroup338,+,
FT1235,154.0773,750.7,NA,NA,FT1218-formaldehyde; FT1237-CH2OH,FT1237_MS2 match; FT1239_MS2 match; FT1243_MS2 match; FT1268_MS2 match,,group159,corgroup338,+,
FT1255,155.0851,750.7,NA,NA,FT1237-formaldehyde; FT1265-NO2+NO2+CO; FT1305-HCOOH(H2+CO2 or H2O+CO),FT1237_MS2 match; FT1239_MS2 match; FT1243_MS2 match,,group159,corgroup338,+,
FT1247,169.0647,750.7,NA,NA,FT1218-CH3; FT1305-CH3OH,FT1236_MS2 match; FT1237_MS2 match; FT1239_MS2 match; FT1243_MS2 match; FT1281_MS2 match,,group159,corgroup338,+,
FT1236,170.0725,750.7,NA,NA,FT1237-CH3; FT1292-CH3COOH; FT1305-CH2OH,Precursor; FT1223_MS2 match; FT1236_MS2 match; FT1237_MS2 match; FT1239_MS2 match; FT1243_MS2 match; FT1268_MS2 match; FT1281_MS2 match; FT1287_MS2 match; FT1290_MS2 match; FT1293_MS2 match; FT1300_MS2 match,[39][M]+,group159,corgroup338,+,
FT1228,171.0764,750.7,NA,NA,NA,FT1236_MS2 match; FT1237_MS2 match; FT1239_MS2 match; FT1243_MS2 match,[39][M+1]+,group159,corgroup338,+,
FT1231,181.076,750.7,NA,NA,NA,FT1237_MS2 match; FT1239_MS2 match,,group159,corgroup338,+,
FT1237,185.0962,750.7,NA,[M+H-CH2O2]+ 230.0943,FT1239-HCOOH(H2+CO2 or H2O+CO); FT1292-COOH,Precursor; FT1212_MS2 match; FT1223_MS2 match; FT1237_MS2 match; FT1239_MS2 match; FT1243_MS2 match; FT1268_MS2 match; FT1270_MS2 match; FT1274_MS2 match; FT1281_MS2 match; FT1285_MS2 match; FT1287_MS2 match; FT1290_MS2 match; FT1293_MS2 match; FT1300_MS2 match; FT1308_MS2 match,[48][M]+,group159,corgroup338,+,
FT1238,187.1026,750.7,NA,NA,NA,FT1239_MS2 match; FT1243_MS2 match,[48][M+2]+,group159,corgroup338,+,
FT1239,231.1017,750.7,Naproxen [M+H]+,[M+H]+ 230.0943,FT1222-NH3,Precursor; FT1223_MS2 match; FT1239_MS2 match,[72][M]+,group159,corgroup338,+,
FT1262,481.1725,750.7,NA,NA,NA,,[321][M+2]2+,group167,corgroup338,+,
FT1248,506.1631,750.7,NA,NA,NA,,[335][M+1]+,group159,corgroup338,+,
FT1240,507.1657,750.7,NA,NA,NA,,[335][M+2]+,group159,corgroup338,+,
FT1259,513.1197,750.7,NA,NA,NA,FT1268_MS2 match,,group159,corgroup338,+,
FT1229,521.1329,750.7,NA,NA,NA,,,NA,corgroup233,,
FT1260,731.2431,750.7,NA,NA,NA,,[461][M+2]+,group159,corgroup338,+,
FT1257,736.2574,750.7,NA,NA,NA,,[464][M+1]+,group166,corgroup338,+,
FT1241,746.2123,750.7,NA,NA,NA,,[465][M+1]+,group159,corgroup338,+,
FT1242,747.2133,750.7,NA,NA,NA,,[465][M+2]+,group159,corgroup338,+,
FT1232,748.2151,750.7,NA,NA,NA,,[465][M+3]+,group159,corgroup244,,
FT1249,757.2355,750.7,NA,NA,NA,,[466][M]+,group164,corgroup233,+,
FT1250,758.2388,750.7,NA,NA,NA,,[466][M+1]+,group164,corgroup233,+,
FT1261,780.2211,750.7,NA,NA,NA,,[468][M+1]+,group159,corgroup233,,
FT1251,943.3539,750.7,NA,NA,NA,,[502][M]+,group165,corgroup338,+,
FT1243,945.3442,750.7,NA,NA,NA,Precursor,[503][M]+,group159,corgroup338,+,
FT1244,946.3469,750.7,NA,NA,NA,,[503][M+1]+,group159,corgroup338,+,
FT1230,947.3496,750.7,NA,NA,NA,,[503][M+2]+,group159,corgroup338,+,
FT1245,961.3378,750.7,NA,NA,NA,,[507][M+2]+,group159,corgroup338,+,
FT1233,962.3398,750.7,NA,NA,NA,,[507][M+3]+,group159,corgroup338,+,
FT1246,965.3476,750.7,NA,NA,NA,,[509][M]+,group163,corgroup338,+,
FT1256,966.3509,750.7,NA,NA,NA,,[509][M+1]+,group163,corgroup338,+,
FT1258,975.2992,750.7,NA,NA,NA,,[510][M+1]+,group160,corgroup338,+,
FT1252,989.307,750.7,NA,NA,NA,,[512][M]+,group161,corgroup338,+,
FT1253,1031.2934,750.7,NA,NA,NA,,[516][M]+,group160,corgroup233,,
FT1263,141.0699,750.8,NA,NA,FT1200-OH; FT1239-C3H6O3; FT1247-CO; FT1305-CH3COOH,FT1236_MS2 match; FT1237_MS2 match; FT1239_MS2 match,,group159,corgroup338,+,
FT1264,142.0773,750.8,NA,NA,FT1218-CH2CO; FT1236-CO,FT1223_MS2 match; FT1236_MS2 match; FT1237_MS2 match; FT1239_MS2 match,,group159,corgroup338,+,
FT1292,230.0938,750.8,NA,[M]+ 230.0943,NA,,,group159,corgroup338,+,
FT1265,275.0656,750.8,NA,NA,NA,Precursor; FT1265_MS2 match; FT1276_MS2 match; FT1280_MS2 match; FT1285_MS2 match; FT1287_MS2 match; FT1316_MS2 match,[122][M]+,group159,corgroup338,+,
FT1278,276.0689,750.8,NA,NA,NA,FT1276_MS2 match; FT1280_MS2 match; FT1285_MS2 match,[122][M+1]+,group159,corgroup338,+,
FT1279,291.0394,750.8,NA,NA,NA,,,NA,corgroup298,,
FT1293,365.1223,750.8,NA,[3M+H+K]2+ 230.0943,NA,Precursor,[264][M]+,group159,corgroup338,+,
FT1283,365.624,750.8,NA,NA,NA,,[264][M+1]2+,group159,corgroup338,+,
FT1266,366.1254,750.8,NA,NA,NA,,[264][M+2]2+,group159,corgroup338,+,
FT1284,480.1695,750.8,NA,NA,NA,,[321][M]+,group167,corgroup338,+,
FT1267,480.6711,750.8,NA,NA,NA,,[321][M+1]2+,group167,corgroup338,+,
FT1294,500.1461,750.8,NA,NA,NA,FT1270_MS2 match; FT1274_MS2 match,[331][M+1]+,group159,corgroup338,+,
FT1280,505.1598,750.8,NA,NA,NA,Precursor,[335][M]+,group159,corgroup338,+,
FT1281,515.1152,750.8,NA,NA,NA,Precursor; FT1268_MS2 match; FT1281_MS2 match,[341][M]+,group159,corgroup338,+,
FT1302,517.1527,750.8,NA,NA,NA,FT1270_MS2 match; FT1274_MS2 match; FT1281_MS2 match,,group159,NA,,
FT1285,527.1417,750.8,NA,NA,NA,Precursor; FT1276_MS2 match,[351][M]+,group159,corgroup338,+,
FT1273,528.1449,750.8,NA,NA,NA,,[351][M+1]+,group159,corgroup233,,
FT1303,543.1155,750.8,NA,NA,NA,,,NA,NA,,
FT1295,556.1186,750.8,NA,NA,NA,,,NA,corgroup338,,
FT1300,713.2595,750.8,NA,NA,NA,Precursor,[455][M]+,group159,corgroup338,+,
FT1289,714.2623,750.8,NA,NA,NA,,[455][M+1]+,group159,corgroup338,+,
FT1290,715.2496,750.8,NA,NA,NA,Precursor; FT1243_MS2 match,[457][M]+,group159,corgroup338,+,
FT1286,716.2525,750.8,NA,NA,NA,FT1243_MS2 match,[457][M+1]+,group159,corgroup338,+,
FT1296,717.2552,750.8,NA,NA,NA,,[457][M+2]+,group159,corgroup244,,
FT1274,729.2375,750.8,NA,NA,NA,Precursor,[461][M]+,group159,corgroup338,+,
FT1287,730.2405,750.8,NA,NA,NA,Precursor,[461][M+1]+,group159,corgroup338,+,
FT1297,733.258,750.8,NA,NA,NA,FT1243_MS2 match,[463][M]+,group159,corgroup297,,
FT1298,734.2615,750.8,NA,NA,NA,,[463][M+1]+,group159,corgroup185,,
FT1275,735.2544,750.8,NA,NA,NA,,[464][M]+,group166,corgroup338,+,
FT1268,745.2089,750.8,NA,NA,NA,Precursor,[465][M]+,group159,corgroup338,+,
FT1288,773.2061,750.8,NA,NA,NA,,,NA,NA,,
FT1276,779.218,750.8,NA,NA,NA,Precursor,[468][M]+,group159,corgroup233,,
FT1269,944.3566,750.8,NA,NA,NA,,[502][M+1]+,group165,corgroup338,+,
FT1270,959.3316,750.8,NA,NA,NA,Precursor,[507][M]+,group159,corgroup338,+,
FT1271,960.3349,750.8,NA,NA,NA,,[507][M+1]+,group159,corgroup338,+,
FT1272,974.2959,750.8,NA,NA,FT1253-CO+CO+H,,[510][M]+,group160,corgroup338,+,
FT1299,1025.2771,750.8,NA,NA,NA,,,NA,corgroup233,,
FT1282,1032.297,750.8,NA,NA,NA,,[516][M+1]+,group160,NA,,
FT1277,1041.2496,750.8,NA,NA,NA,,,NA,corgroup185,,
FT1301,1270.3363,750.8,NA,NA,NA,,[532][M]+,group168,corgroup233,+,
FT1291,1271.3394,750.8,NA,NA,NA,,[532][M+1]+,group168,corgroup233,+,
FT1305,201.091,750.9,NA,NA,FT1239-formaldehyde,,,group159,corgroup338,+,
FT1307,250.0753,750.9,NA,[2M+H+K]2+ 230.0943,NA,FT1293_MS2 match,[91][M]2+,group159,corgroup338,+,
FT1306,499.1429,750.9,NA,NA,FT1302-H2O,FT1270_MS2 match; FT1274_MS2 match; FT1281_MS2 match,[331][M]+,group159,corgroup338,+,
FT1308,547.2551,750.9,NA,NA,NA,Precursor,[364][M]+,group159,corgroup296,,
FT1309,548.2582,750.9,NA,NA,NA,,[364][M+1]+,group159,corgroup296,,
FT1304,744.2027,750.9,NA,NA,NA,,,NA,corgroup338,,
FT1310,155.5413,751,NA,NA,NA,,,NA,corgroup298,,
FT1312,242.0864,751,NA,NA,NA,,,NA,corgroup298,,
FT1311,250.5769,751,NA,NA,NA,FT1293_MS2 match,[91][M+1]2+,group159,corgroup338,+,
FT1314,259.0805,751,NA,NA,FT1284-N-acetylglucosamine,,,group167,corgroup297,,
FT1315,408.152,751,NA,NA,NA,,,NA,corgroup338,,
FT1316,526.1805,751,NA,NA,FT1313-H2O; FT1317-C3H7,Precursor,[350][M]+,group159,corgroup338,+,
FT1313,544.1908,751,NA,NA,NA,,,group159,corgroup185,,
FT1323,135.028,751.1,NA,[M+H+K]2+ 230.0943,NA,,,group159,corgroup298,,
FT1322,147.5525,751.1,NA,NA,NA,,,NA,corgroup298,,
FT1318,164.5466,751.1,NA,NA,NA,Precursor,,group159,corgroup338,+,
FT1320,345.189,751.1,NA,NA,NA,,[246][M+1]+,group169,corgroup390,+,
FT1319,527.1836,751.1,NA,NA,NA,,[350][M+1]+,group159,corgroup233,,
FT1317,569.237,751.1,NA,NA,NA,,[379][M]+,group159,corgroup338,+,
FT1321,751.2186,751.1,NA,NA,NA,,,NA,NA,,
FT1325,144.0333,751.2,NA,NA,FT1293-N-acetylglucosamine,,,group159,corgroup244,,
FT1324,570.2404,751.2,NA,NA,NA,,[379][M+1]+,group159,corgroup338,+,
FT1326,342.0917,751.3,NA,NA,NA,,,NA,corgroup298,,
FT1327,344.1857,751.3,NA,NA,NA,,[246][M]+,group169,corgroup390,+,
FT1328,366.1673,751.3,NA,NA,NA,,,NA,corgroup431,,
FT1329,325.1523,752.8,NA,NA,NA,Precursor; FT1329_MS2 match,[215][M]+,group170,corgroup296,+,
FT1331,303.1704,753,NA,NA,NA,,[177][M]+,group171,corgroup296,+,
FT1332,304.1736,753,NA,NA,NA,,[177][M+1]+,group171,corgroup296,+,
FT1333,326.1555,753,NA,NA,NA,FT1329_MS2 match,[215][M+1]+,group170,corgroup296,+,
FT1330,327.1583,753,NA,NA,NA,,[215][M+2]+,group170,corgroup296,+,
FT1334,257.1287,753.1,NA,NA,NA,,,NA,corgroup296,,
FT1335,287.2693,753.6,NA,NA,NA,,,NA,NA,,
FT1336,341.1261,753.7,NA,NA,NA,,,NA,corgroup296,,
FT1337,577.2282,753.7,NA,NA,NA,,,NA,corgroup296,,
FT1338,627.3152,753.8,NA,NA,NA,,,NA,corgroup296,,
FT1339,251.1298,753.9,NA,NA,NA,,,NA,NA,,
FT1340,330.2061,755.6,NA,NA,NA,,,NA,corgroup168,,
FT1341,268.1882,757.8,NA,NA,NA,,,group172,corgroup168,+,
FT1342,211.1694,758,NA,NA,FT1345-NH3,,,group173,corgroup168,+,
FT1343,250.1778,758.1,NA,NA,FT1341-H2O; FT1347-H2S,,,group172,corgroup168,+,
FT1344,229.1992,758.2,NA,NA,NA,,[68][M+1]+,group173,NA,,
FT1345,228.1958,758.3,NA,NA,NA,,[68][M]+,group173,corgroup168,+,
FT1346,266.1516,759.3,NA,NA,FT1347-H2O,,,group172,NA,,
FT1347,284.1643,759.7,NA,NA,NA,,,group172,NA,,
FT1348,561.2705,761,NA,NA,NA,,[375][M]+,group174,corgroup417,+,
FT1349,583.2524,761,NA,NA,NA,Precursor; FT1349_MS2 match,,group175,corgroup417,+,
FT1350,562.2737,761.1,NA,NA,NA,,[375][M+1]+,group174,corgroup417,+,
FT1351,289.1996,762.2,NA,NA,NA,,[140][M+1]+,group176,corgroup153,+,
FT1352,288.1958,762.5,NA,NA,NA,,[140][M]+,group176,corgroup153,+,
FT1353,260.1601,764,NA,NA,NA,,[101][M+2]+,group177,corgroup153,,
FT1354,258.149,764.5,NA,NA,NA,,[101][M]+,group177,corgroup329,+,
FT1355,259.1523,764.5,NA,NA,NA,,[101][M+1]+,group177,corgroup329,+,
FT1356,405.1998,768.8,NA,NA,NA,,[285][M+1]+,group178,corgroup399,+,
FT1357,287.1393,769,NA,NA,NA,,,NA,corgroup399,,
FT1358,404.1969,769,NA,NA,NA,,[285][M]+,group178,corgroup399,+,
FT1359,426.1787,769.1,NA,NA,NA,Precursor; FT1359_MS2 match,,group179,corgroup399,+,
FT1360,318.1699,773.6,NA,NA,NA,,,NA,NA,,
FT1363,149.0233,773.9,NA,NA,NA,,,NA,corgroup225,,
FT1361,177.0546,773.9,NA,NA,NA,,,NA,corgroup225,,
FT1364,245.0784,773.9,NA,NA,NA,,[84][M]+,group180,corgroup225,+,
FT1362,246.0817,773.9,NA,NA,NA,,[84][M+1]+,group180,corgroup225,+,
FT1365,275.2775,776.8,NA,NA,NA,,[120][M+1]+,group181,corgroup348,+,
FT1366,270.2216,777.5,NA,NA,NA,,,NA,NA,,
FT1367,274.2741,777.7,NA,NA,NA,,[120][M]+,group181,corgroup348,+,
FT1368,230.248,779.6,NA,NA,NA,,,NA,corgroup348,,
FT1369,310.18,781,NA,NA,FT1370-H2O,,,group182,NA,,
FT1370,328.1907,781,NA,NA,NA,,[226][M]+,group182,corgroup172,+,
FT1371,329.194,781,NA,NA,NA,,[226][M+1]+,group182,corgroup172,+,
FT1372,350.1725,781,NA,NA,NA,,,NA,NA,,
FT1373,330.1975,781.2,NA,NA,NA,,[226][M+2]+,group182,NA,,
FT1375,304.1907,785.4,NA,NA,NA,,[179][M]+,group183,corgroup43,+,
FT1374,305.1939,785.4,NA,NA,NA,,[179][M+1]+,group183,NA,,
FT1377,242.154,785.5,NA,NA,NA,,[80][M]+,group184,NA,,
FT1376,243.1572,785.5,NA,NA,NA,,[80][M+1]+,group184,corgroup43,+,
FT1378,317.1723,786.6,NA,NA,NA,,,NA,corgroup258,,
FT1379,339.1542,786.6,NA,NA,NA,,,NA,NA,,
FT1380,161.0961,786.8,NA,NA,NA,,,NA,corgroup116,,
FT1381,277.1795,786.9,NA,NA,FT1375-HCN,,,group183,corgroup116,+,
FT1382,290.269,787.1,NA,NA,NA,,[149][M]+,group185,corgroup449,+,
FT1383,291.2726,787.1,NA,NA,NA,,[149][M+1]+,group185,corgroup449,+,
FT1384,374.1646,787.1,NA,NA,NA,Precursor; FT1384_MS2 match,,group186,corgroup116,+,
FT1385,575.2864,788.3,NA,NA,NA,,,NA,corgroup116,,
FT1386,597.2681,788.5,NA,NA,NA,Precursor; FT1386_MS2 match,,group187,corgroup116,+,
FT1387,286.1803,788.9,NA,NA,NA,,,group188,NA,,
FT1388,246.1761,789.1,NA,NA,NA,,[83][M+2]+,group188,corgroup258,+,
FT1391,244.1696,789.2,NA,NA,FT1387-CH2CO,,[83][M]+,group188,corgroup258,+,
FT1389,245.1731,789.2,NA,NA,NA,,[83][M+1]+,group188,corgroup258,+,
FT1390,266.1515,789.2,NA,NA,NA,,,NA,corgroup258,,
FT1392,509.3138,789.2,NA,NA,NA,,,NA,corgroup258,,
FT1393,334.1774,791.7,NA,NA,NA,,,NA,NA,,
FT1394,313.1991,792,NA,NA,NA,,[196][M+1]+,group189,corgroup470,+,
FT1395,312.1959,792.2,NA,NA,NA,,[196][M]+,group189,corgroup470,+,
FT1396,302.2114,792.7,NA,NA,NA,,,group190,NA,,
FT1397,130.0651,793.5,NA,NA,FT1398-CH2CO; FT1404-CO,,,group191,NA,,
FT1398,172.0757,793.5,NA,NA,NA,,,group191,NA,,
FT1400,159.0679,794,NA,NA,NA,,[31][M]+,group192,corgroup224,+,
FT1399,160.0713,794,NA,NA,NA,,[31][M+1]+,group192,corgroup224,+,
FT1401,521.3279,794,NA,NA,NA,,[345][M+2]+,group193,corgroup224,+,
FT1402,301.1627,794.1,NA,NA,NA,,[164][M+1]+,group194,corgroup303,,
FT1403,263.1733,794.2,NA,NA,NA,,[108][M+3]+,group190,corgroup303,+,
FT1404,158.06,794.3,NA,NA,NA,,,group191,corgroup224,+,
FT1405,162.055,794.3,NA,NA,NA,,,NA,corgroup224,,
FT1416,186.0914,794.3,NA,NA,NA,,,NA,corgroup224,,
FT1406,260.1647,794.3,NA,NA,FT1396-C3H6,,[108][M]+,group190,NA,,
FT1407,260.323,794.3,NA,NA,NA,,,NA,NA,,
FT1408,260.5539,794.3,NA,NA,NA,,,NA,NA,,
FT1417,261.168,794.3,NA,NA,NA,,[108][M+1]+,group190,corgroup303,+,
FT1409,262.1709,794.3,NA,NA,NA,,[108][M+2]+,group190,corgroup303,+,
FT1418,282.1465,794.3,NA,NA,FT1419-H2O,,[129][M]+,group194,corgroup224,+,
FT1410,283.1497,794.3,NA,NA,NA,,[129][M+1]+,group194,corgroup224,+,
FT1419,300.1594,794.3,NA,NA,NA,,[164][M]+,group194,NA,,
FT1411,519.3217,794.3,NA,NA,NA,,[345][M]+,group193,corgroup224,+,
FT1412,520.325,794.3,NA,NA,NA,,[345][M+1]+,group193,corgroup224,+,
FT1413,541.3036,794.3,NA,NA,NA,,,NA,corgroup224,,
FT1414,591.126,794.3,NA,[2M+Na]+ 284.0685,NA,Precursor,[390][M]+,group195,corgroup334,+,
FT1415,592.1293,794.3,NA,NA,NA,,[390][M+1]+,group195,corgroup334,+,
FT1425,190.5146,794.5,NA,NA,NA,,,NA,corgroup334,,
FT1423,191.5337,794.5,NA,NA,NA,,,NA,corgroup334,,
FT1421,285.0761,794.5,Biochanin A [M+H]+,[M+H]+ 284.0685,NA,Precursor; FT1421_MS2 match; FT1430_MS2 match,[134][M]+,group195,corgroup334,+,
FT1424,286.0793,794.5,NA,NA,NA,FT1421_MS2 match,[134][M+1]+,group195,corgroup334,+,
FT1420,287.0816,794.5,NA,NA,NA,FT1421_MS2 match,[134][M+2]+,group195,corgroup334,+,
FT1422,304.0495,794.5,NA,[2M+H+K]2+ 284.0685,NA,,[178][M]2+,group195,corgroup334,+,
FT1426,182.5284,794.7,NA,NA,NA,,,NA,corgroup334,,
FT1428,308.0611,794.7,NA,NA,NA,FT1414_MS2 match,[182][M+1]+,group195,corgroup334,+,
FT1427,380.0215,794.7,NA,NA,NA,,,NA,corgroup334,,
FT1429,446.0837,794.7,NA,[3M+H+K]2+ 284.0685,NA,,,group195,corgroup334,+,
FT1430,307.0578,794.8,Biochanin A [M+Na]+,[M+Na]+ 284.0685,NA,Precursor; FT1414_MS2 match,[182][M]+,group195,corgroup334,+,
FT1431,593.1026,794.8,NA,NA,NA,FT1414_MS2 match,[391][M]+,group195,corgroup334,+,
FT1433,162.0152,794.9,NA,[M+H+K]2+ 284.0685,NA,,,group195,corgroup334,+,
FT1434,304.551,794.9,NA,NA,NA,,[178][M+1]2+,group195,corgroup334,+,
FT1435,594.1057,794.9,NA,NA,NA,,[391][M+1]+,group195,corgroup334,+,
FT1432,607.0919,794.9,NA,NA,NA,,,NA,corgroup334,,
FT1436,623.0624,794.9,NA,NA,NA,,,NA,corgroup334,,
FT1437,323.0301,795.1,NA,[M+K]+ 284.0685,NA,,,group195,corgroup334,+,
FT1438,367.2166,797.6,NA,NA,NA,,,NA,NA,,
FT1439,200.2373,801.5,NA,NA,NA,,,NA,NA,,
FT1440,676.9874,807.5,NA,NA,NA,,,NA,corgroup109,,
FT1441,329.0051,808,NA,NA,NA,Precursor,,group196,NA,,
FT1442,348.99,808,NA,NA,NA,,[252][M]+,group197,corgroup311,+,
FT1443,350.987,808,NA,NA,NA,,[252][M+2]+,group197,corgroup311,+,
FT1448,98.9842,808.3,NA,NA,NA,FT1441_MS2 match; FT1446_MS2 match,,group196,corgroup311,+,
FT1450,251,808.3,NA,NA,NA,,,NA,corgroup109,,
FT1446,327.0081,808.3,NA,NA,NA,Precursor,,group196,NA,,
FT1447,331.0022,808.3,NA,NA,NA,,,NA,NA,,
FT1451,349.9933,808.3,NA,NA,NA,,[252][M+1]+,group197,corgroup64,,
FT1444,351.9904,808.3,NA,NA,NA,,[252][M+3]+,group197,NA,,
FT1445,352.9842,808.3,NA,NA,NA,,,NA,corgroup109,,
FT1449,364.9638,808.3,NA,NA,NA,,,NA,corgroup223,,
FT1452,366.961,808.5,NA,NA,NA,,,NA,corgroup223,,
FT1453,391.2167,808.5,NA,NA,NA,Precursor; FT1453_MS2 match,[279][M]+,group198,corgroup240,+,
FT1454,392.22,808.7,NA,NA,NA,FT1453_MS2 match,[279][M+1]+,group198,corgroup240,+,
FT1455,393.2235,808.8,NA,NA,NA,,[279][M+2]+,group198,corgroup240,+,
FT1456,316.2269,809.3,NA,NA,NA,,,NA,corgroup64,,
FT1457,172.1696,809.6,NA,NA,NA,,,NA,corgroup240,,
FT1458,318.152,811.4,NA,NA,NA,,,NA,NA,,
FT1459,377.2623,811.8,NA,NA,NA,FT1461_MS2 match,[272][M+1]+,group199,corgroup437,+,
FT1460,399.2446,811.9,NA,NA,NA,FT1462_MS2 match,[282][M+1]+,group200,NA,,
FT1461,376.2594,812.1,NA,NA,NA,Precursor; FT1461_MS2 match,[272][M]+,group199,corgroup115,+,
FT1462,398.2413,812.1,NA,NA,NA,Precursor; FT1462_MS2 match,[282][M]+,group200,corgroup115,+,
FT1463,300.1957,814.6,NA,NA,NA,,,NA,corgroup437,,
FT1464,343.2953,814.9,NA,NA,NA,,,NA,NA,,
FT1465,272.1645,818.2,NA,NA,NA,,,NA,corgroup176,,
FT1466,214.253,818.7,NA,NA,NA,,[61][M]+,group201,corgroup176,+,
FT1467,215.2562,819,NA,NA,NA,,[61][M+1]+,group201,NA,,
FT1468,419.2402,819.7,NA,NA,NA,,,NA,corgroup410,,
FT1469,202.0863,821.4,NA,NA,NA,,,NA,corgroup410,,
FT1470,498.1999,821.4,NA,NA,NA,,,NA,corgroup410,,
FT1471,289.2932,822.5,NA,NA,NA,,[144][M+1]+,group202,NA,,
FT1472,288.2897,822.6,NA,NA,NA,,[144][M]+,group202,corgroup407,+,
FT1473,209.19,822.8,NA,NA,NA,,,NA,corgroup407,,
FT1474,249.1825,823.1,NA,NA,NA,,,NA,corgroup407,,
FT1475,244.2636,825.6,NA,NA,NA,,,NA,NA,,
FT1476,342.1698,826.6,NA,NA,NA,,,NA,corgroup219,,
FT1477,316.1906,826.9,NA,NA,NA,,,NA,corgroup219,,
FT1478,326.175,827.7,NA,NA,NA,,[219][M]+,group203,corgroup219,+,
FT1479,327.1783,827.9,NA,NA,NA,,[219][M+1]+,group203,NA,,
FT1480,159.1379,833.8,NA,NA,NA,,,NA,NA,,
FT1481,197.0848,833.9,NA,NA,NA,,,NA,NA,,
FT1482,314.2113,834,NA,NA,NA,,,NA,NA,,
FT1483,284.1646,834.1,NA,NA,NA,,,NA,corgroup155,,
FT1484,250.1186,834.3,NA,NA,NA,,,NA,NA,,
FT1485,337.2348,834.3,NA,NA,NA,,,NA,NA,,
FT1486,279.2319,834.6,NA,NA,FT1487-H2O,,,group204,corgroup155,+,
FT1487,297.2424,834.6,NA,NA,NA,,,group204,corgroup155,+,
FT1488,352.2094,838.1,NA,NA,NA,,,NA,NA,,
FT1489,330.2063,839.6,NA,NA,NA,,,NA,NA,,
FT1490,287.1834,840.7,NA,NA,NA,,[137][M+1]+,group205,corgroup424,+,
FT1491,286.1802,840.9,NA,NA,NA,,[137][M]+,group205,corgroup424,+,
FT1492,256.1696,844.1,NA,NA,NA,,,NA,corgroup130,,
FT1493,311.1834,845.3,NA,NA,NA,,[191][M+1]+,group206,corgroup163,+,
FT1494,310.1801,845.5,NA,NA,NA,,[191][M]+,group206,corgroup163,+,
FT1495,285.203,846,NA,NA,NA,Precursor; FT1495_MS2 match,,group207,corgroup163,,
FT1497,258.1853,846.3,NA,NA,FT1498-formaldehyde,,[102][M]+,group208,corgroup163,+,
FT1496,259.1886,846.3,NA,NA,NA,,[102][M+1]+,group208,corgroup130,+,
FT1498,288.1958,846.9,NA,NA,NA,,,group208,corgroup231,+,
FT1504,139.1118,847.3,NA,NA,FT1501-H2O,,,group209,corgroup321,+,
FT1501,157.1224,847.3,NA,NA,FT1500-H2O,,,group209,corgroup321,+,
FT1500,175.1329,847.3,NA,NA,NA,,,group209,corgroup321,+,
FT1502,253.1774,847.3,NA,NA,FT1495-CH3OH,,[93][M]+,group207,corgroup321,+,
FT1499,254.1812,847.3,NA,NA,NA,,[93][M+1]+,group207,corgroup321,+,
FT1503,644.3402,847.3,NA,NA,NA,,,NA,corgroup163,,
FT1506,274.1803,847.8,NA,NA,NA,,[119][M]+,group210,NA,,
FT1505,276.1863,847.8,NA,NA,NA,,[119][M+2]+,group210,corgroup231,+,
FT1507,275.1834,847.9,NA,NA,NA,,[119][M+1]+,group210,corgroup231,+,
FT1508,249.1826,849.3,NA,NA,NA,,,NA,NA,,
FT1509,329.2298,852.1,NA,NA,NA,Precursor; FT1509_MS2 match,,group211,NA,,
FT1510,311.1465,852.9,NA,NA,NA,,,NA,NA,,
FT1511,320.1835,859.3,NA,NA,NA,,,NA,corgroup2,,
FT1512,246.1181,860.2,NA,NA,NA,,[85][M+1]+,group212,corgroup445,+,
FT1513,105.0335,860.3,NA,NA,NA,,,NA,corgroup445,,
FT1514,245.1148,860.3,NA,NA,NA,,[85][M]+,group212,corgroup2,+,
FT1515,167.0704,860.4,NA,NA,NA,,,NA,NA,,
FT1516,186.1851,861.3,NA,NA,NA,,,NA,corgroup289,,
FT1518,170.0963,862.3,NA,NA,NA,,,NA,corgroup289,,
FT1519,270.1853,862.3,NA,NA,FT1521-CO+CO,,[116][M]+,group213,corgroup289,+,
FT1517,271.1886,862.3,NA,NA,NA,,[116][M+1]+,group213,corgroup289,+,
FT1520,327.1782,863.3,NA,NA,NA,,[218][M+1]+,group213,corgroup361,+,
FT1521,326.175,863.4,NA,NA,NA,,[218][M]+,group213,corgroup361,+,
FT1522,316.227,867.4,NA,NA,NA,,,NA,corgroup184,,
FT1523,291.193,867.7,NA,NA,NA,,[147][M+2]+,group214,corgroup33,,
FT1524,269.1735,869.9,NA,NA,NA,,[113][M+1]+,group214,corgroup184,,
FT1530,156.0807,870,NA,NA,FT1552-CO; FT1554-CH2CO,,,group214,corgroup308,+,
FT1525,196.0756,870,NA,NA,NA,,,group214,corgroup308,+,
FT1526,268.1697,870,NA,NA,FT1542-H2O,,[113][M]+,group214,corgroup33,,
FT1528,286.777,870,NA,NA,NA,,,NA,corgroup308,,
FT1533,287.1453,870,NA,NA,NA,,,NA,corgroup308,,
FT1527,287.3497,870,NA,NA,NA,,,NA,NA,,
FT1529,289.1898,870,NA,NA,NA,,[147][M]+,group214,corgroup308,+,
FT1532,290.1925,870,NA,NA,NA,,[147][M+1]+,group214,corgroup308,+,
FT1534,573.3594,870,NA,NA,NA,,[382][M+2]+,group216,corgroup308,+,
FT1536,856.5259,870,NA,NA,NA,,[482][M]+,group215,corgroup308,+,
FT1535,857.5294,870,NA,NA,NA,,[482][M+1]+,group215,corgroup308,+,
FT1531,858.5321,870,NA,NA,NA,,[482][M+2]+,group215,corgroup308,+,
FT1537,160.0742,870.1,NA,NA,FT1546-CO,,,group214,corgroup308,+,
FT1538,174.055,870.1,NA,NA,NA,,,group214,corgroup308,+,
FT1539,244.1696,870.1,NA,NA,FT1529-NH3+CO or HCN+H2O; FT1542-CH2CO,,,group214,corgroup308,+,
FT1562,130.0651,870.2,NA,NA,FT1537-formaldehyde; FT1538-CO2; FT1542-HNE; FT1543-CO+CO; FT1546-C2H2O2; FT1548-CO; FT1550-CH2CO,,,group214,corgroup308,+,
FT1547,154.0651,870.2,NA,NA,FT1525-CH2CO; FT1550-H2O; FT1552-formaldehyde; FT1553-CH2OH,,,group214,corgroup308,+,
FT1548,158.0601,870.2,NA,NA,FT1543-CO; FT1546-formaldehyde,,,group214,corgroup308,+,
FT1561,159.0678,870.2,NA,NA,NA,,,NA,corgroup308,,
FT1549,162.055,870.2,NA,NA,NA,,,NA,corgroup308,,
FT1550,172.0756,870.2,NA,NA,NA,,,group214,corgroup308,+,
FT1551,183.0679,870.2,NA,NA,FT1544-C3H7; FT1554-CH3,,,group214,corgroup308,+,
FT1552,184.0756,870.2,NA,NA,FT1544-C3H6,,,group214,corgroup308,+,
FT1553,185.0818,870.2,NA,NA,NA,,,group214,corgroup308,+,
FT1543,186.0551,870.2,NA,NA,NA,,,group214,NA,,
FT1546,188.0705,870.2,NA,NA,NA,,,group214,corgroup308,+,
FT1554,198.0914,870.2,NA,NA,FT1557-C3H6,,[56][M]+,group214,corgroup308,+,
FT1555,199.0962,870.2,NA,NA,NA,,[56][M+1]+,group214,corgroup308,+,
FT1556,212.107,870.2,NA,NA,NA,,,NA,corgroup308,,
FT1544,226.1227,870.2,NA,NA,FT1526-C3H6,,,group214,corgroup308,+,
FT1557,240.1383,870.2,NA,NA,NA,,,group214,corgroup308,+,
FT1542,286.1807,870.2,NA,NA,NA,,,group214,NA,,
FT1541,286.3579,870.2,NA,NA,NA,,,NA,corgroup308,,
FT1560,287.5658,870.2,NA,NA,NA,,,NA,corgroup308,,
FT1563,308.1621,870.2,NA,NA,NA,,[187][M]+,group218,corgroup308,+,
FT1564,309.1654,870.2,NA,NA,NA,,[187][M+1]+,group218,corgroup308,+,
FT1558,571.3532,870.2,NA,NA,NA,,[382][M]+,group216,corgroup308,+,
FT1540,572.3564,870.2,NA,NA,NA,,[382][M+1]+,group216,corgroup308,+,
FT1559,593.3348,870.2,NA,NA,NA,,[393][M]+,group217,corgroup308,+,
FT1545,594.3381,870.2,NA,NA,NA,,[393][M+1]+,group217,corgroup308,+,
FT1565,322.1414,870.5,NA,NA,NA,,,NA,NA,,
FT1566,288.2201,871,NA,NA,NA,,,NA,NA,,
FT1567,310.2352,872,NA,NA,NA,Precursor; FT1567_MS2 match,,group219,NA,,
FT1568,312.1959,873.5,NA,NA,NA,,,NA,NA,,
FT1570,413.1214,876.3,NA,NA,NA,,,NA,corgroup435,,
FT1569,434.0999,876.3,NA,NA,NA,,,NA,corgroup435,,
FT1571,270.1856,878.1,NA,NA,NA,,,NA,NA,,
FT1572,412.1298,879.6,NA,NA,NA,,,NA,NA,,
FT1573,629.2342,880.4,NA,NA,NA,,,NA,corgroup379,,
FT1574,297.0824,880.9,NA,NA,NA,,,group220,corgroup442,+,
FT1575,353.0486,880.9,NA,NA,NA,,,NA,corgroup442,,
FT1577,223.0636,881.2,NA,NA,FT1574-C3H6S,,,group220,corgroup442,+,
FT1578,337.075,881.2,NA,NA,NA,,,NA,corgroup442,,
FT1579,338.0757,881.2,NA,NA,NA,,,NA,corgroup442,,
FT1576,339.0729,881.2,NA,NA,NA,,,NA,corgroup442,,
FT1580,245.1079,882.7,NA,NA,NA,Precursor; FT1580_MS2 match,,group221,corgroup379,+,
FT1582,332.2219,888.1,NA,NA,NA,,[231][M]+,group222,NA,,
FT1581,333.2252,888.1,NA,NA,NA,,[231][M+1]+,group222,NA,,
FT1583,302.2022,888.6,NA,NA,NA,,[166][M+2]+,group222,corgroup366,+,
FT1585,300.1958,888.8,NA,NA,FT1582-CH3OH,,[166][M]+,group222,corgroup366,+,
FT1584,301.1991,888.8,NA,NA,NA,,[166][M+1]+,group222,corgroup366,+,
FT1586,311.1262,889.9,NA,NA,NA,,,NA,NA,,
FT1587,470.2877,890.4,NA,NA,NA,,,NA,NA,,
FT1588,448.2433,892.9,NA,NA,NA,,,NA,corgroup104,,
FT1589,416.1732,894.4,NA,NA,NA,,,NA,NA,,
FT1590,284.2009,894.9,NA,NA,FT1592-CO2,,[132][M]+,group223,NA,,
FT1591,285.2043,894.9,NA,NA,NA,,[132][M+1]+,group223,corgroup104,+,
FT1592,328.1906,895.5,NA,NA,NA,,,group223,NA,,
FT1601,288.3623,899.8,NA,NA,NA,,,NA,NA,,
FT1597,288.7942,899.8,NA,NA,NA,,,NA,corgroup265,,
FT1593,288.9921,899.8,NA,NA,NA,,,NA,corgroup265,,
FT1599,289.3655,899.8,NA,NA,NA,,,NA,corgroup265,,
FT1594,289.5844,899.8,NA,NA,NA,,,NA,corgroup265,,
FT1600,577.3905,899.8,NA,NA,NA,,[384][M+2]+,group226,corgroup265,+,
FT1598,597.366,899.8,NA,NA,NA,,[395][M]+,group224,corgroup265,+,
FT1595,598.3691,899.8,NA,NA,NA,,[395][M+1]+,group224,corgroup265,+,
FT1602,844.5624,899.8,NA,NA,FT1604-H2O,,[479][M]+,group225,corgroup265,+,
FT1603,845.5654,899.8,NA,NA,NA,,[479][M+1]+,group225,corgroup265,+,
FT1604,862.5728,899.8,NA,NA,NA,,[485][M]+,group225,corgroup265,+,
FT1596,863.576,899.8,NA,NA,NA,,[485][M+1]+,group225,corgroup265,+,
FT1615,270.7648,900,NA,NA,NA,,,NA,NA,,
FT1609,288.6052,900,NA,NA,NA,,,NA,corgroup206,,
FT1610,289.1991,900,NA,NA,NA,,[148][M]+,group227,corgroup380,,
FT1611,290.2022,900,NA,NA,NA,,[148][M+1]+,group227,corgroup265,+,
FT1606,291.2048,900,NA,NA,NA,,[148][M+2]+,group227,corgroup265,+,
FT1616,539.363,900,NA,NA,FT1612-H2O,,[361][M]+,group226,NA,,
FT1617,540.3662,900,NA,NA,NA,,[361][M+1]+,group226,corgroup80,,
FT1612,557.3738,900,NA,NA,FT1607-H2O,,[374][M]+,group226,corgroup265,+,
FT1613,558.377,900,NA,NA,NA,,[374][M+1]+,group226,corgroup265,+,
FT1618,562.3481,900,NA,NA,NA,,,NA,corgroup340,,
FT1607,575.3845,900,NA,NA,NA,,[384][M]+,group226,corgroup265,+,
FT1605,576.3876,900,NA,NA,NA,,[384][M+1]+,group226,corgroup265,+,
FT1608,579.3553,900,NA,NA,FT1598-H2O,,[386][M]+,group224,corgroup265,+,
FT1614,580.3588,900,NA,NA,NA,,[386][M+1]+,group224,NA,,
FT1625,154.065,900.3,NA,NA,FT1632-CH3OH; FT1635-formaldehyde; FT1636-CH2OH; FT1649-HNE; FT1650-H2O,,,group228,corgroup265,+,
FT1620,158.0599,900.3,NA,NA,FT1623-C3H6,,,group228,corgroup265,+,
FT1621,162.0549,900.3,NA,NA,NA,,,group228,corgroup265,+,
FT1628,167.0728,900.3,NA,NA,FT1633-CH2OH; FT1635-OH; FT1636-H2O,,,group228,corgroup265,+,
FT1629,168.0805,900.3,NA,NA,FT1623-CH3OH; FT1632-H2O; FT1633-formaldehyde; FT1636-OH,,,group228,corgroup265,+,
FT1634,183.0678,900.3,NA,NA,FT1633-CH3,,,group228,corgroup265,+,
FT1635,184.0756,900.3,NA,NA,NA,,,group228,corgroup265,+,
FT1636,185.0827,900.3,NA,NA,FT1623-CH3,,,group228,corgroup265,+,
FT1632,186.0909,900.3,NA,NA,NA,,[50][M]+,group228,corgroup265,+,
FT1622,187.0943,900.3,NA,NA,NA,,[50][M+1]+,group228,corgroup265,+,
FT1633,198.0912,900.3,NA,NA,NA,,,group228,corgroup206,,
FT1623,200.1068,900.3,NA,NA,NA,,,group228,corgroup265,+,
FT1619,214.1224,900.3,NA,NA,NA,,,group228,corgroup265,+,
FT1630,270.1857,900.3,NA,NA,FT1626-H2O,,,group229,NA,,
FT1627,270.3775,900.3,NA,NA,NA,,,NA,NA,,
FT1637,271.1887,900.3,NA,NA,FT1610-H2O,,,group227,corgroup340,,
FT1626,288.1961,900.3,NA,NA,NA,Precursor; FT1626_MS2 match,,group229,corgroup380,+,
FT1624,292.1673,900.3,NA,NA,FT1649-H2O,,[152][M]+,group228,corgroup380,,
FT1631,293.1703,900.3,NA,NA,NA,,[152][M+1]+,group228,NA,,
FT1639,116.0494,900.4,NA,NA,FT1620-CH2CO; FT1621-HCOOH(H2+CO2 or H2O+CO),,,group228,corgroup265,+,
FT1640,561.3702,900.4,NA,NA,NA,,,NA,NA,,
FT1638,847.5804,900.4,NA,NA,NA,,[479][M+3]+,group225,corgroup265,+,
FT1645,130.0651,900.5,NA,NA,FT1620-CO; FT1650-CH2CO,,,group228,corgroup265,+,
FT1646,159.0678,900.5,NA,NA,NA,,[30][M]+,group231,corgroup265,+,
FT1648,160.0716,900.5,NA,NA,NA,,[30][M+1]+,group231,corgroup265,+,
FT1647,173.0802,900.5,NA,NA,NA,,[41][M+1]+,group228,corgroup265,+,
FT1649,310.178,900.5,NA,NA,NA,,[190][M]+,group228,corgroup229,,
FT1641,324.1566,900.5,NA,NA,NA,,,NA,corgroup265,,
FT1642,828.5667,900.5,NA,NA,NA,,[474][M]+,group230,corgroup265,+,
FT1644,829.5704,900.5,NA,NA,NA,,[474][M+1]+,group230,corgroup265,+,
FT1643,846.5764,900.5,NA,NA,NA,,[479][M+2]+,group225,corgroup265,+,
FT1650,172.0756,900.6,NA,NA,FT1619-C3H6,,[41][M]+,group228,corgroup265,+,
FT1656,311.1817,900.8,NA,NA,NA,,[190][M+1]+,group228,corgroup229,,
FT1657,541.3786,900.8,NA,NA,NA,,[362][M]+,group233,corgroup340,+,
FT1658,542.3818,900.8,NA,NA,NA,,[362][M+1]+,group233,NA,,
FT1651,559.3889,900.8,NA,NA,NA,,[374][M+2]+,group226,corgroup265,+,
FT1652,560.3925,900.8,NA,NA,NA,,[374][M+3]+,group226,corgroup265,+,
FT1654,830.5805,900.8,NA,NA,NA,,[474][M+2]+,group230,NA,,
FT1653,832.5384,900.8,NA,NA,NA,,[476][M]+,group232,corgroup340,+,
FT1655,833.543,900.8,NA,NA,NA,,[476][M+1]+,group232,corgroup340,+,
FT1659,563.3604,901,NA,NA,NA,,[377][M]+,group234,corgroup340,+,
FT1660,564.3637,901,NA,NA,NA,,[377][M+1]+,group234,corgroup340,+,
FT1661,581.37,901,NA,NA,NA,,[386][M+2]+,group224,corgroup265,+,
FT1663,582.3739,901,NA,NA,NA,,[386][M+3]+,group224,corgroup265,+,
FT1662,739.4659,901,NA,NA,NA,,,NA,corgroup265,,
FT1665,272.6084,901.3,NA,NA,NA,,,NA,NA,,
FT1666,274.2076,901.3,NA,NA,NA,,[118][M+2]+,group235,corgroup340,+,
FT1664,275.21,901.3,NA,NA,NA,,[118][M+3]+,group235,NA,,
FT1667,543.3937,901.3,NA,NA,NA,,[362][M+2]+,group233,NA,,
FT1668,544.3975,901.3,NA,NA,NA,,[362][M+3]+,group233,NA,,
FT1669,834.5534,901.3,NA,NA,NA,,[477][M]+,group236,corgroup340,+,
FT1671,272.3939,901.4,NA,NA,NA,,,NA,NA,,
FT1670,272.7821,901.4,NA,NA,NA,,,NA,corgroup265,,
FT1672,835.5572,901.4,NA,NA,NA,,[477][M+1]+,group236,corgroup340,+,
FT1673,272.201,901.6,NA,NA,NA,,[118][M]+,group235,corgroup103,,
FT1674,273.2044,901.6,NA,NA,NA,,[118][M+1]+,group235,corgroup340,+,
FT1675,295.186,901.6,NA,NA,NA,,[152][M+3]+,group228,corgroup103,,
FT1676,836.5676,901.6,NA,NA,NA,,[477][M+2]+,group236,corgroup340,+,
FT1678,294.1826,901.8,NA,NA,NA,,[152][M+2]+,group228,corgroup340,,
FT1677,565.3753,901.8,NA,NA,NA,,[377][M+2]+,group234,corgroup340,+,
FT1679,566.3791,901.8,NA,NA,NA,,[377][M+3]+,group234,corgroup340,+,
FT1682,139.1118,902.1,NA,NA,FT1680-H2O,,,group237,corgroup340,+,
FT1680,157.1222,902.1,NA,NA,FT1681-H2O,,,group237,corgroup340,+,
FT1681,175.1328,902.1,NA,NA,NA,,,group237,corgroup340,+,
FT1683,452.2773,902.3,NA,NA,NA,,[305][M]+,group238,corgroup340,+,
FT1684,453.2806,902.3,NA,NA,NA,,[305][M+1]+,group238,corgroup80,+,
FT1685,474.2593,902.3,NA,NA,NA,,,NA,corgroup340,,
FT1686,496.2411,902.6,NA,NA,NA,,,NA,corgroup80,,
FT1687,253.1774,902.8,NA,NA,FT1688-CO,,,group239,corgroup340,+,
FT1688,281.1725,903.6,NA,NA,NA,,,group239,corgroup103,+,
FT1689,312.2286,905.1,NA,NA,NA,,,NA,NA,,
FT1690,342.2429,906.4,NA,NA,NA,,,NA,corgroup180,,
FT1691,646.3557,906.9,NA,NA,NA,,,NA,NA,,
FT1692,286.1803,908.4,NA,NA,NA,,,NA,corgroup180,,
FT1693,226.9517,908.8,NA,NA,NA,,,NA,NA,,
FT1694,316.3209,911.2,NA,NA,NA,,,NA,NA,,
FT1696,242.2842,914.3,NA,NA,NA,Precursor; FT1696_MS2 match,[81][M]+,group240,NA,,
FT1695,367.2167,914.3,NA,NA,NA,,,NA,NA,,
FT1697,243.2876,914.6,NA,NA,NA,,[81][M+1]+,group240,NA,,
FT1707,326.0968,916.1,NA,[M+H+K]2+ 612.2319,NA,,[217][M]2+,group241,corgroup337,+,
FT1701,326.5987,916.1,NA,NA,NA,,[217][M+1]2+,group241,corgroup337,+,
FT1703,335.1021,916.1,NA,NA,NA,,,NA,corgroup337,,
FT1699,356.1171,916.1,NA,NA,NA,,[257][M+1]2+,group242,corgroup337,+,
FT1700,641.7194,916.1,NA,NA,NA,,[428][M+1]2+,group243,corgroup337,+,
FT1706,771.1952,916.1,NA,NA,NA,,,group244,NA,,
FT1704,793.1777,916.1,NA,NA,NA,Precursor,,group244,corgroup337,+,
FT1698,938.3284,916.1,NA,[3M+H+K]2+ 612.2319,NA,Precursor,[500][M]+,group241,corgroup337,+,
FT1705,939.3316,916.1,NA,NA,NA,,[500][M+2]2+,group241,corgroup337,+,
FT1708,1225.471,916.1,NA,[2M+H]+ 612.2319,NA,Precursor,[528][M]+,group241,corgroup337,+,
FT1709,1226.4741,916.1,NA,NA,NA,,[528][M+1]+,group241,corgroup337,+,
FT1710,1247.4524,916.1,NA,[2M+Na]+ 612.2319,NA,Precursor,[531][M]+,group241,corgroup337,+,
FT1702,1248.4558,916.1,NA,NA,NA,,[531][M+1]+,group241,corgroup337,+,
FT1713,632.7143,916.2,NA,NA,NA,,[421][M+1]2+,group241,corgroup337,+,
FT1711,640.7001,916.2,NA,NA,NA,,[427][M+1]2+,group244,corgroup337,+,
FT1716,641.2171,916.2,NA,NA,NA,,[428][M]2+,group243,corgroup337,+,
FT1717,693.1792,916.2,NA,NA,NA,Precursor,,group244,corgroup337,+,
FT1712,938.8304,916.2,NA,NA,NA,Precursor,[500][M+1]2+,group241,corgroup337,+,
FT1714,1249.4591,916.2,NA,NA,NA,,[531][M+2]+,group241,corgroup337,+,
FT1715,1269.4346,916.2,NA,NA,NA,Precursor,,group244,corgroup337,+,
FT1739,189.091,916.3,NA,NA,NA,Precursor; FT1708_MS2 match; FT1736_MS2 match; FT1739_MS2 match,,group241,corgroup337,+,
FT1733,218.1023,916.3,NA,NA,FT1726-CysGly(pos),FT1708_MS2 match; FT1736_MS2 match,,group241,corgroup337,+,
FT1727,346.6101,916.3,NA,NA,NA,,[249][M]2+,group246,corgroup337,+,
FT1724,347.1118,916.3,NA,NA,NA,,[249][M+1]2+,group246,corgroup337,+,
FT1728,355.6153,916.3,NA,NA,NA,,[257][M]2+,group242,corgroup337,+,
FT1726,396.144,916.3,NA,NA,NA,FT1708_MS2 match; FT1736_MS2 match,,group241,corgroup337,+,
FT1734,491.0897,916.3,NA,NA,NA,,,NA,corgroup320,,
FT1736,613.2393,916.3,Novobiocin [M+H]+,[M+H]+ 612.2319,NA,Precursor; FT1708_MS2 match,[408][M]+,group241,corgroup337,+,
FT1737,614.2425,916.3,NA,NA,NA,FT1708_MS2 match,[408][M+1]+,group241,corgroup337,+,
FT1729,615.2449,916.3,NA,NA,NA,,[408][M+2]+,group241,corgroup337,+,
FT1725,616.2477,916.3,NA,NA,NA,,[408][M+3]+,group241,corgroup337,+,
FT1730,635.2212,916.3,Novobiocin [M+Na]+,[M+Na]+ 612.2319,NA,Precursor; FT1698_MS2 match; FT1710_MS2 match; FT1712_MS2 match; FT1730_MS2 match,[424][M]+,group241,corgroup337,+,
FT1735,636.2243,916.3,NA,NA,NA,FT1710_MS2 match; FT1712_MS2 match,[424][M+1]+,group241,corgroup337,+,
FT1731,637.2269,916.3,NA,NA,NA,FT1710_MS2 match,[424][M+2]+,group241,corgroup337,+,
FT1718,640.1991,916.3,NA,NA,FT1738-OH,,[427][M]2+,group244,corgroup337,+,
FT1723,651.1936,916.3,NA,[M+K]+ 612.2319,NA,,,group241,corgroup337,+,
FT1722,652.726,916.3,NA,NA,NA,,[431][M]2+,group245,corgroup337,+,
FT1719,653.2275,916.3,NA,NA,NA,,[431][M+1]2+,group245,corgroup337,+,
FT1738,657.2034,916.3,NA,NA,FT1717-HCl; FT1732-HCOOH(H2+CO2 or H2O+CO),Precursor; FT1704_MS2 match; FT1715_MS2 match; FT1717_MS2 match; FT1721_MS2 match; FT1732_MS2 match; FT1738_MS2 match,,group244,corgroup337,+,
FT1732,703.2082,916.3,NA,NA,NA,Precursor,,group244,corgroup337,+,
FT1721,725.1903,916.3,NA,NA,FT1706-HCOOH(H2+CO2 or H2O+CO),Precursor,,group244,corgroup337,+,
FT1720,1227.4778,916.3,NA,NA,NA,,[528][M+2]+,group241,corgroup337,+,
FT1740,633.222,916.5,NA,NA,NA,,[421][M+2]2+,group241,corgroup337,+,
FT1741,632.2135,916.9,NA,[2M+H+K]2+ 612.2319,NA,,[421][M]2+,group241,corgroup337,+,
FT1742,1064.5094,918.1,NA,NA,NA,,[520][M]+,group247,corgroup337,+,
FT1743,1065.5127,918.2,NA,NA,NA,,[520][M+1]+,group247,corgroup337,+,
FT1744,552.2333,918.3,NA,NA,NA,,[368][M+1]2+,group248,corgroup337,+,
FT1746,559.7176,918.3,NA,NA,NA,,,NA,corgroup320,,
FT1745,1086.4904,918.3,NA,NA,NA,,[521][M]+,group249,corgroup337,+,
FT1747,551.7316,918.4,NA,NA,NA,,[368][M]2+,group248,corgroup337,+,
FT1748,1087.495,918.6,NA,NA,NA,,[521][M+1]+,group249,corgroup337,+,
FT1749,434.2668,919.3,NA,NA,FT1751-H2O,,,group250,NA,,
FT1751,452.2773,919.3,NA,NA,NA,,[304][M]+,group250,corgroup314,+,
FT1750,903.5472,919.3,NA,NA,NA,,,NA,corgroup421,,
FT1752,254.6211,919.4,NA,NA,NA,,,NA,corgroup314,,
FT1753,453.2806,919.4,NA,NA,NA,,[304][M+1]+,group250,corgroup314,+,
FT1756,253.6019,919.5,NA,NA,NA,,,NA,corgroup421,,
FT1754,471.2505,919.5,NA,NA,NA,,,NA,NA,,
FT1755,925.5285,919.5,NA,NA,NA,,,NA,corgroup314,,
FT1757,474.2592,919.7,NA,NA,NA,,[315][M]+,group251,corgroup314,+,
FT1758,475.2624,919.7,NA,NA,NA,,[315][M+1]+,group251,corgroup314,+,
FT1759,497.2442,919.9,NA,NA,NA,,[329][M+1]+,group252,corgroup314,+,
FT1760,496.2411,920.3,NA,NA,NA,,[329][M]+,group252,corgroup314,+,
FT1761,300.1958,921.1,NA,NA,NA,,[165][M]+,group253,NA,,
FT1762,301.1992,921.2,NA,NA,NA,,[165][M+1]+,group253,corgroup475,+,
FT1763,656.2446,921.8,NA,NA,NA,,,NA,corgroup364,,
FT1764,678.2264,921.9,NA,NA,NA,Precursor,[439][M]+,group254,corgroup364,+,
FT1765,679.2299,921.9,NA,NA,NA,FT1764_MS2 match,[439][M+1]+,group254,corgroup364,+,
FT1766,312.1959,922.3,NA,NA,NA,,,NA,corgroup475,,
FT1767,571.2366,923,NA,NA,NA,,[380][M+1]+,group255,corgroup364,+,
FT1768,570.2332,923.1,NA,NA,NA,,[380][M]+,group255,corgroup364,+,
FT1769,592.2153,923.3,NA,NA,NA,,,NA,corgroup364,,
FT1770,351.2505,924.1,NA,NA,NA,,,NA,NA,,
FT1771,359.2407,924.5,NA,NA,NA,,[258][M+1]+,group256,corgroup294,+,
FT1772,358.2376,924.8,NA,NA,NA,,[258][M]+,group256,corgroup294,+,
FT1775,211.1093,926,NA,NA,NA,,,NA,corgroup21,,
FT1773,267.1719,926,NA,NA,NA,Precursor,,group257,NA,,
FT1774,290.1572,926,NA,NA,NA,,,NA,corgroup21,,
FT1776,98.9842,926.1,NA,NA,NA,FT1773_MS2 match,,group257,corgroup36,+,
FT1777,646.3556,926.6,NA,NA,NA,,,NA,NA,,
FT1779,304.2998,926.8,NA,NA,NA,,[181][M]+,group258,corgroup294,+,
FT1778,305.303,926.8,NA,NA,NA,,[181][M+1]+,group258,corgroup36,+,
FT1780,226.9517,930.1,NA,NA,NA,,,NA,NA,,
FT1781,200.2009,930.9,NA,NA,NA,Precursor; FT1781_MS2 match,,group259,NA,,
FT1782,289.154,931.4,NA,NA,NA,,,NA,NA,,
FT1783,296.201,934.7,NA,NA,NA,,[156][M]+,group260,corgroup302,+,
FT1784,297.2043,934.7,NA,NA,NA,,[156][M+1]+,group260,corgroup302,+,
FT1785,452.2772,936.6,NA,NA,NA,,,NA,NA,,
FT1786,302.1574,937,NA,NA,NA,,,NA,NA,,
FT1790,315.4524,938.5,NA,NA,NA,,,NA,corgroup350,,
FT1791,628.4189,938.5,NA,NA,NA,,[417][M+1]+,group262,corgroup350,+,
FT1789,629.4221,938.5,NA,NA,NA,,[417][M+2]+,group262,corgroup350,+,
FT1788,940.6195,938.5,NA,NA,NA,,[501][M]+,group261,corgroup350,+,
FT1787,941.623,938.5,NA,NA,NA,,[501][M+1]+,group261,corgroup350,+,
FT1792,315.0435,938.6,NA,NA,NA,,,NA,corgroup350,,
FT1797,188.0706,938.8,NA,NA,NA,,,group264,corgroup350,+,
FT1806,314.2117,938.8,NA,NA,NA,,,NA,NA,,
FT1799,314.3856,938.8,NA,NA,NA,,,NA,NA,,
FT1801,314.6391,938.8,NA,NA,NA,,,NA,corgroup350,,
FT1795,314.8366,938.8,NA,NA,NA,,,NA,corgroup350,,
FT1802,315.215,938.8,NA,NA,NA,,[200][M]+,group265,corgroup350,+,
FT1796,315.6316,938.8,NA,NA,NA,,,NA,corgroup350,,
FT1803,316.218,938.8,NA,NA,NA,,[200][M+1]+,group265,corgroup350,+,
FT1804,317.2207,938.8,NA,NA,NA,,[200][M+2]+,group265,corgroup350,+,
FT1800,318.223,938.8,NA,NA,NA,,[200][M+3]+,group265,corgroup350,+,
FT1807,336.1936,938.8,NA,NA,NA,,[237][M]+,group266,corgroup350,+,
FT1805,337.1967,938.8,NA,NA,NA,,[237][M+1]+,group266,corgroup350,+,
FT1793,627.4158,938.8,NA,NA,NA,,[417][M]+,group262,corgroup350,+,
FT1794,649.3974,938.8,NA,NA,NA,,[429][M]+,group263,corgroup350,+,
FT1798,650.401,938.8,NA,NA,NA,,[429][M+1]+,group263,corgroup350,+,
FT1808,158.06,938.9,NA,NA,FT1797-formaldehyde,,,group264,corgroup350,+,
FT1810,160.0736,939,NA,NA,NA,,,NA,corgroup350,,
FT1812,198.0914,939,NA,NA,FT1823-H2O,,,group267,corgroup350,+,
FT1811,232.0969,939,NA,NA,NA,,,group264,corgroup350,+,
FT1809,350.1726,939,NA,NA,NA,,,NA,corgroup350,,
FT1813,130.0651,939.3,NA,NA,FT1797-C2H2O2; FT1808-CO; FT1819-CH2CO,,,group264,corgroup350,+,
FT1814,159.0679,939.3,NA,NA,NA,,,NA,corgroup350,,
FT1815,924.6247,939.3,NA,NA,NA,,,NA,corgroup350,,
FT1818,611.4206,939.5,NA,NA,NA,,[406][M]+,group268,corgroup350,+,
FT1817,612.4239,939.5,NA,NA,NA,,[406][M+1]+,group268,corgroup350,+,
FT1816,613.427,939.5,NA,NA,NA,,[406][M+2]+,group268,corgroup350,+,
FT1819,172.0757,939.8,NA,NA,FT1811-CH3COOH,,,group264,corgroup350,+,
FT1821,173.0802,939.8,NA,NA,NA,,,NA,corgroup133,,
FT1823,216.1019,939.8,NA,NA,NA,,,group267,corgroup350,+,
FT1824,380.2407,939.8,NA,NA,NA,,,NA,NA,,
FT1822,633.4022,939.8,NA,NA,NA,,[423][M]+,group269,corgroup350,+,
FT1820,634.4055,939.8,NA,NA,NA,,[423][M+1]+,group269,corgroup133,+,
FT1829,298.6224,940.3,NA,NA,NA,,,NA,NA,,
FT1825,299.22,940.3,NA,NA,NA,,[160][M+1]+,group270,corgroup286,+,
FT1826,300.2231,940.3,NA,NA,NA,,[160][M+2]+,group270,corgroup286,+,
FT1827,301.2261,940.3,NA,NA,NA,,[160][M+3]+,group270,NA,,
FT1830,596.4291,940.3,NA,NA,NA,,[394][M+1]+,group272,corgroup255,+,
FT1831,617.4075,940.3,NA,NA,NA,,[412][M]+,group271,corgroup307,+,
FT1828,618.4108,940.3,NA,NA,NA,,[412][M+1]+,group271,NA,,
FT1833,298.2167,940.6,NA,NA,NA,,[160][M]+,group270,corgroup286,+,
FT1832,595.4257,940.6,NA,NA,NA,,[394][M]+,group272,corgroup307,+,
FT1834,311.2581,941.6,NA,NA,FT1835-C3H9O6P; FT1837-C3H7O5P,,,group273,corgroup90,+,
FT1835,483.2716,941.6,NA,NA,NA,,,group273,NA,,
FT1836,506.257,941.7,NA,NA,NA,,[336][M+1]+,group274,corgroup307,+,
FT1837,465.261,941.8,NA,NA,FT1835-H2O,,,group273,corgroup307,+,
FT1839,505.2536,941.8,NA,NA,NA,,[336][M]+,group274,corgroup307,+,
FT1838,527.2355,941.8,NA,NA,NA,,[352][M]+,group275,corgroup90,+,
FT1840,528.2389,941.8,NA,NA,NA,,[352][M+1]+,group275,corgroup307,+,
FT1841,235.1692,942.6,NA,NA,NA,Precursor; FT1841_MS2 match,,group276,corgroup255,+,
FT1842,312.2613,942.8,NA,NA,NA,,,NA,corgroup255,,
FT1843,294.185,944.6,NA,NA,NA,,,NA,NA,,
FT1844,321.2163,945,NA,NA,NA,,[208][M+1]+,group277,NA,,
FT1845,320.2131,945.1,NA,NA,NA,,[208][M]+,group277,NA,,
FT1846,243.2109,949.7,NA,NA,FT1848-H2O,,,group278,NA,,
FT1848,261.2214,949.7,NA,NA,FT1851-H2O; FT1852-C2H2O2,,,group278,NA,,
FT1851,279.2319,949.7,NA,NA,NA,,[126][M]+,group278,NA,,
FT1847,280.2353,949.7,NA,NA,NA,,[126][M+1]+,group278,corgroup113,+,
FT1852,319.2245,949.7,NA,NA,NA,,,group278,NA,,
FT1853,335.1983,949.7,NA,NA,NA,,,NA,corgroup113,,
FT1849,615.4593,949.7,NA,NA,NA,,[410][M]+,group279,NA,,
FT1850,616.4627,949.7,NA,NA,NA,,[410][M+1]+,group279,NA,,
FT1856,296.201,951.8,NA,NA,NA,,[157][M]+,group280,corgroup405,+,
FT1854,297.2043,951.8,NA,NA,NA,,[157][M+1]+,group280,corgroup405,+,
FT1855,310.2165,951.8,NA,NA,NA,,,NA,NA,,
FT1858,303.2149,952,NA,NA,NA,,[174][M+1]+,group281,corgroup405,+,
FT1857,304.2177,952,NA,NA,NA,,[174][M+2]+,group281,corgroup405,+,
FT1859,302.2114,952.3,NA,NA,NA,,[174][M]+,group281,corgroup405,+,
FT1860,261.1259,953.1,NA,NA,NA,,,NA,NA,,
FT1861,284.2009,955.1,NA,NA,NA,,[133][M]+,group282,corgroup151,+,
FT1862,285.2042,955.1,NA,NA,NA,,[133][M+1]+,group282,corgroup151,+,
FT1864,286.2165,955.6,NA,NA,NA,,[139][M]+,group283,corgroup151,+,
FT1863,287.2199,955.6,NA,NA,NA,,[139][M+1]+,group283,corgroup151,+,
FT1865,466.2927,957.4,NA,NA,NA,,,NA,NA,,
FT1866,298.2167,958.9,NA,NA,NA,,,NA,NA,,
FT1886,153.1274,959.9,NA,NA,FT1869-H2O,,,group286,NA,,
FT1869,171.138,959.9,NA,NA,FT1883-H2O,,,group286,NA,,
FT1883,189.1486,959.9,NA,NA,NA,,,group286,corgroup254,+,
FT1873,293.1232,959.9,NA,NA,NA,,,NA,corgroup254,,
FT1874,337.1863,959.9,NA,NA,NA,,,NA,corgroup254,,
FT1867,345.1748,959.9,NA,NA,NA,,[248][M]2+,group284,corgroup396,+,
FT1884,345.6765,959.9,NA,NA,NA,,[248][M+1]2+,group284,NA,,
FT1881,354.18,959.9,NA,NA,NA,,,NA,NA,,
FT1870,359.2792,959.9,NA,NA,NA,,[261][M]+,group287,corgroup257,+,
FT1882,360.2826,959.9,NA,NA,NA,,[261][M+1]+,group287,NA,,
FT1871,651.3948,959.9,NA,NA,FT1885-NH3,,[430][M]+,group285,corgroup254,+,
FT1868,652.3981,959.9,NA,NA,NA,,[430][M+1]+,group285,corgroup254,+,
FT1885,668.4215,959.9,NA,NA,NA,,,group285,NA,,
FT1877,673.3771,959.9,NA,NA,NA,,[437][M]+,group288,corgroup254,+,
FT1872,674.3803,959.9,NA,NA,NA,,[437][M+1]+,group288,corgroup254,+,
FT1878,675.383,959.9,NA,NA,NA,,[437][M+2]+,group288,corgroup257,,
FT1875,689.3439,959.9,NA,NA,NA,,,NA,corgroup254,,
FT1879,695.3589,959.9,NA,NA,NA,,[448][M]+,group289,corgroup254,+,
FT1880,696.3623,959.9,NA,NA,NA,,[448][M+1]+,group289,corgroup254,+,
FT1887,705.3134,959.9,NA,NA,NA,,,NA,corgroup404,,
FT1876,831.3331,959.9,NA,NA,NA,,,NA,NA,,
FT1888,247.2268,961.2,NA,NA,NA,,,NA,corgroup396,,
FT1890,269.2088,961.2,NA,NA,NA,Precursor; FT1890_MS2 match,[115][M]+,group290,corgroup396,+,
FT1889,270.2122,961.2,NA,NA,NA,,[115][M+1]+,group290,corgroup396,+,
FT1893,326.2115,961.7,NA,NA,NA,,[220][M]+,group291,corgroup404,+,
FT1892,327.2147,961.7,NA,NA,NA,,[220][M+1]+,group291,corgroup404,+,
FT1891,348.2146,961.7,NA,NA,NA,,,NA,NA,,
FT1894,291.253,962.7,NA,NA,NA,,,NA,corgroup59,,
FT1895,313.235,962.7,NA,NA,NA,Precursor; FT1895_MS2 match,,group292,corgroup59,+,
FT1896,289.1993,963.2,NA,NA,NA,,,NA,NA,,
FT1897,299.1617,963.7,NA,NA,NA,,,NA,NA,,
FT1898,357.2611,965,NA,NA,NA,,,NA,corgroup59,,
FT1899,281.2951,966,NA,NA,NA,,,NA,NA,,
FT1900,353.2661,967.3,NA,NA,NA,,,NA,NA,,
FT1901,292.1618,967.5,NA,NA,NA,,,NA,NA,,
FT1902,226.9517,967.9,NA,NA,NA,,,NA,NA,,
FT1903,344.2584,970.1,NA,NA,NA,,,NA,NA,,
FT1905,314.4517,971.1,NA,NA,NA,,,NA,corgroup384,,
FT1904,317.2206,971.1,NA,NA,NA,,[201][M+2]+,group293,corgroup384,+,
FT1907,627.4154,971.1,NA,NA,NA,,[416][M]+,group294,corgroup384,+,
FT1906,628.4186,971.1,NA,NA,NA,,[416][M+1]+,group294,corgroup384,+,
FT1908,184.0756,971.2,NA,NA,NA,,,NA,corgroup384,,
FT1909,198.0913,971.2,NA,NA,NA,,,NA,corgroup384,,
FT1910,314.2382,971.4,NA,NA,NA,,,NA,corgroup384,,
FT1911,315.215,971.4,NA,NA,NA,,[201][M]+,group293,corgroup384,+,
FT1912,316.2181,971.4,NA,NA,NA,,[201][M+1]+,group293,corgroup384,+,
FT1914,336.1934,971.4,NA,NA,NA,,[236][M]+,group295,corgroup384,+,
FT1913,337.1956,971.4,NA,NA,NA,,[236][M+1]+,group295,corgroup384,+,
FT1915,296.201,976.5,NA,NA,NA,,,NA,corgroup149,,
FT1916,255.6291,977.2,NA,NA,NA,,,NA,NA,,
FT1923,454.293,977.2,NA,NA,NA,,[306][M]+,group299,corgroup179,+,
FT1926,473.768,977.2,NA,NA,NA,,,NA,NA,,
FT1927,476.2749,977.2,NA,NA,NA,,[316][M]+,group300,corgroup179,+,
FT1919,481.2524,977.2,NA,NA,FT1938-OH,,,group297,corgroup149,+,
FT1918,492.2439,977.2,NA,NA,NA,,,NA,NA,,
FT1924,908.5812,977.2,NA,NA,NA,,,NA,corgroup149,,
FT1917,929.5596,977.2,NA,NA,NA,,[496][M]+,group296,corgroup119,+,
FT1925,930.563,977.2,NA,NA,NA,,[496][M+1]+,group296,corgroup149,+,
FT1922,951.5419,977.2,NA,NA,NA,,[505][M]+,group298,corgroup149,+,
FT1920,952.5449,977.2,NA,NA,NA,,[505][M+1]+,group298,corgroup328,+,
FT1921,973.5238,977.2,NA,NA,NA,,,NA,corgroup149,,
FT1928,466.2924,977.3,NA,NA,NA,,,NA,corgroup119,,
FT1929,566.2437,977.3,NA,NA,NA,,,NA,NA,,
FT1930,247.1254,977.4,NA,NA,NA,,[88][M+1]2+,group301,NA,,
FT1931,246.6236,977.5,NA,NA,NA,,[88][M]2+,group301,NA,,
FT1932,275.123,977.5,NA,NA,NA,,,NA,corgroup149,,
FT1936,313.2738,977.5,NA,NA,FT1923-C2H8O4NP,,,group299,corgroup149,+,
FT1937,449.1975,977.5,NA,NA,NA,,,NA,corgroup328,,
FT1933,477.278,977.5,NA,NA,NA,,[316][M+1]+,group300,corgroup179,+,
FT1938,498.2567,977.5,NA,NA,NA,,,group297,corgroup179,+,
FT1934,634.2312,977.5,NA,NA,NA,,,NA,NA,,
FT1935,702.2186,977.5,NA,NA,NA,,,NA,NA,,
FT1939,455.2961,977.7,NA,NA,NA,,[306][M+1]+,group299,NA,,
FT1940,383.2117,980.5,NA,NA,NA,,,NA,corgroup453,,
FT1941,405.1936,980.6,NA,NA,NA,,,NA,corgroup453,,
FT1942,291.2295,983.6,NA,NA,NA,,,NA,NA,,
FT1943,298.2167,983.6,NA,NA,NA,,,NA,NA,,
FT1944,300.2231,983.6,NA,NA,NA,,,NA,NA,,
FT1945,351.0992,984.3,NA,NA,NA,,,NA,corgroup101,,
FT1946,336.1287,984.4,NA,NA,NA,,[235][M+1]+,group302,NA,,
FT1947,335.1254,984.5,NA,NA,NA,Precursor; FT1947_MS2 match,[235][M]+,group302,corgroup101,+,
FT1950,328.2272,987.6,NA,NA,FT1955-CH3OH,,[227][M]+,group303,corgroup362,+,
FT1951,329.2305,987.6,NA,NA,NA,,[227][M+1]+,group303,corgroup362,+,
FT1949,330.2335,987.6,NA,NA,NA,,[227][M+2]+,group303,corgroup362,+,
FT1948,350.2089,987.6,NA,NA,NA,,,NA,corgroup362,,
FT1952,371.1625,988.6,NA,NA,NA,,,NA,NA,,
FT1960,223.0636,989.4,NA,NA,FT1953-C3H6S,,,group304,corgroup362,+,
FT1953,297.0825,989.4,NA,NA,NA,,,group304,NA,,
FT1955,360.2531,989.4,NA,NA,NA,,,group303,corgroup362,+,
FT1954,389.1116,989.4,NA,NA,NA,,,NA,corgroup362,,
FT1956,414.0922,989.4,NA,NA,NA,,,NA,corgroup362,,
FT1957,427.0676,989.4,NA,NA,NA,,,NA,corgroup362,,
FT1958,428.0683,989.4,NA,NA,NA,,,NA,corgroup362,,
FT1959,429.0656,989.4,NA,NA,NA,,,NA,corgroup362,,
FT1964,226.9518,989.6,NA,NA,NA,,,NA,NA,,
FT1961,411.0937,989.6,NA,NA,NA,Precursor; FT1961_MS2 match,,group305,corgroup362,+,
FT1962,412.0943,989.6,NA,NA,NA,FT1961_MS2 match,,group305,corgroup362,+,
FT1963,413.0917,989.6,NA,NA,NA,FT1961_MS2 match,,group305,corgroup362,+,
FT1965,279.1589,990.1,NA,NA,NA,,,NA,NA,,
FT1966,301.1411,991,NA,NA,NA,FT1968_MS2 match,[169][M]+,group306,corgroup120,+,
FT1967,302.1445,991,NA,NA,NA,FT1968_MS2 match,[169][M+1]+,group306,corgroup120,+,
FT1968,579.2928,991.3,NA,NA,NA,Precursor,,group306,corgroup120,+,
FT1969,317.1149,991.5,NA,NA,NA,,,NA,corgroup158,,
FT1971,312.2322,992,NA,NA,NA,,[197][M]+,group307,corgroup249,+,
FT1972,313.2355,992,NA,NA,NA,,[197][M+1]+,group307,corgroup249,+,
FT1970,314.2385,992,NA,NA,NA,,[197][M+2]+,group307,NA,,
FT1973,289.1992,992.2,NA,NA,NA,,,NA,corgroup249,,
FT1974,149.0233,992.7,NA,NA,NA,Precursor; FT1974_MS2 match,,group308,NA,,
FT1975,205.086,993.2,NA,NA,NA,,,NA,NA,,
FT1976,322.2434,993.4,NA,NA,NA,,[210][M+1]+,group309,NA,,
FT1977,337.2139,993.4,NA,NA,NA,,,NA,NA,,
FT1978,281.2474,993.5,NA,NA,NA,,,NA,NA,,
FT1979,321.24,993.5,NA,NA,NA,,[210][M]+,group309,corgroup158,+,
FT1980,599.3916,993.7,NA,NA,NA,,,NA,corgroup120,,
FT1981,459.3554,996.6,NA,NA,NA,,,NA,NA,,
FT1983,310.2166,998.1,NA,NA,NA,,[192][M]+,group310,corgroup238,+,
FT1982,311.2199,998.1,NA,NA,NA,,[192][M+1]+,group310,corgroup162,+,
FT1984,909.5843,998.9,NA,NA,NA,,[493][M+2]+,group311,corgroup238,+,
FT1985,255.629,999,NA,NA,NA,,,NA,corgroup162,,
FT1986,437.2855,999,NA,NA,NA,,[298][M+1]+,group312,NA,,
FT1987,699.9087,999,NA,NA,NA,,,NA,corgroup129,,
FT2010,246.6236,999.1,NA,NA,NA,,,NA,corgroup162,,
FT2011,275.1231,999.1,NA,NA,NA,,,NA,corgroup238,,
FT1988,433.2323,999.1,NA,NA,NA,,,NA,corgroup300,,
FT1999,436.2823,999.1,NA,NA,FT2000-H2O; FT2023-CH3Cl,,[298][M]+,group312,corgroup238,,
FT1989,449.1975,999.1,NA,NA,NA,,,NA,corgroup238,,
FT2000,454.293,999.1,NA,NA,NA,,[307][M]+,group312,corgroup162,+,
FT2001,455.2963,999.1,NA,NA,NA,,[307][M+1]+,group312,corgroup162,+,
FT2002,456.2987,999.1,NA,NA,NA,,[307][M+2]+,group312,corgroup162,+,
FT1990,457.3013,999.1,NA,NA,NA,,[307][M+3]+,group312,corgroup300,,
FT2003,473.2663,999.1,NA,NA,NA,,[314][M]2+,group316,corgroup162,+,
FT2004,473.7681,999.1,NA,NA,NA,,[314][M+1]2+,group316,corgroup129,+,
FT1996,476.275,999.1,NA,NA,NA,,[317][M]+,group315,corgroup162,+,
FT1997,477.2782,999.1,NA,NA,NA,,[317][M+1]+,group315,corgroup162,+,
FT2005,481.2524,999.1,NA,NA,FT1991-OH,,,group313,corgroup238,+,
FT1998,492.2438,999.1,NA,NA,NA,,,NA,NA,,
FT1991,498.2565,999.1,NA,NA,NA,,[330][M]+,group313,corgroup162,+,
FT2012,566.2438,999.1,NA,NA,NA,,,NA,corgroup66,,
FT2006,702.2187,999.1,NA,NA,NA,,,NA,corgroup66,,
FT1994,770.206,999.1,NA,NA,NA,,,NA,corgroup238,,
FT2007,907.5784,999.1,NA,NA,NA,,[493][M]+,group311,corgroup162,,
FT2008,908.5814,999.1,NA,NA,NA,,[493][M+1]+,group311,corgroup238,+,
FT2009,929.56,999.1,NA,NA,NA,,[497][M]+,group317,corgroup162,+,
FT2013,930.5633,999.1,NA,NA,NA,,[497][M+1]+,group317,corgroup129,+,
FT1995,951.5419,999.1,NA,NA,NA,,[504][M]+,group314,corgroup238,+,
FT1992,952.5452,999.1,NA,NA,NA,,[504][M+1]+,group314,corgroup162,+,
FT1993,973.5241,999.1,NA,NA,NA,,,NA,corgroup129,,
FT2014,254.61,999.2,NA,NA,NA,,,NA,corgroup238,,
FT2015,634.2313,999.3,NA,NA,NA,,,NA,corgroup129,,
FT2017,478.2821,999.4,NA,NA,NA,,[317][M+2]+,group315,corgroup129,,
FT2016,499.2598,999.4,NA,NA,NA,,[330][M+1]+,group313,corgroup129,+,
FT2018,486.7757,999.6,NA,NA,NA,,[327][M+1]2+,group312,NA,,
FT2019,933.5938,999.6,NA,NA,NA,,[498][M]+,group318,corgroup300,+,
FT2020,934.5972,999.6,NA,NA,NA,,[498][M+1]+,group318,corgroup238,+,
FT2022,955.5754,999.6,NA,NA,NA,,[506][M]+,group319,NA,,
FT2021,956.5791,999.6,NA,NA,NA,,[506][M+1]+,group319,corgroup129,+,
FT2023,486.2742,999.8,NA,NA,NA,,[327][M]2+,group312,corgroup162,+,
FT2024,977.5575,999.9,NA,NA,NA,,,NA,NA,,
FT2026,340.293,1000,NA,NA,NA,,[241][M+1]+,group320,corgroup238,+,
FT2025,480.3088,1000,NA,NA,NA,,,group320,corgroup162,,
FT2027,339.2895,1000.1,NA,NA,FT2025-C2H8O4NP,,[241][M]+,group320,corgroup238,+,
FT2028,362.209,1000.6,NA,NA,NA,,,NA,corgroup300,,
FT2030,340.2272,1000.9,NA,NA,NA,,,NA,corgroup300,,
FT2029,342.2337,1000.9,NA,NA,NA,,,NA,corgroup300,,
FT2031,656.4498,1001.9,NA,NA,NA,,[432][M+1]+,group321,corgroup300,+,
FT2032,655.4462,1002.1,NA,NA,NA,,[432][M]+,group321,corgroup397,+,
FT2035,316.6668,1003.4,NA,NA,NA,,,NA,corgroup397,,
FT2036,631.4468,1003.4,NA,NA,NA,,[419][M]+,group322,corgroup397,+,
FT2034,632.4501,1003.4,NA,NA,NA,,[419][M+1]+,group322,corgroup397,+,
FT2033,633.4528,1003.4,NA,NA,NA,,[419][M+2]+,group322,corgroup397,+,
FT2040,316.2273,1003.7,NA,NA,NA,,[204][M]+,group323,NA,,
FT2038,316.4682,1003.7,NA,NA,NA,,,NA,NA,,
FT2042,317.2308,1003.7,NA,NA,NA,,[204][M+1]+,group323,corgroup397,+,
FT2043,318.2338,1003.7,NA,NA,NA,,[204][M+2]+,group323,corgroup397,+,
FT2037,319.2357,1003.7,NA,NA,NA,,[204][M+3]+,group323,corgroup397,+,
FT2044,338.2091,1003.7,NA,NA,NA,,[238][M]+,group324,corgroup397,+,
FT2039,339.2124,1003.7,NA,NA,NA,,[238][M+1]+,group324,corgroup397,+,
FT2041,653.4286,1003.7,NA,NA,NA,,,NA,corgroup397,,
FT2045,159.0679,1005,NA,NA,NA,,,NA,corgroup397,,
FT2046,439.1433,1006.5,NA,NA,NA,,[300][M+2]+,group325,corgroup157,+,
FT2047,820.3549,1006.5,NA,NA,NA,,[472][M+1]+,group326,corgroup283,+,
FT2048,836.3292,1006.5,NA,NA,NA,,[478][M+1]+,group327,corgroup157,+,
FT2052,421.1705,1006.6,NA,NA,NA,,[292][M]+,group328,corgroup253,+,
FT2053,422.1737,1006.6,NA,NA,NA,,[292][M+1]+,group328,corgroup253,+,
FT2049,437.1447,1006.6,Phlorizin [M+H]+,[M+H]+ 436.1369,NA,,[300][M]+,group325,corgroup283,+,
FT2050,438.1478,1006.6,NA,NA,NA,,[300][M+1]+,group325,corgroup253,+,
FT2054,819.352,1006.6,NA,NA,NA,,[472][M]+,group326,corgroup253,+,
FT2051,835.3263,1006.6,NA,NA,NA,,[478][M]+,group327,corgroup283,+,
FT2056,613.4353,1006.7,NA,NA,NA,,,group329,corgroup277,+,
FT2055,721.3747,1006.7,NA,NA,FT2054-H3PO4,,,group326,corgroup446,+,
FT2061,401.1903,1006.8,NA,NA,NA,,[283][M+2]+,group333,corgroup277,,
FT2058,416.1869,1006.8,NA,NA,NA,,[290][M+1]+,group331,corgroup411,+,
FT2062,461.1104,1006.8,NA,NA,NA,,,NA,corgroup41,,
FT2059,700.3958,1006.8,NA,NA,NA,,[450][M+1]+,group330,corgroup167,+,
FT2057,701.3986,1006.8,NA,NA,NA,,[450][M+2]+,group330,corgroup253,,
FT2060,862.2934,1006.8,NA,NA,NA,,[483][M+3]+,group332,corgroup253,+,
FT2069,358.1827,1006.9,NA,NA,NA,,,NA,corgroup167,,
FT2067,399.189,1006.9,NA,NA,NA,,[283][M]+,group333,corgroup253,+,
FT2068,400.1921,1006.9,NA,NA,NA,,[283][M+1]+,group333,corgroup253,+,
FT2063,677.4102,1006.9,NA,NA,NA,,,NA,corgroup411,,
FT2064,699.3925,1006.9,NA,NA,NA,,[450][M]+,group330,corgroup167,+,
FT2065,859.2919,1006.9,NA,NA,NA,,[483][M]+,group332,corgroup283,+,
FT2066,861.2918,1006.9,NA,NA,NA,,[483][M+2]+,group332,corgroup253,+,
FT2070,385.2945,1007,NA,NA,NA,,,NA,corgroup253,,
FT2071,860.2947,1007,NA,NA,NA,,[483][M+1]+,group332,corgroup283,+,
FT2072,383.2117,1007.1,NA,NA,NA,,[275][M]+,group334,corgroup167,+,
FT2073,384.215,1007.1,NA,NA,NA,,[275][M+1]+,group334,corgroup167,+,
FT2074,405.1936,1007.1,NA,NA,NA,,,NA,corgroup167,,
FT2075,415.1839,1007.1,NA,NA,NA,,[290][M]+,group331,corgroup167,+,
FT2076,367.2168,1007.3,NA,NA,NA,,[266][M]+,group335,corgroup193,+,
FT2077,368.2202,1007.4,NA,NA,NA,,[266][M+1]+,group335,corgroup193,+,
FT2078,172.0757,1008,NA,NA,NA,,,NA,corgroup277,,
FT2079,617.4074,1008.3,NA,NA,NA,,,NA,corgroup253,,
FT2080,595.4252,1008.4,NA,NA,FT2056-H2O,,,group329,corgroup283,+,
FT2083,184.0757,1008.5,NA,NA,NA,,,NA,corgroup277,,
FT2081,185.0824,1008.5,NA,NA,NA,,,NA,corgroup277,,
FT2082,321.2017,1008.5,NA,NA,NA,,[207][M+1]+,group336,corgroup161,+,
FT2084,298.2167,1008.7,NA,NA,NA,,[161][M]+,group337,corgroup282,+,
FT2085,299.2201,1008.7,NA,NA,NA,,[161][M+1]+,group337,corgroup282,+,
FT2091,189.1486,1009,NA,NA,NA,,,group340,corgroup188,+,
FT2090,320.1986,1009,NA,NA,NA,,[207][M]+,group336,corgroup161,+,
FT2087,597.4409,1009,NA,NA,NA,,[396][M]+,group339,corgroup78,+,
FT2088,598.4445,1009,NA,NA,NA,,[396][M+1]+,group339,corgroup78,+,
FT2089,619.4229,1009,NA,NA,NA,,[413][M]+,group338,corgroup282,+,
FT2086,620.426,1009,NA,NA,NA,,[413][M+1]+,group338,corgroup283,+,
FT2092,135.1169,1009.2,NA,NA,FT2093-H2O,,,group340,corgroup188,+,
FT2093,153.1274,1009.2,NA,NA,FT2099-H2O,,,group340,corgroup215,,
FT2099,171.138,1009.2,NA,NA,FT2091-H2O,,,group340,corgroup188,+,
FT2100,272.6477,1009.2,NA,NA,NA,,[117][M+1]2+,group343,corgroup188,+,
FT2094,300.4665,1009.2,NA,NA,NA,,,NA,NA,,
FT2095,301.2357,1009.2,NA,NA,NA,,[167][M+1]+,group341,corgroup161,+,
FT2096,302.2388,1009.2,NA,NA,NA,,[167][M+2]+,group341,corgroup161,+,
FT2097,303.2416,1009.2,NA,NA,NA,,[167][M+3]+,group341,corgroup446,,
FT2098,1033.655,1009.2,NA,NA,NA,,[517][M+2]+,group342,NA,,
FT2104,301.6641,1009.3,NA,NA,NA,,,NA,corgroup102,,
FT2103,341.2682,1009.3,NA,NA,FT2112-H2O,,,group344,corgroup215,+,
FT2101,599.4563,1009.3,NA,NA,NA,,[396][M+2]+,group339,corgroup198,,
FT2105,600.4602,1009.3,NA,NA,NA,,[396][M+3]+,group339,NA,,
FT2102,1032.6521,1009.3,NA,NA,NA,,[517][M+1]+,group342,corgroup188,+,
FT2106,1054.6337,1009.3,NA,NA,NA,,[519][M+1]+,group345,NA,,
FT2107,524.3108,1009.4,NA,NA,NA,,[348][M]2+,group346,corgroup41,+,
FT2108,524.8127,1009.4,NA,NA,NA,,[348][M+1]2+,group346,NA,,
FT2109,272.1459,1009.5,NA,NA,NA,,[117][M]2+,group343,corgroup193,+,
FT2126,281.1511,1009.5,NA,NA,NA,,,NA,NA,,
FT2110,292.659,1009.5,NA,NA,NA,,,NA,corgroup193,,
FT2111,300.2323,1009.5,NA,NA,NA,,[167][M]+,group341,corgroup161,+,
FT2127,322.2141,1009.5,NA,NA,NA,,[211][M]+,group350,corgroup215,+,
FT2112,359.2792,1009.5,NA,NA,FT2125-Anhydro-deoxyhexose,,[262][M]+,group344,corgroup215,+,
FT2113,360.2827,1009.5,NA,NA,NA,,[262][M+1]+,group344,corgroup215,+,
FT2125,505.3365,1009.5,NA,NA,FT2114-NH3,,,group344,corgroup282,,
FT2114,522.3632,1009.5,NA,NA,NA,,,group344,corgroup198,,
FT2115,527.3193,1009.5,NA,NA,NA,,[353][M]+,group347,corgroup215,+,
FT2116,528.3225,1009.5,NA,NA,NA,,[353][M+1]+,group347,corgroup215,+,
FT2117,529.3251,1009.5,NA,NA,NA,,[353][M+2]+,group347,corgroup161,,
FT2118,543.2869,1009.5,NA,NA,NA,,,NA,corgroup188,,
FT2128,549.301,1009.5,NA,NA,NA,,[367][M]+,group348,corgroup215,+,
FT2119,550.3044,1009.5,NA,NA,NA,,[367][M+1]+,group348,corgroup215,+,
FT2132,559.2559,1009.5,NA,NA,NA,,,NA,corgroup198,,
FT2120,617.2881,1009.5,NA,NA,NA,,,NA,corgroup193,,
FT2123,621.4378,1009.5,NA,NA,NA,,[413][M+2]+,group338,corgroup78,+,
FT2129,685.2755,1009.5,NA,NA,NA,,[445][M]+,group349,corgroup161,+,
FT2121,686.2789,1009.5,NA,NA,NA,,[445][M+1]+,group349,corgroup282,+,
FT2130,753.263,1009.5,NA,NA,NA,,,NA,corgroup215,,
FT2131,821.2503,1009.5,NA,NA,NA,,,NA,corgroup102,,
FT2122,1031.6487,1009.5,NA,NA,NA,,[517][M]+,group342,corgroup188,+,
FT2124,1053.6301,1009.5,NA,NA,NA,,[519][M]+,group345,corgroup188,+,
FT2133,323.2175,1009.7,NA,NA,NA,,[211][M+1]+,group350,NA,,
FT2134,519.2692,1014.4,NA,NA,NA,,,NA,corgroup86,,
FT2135,226.9517,1015,NA,NA,NA,,,NA,corgroup86,,
FT2136,332.3311,1015.6,NA,NA,NA,,,NA,corgroup332,,
FT2138,319.2245,1016,NA,NA,NA,,,NA,corgroup201,,
FT2137,335.1983,1016,NA,NA,NA,,,NA,NA,,
FT2139,297.2419,1016.1,NA,NA,NA,,,NA,corgroup201,,
FT2140,386.2689,1016.4,NA,NA,NA,,,NA,corgroup332,,
FT2141,738.9327,1021.3,NA,NA,NA,,,NA,NA,,
FT2143,491.2931,1021.4,NA,NA,NA,,,NA,NA,,
FT2142,960.613,1021.4,NA,NA,NA,,[508][M+1]+,group351,corgroup183,+,
FT2144,961.6156,1021.4,NA,NA,NA,,[508][M+2]+,group351,corgroup183,+,
FT2147,340.2925,1021.5,NA,NA,NA,,[239][M+1]+,group353,corgroup183,+,
FT2152,483.3169,1021.5,NA,NA,NA,,[322][M+3]+,group353,NA,,
FT2145,499.2821,1021.5,NA,NA,NA,,[332][M]2+,group352,NA,,
FT2146,499.7838,1021.5,NA,NA,NA,,[332][M+1]2+,group352,corgroup100,+,
FT2151,661.2503,1021.5,NA,NA,NA,,[433][M+1]+,group356,corgroup11,+,
FT2148,959.6095,1021.5,NA,NA,NA,,[508][M]+,group351,corgroup183,+,
FT2149,981.5914,1021.5,NA,NA,NA,,[511][M]+,group354,corgroup183,+,
FT2150,1004.5762,1021.5,NA,NA,NA,,[514][M+1]+,group355,NA,,
FT2153,339.2891,1021.6,NA,NA,FT2165-C2H8O4NP,,[239][M]+,group353,corgroup183,+,
FT2154,462.2977,1021.6,NA,NA,FT2165-H2O,,,group353,corgroup183,+,
FT2155,475.2133,1021.6,NA,NA,NA,,,NA,corgroup183,,
FT2156,481.312,1021.6,NA,NA,NA,,[322][M+1]+,group353,corgroup183,+,
FT2157,504.2965,1021.6,NA,NA,NA,,[333][M+2]+,group357,corgroup183,+,
FT2158,864.2092,1021.6,NA,NA,NA,,,NA,corgroup11,,
FT2159,1003.5731,1021.6,NA,NA,NA,,[514][M]+,group355,corgroup183,+,
FT2163,259.6315,1021.7,NA,NA,NA,,[104][M]2+,group358,corgroup6,+,
FT2160,260.1331,1021.7,NA,NA,NA,,[104][M+1]2+,group358,NA,,
FT2164,268.6368,1021.7,NA,NA,NA,,,NA,NA,,
FT2165,480.3087,1021.7,NA,NA,NA,,[322][M]+,group353,corgroup100,,
FT2166,482.3145,1021.7,NA,NA,NA,,[322][M+2]+,group353,corgroup100,,
FT2167,502.2906,1021.7,NA,NA,NA,,[333][M]+,group357,corgroup23,+,
FT2168,503.2938,1021.7,NA,NA,NA,,[333][M+1]+,group357,corgroup141,+,
FT2161,518.2586,1021.7,NA,NA,NA,,,NA,NA,,
FT2169,524.2724,1021.7,NA,NA,NA,,[347][M]+,group359,corgroup141,+,
FT2171,796.2217,1021.7,NA,NA,NA,,,NA,corgroup408,,
FT2162,982.5944,1021.7,NA,NA,NA,,[511][M+1]+,group354,corgroup183,+,
FT2170,1025.5551,1021.7,NA,NA,NA,,,NA,corgroup432,,
FT2172,251.6428,1021.8,NA,NA,NA,,,NA,NA,,
FT2173,267.6178,1021.8,NA,NA,NA,,,NA,corgroup183,,
FT2175,525.2757,1021.8,NA,NA,NA,,[347][M+1]+,group359,corgroup23,+,
FT2174,592.2595,1021.8,NA,NA,NA,,,NA,corgroup6,,
FT2177,660.2471,1021.9,NA,NA,NA,,[433][M]+,group356,corgroup432,+,
FT2176,728.2343,1021.9,NA,NA,NA,,,NA,corgroup408,,
FT2180,342.2429,1028.9,NA,NA,NA,,[243][M]+,group360,corgroup409,+,
FT2181,343.2463,1028.9,NA,NA,NA,,[243][M+1]+,group360,corgroup409,+,
FT2182,344.2493,1028.9,NA,NA,NA,,[243][M+2]+,group360,corgroup409,+,
FT2178,345.2518,1028.9,NA,NA,NA,,[243][M+3]+,group360,corgroup409,+,
FT2183,683.4778,1028.9,NA,NA,NA,,[444][M]+,group361,corgroup409,+,
FT2179,684.481,1028.9,NA,NA,NA,,[444][M+1]+,group361,corgroup409,+,
FT2184,364.2247,1029,NA,NA,NA,,[263][M]+,group362,corgroup409,+,
FT2185,365.2279,1029,NA,NA,NA,,[263][M+1]+,group362,corgroup409,+,
FT2186,261.1678,1029.8,NA,NA,NA,,,NA,NA,,
FT2187,226.9517,1032.3,NA,NA,NA,,,NA,NA,,
FT2190,326.248,1034.5,NA,NA,NA,,[222][M]+,group363,corgroup261,+,
FT2191,327.2513,1034.5,NA,NA,NA,,[222][M+1]+,group363,corgroup261,+,
FT2192,328.2545,1034.5,NA,NA,NA,,[222][M+2]+,group363,corgroup261,+,
FT2189,329.2575,1034.5,NA,NA,NA,,[222][M+3]+,group363,corgroup74,,
FT2193,348.2297,1034.5,NA,NA,NA,,,NA,corgroup74,,
FT2188,651.4876,1034.5,NA,NA,NA,,,NA,NA,,
FT2194,649.4716,1034.8,NA,NA,NA,,,NA,corgroup261,,
FT2195,324.2324,1035,NA,NA,NA,,[213][M]+,group364,corgroup261,+,
FT2196,325.2357,1035,NA,NA,NA,,[213][M+1]+,group364,corgroup261,+,
FT2197,346.2141,1035,NA,NA,NA,,,NA,corgroup74,,
FT2198,270.2792,1041.9,NA,NA,NA,,,NA,NA,,
FT2199,314.2772,1041.9,NA,NA,NA,,[199][M+1]+,group365,corgroup200,+,
FT2200,696.453,1042.1,NA,NA,NA,,,group366,corgroup144,+,
FT2204,262.1209,1042.2,NA,NA,NA,,,NA,corgroup232,,
FT2201,467.277,1042.2,NA,NA,FT2227-H2O,,,group365,corgroup200,+,
FT2202,508.2726,1042.2,NA,NA,NA,,[337][M+1]+,group367,NA,,
FT2205,523.2355,1042.2,NA,NA,NA,,,NA,corgroup178,,
FT2206,529.2512,1042.2,NA,NA,NA,,[355][M]+,group368,corgroup178,+,
FT2207,530.2545,1042.2,NA,NA,NA,,[355][M+1]+,group368,corgroup178,+,
FT2203,733.2131,1042.2,NA,NA,NA,,,NA,NA,,
FT2210,486.2907,1042.3,NA,NA,NA,,[325][M+1]+,group365,corgroup438,,
FT2209,1185.6875,1042.3,NA,NA,NA,,,NA,corgroup243,,
FT2208,1207.6695,1042.3,NA,NA,NA,,,NA,corgroup243,,
FT2212,293.1231,1042.4,NA,NA,NA,,,NA,corgroup81,,
FT2226,313.2738,1042.4,NA,NA,FT2201-C3H7O5P; FT2227-C3H9O6P,,[199][M]+,group365,corgroup438,,
FT2231,321.2402,1042.4,NA,NA,NA,,,NA,corgroup178,,
FT2213,359.1905,1042.4,NA,NA,NA,,[260][M]2+,group369,corgroup232,+,
FT2214,359.6922,1042.4,NA,NA,NA,,[260][M+1]2+,group369,corgroup81,+,
FT2215,368.1955,1042.4,NA,NA,NA,,,NA,NA,,
FT2216,369.2998,1042.4,NA,NA,FT2201-H3PO4; FT2220-H2O,,,group365,corgroup200,+,
FT2220,387.3104,1042.4,NA,NA,FT2201-HPO3; FT2227-H3PO4,,[277][M]+,group365,corgroup205,,
FT2221,388.314,1042.4,NA,NA,NA,,[277][M+1]+,group365,NA,,
FT2227,485.2873,1042.4,NA,NA,NA,,[325][M]+,group365,corgroup205,,
FT2228,507.2694,1042.4,NA,NA,NA,,[337][M]+,group367,corgroup178,+,
FT2232,509.2753,1042.4,NA,NA,NA,,[337][M+2]+,group367,corgroup210,+,
FT2233,597.2384,1042.4,NA,NA,NA,,,NA,corgroup152,,
FT2217,679.4261,1042.4,NA,NA,FT2200-NH3,,[442][M]+,group366,corgroup144,+,
FT2211,680.4294,1042.4,NA,NA,NA,,[442][M+1]+,group366,corgroup144,+,
FT2222,701.4084,1042.4,NA,NA,NA,,[451][M]+,group370,corgroup205,+,
FT2223,702.4115,1042.4,NA,NA,NA,,[451][M+1]+,group370,corgroup205,+,
FT2229,703.4143,1042.4,NA,NA,NA,,[451][M+2]+,group370,corgroup210,,
FT2218,717.3763,1042.4,NA,NA,NA,,,NA,corgroup205,,
FT2224,723.39,1042.4,NA,NA,NA,,[459][M]+,group371,corgroup178,+,
FT2225,724.3934,1042.4,NA,NA,NA,,[459][M+1]+,group371,corgroup200,+,
FT2219,791.3774,1042.4,NA,NA,NA,,,NA,corgroup152,,
FT2230,859.3647,1042.4,NA,NA,NA,,,NA,corgroup205,,
FT2234,665.2259,1042.5,NA,NA,NA,,,NA,corgroup210,,
FT2235,199.1694,1042.7,NA,NA,FT2236-H2O,,,group372,corgroup200,+,
FT2236,217.1798,1042.8,NA,NA,NA,,,group372,NA,,
FT2237,310.2072,1043.1,NA,NA,NA,,[188][M+1]+,group373,corgroup210,+,
FT2238,309.2037,1043.2,NA,NA,NA,,[188][M]+,group373,corgroup144,+,
FT2239,228.2322,1044.2,NA,NA,NA,,,NA,corgroup200,,
FT2240,298.3468,1048,NA,NA,NA,,[162][M]+,group374,corgroup281,+,
FT2241,299.3502,1048,NA,NA,NA,,[162][M+1]+,group374,corgroup281,+,
FT2242,352.2462,1051.3,NA,NA,NA,,,NA,NA,,
FT2243,337.1564,1051.8,NA,NA,NA,,,NA,NA,,
FT2245,425.2146,1052.6,NA,NA,NA,Precursor; FT2245_MS2 match,[294][M]+,group375,corgroup360,+,
FT2244,426.2181,1052.6,NA,NA,NA,,[294][M+1]+,group375,corgroup360,+,
FT2246,351.2505,1053.8,NA,NA,NA,,,NA,NA,,
FT2247,327.3815,1054.4,NA,NA,NA,FT2248_MS2 match,[224][M+1]+,group376,corgroup262,+,
FT2248,326.3782,1054.6,NA,NA,NA,Precursor; FT2248_MS2 match,[224][M]+,group376,corgroup262,+,
FT2249,328.3848,1054.6,NA,NA,NA,FT2248_MS2 match,[224][M+2]+,group376,corgroup262,+,
FT2250,330.2427,1055.2,NA,NA,NA,,,NA,corgroup262,,
FT2251,381.2611,1056.7,NA,NA,NA,,,NA,NA,,
FT2252,386.2978,1056.8,NA,NA,NA,FT2253_MS2 match,[276][M+1]+,group377,NA,,
FT2254,261.1679,1056.9,NA,NA,NA,,,NA,corgroup29,,
FT2253,385.2943,1056.9,NA,NA,FT2268-Anhydro-deoxyhexose,Precursor; FT2253_MS2 match,[276][M]+,group377,NA,,
FT2258,189.1486,1057.2,NA,NA,NA,,,NA,corgroup40,,
FT2255,197.1536,1057.2,NA,NA,NA,,,NA,NA,,
FT2259,285.1536,1057.2,NA,NA,NA,,,NA,NA,,
FT2256,294.1589,1057.2,NA,NA,NA,,,NA,NA,,
FT2268,531.3525,1057.2,NA,NA,FT2269-NH3,,,group377,corgroup276,+,
FT2269,548.3787,1057.2,NA,NA,NA,,,group377,NA,,
FT2260,553.3348,1057.2,NA,NA,NA,,[370][M]+,group378,corgroup140,+,
FT2261,554.3384,1057.2,NA,NA,NA,,[370][M+1]+,group378,corgroup40,,
FT2264,555.3412,1057.2,NA,NA,NA,,[370][M+2]+,group378,corgroup140,+,
FT2265,569.3028,1057.2,NA,NA,NA,,,NA,NA,,
FT2266,575.3166,1057.2,NA,NA,NA,,[383][M]+,group379,corgroup262,+,
FT2267,576.3202,1057.2,NA,NA,NA,,[383][M+1]+,group379,corgroup262,+,
FT2262,643.3038,1057.2,NA,NA,NA,,,NA,NA,,
FT2270,711.2913,1057.2,NA,NA,NA,,,NA,corgroup276,,
FT2263,779.2785,1057.2,NA,NA,NA,,,NA,corgroup29,,
FT2257,1083.6805,1057.2,NA,NA,NA,,,NA,corgroup40,,
FT2271,312.2321,1061.4,NA,NA,NA,,,NA,NA,,
FT2272,314.2474,1062.5,NA,NA,NA,,,NA,NA,,
FT2273,226.9518,1065.3,NA,NA,NA,,,NA,NA,,
FT2274,352.2463,1066.6,NA,NA,NA,,,NA,NA,,
FT2275,351.2507,1068.4,NA,NA,NA,,,NA,NA,,
FT2276,311.256,1070.2,NA,NA,FT2280-formaldehyde,,,group380,corgroup288,+,
FT2277,342.2429,1071.2,NA,NA,NA,,[244][M]+,group381,corgroup376,+,
FT2278,343.2461,1071.2,NA,NA,NA,,[244][M+1]+,group381,corgroup376,+,
FT2279,344.2492,1071.2,NA,NA,NA,,[244][M+2]+,group381,corgroup376,+,
FT2280,341.2662,1071.3,NA,NA,NA,Precursor; FT2280_MS2 match,,group380,corgroup371,+,
FT2281,385.2924,1071.7,NA,NA,NA,Precursor; FT2281_MS2 match,,group382,NA,,
FT2284,275.2581,1072,NA,NA,NA,,,NA,corgroup288,,
FT2285,297.2399,1072,NA,NA,NA,,[159][M]+,group384,NA,,
FT2283,298.2434,1072,NA,NA,NA,,[159][M+1]+,group384,corgroup288,+,
FT2282,350.1728,1072,NA,NA,NA,,,group383,NA,,
FT2286,556.2701,1072.9,NA,NA,NA,,[371][M+1]+,group385,NA,,
FT2287,555.2666,1073,NA,NA,NA,,[371][M]+,group385,corgroup371,+,
FT2288,340.2925,1073.2,NA,NA,NA,,[240][M+1]+,group386,corgroup293,+,
FT2289,293.1513,1073.4,NA,NA,FT2282-Methyl isocyanate,,,group383,corgroup290,+,
FT2290,135.0804,1073.5,NA,NA,NA,,,NA,NA,,
FT2291,534.2883,1073.5,NA,NA,NA,,,NA,corgroup192,,
FT2292,781.5231,1074,NA,NA,NA,,,NA,corgroup156,,
FT2293,511.3031,1074.3,NA,NA,NA,,,group386,corgroup371,+,
FT2294,339.2893,1074.5,NA,NA,FT2293-C3H9O6P,,[240][M]+,group386,corgroup192,+,
FT2295,468.2805,1075.5,NA,NA,NA,,[312][M+1]+,group387,corgroup293,,
FT2296,529.2511,1075.7,NA,NA,FT2298-HCl,,[354][M]+,group388,NA,,
FT2297,502.3161,1075.8,NA,NA,NA,,,group387,corgroup192,,
FT2303,133.1012,1076,NA,NA,NA,FT2301_MS2 match,,group387,corgroup156,+,
FT2299,262.1216,1076,NA,NA,NA,,,NA,corgroup290,,
FT2304,313.2736,1076,NA,NA,FT2301-C3H9O6P; FT2313-C3H7O5P,,,group387,corgroup293,,
FT2305,337.2009,1076,NA,NA,NA,,,NA,corgroup156,,
FT2301,485.2891,1076,NA,NA,FT2297-NH3,Precursor,[326][M]+,group387,corgroup156,+,
FT2302,486.2927,1076,NA,NA,NA,,[326][M+1]+,group387,corgroup156,+,
FT2300,487.2955,1076,NA,NA,NA,,[326][M+2]+,group387,corgroup156,+,
FT2306,507.2714,1076,NA,NA,NA,Precursor; FT2306_MS2 match; FT2309_MS2 match,[338][M]+,group389,corgroup156,+,
FT2307,509.2776,1076,NA,NA,NA,FT2306_MS2 match; FT2309_MS2 match,[338][M+2]+,group389,corgroup156,+,
FT2298,565.2297,1076,NA,NA,NA,,,group388,corgroup156,+,
FT2308,665.2255,1076,NA,NA,NA,,,NA,corgroup293,,
FT2309,991.5542,1076,NA,NA,NA,Precursor,[513][M]+,group389,corgroup156,+,
FT2310,992.5575,1076,NA,NA,NA,,[513][M+1]+,group389,corgroup156,+,
FT2311,993.5601,1076,NA,NA,NA,,[513][M+2]+,group389,corgroup156,+,
FT2312,1007.528,1076,NA,NA,NA,Precursor,[515][M]+,group390,corgroup156,+,
FT2313,467.2768,1076.2,NA,NA,FT2301-H2O,,[312][M]+,group387,corgroup192,,
FT2314,508.2749,1076.3,NA,NA,NA,FT2306_MS2 match; FT2309_MS2 match,[338][M+1]+,group389,corgroup156,+,
FT2315,523.2455,1076.3,NA,NA,NA,Precursor; FT2312_MS2 match; FT2315_MS2 match,[346][M]+,group390,corgroup156,+,
FT2316,524.2489,1076.3,NA,NA,NA,FT2312_MS2 match; FT2315_MS2 match,[346][M+1]+,group390,corgroup156,+,
FT2321,525.2475,1076.3,NA,NA,NA,,[346][M+2]+,group390,corgroup156,+,
FT2322,530.2544,1076.3,NA,NA,NA,,[354][M+1]+,group388,corgroup290,+,
FT2317,575.2588,1076.3,NA,NA,NA,,,NA,corgroup156,,
FT2318,643.2459,1076.3,NA,NA,NA,,,NA,corgroup192,,
FT2319,1008.5312,1076.3,NA,NA,NA,,[515][M+1]+,group390,corgroup156,+,
FT2320,1009.5331,1076.3,NA,NA,NA,,[515][M+2]+,group390,corgroup156,+,
FT2323,597.2383,1076.7,NA,NA,NA,,,NA,NA,,
FT2324,258.1489,1081.4,NA,NA,NA,,,NA,corgroup226,,
FT2325,314.2114,1082.4,NA,NA,NA,,,NA,corgroup226,,
FT2326,260.1646,1082.9,NA,NA,NA,,[105][M]+,group391,NA,,
FT2327,261.1678,1083.2,NA,NA,NA,,[105][M+1]+,group391,NA,,
FT2328,289.1992,1083.3,NA,NA,NA,,[141][M+1]+,group392,corgroup226,+,
FT2336,223.0637,1083.4,NA,NA,NA,,,NA,corgroup385,,
FT2335,371.1012,1083.4,NA,NA,NA,,,NA,corgroup385,,
FT2337,463.1305,1083.4,NA,NA,NA,,,NA,corgroup385,,
FT2329,485.1126,1083.4,NA,NA,NA,,,NA,corgroup385,,
FT2330,486.1133,1083.4,NA,NA,NA,,,NA,corgroup385,,
FT2331,487.1109,1083.4,NA,NA,NA,,,NA,corgroup385,,
FT2332,488.1111,1083.4,NA,NA,NA,,,NA,corgroup385,,
FT2338,501.0863,1083.4,NA,NA,NA,,,NA,corgroup385,,
FT2333,502.0871,1083.4,NA,NA,NA,,,NA,corgroup385,,
FT2334,503.0847,1083.4,NA,NA,NA,,,NA,corgroup385,,
FT2339,288.1958,1083.9,NA,NA,NA,,[141][M]+,group392,NA,,
FT2340,728.4272,1085.4,NA,NA,NA,,[460][M+1]+,group393,NA,,
FT2341,749.4057,1085.4,NA,NA,NA,,,NA,corgroup191,,
FT2342,727.4236,1085.5,NA,NA,NA,,[460][M]+,group393,corgroup191,+,
FT2343,226.9518,1086.8,NA,NA,NA,,,NA,corgroup62,,
FT2344,326.2478,1087.2,NA,NA,NA,,[221][M]+,group394,corgroup191,+,
FT2345,327.2511,1087.2,NA,NA,NA,,[221][M+1]+,group394,NA,,
FT2346,311.2558,1089,NA,NA,NA,Precursor; FT2346_MS2 match,,group395,corgroup62,+,
FT2347,355.4129,1089.1,NA,NA,NA,,[255][M+1]+,group396,corgroup389,+,
FT2348,354.4095,1089.8,NA,NA,NA,,[255][M]+,group396,corgroup389,+,
FT2350,368.2585,1090.8,NA,NA,NA,,[268][M]+,group397,corgroup154,+,
FT2349,369.2614,1090.8,NA,NA,NA,,[268][M+1]+,group397,corgroup154,+,
FT2353,171.138,1093.2,NA,NA,FT2356-H2O,,,group398,NA,,
FT2351,295.1667,1093.2,NA,NA,NA,,,NA,NA,,
FT2352,306.6748,1093.2,NA,NA,NA,,,NA,NA,,
FT2356,189.1486,1093.3,NA,NA,NA,,,group398,NA,,
FT2373,199.1693,1093.3,NA,NA,FT2375-H2O,,,group404,NA,,
FT2354,286.1618,1093.3,NA,NA,NA,,,NA,corgroup105,,
FT2357,369.2998,1093.3,NA,NA,FT2358-H2O,,,group399,corgroup105,,
FT2358,387.3105,1093.3,NA,NA,FT2374-Anhydro-deoxyhexose,,[278][M]+,group399,corgroup252,,
FT2359,388.3139,1093.3,NA,NA,NA,,[278][M+1]+,group399,corgroup128,+,
FT2374,533.3682,1093.3,NA,NA,FT2355-NH3,,,group399,corgroup128,+,
FT2355,550.3944,1093.3,NA,NA,NA,,,group399,corgroup154,,
FT2360,555.3506,1093.3,NA,NA,NA,,[373][M]+,group400,corgroup252,+,
FT2361,556.3538,1093.3,NA,NA,NA,,[373][M+1]+,group400,corgroup252,+,
FT2362,557.3564,1093.3,NA,NA,NA,,[373][M+2]+,group400,corgroup252,+,
FT2363,571.3195,1093.3,NA,NA,NA,,,NA,corgroup343,,
FT2364,577.3322,1093.3,NA,NA,NA,,[385][M]+,group401,corgroup252,+,
FT2365,578.3357,1093.3,NA,NA,NA,,[385][M+1]+,group401,corgroup128,+,
FT2366,645.3197,1093.3,NA,NA,NA,,,NA,NA,,
FT2367,713.3067,1093.3,NA,NA,NA,,[456][M]+,group402,corgroup154,+,
FT2368,714.3103,1093.3,NA,NA,NA,,[456][M+1]+,group402,NA,,
FT2369,781.2942,1093.3,NA,NA,NA,,,NA,NA,,
FT2370,849.2814,1093.3,NA,NA,NA,,,NA,NA,,
FT2371,1087.711,1093.3,NA,NA,NA,,[522][M]+,group403,NA,,
FT2372,1088.7146,1093.3,NA,NA,NA,,[522][M+1]+,group403,NA,,
FT2375,217.1798,1093.4,NA,NA,NA,,,group404,NA,,
FT2376,587.2875,1093.6,NA,NA,NA,,,NA,corgroup154,,
FT2377,302.2452,1093.9,NA,NA,NA,,,NA,NA,,
FT2378,340.2636,1094.4,NA,NA,NA,,,NA,NA,,
FT2380,399.3081,1096.1,NA,NA,NA,Precursor; FT2380_MS2 match,,group406,NA,,
FT2379,443.3342,1096.1,NA,NA,NA,Precursor; FT2379_MS2 match,,group405,corgroup343,+,
FT2381,260.1647,1098.3,NA,NA,NA,,,NA,NA,,
FT2382,376.3184,1098.6,NA,NA,NA,,,NA,NA,,
FT2383,258.1487,1098.7,NA,NA,NA,,,NA,corgroup347,,
FT2384,695.4128,1100.2,NA,NA,NA,,,NA,corgroup13,,
FT2385,289.1991,1100.3,NA,NA,NA,,,NA,corgroup347,,
FT2386,335.2556,1101.2,NA,NA,NA,,,NA,corgroup13,,
FT2387,261.1678,1101.5,NA,NA,NA,,,NA,corgroup347,,
FT2388,531.3865,1102.1,NA,NA,NA,Precursor; FT2388_MS2 match,,group407,NA,,
FT2389,314.2115,1102.3,NA,NA,NA,,,NA,NA,,
FT2390,494.3234,1102.3,NA,NA,NA,,,NA,NA,,
FT2391,487.3605,1102.8,NA,NA,NA,Precursor; FT2391_MS2 match,,group408,NA,,
FT2392,569.3376,1103.9,NA,NA,NA,,,NA,NA,,
FT2393,355.2819,1105.7,NA,NA,NA,Precursor; FT2393_MS2 match,[256][M]+,group409,NA,,
FT2394,356.2852,1105.8,NA,NA,NA,FT2393_MS2 match,[256][M+1]+,group409,NA,,
FT2396,624.2574,1106.1,NA,NA,NA,,[415][M+1]+,group410,corgroup227,+,
FT2395,1065.5619,1106.1,NA,NA,NA,,,NA,corgroup203,,
FT2397,344.2585,1106.3,NA,NA,NA,,[247][M]+,group411,corgroup227,,
FT2398,345.2617,1106.3,NA,NA,NA,,[247][M+1]+,group411,corgroup203,+,
FT2399,346.2647,1106.3,NA,NA,NA,,[247][M+2]+,group411,corgroup203,+,
FT2401,613.2254,1106.7,NA,NA,NA,,,NA,corgroup227,,
FT2400,1043.5803,1106.7,NA,NA,NA,,,NA,corgroup203,,
FT2402,692.2447,1106.8,NA,NA,NA,,[446][M+1]+,group412,corgroup227,+,
FT2403,549.252,1107.1,NA,NA,NA,,,NA,corgroup217,,
FT2404,555.267,1107.1,NA,NA,NA,,[372][M]+,group413,corgroup273,+,
FT2405,556.2703,1107.1,NA,NA,NA,,[372][M+1]+,group413,corgroup273,+,
FT2406,895.2035,1107.1,NA,NA,NA,,,NA,corgroup227,,
FT2407,339.2894,1107.3,NA,NA,FT2409-C3H7O5P; FT2410-C3H9O6P,,,group414,corgroup248,+,
FT2408,512.3064,1107.3,NA,NA,NA,,[340][M+1]+,group414,corgroup248,+,
FT2409,493.2924,1107.4,NA,NA,FT2410-H2O,,,group414,corgroup248,+,
FT2410,511.3032,1107.4,NA,NA,NA,,[340][M]+,group414,corgroup248,+,
FT2411,533.2853,1107.4,NA,NA,NA,,[357][M]+,group415,corgroup248,+,
FT2412,534.2885,1107.4,NA,NA,NA,,[357][M+1]+,group415,corgroup248,+,
FT2413,623.2541,1107.4,NA,NA,NA,,[415][M]+,group410,corgroup273,+,
FT2414,535.291,1107.6,NA,NA,NA,,[357][M+2]+,group415,corgroup248,+,
FT2415,827.2164,1107.6,NA,NA,NA,,,NA,corgroup217,,
FT2416,691.2414,1107.7,NA,NA,NA,,[446][M]+,group412,corgroup248,+,
FT2417,759.229,1108.1,NA,NA,NA,,,NA,corgroup248,,
FT2418,272.1646,1110.1,NA,NA,NA,,,NA,NA,,
FT2419,311.2557,1111.4,NA,NA,NA,Precursor; FT2419_MS2 match,[195][M]+,group416,corgroup426,+,
FT2420,312.2592,1111.4,NA,NA,NA,,[195][M+1]+,group416,corgroup426,+,
FT2421,293.1702,1112.9,NA,NA,NA,,,NA,NA,,
FT2422,326.248,1114.5,NA,NA,NA,,[223][M]+,group417,corgroup386,+,
FT2423,327.2512,1114.5,NA,NA,NA,,[223][M+1]+,group417,corgroup386,+,
FT2424,285.674,1115.1,NA,NA,NA,,[135][M+1]2+,group418,corgroup114,+,
FT2425,285.1724,1115.2,NA,NA,NA,,[135][M]2+,group418,corgroup304,+,
FT2426,330.2701,1115.5,NA,NA,NA,,[228][M+2]+,group419,corgroup386,+,
FT2428,328.2636,1115.7,NA,NA,NA,,[228][M]+,group419,corgroup386,+,
FT2429,329.267,1115.7,NA,NA,NA,,[228][M+1]+,group419,corgroup386,+,
FT2427,350.2453,1115.7,NA,NA,NA,,,NA,corgroup386,,
FT2430,258.1489,1115.9,NA,NA,NA,,,NA,corgroup146,,
FT2433,280.1622,1117,NA,NA,NA,,[127][M]+,group420,corgroup386,+,
FT2434,280.6639,1117,NA,NA,NA,,[127][M+1]2+,group420,corgroup386,+,
FT2431,281.1653,1117,NA,NA,NA,,[127][M+2]2+,group420,corgroup386,+,
FT2432,559.3164,1117,NA,NA,NA,,,NA,corgroup386,,
FT2437,237.2214,1117.8,NA,NA,FT2438-H2O,,,group422,corgroup143,+,
FT2438,255.232,1117.8,NA,NA,NA,,,group422,NA,,
FT2443,261.1679,1117.8,NA,NA,NA,,[107][M+1]+,group424,corgroup93,+,
FT2435,288.1959,1117.8,NA,NA,NA,,[142][M]+,group421,corgroup146,+,
FT2439,299.1958,1117.8,NA,NA,NA,,[163][M]+,group423,corgroup114,+,
FT2440,300.1983,1117.8,NA,NA,NA,,[163][M+1]+,group423,corgroup304,+,
FT2436,314.2115,1117.8,NA,NA,NA,,,NA,corgroup146,,
FT2441,367.1832,1117.8,NA,NA,NA,,,NA,NA,,
FT2442,435.1706,1117.8,NA,NA,NA,,,NA,NA,,
FT2445,260.1647,1117.9,NA,NA,NA,,[107][M]+,group424,corgroup146,+,
FT2444,503.1577,1117.9,NA,NA,NA,,,NA,corgroup143,,
FT2446,277.2137,1118,NA,NA,NA,,,NA,corgroup143,,
FT2447,289.1992,1118,NA,NA,NA,,[142][M+1]+,group421,corgroup93,+,
FT2448,286.1802,1118.3,NA,NA,NA,,,NA,corgroup93,,
FT2450,415.3416,1121.9,NA,NA,NA,,,NA,corgroup406,,
FT2452,729.4395,1121.9,NA,NA,NA,,[462][M]+,group425,corgroup406,+,
FT2455,730.443,1121.9,NA,NA,NA,,[462][M+1]+,group425,corgroup406,+,
FT2451,731.4457,1121.9,NA,NA,NA,,[462][M+2]+,group425,NA,,
FT2453,751.4299,1121.9,NA,NA,NA,,,NA,NA,,
FT2449,752.4367,1121.9,NA,NA,NA,,,NA,NA,,
FT2454,767.4126,1121.9,NA,NA,NA,,,NA,NA,,
FT2456,370.2741,1123.1,NA,NA,NA,,[270][M]+,group426,corgroup406,+,
FT2457,371.2773,1123.1,NA,NA,NA,,[270][M+1]+,group426,corgroup406,+,
FT2458,372.2803,1123.1,NA,NA,NA,,[270][M+2]+,group426,corgroup406,+,
FT2462,679.4184,1128.2,NA,NA,NA,,[441][M]+,group428,corgroup48,+,
FT2460,680.4214,1128.2,NA,NA,NA,,[441][M+1]+,group428,NA,,
FT2461,695.3916,1128.2,NA,NA,NA,,[449][M]+,group427,NA,,
FT2459,696.3951,1128.2,NA,NA,NA,,[449][M+1]+,group427,NA,,
FT2463,497.2791,1129.2,NA,NA,NA,,,NA,corgroup31,,
FT2464,519.2609,1129.3,NA,NA,NA,,,NA,corgroup31,,
FT2465,475.296,1129.4,NA,NA,NA,,,NA,NA,,
FT2466,226.9518,1131,NA,NA,NA,,,NA,corgroup48,,
FT2467,352.2635,1132,NA,NA,NA,,,NA,corgroup322,,
FT2468,425.2873,1132.6,NA,NA,NA,,,NA,NA,,
FT2470,354.2794,1133.1,NA,NA,NA,,[254][M]+,group429,corgroup322,+,
FT2471,355.2826,1133.1,NA,NA,NA,,[254][M+1]+,group429,corgroup322,+,
FT2469,356.2858,1133.1,NA,NA,NA,,[254][M+2]+,group429,corgroup322,+,
FT2472,376.261,1133.1,NA,NA,NA,,,NA,corgroup322,,
FT2474,409.2922,1135.9,NA,NA,NA,,,NA,NA,,
FT2475,581.3655,1135.9,NA,NA,NA,,[387][M]+,group430,corgroup52,+,
FT2476,582.369,1135.9,NA,NA,NA,,[387][M+1]+,group430,corgroup52,+,
FT2473,603.3476,1135.9,NA,NA,NA,,,NA,NA,,
FT2477,314.2115,1139.2,NA,NA,NA,,,NA,NA,,
FT2478,337.2712,1141.2,NA,NA,NA,,,NA,NA,,
FT2479,260.1646,1142,NA,NA,NA,,,NA,NA,,
FT2480,482.3236,1142.5,NA,NA,NA,,,NA,corgroup3,,
FT2481,504.3064,1142.7,NA,NA,NA,,,NA,corgroup3,,
FT2482,413.3241,1143,NA,NA,NA,Precursor; FT2482_MS2 match,,group431,NA,,
FT2483,755.4555,1146.6,NA,NA,NA,,,NA,NA,,
FT2484,559.3165,1148,NA,NA,NA,,,NA,corgroup312,,
FT2485,280.1622,1148.1,NA,NA,NA,,[128][M]2+,group432,corgroup312,+,
FT2486,280.6639,1148.1,NA,NA,NA,,[128][M+1]2+,group432,corgroup312,+,
FT2487,257.2668,1148.8,NA,NA,NA,FT2488_MS2 match,[97][M+1]+,group433,NA,,
FT2488,256.2636,1148.9,NA,NA,NA,Precursor; FT2488_MS2 match,[97][M]+,group433,NA,,
FT2489,634.4072,1149,NA,NA,NA,,,NA,NA,,
FT2490,289.1993,1150.1,NA,NA,NA,,,NA,NA,,
FT2492,369.2976,1152.7,NA,NA,NA,Precursor; FT2492_MS2 match,[269][M]+,group434,corgroup199,+,
FT2491,370.3011,1152.7,NA,NA,NA,FT2492_MS2 match,[269][M+1]+,group434,corgroup199,+,
FT2493,314.2114,1154.2,NA,NA,NA,,,NA,NA,,
FT2496,261.1679,1154.7,NA,NA,NA,,,NA,NA,,
FT2494,379.2818,1154.7,NA,NA,NA,,[273][M]+,group435,corgroup166,+,
FT2495,380.2852,1154.7,NA,NA,NA,,[273][M+1]+,group435,corgroup166,+,
FT2497,286.1803,1157.5,NA,NA,NA,,,NA,NA,,
FT2498,335.2547,1157.5,NA,NA,NA,,,NA,corgroup166,,
FT2499,571.3534,1157.8,NA,NA,NA,,,NA,NA,,
FT2500,315.2148,1160.9,NA,NA,NA,,,NA,NA,,
FT2501,283.2826,1161.3,NA,NA,NA,,[130][M+1]+,group436,corgroup326,+,
FT2502,304.2611,1161.3,NA,NA,NA,,[180][M]+,group437,corgroup326,+,
FT2503,305.2644,1161.3,NA,NA,NA,,[180][M+1]+,group437,NA,,
FT2504,282.2792,1161.6,NA,NA,NA,,[130][M]+,group436,corgroup326,+,
FT2506,371.1012,1163.9,NA,NA,NA,,,NA,corgroup292,,
FT2505,554.1756,1163.9,NA,NA,NA,,,NA,corgroup292,,
FT2507,559.1314,1163.9,NA,NA,NA,Precursor; FT2507_MS2 match,,group438,corgroup292,+,
FT2508,560.1321,1163.9,NA,NA,NA,FT2507_MS2 match,,group438,corgroup292,+,
FT2511,561.1298,1163.9,NA,NA,NA,FT2507_MS2 match,,group438,corgroup292,+,
FT2512,562.1298,1163.9,NA,NA,NA,FT2507_MS2 match,,group438,corgroup292,+,
FT2509,563.1279,1163.9,NA,NA,NA,,,NA,corgroup292,,
FT2514,575.1052,1163.9,NA,NA,NA,,,NA,corgroup292,,
FT2510,576.1058,1163.9,NA,NA,NA,,,NA,corgroup292,,
FT2513,577.1035,1163.9,NA,NA,NA,,,NA,NA,,
FT2515,260.1646,1164.6,NA,NA,NA,,,NA,NA,,
FT2516,303.2893,1164.6,NA,NA,NA,,,NA,corgroup310,,
FT2517,325.2715,1164.9,NA,NA,NA,Precursor; FT2517_MS2 match,[216][M]+,group439,corgroup310,+,
FT2518,326.2748,1164.9,NA,NA,NA,FT2517_MS2 match,[216][M+1]+,group439,corgroup310,+,
FT2519,327.2776,1164.9,NA,NA,NA,,[216][M+2]+,group439,corgroup310,+,
FT2520,341.2454,1165,NA,NA,NA,,,NA,corgroup310,,
FT2521,289.1993,1165.4,NA,NA,NA,,,NA,NA,,
FT2522,415.3414,1170.9,NA,NA,NA,,,NA,corgroup82,,
FT2524,583.3816,1171,NA,NA,NA,,[388][M]+,group440,corgroup82,+,
FT2525,584.3844,1171,NA,NA,NA,,[388][M+1]+,group440,NA,,
FT2523,605.3643,1171,NA,NA,NA,,,NA,corgroup82,,
FT2526,314.2115,1172.3,NA,NA,NA,,,NA,NA,,
FT2527,282.2793,1177.1,NA,NA,NA,,,NA,NA,,
FT2528,566.8892,1178.1,NA,NA,NA,Precursor,,group441,NA,,
FT2529,376.3186,1178.9,NA,NA,NA,Precursor; FT2529_MS2 match,,group442,NA,,
FT2530,226.9518,1179.4,NA,NA,NA,FT2528_MS2 match; FT2531_MS2 match,,group441,corgroup236,+,
FT2532,362.9263,1179.4,NA,NA,NA,FT2528_MS2 match,,group441,corgroup236,+,
FT2531,430.9138,1179.4,NA,NA,NA,Precursor,,group441,corgroup236,+,
FT2533,427.3394,1185.5,NA,NA,NA,,,NA,NA,,
FT2535,258.2509,1186.8,NA,NA,NA,,[100][M+1]+,group443,corgroup342,+,
FT2534,557.4511,1186.8,NA,NA,NA,,,NA,corgroup342,,
FT2536,579.4333,1186.8,NA,NA,NA,,,NA,NA,,
FT2537,239.2369,1187.1,NA,NA,FT2538-H2O,,,group443,corgroup342,+,
FT2538,257.2476,1187.1,NA,NA,NA,,[100][M]+,group443,corgroup342,+,
FT2540,301.2114,1187.1,NA,NA,NA,,[170][M]+,group444,corgroup342,+,
FT2541,302.2146,1187.1,NA,NA,NA,,[170][M+1]+,group444,corgroup342,+,
FT2539,369.1986,1187.1,NA,NA,NA,,,NA,corgroup207,,
FT2542,437.1862,1187.1,NA,NA,NA,,,NA,corgroup207,,
FT2543,505.1736,1187.1,NA,NA,NA,,,NA,corgroup207,,
FT2544,573.1609,1187.1,NA,NA,NA,,,NA,corgroup207,,
FT2545,641.1482,1187.3,NA,NA,NA,,,NA,corgroup207,,
FT2546,709.136,1187.3,NA,NA,NA,,,NA,NA,,
FT2547,293.17,1192,NA,NA,NA,,[153][M]2+,group445,corgroup423,+,
FT2548,293.6716,1192,NA,NA,NA,,[153][M+1]2+,group445,corgroup423,+,
FT2549,661.486,1192.9,NA,NA,NA,,,NA,NA,,
FT2550,287.1836,1196,NA,NA,NA,,[138][M+1]+,group446,corgroup287,+,
FT2555,247.2418,1196.2,NA,NA,FT2556-H2O; FT2557-C2H2O2,,,group448,NA,,
FT2565,260.1646,1196.2,NA,NA,NA,,[106][M]+,group451,corgroup287,+,
FT2562,261.1679,1196.2,NA,NA,NA,,[106][M+1]+,group451,corgroup287,+,
FT2556,265.2526,1196.2,NA,NA,FT2563-H2O,,,group448,corgroup182,+,
FT2563,283.2632,1196.2,NA,NA,NA,,[131][M]+,group448,corgroup182,+,
FT2566,284.2665,1196.2,NA,NA,NA,,[131][M+1]+,group448,corgroup182,+,
FT2551,286.1803,1196.2,NA,NA,NA,,[138][M]+,group446,corgroup30,+,
FT2552,288.1959,1196.2,NA,NA,NA,,[143][M]+,group447,corgroup287,+,
FT2553,289.1992,1196.2,NA,NA,NA,,[143][M+1]+,group447,corgroup287,+,
FT2557,305.245,1196.2,NA,NA,NA,,,group448,corgroup182,+,
FT2554,310.1774,1196.2,NA,NA,NA,,,NA,corgroup30,,
FT2564,314.2114,1196.2,NA,NA,NA,,,NA,corgroup287,,
FT2558,609.4825,1196.2,NA,NA,NA,,[403][M]+,group449,corgroup182,+,
FT2559,610.486,1196.2,NA,NA,NA,,[403][M+1]+,group449,corgroup187,+,
FT2560,631.4644,1196.2,NA,NA,NA,,[420][M]+,group450,corgroup187,+,
FT2561,632.4679,1196.2,NA,NA,NA,,[420][M+1]+,group450,corgroup148,+,
FT2572,245.1126,1196.5,NA,NA,NA,,,NA,corgroup160,,
FT2569,282.1463,1196.5,NA,NA,NA,,,NA,NA,,
FT2567,327.2271,1196.5,NA,NA,NA,,[225][M]+,group452,corgroup187,+,
FT2568,328.2303,1196.5,NA,NA,NA,,[225][M+1]+,group452,corgroup182,+,
FT2570,329.2323,1196.5,NA,NA,NA,,[225][M+2]+,group452,corgroup452,+,
FT2573,395.2145,1196.5,NA,NA,NA,,[281][M]+,group453,corgroup190,+,
FT2575,396.2178,1196.5,NA,NA,NA,,[281][M+1]+,group453,corgroup160,+,
FT2574,463.2017,1196.5,NA,NA,NA,,,NA,corgroup148,,
FT2571,699.4519,1196.5,NA,NA,NA,,,NA,corgroup452,,
FT2576,531.1891,1196.7,NA,NA,NA,,,NA,corgroup69,,
FT2577,599.1766,1196.7,NA,NA,NA,,,NA,corgroup190,,
FT2578,735.1522,1196.9,NA,NA,NA,,,NA,corgroup69,,
FT2579,667.1641,1197,NA,NA,NA,,,NA,corgroup69,,
FT2580,617.4597,1197.8,NA,NA,NA,,,NA,corgroup187,,
