"feature_name","mz","rt","metabolite_annotation","adducts_anno","neutral_loss_annotation","ISF_anno","iso_anno","group","cor_group","check_group","user_anno"
"FT0421",77.0387,507.4,NA,NA,"FT0455-NO2+NO2+CO; FT0467-CO","FT0425_MS2 match; FT0433_MS2 match; FT0435_MS2 match; FT0447_MS2 match; FT0458_MS2 match; FT0460_MS2 match; FT0462_MS2 match","","group38","corgroup119","+",""
"FT0291",79.0213,85.7,NA,NA,"FT0278-dehydroalanine; FT0295-CH3Cl; FT0297-NO2+CO","Precursor; FT0269_MS2 match; FT0290_MS2 match; FT0291_MS2 match","","group13","corgroup72","+",""
"FT0292",81.0171,85.7,NA,NA,NA,"FT0290_MS2 match","","group13","corgroup72","+",""
"FT0222",84.0444,71.6,NA,NA,"FT0221-HCOOH(H2+CO2 or H2O+CO); FT0223-H2O","","","group9","corgroup9","",""
"FT0164",84.9597,62.3,NA,NA,NA,"","",NA,"corgroup115","",""
"FT0312",86.0965,122.9,NA,NA,"FT0315-HCOOH(H2+CO2 or H2O+CO)","","","group21",NA,"",""
"FT0498",89.0387,516.6,NA,NA,"FT0487-COOH; FT0488-CH3COOH; FT0492-CO; FT0493-CO+CO","FT0488_MS2 match; FT0492_MS2 match; FT0493_MS2 match; FT0494_MS2 match; FT0495_MS2 match; FT0501_MS2 match; FT0519_MS2 match","","group43","corgroup146","+",""
"FT0193",90.9766,65.8,NA,NA,NA,"FT0185_MS2 match","","group6","corgroup106","+",""
"FT0385",91.0542,491.2,NA,NA,"FT0371-CO; FT0372-CO+CO","Precursor; FT0371_MS2 match; FT0372_MS2 match; FT0375_MS2 match; FT0382_MS2 match; FT0385_MS2 match; FT0386_MS2 match; FT0393_MS2 match","","group37","corgroup125","+",""
"FT0555",91.0543,537.3,NA,NA,"FT0542-HCN+CO; FT0547-HCN","Precursor; FT0542_MS2 match; FT0547_MS2 match; FT0555_MS2 match; FT0557_MS2 match; FT0558_MS2 match","","group48","corgroup164","",""
"FT0728",91.0543,680.2,NA,NA,NA,"Precursor; FT0728_MS2 match; FT0731_MS2 match; FT0748_MS2 match; FT0751_MS2 match","","group69","corgroup172","+",""
"FT0422",92.0257,507.4,NA,NA,"FT0452-CO","Precursor; FT0422_MS2 match; FT0425_MS2 match; FT0435_MS2 match; FT0460_MS2 match","","group38","corgroup119","+",""
"FT0208",96.9218,67.6,NA,NA,NA,"","",NA,"corgroup106","",""
"FT0215",98.9516,69.1,NA,NA,NA,"","",NA,NA,"",""
"FT0293",101.0032,85.7,NA,NA,NA,"","",NA,"corgroup72","",""
"FT0640",102.0463,623.8,NA,NA,NA,"FT0661_MS2 match; FT0672_MS2 match","","group57","corgroup133","+",""
"FT0223",102.0549,71.6,NA,NA,"FT0221-CO; FT0224-HCOOH(H2+CO2 or H2O+CO); FT0228-Methyl isocyanate","","","group9",NA,"",""
"FT0326",103.0542,220.9,NA,NA,"FT0330-NH3","","","group24",NA,"",""
"FT0660",103.0543,623.9,NA,NA,"FT0656-HCN+CO; FT0661-HCN","FT0661_MS2 match; FT0663_MS2 match; FT0665_MS2 match; FT0668_MS2 match; FT0672_MS2 match","","group57","corgroup133","+",""
"FT0226",104.0706,71.7,NA,NA,"FT0224-CO2; FT0228-HCN+CO","","","group9","corgroup63","+",""
"FT0467",105.0335,507.5,NA,NA,NA,"FT0425_MS2 match; FT0435_MS2 match","","group38","corgroup119","+",""
"FT0729",105.0699,680.2,NA,NA,NA,"Precursor; FT0729_MS2 match; FT0748_MS2 match; FT0751_MS2 match","","group69","corgroup172","+",""
"FT0197",106.9505,66.1,NA,NA,NA,"","",NA,"corgroup107","",""
"FT0579",107.0492,559.4,NA,NA,"FT0580-CH2CO","Precursor; FT0579_MS2 match; FT0582_MS2 match; FT0584_MS2 match; FT0585_MS2 match; FT0588_MS2 match; FT0591_MS2 match; FT0596_MS2 match","[1][M]+","group50","corgroup156","+",""
"FT0594",108.0525,559.4,NA,NA,NA,"FT0579_MS2 match; FT0582_MS2 match; FT0585_MS2 match; FT0588_MS2 match; FT0591_MS2 match","[1][M+1]+","group50","corgroup156","+",""
"FT0167",110.0087,62.3,NA,NA,"FT0168-H2O","","","group1","corgroup115","+",""
"FT0169",111.0099,62.3,NA,NA,NA,"","",NA,"corgroup115","",""
"FT0170",112.0063,62.3,NA,NA,NA,"","",NA,"corgroup115","",""
"FT0209",112.8957,67.6,NA,NA,NA,"","",NA,"corgroup106","",""
"FT0231",112.9998,72.4,NA,NA,NA,"","",NA,NA,"",""
"FT0210",114.893,67.6,NA,NA,NA,"","",NA,"corgroup78","",""
"FT0730",115.0542,680.2,NA,NA,"FT0741-benzene","FT0731_MS2 match; FT0733_MS2 match; FT0734_MS2 match; FT0748_MS2 match; FT0751_MS2 match","","group69","corgroup172","+",""
"FT0814",115.0543,750.5,NA,NA,"FT0824-C3H7O5P","FT0816_MS2 match; FT0817_MS2 match; FT0819_MS2 match","","group79","corgroup127","+",""
"FT0236",116.0706,75.2,NA,NA,"FT0233-NH3+CO or HCN+H2O","","","group10","corgroup39","+",""
"FT0492",117.0335,516.5,NA,NA,"FT0487-OH; FT0488-CH3OH; FT0493-CO; FT0494-CH3COOH","Precursor; FT0488_MS2 match; FT0493_MS2 match; FT0494_MS2 match; FT0495_MS2 match; FT0501_MS2 match; FT0503_MS2 match; FT0519_MS2 match; FT0523_MS2 match; FT0528_MS2 match","","group43","corgroup146","+",""
"FT0702",117.0573,635.9,NA,NA,NA,"Precursor; FT0702_MS2 match","","group66","corgroup155","+",""
"FT0546",117.0573,537.2,NA,NA,"FT0536-CO","FT0542_MS2 match; FT0547_MS2 match; FT0557_MS2 match; FT0558_MS2 match","","group48","corgroup157","+",""
"FT0731",117.0699,680.2,NA,NA,NA,"Precursor; FT0731_MS2 match; FT0748_MS2 match; FT0751_MS2 match","[2][M]+","group69","corgroup172","+",""
"FT0547",118.0651,537.2,NA,NA,"FT0542-CO","Precursor; FT0542_MS2 match; FT0544_MS2 match; FT0547_MS2 match; FT0553_MS2 match; FT0557_MS2 match; FT0558_MS2 match; FT0559_MS2 match; FT0566_MS2 match","[3][M]+","group48","corgroup157","+",""
"FT0725",118.0732,680.2,NA,NA,NA,"FT0731_MS2 match; FT0748_MS2 match; FT0751_MS2 match","[2][M+1]+","group69","corgroup172","+",""
"FT0254",118.0862,83.9,NA,NA,"FT0255-CO2","FT0269_MS2 match","","group13","corgroup91","",""
"FT0655",118.0863,623.9,NA,NA,NA,"FT0667_MS2 match; FT0668_MS2 match; FT0672_MS2 match; FT0681_MS2 match; FT0692_MS2 match","[4][M]+","group57","corgroup133","+",""
"FT0371",119.0491,491.1,NA,NA,"FT0372-CO; FT0375-HCOOH(H2+CO2 or H2O+CO)","Precursor; FT0371_MS2 match; FT0372_MS2 match; FT0375_MS2 match; FT0382_MS2 match; FT0386_MS2 match; FT0388_MS2 match; FT0393_MS2 match; FT0395_MS2 match; FT0398_MS2 match; FT0399_MS2 match","[5][M]+","group37","corgroup125","+",""
"FT0318",119.0492,125.5,NA,"[M+H-CH2O2]+ 164.0473","FT0317-CO; FT0319-HCOOH(H2+CO2 or H2O+CO); FT0321-NH3","","","group23","corgroup62","+",""
"FT0548",119.0684,537.2,NA,NA,NA,"FT0542_MS2 match; FT0547_MS2 match","[3][M+1]+","group48","corgroup157","+",""
"FT0658",119.0897,623.9,NA,NA,NA,"FT0668_MS2 match; FT0672_MS2 match","[4][M+1]+","group57","corgroup133","+",""
"FT0452",120.0206,507.4,NA,NA,"FT0429-C4H8O4","FT0425_MS2 match; FT0435_MS2 match","","group38","corgroup119","+",""
"FT0342",120.0444,344,NA,NA,NA,"","",NA,NA,"",""
"FT0380",120.0525,491.1,NA,NA,NA,"FT0372_MS2 match; FT0375_MS2 match; FT0399_MS2 match","[5][M+1]+","group37","corgroup125","+",""
"FT0535",120.0718,537.1,NA,NA,NA,"FT0542_MS2 match; FT0547_MS2 match","[3][M+2]+","group48","corgroup164","",""
"FT0330",120.0807,220.9,NA,NA,"FT0328-HCOOH(H2+CO2 or H2O+CO)","","[6][M]+","group24",NA,"",""
"FT0327",121.0841,220.9,NA,NA,NA,"","[6][M+1]+","group24",NA,"",""
"FT0201",122.9244,66.1,NA,NA,NA,"","",NA,"corgroup117","",""
"FT0289",123.0552,85.7,NA,NA,NA,"","",NA,"corgroup80","",""
"FT0306",123.0552,112.8,NA,NA,NA,"","",NA,NA,"",""
"FT0277",124.0392,85.4,NA,NA,NA,"","",NA,"corgroup72","",""
"FT0165",125.9862,62.3,NA,NA,NA,"","",NA,"corgroup115","",""
"FT0593",127.0389,559.4,NA,NA,"FT0581-CH2CO","FT0581_MS2 match; FT0582_MS2 match; FT0585_MS2 match; FT0588_MS2 match; FT0591_MS2 match","","group50","corgroup156","+",""
"FT0168",128.0192,62.3,NA,NA,NA,"","","group1",NA,"",""
"FT0671",128.0495,623.9,NA,NA,"FT0656-formaldehyde; FT0677-C6H13NO5","FT0661_MS2 match; FT0663_MS2 match; FT0672_MS2 match","","group57","corgroup133","+",""
"FT0757",128.062,680.2,NA,NA,"FT0744-phenyl radical","FT0732_MS2 match; FT0734_MS2 match; FT0748_MS2 match; FT0751_MS2 match","","group69","corgroup172","+",""
"FT0295",129.013,85.9,NA,NA,"FT0258-C6H13NO5","","","group13","corgroup72","+",""
"FT0732",129.0697,680.2,NA,NA,NA,"Precursor; FT0732_MS2 match; FT0734_MS2 match; FT0748_MS2 match; FT0751_MS2 match","","group69","corgroup172","+",""
"FT0221",130.0498,71.4,NA,NA,"FT0224-H2O","","","group9",NA,"",""
"FT1037",130.065,900.3,NA,NA,"FT1042-CH2CO","","","group124","corgroup112","+",""
"FT0708",130.0651,636.4,NA,NA,"FT0701-HCN","Precursor; FT0704_MS2 match; FT0706_MS2 match; FT0708_MS2 match","","group65","corgroup155","+",""
"FT0661",130.0652,623.9,NA,NA,"FT0656-CO; FT0679-Anhydro-aminodeoxyhexose","Precursor; FT0629_MS2 match; FT0631_MS2 match; FT0661_MS2 match; FT0663_MS2 match; FT0665_MS2 match; FT0667_MS2 match; FT0668_MS2 match; FT0672_MS2 match; FT0681_MS2 match; FT0690_MS2 match; FT0692_MS2 match","[7][M]+","group57","corgroup133","+",""
"FT0662",131.0686,623.9,NA,NA,NA,"FT0661_MS2 match; FT0663_MS2 match; FT0665_MS2 match; FT0668_MS2 match; FT0672_MS2 match","[7][M+1]+","group57","corgroup133","+",""
"FT0659",132.0718,623.9,NA,NA,NA,"FT0661_MS2 match; FT0668_MS2 match; FT0672_MS2 match","[7][M+2]+","group57","corgroup133","+",""
"FT0315",132.1019,124.4,NA,NA,NA,"","","group21",NA,"",""
"FT0267",133.0316,85.4,NA,NA,"FT0278-NH3","","","group13",NA,"",""
"FT0238",134.0269,76.4,NA,NA,NA,"","",NA,NA,"",""
"FT0487",134.0362,516.4,NA,NA,"FT0488-CH3","FT0493_MS2 match; FT0494_MS2 match; FT0495_MS2 match","","group43","corgroup146","+",""
"FT0266",135.044,85.4,NA,"[M+H-NH3]+ 151.0633","FT0269-NH3","Precursor; FT0266_MS2 match","","group13","corgroup72","+",""
"FT0419",135.1111,507.4,NA,NA,NA,"FT0435_MS2 match","","group38",NA,"",""
"FT0423",135.332,507.4,NA,NA,NA,"FT0425_MS2 match; FT0435_MS2 match","","group38",NA,"",""
"FT0424",136.0475,507.4,NA,NA,NA,"FT0425_MS2 match; FT0433_MS2 match; FT0435_MS2 match; FT0447_MS2 match; FT0458_MS2 match; FT0460_MS2 match; FT0462_MS2 match","[8][M]+","group38","corgroup119","+",""
"FT0265",136.0617,85.4,NA,NA,NA,"","",NA,"corgroup29","",""
"FT0321",136.0757,125.9,NA,NA,"FT0320-HCOOH(H2+CO2 or H2O+CO)","","","group23","corgroup19","",""
"FT0309",136.0758,116.3,NA,NA,NA,"","",NA,NA,"",""
"FT0299",137.0019,85.9,NA,NA,NA,"","",NA,"corgroup113","",""
"FT0416",137.0494,507.4,NA,NA,NA,"FT0425_MS2 match; FT0435_MS2 match","[8][M+1]+","group38","corgroup119","+",""
"FT0296",139.0129,85.9,NA,NA,NA,"","",NA,"corgroup72","",""
"FT0268",139.0501,85.4,NA,NA,NA,"","",NA,"corgroup72","",""
"FT1060",139.1118,902.1,NA,NA,"FT1059-H2O","","","group129","corgroup59","+",""
"FT0733",141.0698,680.2,NA,NA,"FT0747-phenyl radical","Precursor; FT0733_MS2 match; FT0748_MS2 match; FT0751_MS2 match","","group69","corgroup172","+",""
"FT0847",141.0699,750.6,NA,NA,"FT0807-OH; FT0819-C3H6O3; FT0856-CO","FT0816_MS2 match; FT0817_MS2 match; FT0819_MS2 match","","group79","corgroup127","+",""
"FT0828",142.0774,750.5,NA,NA,"FT0816-CO","FT0816_MS2 match; FT0817_MS2 match; FT0819_MS2 match; FT0821_MS2 match","","group79","corgroup127","+",""
"FT0214",142.9481,68.5,NA,NA,NA,"","",NA,"corgroup107","",""
"FT0717",144.0808,670.8,NA,NA,NA,"FT0716_MS2 match","","group68","corgroup168","+",""
"FT0294",144.9878,85.7,NA,NA,NA,"","",NA,"corgroup72","",""
"FT0493",145.0284,516.5,NA,NA,"FT0494-CH3OH","Precursor; FT0494_MS2 match; FT0495_MS2 match; FT0501_MS2 match; FT0503_MS2 match; FT0518_MS2 match; FT0519_MS2 match; FT0523_MS2 match; FT0528_MS2 match","[9][M]+","group43","corgroup146","+",""
"FT0536",145.0521,537.2,NA,"[M]+ 145.0528",NA,"FT0558_MS2 match","","group48","corgroup157","+",""
"FT0298",146.0071,85.9,NA,NA,NA,"","",NA,"corgroup113","",""
"FT0510",146.032,516.7,NA,NA,NA,"FT0494_MS2 match; FT0495_MS2 match","[9][M+1]+","group43","corgroup146","+",""
"FT0542",146.0603,537.2,"Indole-3-carboxaldehyde [M+H]+","[M+H]+ 145.0528","FT0568-C3H9O6P","Precursor; FT0542_MS2 match; FT0544_MS2 match; FT0553_MS2 match; FT0557_MS2 match; FT0558_MS2 match; FT0559_MS2 match; FT0566_MS2 match","","group48","corgroup171","",""
"FT0257",146.0924,85.4,NA,NA,NA,"","",NA,NA,"",""
"FT0543",146.3594,537.2,NA,NA,NA,"","",NA,"corgroup171","",""
"FT0372",147.044,491.1,NA,NA,"FT0375-H2O","Precursor; FT0372_MS2 match; FT0375_MS2 match; FT0381_MS2 match; FT0382_MS2 match; FT0386_MS2 match; FT0388_MS2 match; FT0391_MS2 match; FT0393_MS2 match; FT0395_MS2 match; FT0396_MS2 match; FT0398_MS2 match; FT0399_MS2 match","[10][M]+","group37","corgroup125","+",""
"FT0310",147.0441,116.7,NA,"[M+H-H2O]+ 164.0473","FT0308-H2O","","","group20",NA,"",""
"FT0317",147.0441,125.4,NA,"[M+H-H2O]+ 164.0473","FT0319-H2O","","","group23","corgroup62","+",""
"FT0549",147.0633,537.2,NA,NA,NA,"FT0542_MS2 match","[11][M]+","group48","corgroup157","+",""
"FT0373",148.0474,491.1,NA,NA,NA,"FT0372_MS2 match; FT0375_MS2 match; FT0382_MS2 match; FT0388_MS2 match; FT0393_MS2 match; FT0395_MS2 match; FT0398_MS2 match; FT0399_MS2 match","[10][M+1]+","group37","corgroup125","+",""
"FT0224",148.0604,71.6,NA,NA,NA,"","[12][M]+","group9","corgroup98","",""
"FT0363",148.0617,420.5,NA,NA,NA,"Precursor; FT0362_MS2 match; FT0363_MS2 match","","group34","corgroup129","+",""
"FT0539",148.0659,537.2,NA,NA,NA,"","[11][M+1]+","group48","corgroup157","+",""
"FT1211",149.0233,994.2,NA,NA,NA,"Precursor; FT1211_MS2 match","","group163",NA,"",""
"FT0374",149.0497,491.1,NA,NA,NA,"FT0375_MS2 match","[10][M+2]+","group37","corgroup125","+",""
"FT0580",149.0597,559.4,NA,NA,NA,"FT0582_MS2 match; FT0585_MS2 match; FT0588_MS2 match; FT0591_MS2 match; FT0596_MS2 match","","group50","corgroup156","+",""
"FT0488",149.0597,516.4,NA,NA,"FT0494-CO; FT0495-HCOOH(H2+CO2 or H2O+CO)","Precursor; FT0493_MS2 match; FT0494_MS2 match; FT0495_MS2 match; FT0501_MS2 match","[13][M]+","group43","corgroup146","+",""
"FT0225",149.0637,71.6,NA,NA,NA,"","[12][M+1]+","group9","corgroup63","+",""
"FT0171",149.9528,62.5,NA,NA,NA,"","",NA,NA,"",""
"FT0278",150.0582,85.4,NA,NA,NA,"","","group13","corgroup46","",""
"FT0508",150.0631,516.6,NA,NA,NA,"FT0494_MS2 match; FT0495_MS2 match","[13][M+1]+","group43","corgroup146","+",""
"FT0217",150.1124,70.2,NA,NA,NA,"","",NA,NA,"",""
"FT0166",151.0352,62.3,NA,NA,NA,"","",NA,NA,"",""
"FT0605",151.0965,564,NA,NA,NA,"","",NA,"corgroup77","",""
"FT0832",152.0621,750.5,NA,NA,"FT0816-H2O; FT0856-OH","FT0817_MS2 match; FT0819_MS2 match","","group79","corgroup127","+",""
"FT0269",152.0705,85.4,"L-(+)-Alpha-Phenylglycine [M+H]+","[M+H]+ 151.0633",NA,"Precursor","","group13","corgroup113","",""
"FT0301",152.0707,95.9,"L-(+)-Alpha-Phenylglycine [M+H]+","[M+H]+ 151.0633",NA,"","","group19",NA,"",""
"FT0297",153.01,85.9,NA,NA,NA,"","","group13","corgroup72","+",""
"FT0316",153.0407,124.9,NA,NA,NA,"","",NA,NA,"",""
"FT0303",153.0408,112.1,NA,NA,NA,"","",NA,"corgroup51","",""
"FT0425",153.0546,507.4,"2-Methoxybenzoic Acid [M+H]+","[M+H]+ 152.0473","FT0428-NH3","Precursor; FT0425_MS2 match; FT0433_MS2 match; FT0435_MS2 match; FT0458_MS2 match","[14][M]+","group38","corgroup119","+",""
"FT0815",153.0697,750.5,NA,NA,"FT0816-OH; FT0817-CH3OH","FT0817_MS2 match; FT0819_MS2 match; FT0825_MS2 match","","group79","corgroup127","+",""
"FT1263",153.1274,1009.2,NA,NA,"FT1266-H2O","","","group176","corgroup64","",""
"FT0426",153.2219,507.4,NA,NA,NA,"","",NA,"corgroup119","",""
"FT0413",154.0581,507.2,NA,NA,NA,"FT0435_MS2 match; FT0458_MS2 match","[14][M+1]+","group38","corgroup119","+",""
"FT0978",154.0651,870,NA,NA,"FT0969-CH2OH; FT0974-formaldehyde; FT0987-H2O","","","group111","corgroup135","+",""
"FT0833",154.0773,750.5,NA,NA,"FT0817-CH2OH","FT0817_MS2 match; FT0819_MS2 match; FT0825_MS2 match; FT0851_MS2 match","","group79","corgroup127","+",""
"FT0427",155.0598,507.4,NA,NA,NA,"FT0435_MS2 match","[14][M+2]+","group38","corgroup119","+",""
"FT0707",155.0603,636,NA,NA,NA,"FT0701_MS2 match","","group65","corgroup155","+",""
"FT0843",155.0851,750.6,NA,NA,"FT0817-formaldehyde; FT0863-NO2+NO2+CO","FT0817_MS2 match; FT0819_MS2 match; FT0825_MS2 match","","group79","corgroup127","+",""
"FT0734",155.0855,680.2,NA,NA,"FT0748-benzene","Precursor; FT0734_MS2 match; FT0748_MS2 match; FT0751_MS2 match","[15][M]+","group69","corgroup172","+",""
"FT0806",155.5413,750.5,NA,NA,NA,"","",NA,NA,"",""
"FT0700",156.0681,635.9,NA,"[M]+ 156.0687",NA,"","","group65","corgroup155","+",""
"FT0735",156.0888,680.2,NA,NA,NA,"FT0734_MS2 match; FT0748_MS2 match; FT0751_MS2 match","[15][M+1]+","group69","corgroup172","+",""
"FT0290",157.0351,85.7,NA,NA,NA,"Precursor","","group13","corgroup72","+",""
"FT0646",157.0472,623.9,NA,"[M+H+K]2+ 274.1317",NA,"","","group57",NA,"",""
"FT0701",157.0759,635.9,"3-Indoleacetonitrile [M+H]+","[M+H]+ 156.0687",NA,"Precursor","[16][M]+","group65","corgroup155","+",""
"FT0950",157.1224,847.1,NA,NA,"FT0951-H2O","","","group103","corgroup60","+",""
"FT1059",157.1224,902.1,NA,NA,"FT1061-H2O","","","group129","corgroup59","+",""
"FT0656",158.0601,623.9,NA,NA,NA,"FT0663_MS2 match; FT0668_MS2 match; FT0672_MS2 match","","group57","corgroup133","+",""
"FT0807",158.0726,750.5,NA,NA,NA,"FT0817_MS2 match; FT0819_MS2 match; FT0821_MS2 match","","group79","corgroup127","+",""
"FT0703",158.0793,635.9,NA,NA,NA,"","[16][M+1]+","group65","corgroup155","+",""
"FT0795",158.1539,743.9,NA,NA,NA,"","",NA,"corgroup55","",""
"FT0187",158.964,65.8,NA,NA,NA,"","",NA,"corgroup117","",""
"FT0979",159.0678,870,NA,NA,NA,"","",NA,"corgroup135","",""
"FT1041",159.0678,900.3,NA,NA,NA,"","[17][M]+","group125","corgroup112","+",""
"FT1122",159.0678,939.3,NA,NA,NA,"","",NA,"corgroup128","",""
"FT0904",159.0679,794,NA,NA,NA,"","",NA,"corgroup92","",""
"FT0228",159.0764,72.2,NA,NA,"FT0229-NH3","","","group9","corgroup7","",""
"FT0942",159.1379,833.8,NA,NA,NA,"","",NA,NA,"",""
"FT1038",160.0716,900.3,NA,NA,NA,"","[17][M+1]+","group125","corgroup112","+",""
"FT0620",160.0758,612.7,NA,NA,NA,"","",NA,NA,"",""
"FT0233",161.0921,74.2,NA,NA,NA,"","","group10",NA,"",""
"FT0896",161.096,786.6,NA,NA,NA,"","",NA,NA,"",""
"FT1022",162.0548,900,NA,NA,NA,"","",NA,"corgroup112","",""
"FT0907",162.055,794.1,NA,NA,NA,"","",NA,"corgroup92","",""
"FT0255",162.076,83.9,NA,NA,NA,"","","group13","corgroup91","",""
"FT0533",163.1329,532.8,NA,NA,NA,"","",NA,"corgroup195","",""
"FT0211",164.9299,67.8,NA,NA,NA,"","",NA,"corgroup107","",""
"FT0569",165.0335,537.3,NA,"[2M+H+K]2+ 145.0528",NA,"FT0566_MS2 match","","group48","corgroup157","+",""
"FT0375",165.0546,491.1,"p-Coumaric Acid [M+H]+","[M+H]+ 164.0473",NA,"Precursor; FT0375_MS2 match; FT0386_MS2 match; FT0388_MS2 match","[18][M]+","group37","corgroup125","+",""
"FT0319",165.0546,125.7,"p-Coumaric Acid [M+H]+","[M+H]+ 164.0473","FT0320-NH3","","","group23",NA,"",""
"FT0308",165.0547,115.6,"p-Coumaric Acid [M+H]+","[M+H]+ 164.0473","FT0307-NH3","","","group20",NA,"",""
"FT0736",165.0698,680.2,NA,NA,NA,"Precursor; FT0736_MS2 match; FT0748_MS2 match; FT0751_MS2 match","","group69","corgroup172","+",""
"FT0376",166.058,491.1,NA,NA,NA,"FT0375_MS2 match","[18][M+1]+","group37","corgroup125","+",""
"FT0328",166.0862,220.9,NA,NA,NA,"","[19][M]+","group24","corgroup139","+",""
"FT0384",167.06,491.1,NA,NA,NA,"","[18][M+2]+","group37","corgroup125","+",""
"FT0329",167.0896,220.9,NA,NA,NA,"","[19][M+1]+","group24","corgroup139","+",""
"FT0556",168.042,537.3,"Indole-3-carboxaldehyde [M+Na]+","[M+Na]+ 145.0528",NA,"FT0564_MS2 match","[20][M]+","group48","corgroup157","+",""
"FT1040",168.0806,900.3,NA,NA,"FT1035-OH; FT1036-H2O","","","group123","corgroup112","+",""
"FT0550",169.0452,537.2,NA,NA,NA,"FT0564_MS2 match","[20][M+1]+","group48","corgroup157","+",""
"FT0581",169.0495,559.4,NA,NA,NA,"Precursor; FT0581_MS2 match; FT0582_MS2 match; FT0585_MS2 match; FT0588_MS2 match; FT0591_MS2 match","[21][M]+","group50","corgroup156","+",""
"FT0856",169.0647,750.7,NA,NA,NA,"FT0816_MS2 match; FT0817_MS2 match; FT0819_MS2 match; FT0825_MS2 match; FT0848_MS2 match","","group79","corgroup127","+",""
"FT0218",170.0424,70.6,NA,NA,NA,"","",NA,NA,"",""
"FT0595",170.0529,559.4,NA,NA,NA,"FT0582_MS2 match; FT0585_MS2 match; FT0591_MS2 match","[21][M+1]+","group50","corgroup156","+",""
"FT0816",170.0725,750.5,NA,NA,"FT0800-CH3COOH; FT0817-CH3","Precursor; FT0816_MS2 match; FT0817_MS2 match; FT0819_MS2 match; FT0821_MS2 match; FT0825_MS2 match; FT0830_MS2 match; FT0838_MS2 match; FT0842_MS2 match; FT0848_MS2 match; FT0851_MS2 match; FT0854_MS2 match","","group79","corgroup127","+",""
"FT0428",170.0811,507.4,NA,"[M+NH4]+ 152.0473",NA,"","","group38","corgroup73","",""
"FT1266",171.138,1009.2,NA,NA,"FT1261-H2O","","","group176","corgroup96","+",""
"FT0619",171.1492,588.9,NA,NA,NA,"","",NA,"corgroup103","",""
"FT0463",172.0282,507.4,NA,"[2M+H+K]2+ 152.0473",NA,"","","group38","corgroup119","+",""
"FT0987",172.0756,870.1,NA,NA,NA,"","","group111","corgroup135","+",""
"FT1042",172.0757,900.5,NA,NA,NA,"","","group124","corgroup112","+",""
"FT1125",172.0757,939.5,NA,NA,"FT1121-CH3COOH","","","group140","corgroup128","+",""
"FT0932",172.1695,809.5,NA,NA,NA,"","",NA,"corgroup165","",""
"FT0325",173.0786,183.5,NA,NA,NA,"","",NA,NA,"",""
"FT0195",174.9379,65.8,NA,NA,NA,"","",NA,"corgroup107","",""
"FT0453",175.0366,507.4,"2-Methoxybenzoic Acid [M+Na]+","[M+Na]+ 152.0473",NA,"FT0458_MS2 match; FT0464_MS2 match","[22][M]+","group38","corgroup119","+",""
"FT0951",175.1331,847.3,NA,NA,NA,"","","group103","corgroup60","+",""
"FT1061",175.1331,902.1,NA,NA,NA,"","","group129","corgroup59","+",""
"FT0444",176.04,507.4,NA,NA,NA,"FT0464_MS2 match","[22][M+1]+","group38","corgroup119","+",""
"FT0229",176.103,72.4,NA,NA,NA,"","","group9","corgroup63","+",""
"FT0494",177.0547,516.5,NA,NA,"FT0495-H2O","Precursor; FT0494_MS2 match; FT0495_MS2 match; FT0501_MS2 match; FT0503_MS2 match; FT0516_MS2 match; FT0518_MS2 match; FT0519_MS2 match; FT0521_MS2 match; FT0523_MS2 match; FT0528_MS2 match","[23][M]+","group43","corgroup146","+",""
"FT0694",177.56,624.5,NA,NA,NA,"","",NA,NA,"",""
"FT0489",178.0581,516.4,NA,NA,NA,"FT0494_MS2 match; FT0495_MS2 match; FT0501_MS2 match; FT0503_MS2 match; FT0519_MS2 match; FT0523_MS2 match; FT0528_MS2 match","[23][M+1]+","group43","corgroup146","+",""
"FT0737",178.0777,680.2,NA,NA,"FT0741-CH3","Precursor; FT0737_MS2 match; FT0738_MS2 match; FT0748_MS2 match; FT0751_MS2 match","","group69","corgroup172","+",""
"FT0699",179.058,635.9,"3-Indoleacetonitrile [M+Na]+","[M+Na]+ 156.0687",NA,"FT0706_MS2 match","","group65","corgroup155","+",""
"FT0490",179.0601,516.4,NA,NA,NA,"FT0495_MS2 match","[23][M+2]+","group43","corgroup146","+",""
"FT0738",179.0852,680.2,NA,NA,NA,"Precursor; FT0737_MS2 match; FT0738_MS2 match; FT0748_MS2 match; FT0751_MS2 match","[24][M]+","group69","corgroup172","+",""
"FT0723",180.0889,680.1,NA,NA,NA,"FT0737_MS2 match; FT0738_MS2 match; FT0751_MS2 match","[24][M+1]+","group69","corgroup172","+",""
"FT0212",180.9039,67.8,NA,NA,NA,"","",NA,"corgroup117","",""
"FT0468",181.0335,507.6,NA,NA,NA,"FT0458_MS2 match","","group38",NA,"",""
"FT0776",181.0761,713.6,NA,NA,NA,"","",NA,NA,"",""
"FT0307",182.0812,114.3,NA,"[M+NH4]+ 164.0473",NA,"","","group20",NA,"",""
"FT0320",182.0813,125.8,NA,"[M+NH4]+ 164.0473",NA,"","[25][M]+","group23","corgroup62","+",""
"FT0925",182.5285,795,NA,NA,NA,"","",NA,"corgroup152","",""
"FT0981",183.0679,870,NA,NA,"FT0975-CH3","","","group112","corgroup135","+",""
"FT0322",183.0845,125.9,NA,NA,NA,"","[25][M+1]+","group23","corgroup19","",""
"FT0974",184.0756,870,NA,NA,NA,"","","group111","corgroup135","+",""
"FT1034",184.0756,900.3,NA,NA,NA,"","",NA,"corgroup112","",""
"FT1255",184.0757,1008.3,NA,NA,NA,"","",NA,"corgroup45","",""
"FT0969",185.0818,870,NA,NA,NA,"","","group111","corgroup135","+",""
"FT1035",185.0827,900.3,NA,NA,NA,"","","group123","corgroup112","+",""
"FT0817",185.0962,750.5,NA,NA,"FT0800-COOH; FT0819-HCOOH(H2+CO2 or H2O+CO)","Precursor; FT0799_MS2 match; FT0809_MS2 match; FT0817_MS2 match; FT0819_MS2 match; FT0821_MS2 match; FT0825_MS2 match; FT0830_MS2 match; FT0838_MS2 match; FT0842_MS2 match; FT0848_MS2 match; FT0851_MS2 match; FT0854_MS2 match; FT0858_MS2 match; FT0860_MS2 match; FT0868_MS2 match","[26][M]+","group79","corgroup127","+",""
"FT0534",185.1148,533.9,NA,NA,NA,"","",NA,"corgroup195","",""
"FT1036",186.0908,900.3,NA,NA,NA,"","","group123","corgroup112","+",""
"FT0903",186.0913,794,NA,NA,NA,"","",NA,"corgroup92","",""
"FT0818",186.0996,750.5,NA,NA,NA,"FT0817_MS2 match; FT0819_MS2 match; FT0821_MS2 match; FT0825_MS2 match; FT0830_MS2 match; FT0838_MS2 match; FT0848_MS2 match; FT0851_MS2 match; FT0854_MS2 match","[26][M+1]+","group79","corgroup127","+",""
"FT0718",186.1308,675.7,NA,NA,NA,"","",NA,NA,"",""
"FT0377",187.0366,491.1,"p-Coumaric Acid [M+Na]+","[M+Na]+ 164.0473",NA,"FT0386_MS2 match","[27][M]+","group37","corgroup125","+",""
"FT0834",187.1026,750.5,NA,NA,NA,"FT0819_MS2 match; FT0825_MS2 match","[26][M+2]+","group79","corgroup127","+",""
"FT0378",188.0399,491.1,NA,NA,NA,"","[27][M+1]+","group37","corgroup125","+",""
"FT0350",188.0705,366.1,NA,NA,"FT0351-NH3","","","group31","corgroup105","+",""
"FT0724",189.0699,680.2,NA,NA,"FT0726-C3H6; FT0743-CH3","FT0748_MS2 match; FT0751_MS2 match","","group69","corgroup172","+",""
"FT1071",189.0911,916.1,NA,NA,NA,"Precursor; FT1071_MS2 match; FT1081_MS2 match; FT1082_MS2 match","","group131","corgroup132","+",""
"FT1261",189.1486,1009,NA,NA,NA,"","","group176","corgroup96","+",""
"FT0200",190.9118,66.1,NA,NA,"FT0176-C3H9O6P","","","group5","corgroup106","+",""
"FT0454",191.0097,507.4,NA,"[M+K]+ 152.0473",NA,"","","group38","corgroup119","+",""
"FT0253",191.0483,83.7,NA,NA,NA,"","",NA,"corgroup46","",""
"FT0739",191.0856,680.2,NA,NA,"FT0748-C3H6","FT0748_MS2 match; FT0751_MS2 match","","group69","corgroup172","+",""
"FT0216",192.0243,69.9,NA,NA,NA,"","",NA,"corgroup7","",""
"FT0740",192.0908,680.2,NA,NA,NA,"FT0748_MS2 match; FT0751_MS2 match","","group69","corgroup172","+",""
"FT0741",193.1006,680.2,NA,NA,NA,"FT0751_MS2 match","","group69","corgroup172","+",""
"FT0495",195.0653,516.5,"Trans-Ferulic Acid [M+H]+","[M+H]+ 194.0579",NA,"Precursor; FT0495_MS2 match; FT0516_MS2 match; FT0519_MS2 match; FT0528_MS2 match","[28][M]+","group43","corgroup146","+",""
"FT0366",195.0877,438.1,NA,NA,NA,"","[29][M]+","group35","corgroup181","+",""
"FT0339",195.1226,337.8,NA,NA,NA,"","",NA,"corgroup177","",""
"FT0491",196.0687,516.4,NA,NA,NA,"FT0528_MS2 match","[28][M+1]+","group43","corgroup146","+",""
"FT0367",196.0907,438.1,NA,NA,NA,"","[29][M+1]+","group35","corgroup181","+",""
"FT0232",196.0949,72.7,NA,NA,NA,"","",NA,NA,"",""
"FT0213",196.8778,67.8,NA,NA,NA,"","",NA,"corgroup107","",""
"FT0455",197.0186,507.4,NA,NA,NA,"","","group38","corgroup119","+",""
"FT0496",197.0706,516.5,NA,NA,NA,"","[28][M+2]+","group43","corgroup146","+",""
"FT0711",197.071,662.1,NA,NA,NA,"","",NA,NA,"",""
"FT0975",198.0914,870,NA,NA,"FT0983-C3H6","","[30][M]+","group112","corgroup135","+",""
"FT0980",199.0961,870,NA,NA,NA,"","[30][M+1]+","group112","corgroup135","+",""
"FT1104",200.2009,930.9,NA,NA,NA,"Precursor; FT1104_MS2 match","","group135",NA,"",""
"FT0721",202.0777,680.1,NA,NA,"FT0746-CH3","FT0744_MS2 match; FT0747_MS2 match; FT0748_MS2 match; FT0751_MS2 match","","group69","corgroup172","+",""
"FT0742",203.0853,680.2,NA,NA,"FT0747-CH3","FT0744_MS2 match; FT0747_MS2 match; FT0748_MS2 match; FT0751_MS2 match","","group69","corgroup172","+",""
"FT0743",204.093,680.2,NA,NA,NA,"FT0744_MS2 match; FT0747_MS2 match; FT0748_MS2 match; FT0751_MS2 match","","group69","corgroup172","+",""
"FT0351",205.0971,366.1,NA,NA,NA,"","","group31","corgroup105","+",""
"FT0744",205.101,680.2,NA,NA,"FT0751-trimethylamine","Precursor; FT0744_MS2 match; FT0748_MS2 match; FT0751_MS2 match","[31][M]+","group69","corgroup172","+",""
"FT0727",206.1046,680.2,NA,NA,NA,"FT0748_MS2 match; FT0751_MS2 match","[31][M+1]+","group69","corgroup172","+",""
"FT0761",207.0553,689.6,NA,NA,"FT0759-H2O","","","group70",NA,"",""
"FT0745",207.1168,680.2,NA,NA,NA,"FT0751_MS2 match","[31][M+2]+","group69","corgroup172","+",""
"FT0609",207.1591,564.3,NA,NA,NA,"","[32][M]+","group55","corgroup77","+",""
"FT0610",208.1627,564.3,NA,NA,NA,"","[32][M+1]+","group55","corgroup77","+",""
"FT0356",211.0866,387.9,NA,NA,NA,"","",NA,NA,"",""
"FT0988",212.1069,870.1,NA,NA,NA,"","",NA,"corgroup135","",""
"FT0713",213.1461,666.7,NA,NA,NA,"Precursor; FT0713_MS2 match","","group67",NA,"",""
"FT0235",214.0513,74.7,NA,NA,NA,"","",NA,"corgroup179","",""
"FT0219",216.0631,70.7,NA,NA,"FT0230-trimethylamine","","","group8","corgroup98","+",""
"FT0362",216.088,420.5,"Kinetin [M+H]+","[M+H]+ 215.0807",NA,"Precursor; FT0362_MS2 match","[33][M]+","group34","corgroup129","+",""
"FT0712",216.1383,665.7,NA,NA,NA,"","",NA,NA,"",""
"FT0203",216.9226,66.6,NA,NA,NA,"","",NA,"corgroup106","",""
"FT0497",217.0472,516.5,"Trans-Ferulic Acid [M+Na]+","[M+Na]+ 194.0579","FT0513-H2O","FT0519_MS2 match","[34][M]+","group43","corgroup146","+",""
"FT0365",217.0695,438.1,NA,NA,NA,"","",NA,NA,"",""
"FT0361",217.0909,420.5,NA,NA,NA,"FT0362_MS2 match","[33][M+1]+","group34","corgroup129","+",""
"FT0746",217.1012,680.2,NA,NA,NA,"FT0747_MS2 match; FT0748_MS2 match; FT0751_MS2 match","","group69","corgroup172","+",""
"FT0340",217.1046,337.8,NA,NA,NA,"Precursor; FT0340_MS2 match","","group27","corgroup177","+",""
"FT0499",218.0506,516.6,NA,NA,NA,"","[34][M+1]+","group43","corgroup146","+",""
"FT1077",218.1023,916.1,NA,NA,NA,"FT1081_MS2 match; FT1082_MS2 match","","group131","corgroup132","+",""
"FT0747",218.109,680.2,NA,NA,"FT0748-CH3","Precursor; FT0747_MS2 match; FT0748_MS2 match; FT0751_MS2 match","[35][M]+","group69","corgroup172","+",""
"FT0613",218.2115,570.6,NA,NA,NA,"","",NA,NA,"",""
"FT0509",219.0524,516.6,NA,NA,NA,"","[34][M+2]+","group43","corgroup146","+",""
"FT0722",219.1125,680.1,NA,NA,NA,"FT0747_MS2 match; FT0748_MS2 match; FT0751_MS2 match","[35][M+1]+","group69","corgroup172","+",""
"FT0764",221.0808,697,NA,NA,NA,"","",NA,NA,"",""
"FT0355",223.0534,384.7,NA,NA,NA,"","",NA,NA,"",""
"FT0993",223.0636,880.9,NA,NA,NA,"","",NA,"corgroup143","",""
"FT0778",223.0637,733.2,NA,NA,NA,"","",NA,"corgroup140","",""
"FT0709",224.0817,640.5,NA,NA,NA,"","",NA,NA,"",""
"FT0759",225.066,689.6,NA,NA,NA,"","[36][M]+","group70",NA,"",""
"FT0762",226.0692,689.7,NA,NA,NA,"","[36][M+1]+","group70",NA,"",""
"FT0766",226.1801,701.1,NA,NA,"FT0768-H2O","","","group72","corgroup141","+",""
"FT0185",226.9515,65.6,NA,NA,NA,"Precursor; FT0177_MS2 match","","group6","corgroup106","+",""
"FT0880",228.1958,758.4,NA,NA,NA,"","",NA,"corgroup217","",""
"FT0663",229.1338,623.9,NA,NA,"FT0633-COOH; FT0665-CO; FT0672-HCOOH(H2+CO2 or H2O+CO); FT0691-CO2","Precursor; FT0663_MS2 match; FT0665_MS2 match; FT0667_MS2 match; FT0668_MS2 match; FT0672_MS2 match; FT0681_MS2 match; FT0692_MS2 match","[37][M]+","group57","corgroup133","+",""
"FT0607",229.1411,564.1,NA,NA,NA,"Precursor; FT0607_MS2 match","[38][M]+","group54","corgroup77","+",""
"FT0537",229.5714,537.2,NA,NA,NA,"","",NA,"corgroup157","",""
"FT0800",230.0938,750.4,NA,"[M]+ 230.0943",NA,"","","group79","corgroup127","+",""
"FT0664",230.137,623.9,NA,NA,NA,"FT0663_MS2 match; FT0668_MS2 match; FT0672_MS2 match","[37][M+1]+","group57","corgroup133","+",""
"FT0608",230.1445,564.1,NA,NA,NA,"FT0607_MS2 match","[38][M+1]+","group54","corgroup77","+",""
"FT0819",231.1017,750.5,"Naproxen [M+H]+","[M+H]+ 230.0943","FT0835-NH3","Precursor; FT0819_MS2 match; FT0821_MS2 match","[39][M]+","group79","corgroup127","+",""
"FT0726",231.1169,680.2,NA,NA,NA,"FT0748_MS2 match; FT0751_MS2 match","","group69","corgroup172","+",""
"FT0644",231.1403,623.8,NA,NA,NA,"FT0668_MS2 match; FT0672_MS2 match","[37][M+2]+","group57","corgroup133","+",""
"FT0250",231.6135,81.6,NA,NA,NA,"","",NA,"corgroup4","",""
"FT1121",232.0968,938.8,NA,NA,NA,"","","group140","corgroup128","+",""
"FT0820",232.1051,750.5,NA,NA,NA,"FT0819_MS2 match","[39][M+1]+","group79","corgroup127","+",""
"FT0758",232.1331,682,NA,NA,NA,"","",NA,NA,"",""
"FT0206",232.8966,66.6,NA,NA,NA,"","",NA,"corgroup78","",""
"FT0808",233.1076,750.5,NA,NA,NA,"","[39][M+2]+","group79","corgroup127","+",""
"FT0241",233.1131,77.3,NA,NA,"FT0244-CO2","","","group11",NA,"",""
"FT0748",233.1326,680.2,NA,NA,"FT0751-CH3NH2","Precursor; FT0748_MS2 match; FT0751_MS2 match","[40][M]+","group69","corgroup172","+",""
"FT0749",234.136,680.2,NA,NA,NA,"FT0748_MS2 match; FT0751_MS2 match","[40][M+1]+","group69","corgroup172","+",""
"FT0616",234.2064,587.7,NA,NA,NA,"Precursor; FT0616_MS2 match","[41][M]+","group56","corgroup41","+",""
"FT0204",234.8939,66.6,NA,NA,NA,"","",NA,"corgroup106","",""
"FT0513",235.0576,516.7,NA,NA,NA,"","","group43","corgroup146","+",""
"FT0750",235.1393,680.2,NA,NA,NA,"FT0751_MS2 match","[40][M+2]+","group69","corgroup172","+",""
"FT0615",235.2098,587.7,NA,NA,NA,"","[41][M+1]+","group56","corgroup41","+",""
"FT0557",237.5601,537.3,NA,"[3M+H+K]2+ 145.0528",NA,"Precursor; FT0566_MS2 match","[42][M]2+","group48","corgroup157","+",""
"FT0551",238.0616,537.2,NA,NA,NA,"","[42][M+1]2+","group48","corgroup157","+",""
"FT0353",239.149,381.5,NA,NA,NA,"","",NA,"corgroup220","",""
"FT0544",239.571,537.2,NA,NA,NA,"Precursor; FT0544_MS2 match; FT0557_MS2 match; FT0559_MS2 match; FT0564_MS2 match; FT0566_MS2 match","[43][M]2+","group48","corgroup164","",""
"FT0429",240.0632,507.4,NA,NA,NA,"","[44][M]2+","group38","corgroup119","+",""
"FT0538",240.0726,537.2,NA,NA,NA,"FT0557_MS2 match","[43][M+1]2+","group48","corgroup164","",""
"FT0983",240.1383,870,NA,NA,NA,"","","group112","corgroup135","+",""
"FT0445",240.5644,507.4,NA,NA,NA,"","[44][M+1]2+","group38","corgroup119","+",""
"FT0552",240.5692,537.2,NA,"[3M+2Na]2+ 145.0528",NA,"FT0557_MS2 match","[43][M+2]2+","group48","corgroup157","+",""
"FT0442",241.0626,507.4,NA,NA,NA,"","[44][M+2]2+","group38","corgroup119","+",""
"FT0242",241.0818,77.8,NA,NA,"FT0243-H2O","","","group11",NA,"",""
"FT0895",242.154,785.4,NA,NA,NA,"","[45][M]+","group91","corgroup209","+",""
"FT0251",242.5621,82.2,NA,NA,NA,"","",NA,"corgroup4","",""
"FT0789",242.5701,737.7,NA,NA,NA,"","",NA,"corgroup28","",""
"FT0194",242.9255,65.8,NA,NA,NA,"","",NA,"corgroup106","",""
"FT0570",243.0876,555.4,NA,NA,NA,"","",NA,NA,"",""
"FT0894",243.1572,785.4,NA,NA,NA,"","[45][M+1]+","group91","corgroup30","+",""
"FT0899",244.1696,788.9,NA,NA,NA,"","[46][M]+","group92","corgroup124","+",""
"FT0768",244.1907,701.1,NA,NA,NA,"","","group72","corgroup206","+",""
"FT0190",244.9241,65.8,NA,NA,NA,"","",NA,"corgroup106","",""
"FT0887",245.0784,773.9,NA,NA,NA,"","",NA,NA,"",""
"FT0996",245.1078,882.7,NA,NA,NA,"Precursor; FT0996_MS2 match","","group115","corgroup162","+",""
"FT0956",245.1148,860,NA,NA,NA,"","",NA,NA,"",""
"FT0900",245.1732,788.9,NA,NA,NA,"","[46][M+1]+","group92","corgroup124","+",""
"FT0558",245.5462,537.3,NA,NA,NA,"Precursor","[47][M]2+","group48","corgroup157","+",""
"FT0412",245.5914,498.7,NA,NA,NA,"","",NA,NA,"",""
"FT1092",245.6159,919.5,NA,NA,NA,"","",NA,"corgroup79","",""
"FT0545",246.0477,537.2,NA,NA,NA,"","[47][M+1]2+","group48","corgroup164","",""
"FT0898",246.1761,788.9,NA,NA,NA,"","[46][M+2]+","group92","corgroup124","+",""
"FT0559",246.5653,537.3,NA,NA,NA,"Precursor; FT0566_MS2 match","[48][M]2+","group48","corgroup157","+",""
"FT1223",246.6237,999,NA,NA,NA,"","",NA,"corgroup57","",""
"FT1182",246.6237,977.2,NA,NA,NA,"","",NA,"corgroup5","",""
"FT0760",247.0479,689.6,NA,NA,NA,"","",NA,NA,"",""
"FT0220",247.0578,71.2,NA,NA,NA,"","",NA,"corgroup9","",""
"FT0560",247.0668,537.3,NA,NA,NA,"FT0566_MS2 match","[48][M+1]2+","group48","corgroup157","+",""
"FT1163",247.2269,960.9,NA,NA,NA,"","",NA,"corgroup90","",""
"FT0456",248.0519,507.4,NA,"[3M+H+K]2+ 152.0473",NA,"FT0458_MS2 match","[49][M]+","group38","corgroup119","+",""
"FT0835",248.1282,750.5,NA,"[M+NH4]+ 230.0943",NA,"","","group79","corgroup127","+",""
"FT0430",248.5536,507.4,NA,NA,NA,"","[49][M+1]2+","group38","corgroup119","+",""
"FT0205",248.8706,66.6,NA,NA,NA,"","",NA,"corgroup106","",""
"FT0431",249.0546,507.4,NA,NA,NA,"","[49][M+2]2+","group38","corgroup119","+",""
"FT0938",249.1826,824.1,NA,NA,NA,"","",NA,"corgroup56","",""
"FT0873",250.0753,750.8,NA,"[2M+H+K]2+ 230.0943",NA,"FT0842_MS2 match","[50][M]2+","group79","corgroup127","+",""
"FT0879",250.1778,758.3,NA,NA,NA,"","",NA,"corgroup217","",""
"FT0804",250.5769,750.5,NA,NA,NA,"FT0842_MS2 match","[50][M+1]2+","group79","corgroup127","+",""
"FT0207",250.868,66.6,NA,NA,NA,"","",NA,"corgroup106","",""
"FT0617",251.1855,588,NA,NA,NA,"","",NA,"corgroup103","",""
"FT0782",251.5754,737.5,NA,NA,NA,"","",NA,NA,"",""
"FT0821",253.0837,750.5,"Naproxen [M+Na]+","[M+Na]+ 230.0943","FT0870-γ-GluAlaGly-2H","Precursor; FT0809_MS2 match","[51][M]+","group79","corgroup127","+",""
"FT0949",253.1774,847.1,NA,NA,NA,"","",NA,"corgroup60","",""
"FT1067",253.1777,902.8,NA,NA,NA,"","",NA,"corgroup59","",""
"FT0553",253.5683,537.2,NA,NA,"FT0566-Pyroglutamic acid","Precursor","[52][M]2+","group48","corgroup157","+",""
"FT0561",254.0699,537.3,NA,NA,NA,"","[52][M+1]2+","group48","corgroup157","+",""
"FT0705",254.084,635.9,NA,"[3M+H+K]2+ 156.0687",NA,"","","group65","corgroup155","+",""
"FT0822",254.0871,750.5,NA,NA,NA,"FT0809_MS2 match","[51][M+1]+","group79","corgroup127","+",""
"FT0823",255.0895,750.5,NA,NA,NA,"FT0809_MS2 match","[51][M+2]+","group79","corgroup127","+",""
"FT1401",255.232,1117.8,NA,NA,NA,"","",NA,NA,"",""
"FT0432",256.0381,507.4,NA,NA,NA,"","[53][M]2+","group40","corgroup119","+",""
"FT0945",256.1696,844,NA,NA,NA,"","",NA,"corgroup21","",""
"FT1420",256.2635,1148.6,NA,NA,NA,"Precursor; FT1420_MS2 match","","group221",NA,"",""
"FT0450",256.5399,507.4,NA,NA,NA,"","[53][M+1]2+","group40","corgroup119","+",""
"FT0433",257.0572,507.4,NA,NA,NA,"Precursor","[54][M]2+","group38","corgroup119","+",""
"FT0665",257.1288,623.9,NA,NA,"FT0633-OH; FT0672-H2O","Precursor; FT0668_MS2 match; FT0672_MS2 match","[55][M]+","group57","corgroup133","+",""
"FT1439",257.2476,1186.8,NA,NA,NA,"","",NA,"corgroup48","",""
"FT0434",257.5588,507.4,NA,NA,NA,"","[54][M+1]2+","group38","corgroup119","+",""
"FT0666",258.1319,623.9,NA,NA,NA,"FT0668_MS2 match","[55][M+1]+","group57","corgroup133","+",""
"FT0884",258.149,764.4,NA,NA,NA,"","[56][M]+","group87","corgroup43","+",""
"FT0947",258.1853,846,NA,NA,NA,"","[57][M]+","group102",NA,"",""
"FT0196",258.8994,66.1,NA,NA,"FT0177-C3H9O6P","","","group6","corgroup117","",""
"FT0243",259.0925,77.8,NA,NA,"FT0244-H2O","","[58][M]+","group11","corgroup89","+",""
"FT0883",259.1523,764.3,NA,NA,NA,"","[56][M+1]+","group87","corgroup43","+",""
"FT0948",259.1886,846.1,NA,NA,NA,"","[57][M+1]+","group102","corgroup21","+",""
"FT1287",259.6315,1021.4,NA,NA,NA,"","",NA,NA,"",""
"FT0245",260.0957,77.8,NA,NA,NA,"","[58][M+1]+","group11",NA,"",""
"FT0918",260.1646,794.3,NA,NA,NA,"","[59][M]+","group94",NA,"",""
"FT1377",260.1646,1101,NA,NA,NA,"","",NA,NA,"",""
"FT1357",260.1646,1081.1,NA,NA,NA,"","[60][M]+","group203",NA,"",""
"FT1438",260.1646,1186.7,NA,NA,NA,"","",NA,NA,"",""
"FT1451",260.1646,1196.5,NA,NA,NA,"","[61][M]+","group230",NA,"",""
"FT1403",260.1647,1118,NA,NA,NA,"","[62][M]+","group217","corgroup120","+",""
"FT0911",260.3531,794.3,NA,NA,NA,"","",NA,NA,"",""
"FT0909",260.5637,794.2,NA,NA,NA,"","",NA,NA,"",""
"FT0198",260.8977,66.1,NA,NA,NA,"","",NA,"corgroup106","",""
"FT0352",261.1309,381.4,NA,NA,NA,"Precursor; FT0352_MS2 match","","group32","corgroup220","+",""
"FT1376",261.1678,1099.3,NA,NA,NA,"","",NA,NA,"",""
"FT1358",261.1678,1081.1,NA,NA,NA,"","[60][M+1]+","group203",NA,"",""
"FT1449",261.1679,1196.4,NA,NA,NA,"","[61][M+1]+","group230","corgroup93","+",""
"FT1404",261.1679,1118,NA,NA,NA,"","[62][M+1]+","group217","corgroup120","+",""
"FT0906",261.1679,794,NA,NA,NA,"","[59][M+1]+","group94","corgroup92","+",""
"FT0905",262.1708,794,NA,NA,NA,"","[59][M+2]+","group94","corgroup92","+",""
"FT0763",262.2376,694.7,NA,NA,NA,"","",NA,NA,"",""
"FT0777",263.0559,733,NA,NA,NA,"","",NA,"corgroup140","",""
"FT0908",263.1734,794.1,NA,NA,NA,"","[59][M+3]+","group94","corgroup92","+",""
"FT0751",264.1751,680.2,"Nortriptylin [M+H]+","[M+H]+ 263.1674",NA,"Precursor; FT0751_MS2 match","","group69",NA,"",""
"FT0752",264.3647,680.2,NA,NA,NA,"","",NA,NA,"",""
"FT0753",264.5768,680.2,NA,NA,NA,"FT0751_MS2 match","","group69","corgroup172","+",""
"FT0720",264.7479,680,NA,NA,NA,"","",NA,"corgroup172","",""
"FT0202",264.8445,66.6,NA,NA,NA,"","",NA,"corgroup106","",""
"FT0719",264.9374,680,NA,NA,NA,"","",NA,"corgroup172","",""
"FT0754",265.1781,680.2,NA,NA,NA,"FT0751_MS2 match","[63][M]+","group69","corgroup172","+",""
"FT1444",265.2525,1196.2,NA,NA,"FT1443-H2O","","","group228","corgroup93","+",""
"FT0408",266.052,491.4,NA,"[3M+H+K]2+ 164.0473",NA,"","","group37","corgroup125","+",""
"FT0767",266.1728,701.1,NA,NA,NA,"","",NA,"corgroup206","",""
"FT0755",266.1815,680.2,NA,NA,NA,"FT0751_MS2 match","[63][M+1]+","group69","corgroup172","+",""
"FT0756",267.1847,680.2,NA,NA,NA,"","[63][M+2]+","group69","corgroup172","+",""
"FT0960",268.1697,869.7,NA,NA,NA,"","[64][M]+","group107",NA,"",""
"FT0824",269.0574,750.5,NA,"[M+K]+ 230.0943",NA,"","","group79","corgroup127","+",""
"FT0961",269.1735,869.7,NA,NA,NA,"","[64][M+1]+","group107","corgroup135","+",""
"FT1164",269.2089,961.2,NA,NA,NA,"Precursor; FT1164_MS2 match","[65][M]+","group148","corgroup90","+",""
"FT0957",270.1853,862.3,NA,NA,"FT0958-CO+CO","","","group106",NA,"",""
"FT1029",270.1856,900,NA,NA,"FT1023-H2O","","","group118",NA,"",""
"FT1165",270.2122,961.2,NA,NA,NA,"","[65][M+1]+","group148","corgroup90","+",""
"FT1033",270.3775,900.3,NA,NA,NA,"","",NA,NA,"",""
"FT1032",270.592,900.3,NA,NA,NA,"","",NA,NA,"",""
"FT1028",270.7648,900,NA,NA,NA,"","",NA,NA,"",""
"FT0794",271.1879,742.6,NA,NA,NA,"","",NA,"corgroup55","",""
"FT1030",271.1886,900,NA,NA,NA,"","",NA,"corgroup59","",""
"FT1277",272.1459,1009.5,NA,NA,NA,"","",NA,"corgroup101","",""
"FT0936",272.1645,818,NA,NA,NA,"","",NA,NA,"",""
"FT0992",272.1918,877.9,NA,NA,NA,"","",NA,NA,"",""
"FT1056",272.2009,901.6,NA,NA,NA,"","[66][M]+","group128",NA,"",""
"FT1049",272.3939,901.3,NA,NA,NA,"","",NA,"corgroup158","",""
"FT1055",272.609,901.3,NA,NA,NA,"","",NA,NA,"",""
"FT0614",273.0759,574.2,NA,NA,NA,"","",NA,NA,"",""
"FT0691",273.1235,624.4,NA,NA,"FT0679-H2O","","","group57","corgroup137","",""
"FT0618",273.1673,588.1,NA,NA,NA,"","",NA,"corgroup103","",""
"FT1050",273.2044,901.3,NA,NA,NA,"","[66][M+1]+","group128","corgroup59","+",""
"FT0633",274.1311,623.7,NA,"[M]+ 274.1317","FT0679-OH","FT0629_MS2 match; FT0668_MS2 match","","group57","corgroup133","+",""
"FT0953",274.1803,847.8,NA,NA,NA,"","[67][M]+","group104","corgroup213","+",""
"FT1051",274.2076,901.3,NA,NA,NA,"","[66][M+2]+","group128","corgroup59","+",""
"FT0888",274.2743,777,NA,NA,NA,"","",NA,NA,"",""
"FT0199",274.8733,66.1,NA,NA,"FT0183-C3H9O6P","","","group7","corgroup117","+",""
"FT0391",275.0571,491.3,NA,NA,NA,"Precursor","","group37","corgroup125","+",""
"FT0863",275.0656,750.7,NA,NA,NA,"Precursor; FT0838_MS2 match; FT0863_MS2 match; FT0864_MS2 match; FT0866_MS2 match; FT0868_MS2 match; FT0870_MS2 match","[68][M]+","group79","corgroup127","+",""
"FT0582",275.0915,559.4,NA,NA,"FT0585-Anhydrohexose; FT0596-CH2CO","Precursor; FT0574_MS2 match; FT0582_MS2 match; FT0585_MS2 match; FT0588_MS2 match; FT0591_MS2 match","[69][M]+","group50","corgroup156","+",""
"FT0230",275.135,72.4,NA,NA,NA,"","","group8","corgroup63","+",""
"FT0672",275.1391,623.9,"Indole-3-acetyl-L-valine [M+H]+","[M+H]+ 274.1317",NA,"Precursor; FT0629_MS2 match; FT0668_MS2 match; FT0672_MS2 match; FT0681_MS2 match","","group57",NA,"",""
"FT0952",275.1835,847.8,NA,NA,NA,"","[67][M+1]+","group104","corgroup213","+",""
"FT1052",275.2102,901.3,NA,NA,NA,"","[66][M+3]+","group128",NA,"",""
"FT0647",275.3024,623.9,NA,NA,NA,"FT0668_MS2 match","","group57",NA,"",""
"FT0657",275.5494,623.9,NA,NA,NA,"","",NA,"corgroup133","",""
"FT0642",275.7236,623.8,NA,NA,NA,"","",NA,"corgroup133","",""
"FT0829",276.0689,750.5,NA,NA,NA,"FT0864_MS2 match; FT0866_MS2 match; FT0868_MS2 match","[68][M+1]+","group79","corgroup127","+",""
"FT0583",276.0949,559.4,NA,NA,NA,"FT0585_MS2 match; FT0588_MS2 match; FT0591_MS2 match","[69][M+1]+","group50","corgroup156","+",""
"FT0331",276.1078,242.1,NA,NA,NA,"","",NA,NA,"",""
"FT0648",276.1426,623.9,NA,NA,NA,"FT0668_MS2 match; FT0672_MS2 match; FT0681_MS2 match","[70][M]+","group57","corgroup133","+",""
"FT0577",277.0971,559.4,NA,NA,NA,"FT0588_MS2 match; FT0591_MS2 match","[69][M+2]+","group50","corgroup156","+",""
"FT0244",277.1031,77.8,NA,NA,NA,"","[71][M]+","group11","corgroup89","+",""
"FT0649",277.1451,623.9,NA,NA,NA,"FT0668_MS2 match","[70][M+1]+","group57","corgroup133","+",""
"FT0246",278.1063,77.8,NA,NA,NA,"","[71][M+1]+","group11","corgroup75","",""
"FT0650",278.1475,623.9,NA,NA,NA,"","[70][M+2]+","group57","corgroup133","+",""
"FT0769",278.1904,702.4,NA,NA,NA,"Precursor; FT0769_MS2 match","","group73",NA,"",""
"FT1141",279.2319,949.7,NA,NA,NA,"","",NA,NA,"",""
"FT1419",280.1621,1147.8,NA,NA,NA,"","",NA,NA,"",""
"FT1398",280.1622,1116.8,NA,NA,NA,"","[72][M]2+","group216","corgroup121","+",""
"FT1399",280.6639,1116.9,NA,NA,NA,"","[72][M+1]2+","group216","corgroup121","+",""
"FT0796",281.1726,744.2,NA,NA,NA,"","",NA,"corgroup55","",""
"FT0912",282.1466,794.3,NA,NA,"FT0914-H2O","","","group96","corgroup92","+",""
"FT1424",282.2793,1161.3,NA,NA,NA,"","[73][M]+","group223","corgroup166","+",""
"FT0359",283.175,410.5,NA,NA,NA,"","",NA,"corgroup74","",""
"FT1443",283.2632,1196.2,NA,NA,NA,"","","group228","corgroup93","+",""
"FT1425",283.2826,1161.3,NA,NA,NA,"","[73][M+1]+","group223","corgroup166","+",""
"FT1002",284.2009,894.9,NA,NA,NA,"","[74][M]+","group117","corgroup53","+",""
"FT1149",284.2009,954.8,NA,NA,"FT1154-formaldehyde","","[75][M]+","group146","corgroup33","+",""
"FT0915",285.076,794.3,"Biochanin A [M+H]+","[M+H]+ 284.0685",NA,"Precursor; FT0915_MS2 match; FT0919_MS2 match","[76][M]+","group97","corgroup152","+",""
"FT1150",285.2042,954.8,NA,NA,NA,"","[75][M+1]+","group146",NA,"",""
"FT1003",285.2042,894.9,NA,NA,NA,"","[74][M+1]+","group117",NA,"",""
"FT0916",286.0792,794.3,NA,NA,NA,"FT0915_MS2 match","[76][M+1]+","group97","corgroup152","+",""
"FT0984",286.1343,870,NA,NA,NA,"","",NA,"corgroup135","",""
"FT0955",286.1802,857.7,NA,NA,NA,"","[77][M]+","group105","corgroup182","+",""
"FT1412",286.1802,1129.5,NA,NA,NA,"","",NA,NA,"",""
"FT1400",286.1802,1117.6,NA,NA,NA,"","",NA,"corgroup120","",""
"FT1152",286.2165,955.3,NA,NA,"FT1154-CO","","[78][M]+","group146","corgroup33","+",""
"FT0970",286.378,870,NA,NA,NA,"","",NA,"corgroup32","",""
"FT0985",286.5989,870,NA,NA,NA,"","",NA,NA,"",""
"FT0962",286.777,870,NA,NA,NA,"","",NA,"corgroup135","",""
"FT0976",286.9741,870,NA,NA,NA,"","",NA,"corgroup135","",""
"FT0922",287.0817,794.7,NA,NA,NA,"FT0915_MS2 match","[76][M+2]+","group97","corgroup152","+",""
"FT0971",287.1656,870,NA,NA,NA,"","",NA,"corgroup32","",""
"FT0954",287.1835,857.5,NA,NA,NA,"","[77][M+1]+","group105","corgroup182","+",""
"FT1151",287.2199,955.3,NA,NA,NA,"","[78][M+1]+","group146","corgroup33","+",""
"FT0963",287.3497,870,NA,NA,NA,"","",NA,"corgroup135","",""
"FT0972",287.5659,870,NA,NA,NA,"","",NA,"corgroup135","",""
"FT0324",288.0649,162.1,NA,NA,NA,"","",NA,NA,"",""
"FT0323",288.0649,152,NA,NA,NA,"","",NA,NA,"",""
"FT0964",288.1868,870,NA,NA,NA,"","[79][M]+","group108","corgroup135","+",""
"FT1450",288.1958,1196.4,NA,NA,NA,"","",NA,"corgroup93","",""
"FT0882",288.1959,761.4,NA,NA,NA,"","",NA,"corgroup43","",""
"FT1023",288.1962,900,NA,NA,NA,"Precursor; FT1023_MS2 match","[80][M]+","group118",NA,"",""
"FT0937",288.2897,822.6,NA,NA,NA,"","",NA,"corgroup56","",""
"FT1015",288.3623,899.8,NA,NA,NA,"","",NA,NA,"",""
"FT1018",288.6158,899.8,NA,NA,NA,"","",NA,"corgroup112","",""
"FT1007",288.7942,899.8,NA,NA,NA,"","",NA,"corgroup112","",""
"FT0716",289.1546,670.5,NA,NA,NA,"Precursor","[81][M]+","group68","corgroup168","+",""
"FT0771",289.1547,706,NA,NA,NA,"","",NA,"corgroup163","",""
"FT0965",289.1897,870,NA,NA,NA,"","[79][M+1]+","group108","corgroup135","+",""
"FT1013",289.1991,899.8,NA,NA,NA,"","[80][M+1]+","group118",NA,"",""
"FT1418",289.1992,1142,NA,NA,NA,"","",NA,NA,"",""
"FT1405",289.1993,1118.3,NA,NA,NA,"","",NA,"corgroup120","",""
"FT1421",289.1994,1151.1,NA,NA,NA,"","",NA,NA,"",""
"FT1009",289.3655,899.8,NA,NA,NA,"","",NA,"corgroup112","",""
"FT1005",289.5844,899.8,NA,NA,NA,"","",NA,"corgroup112","",""
"FT0715",290.158,670.5,NA,NA,NA,"","[81][M+1]+","group68","corgroup168","+",""
"FT1014",290.2022,899.8,NA,NA,NA,"","[80][M+2]+","group118","corgroup112","+",""
"FT0897",290.2692,786.9,NA,NA,NA,"","",NA,NA,"",""
"FT0867",291.0394,750.7,NA,NA,NA,"","",NA,"corgroup111","",""
"FT0679",291.1338,624.1,NA,NA,NA,"","","group57","corgroup133","+",""
"FT0370",291.1452,448.3,"Trimetoprim [M+H]+","[M+H]+ 290.1379",NA,"Precursor; FT0370_MS2 match","[82][M]+","group36","corgroup183","+",""
"FT1004",291.2048,899.5,NA,NA,NA,"","[80][M+3]+","group118","corgroup112","+",""
"FT0368",292.1483,448.3,NA,NA,NA,"FT0370_MS2 match","[82][M+1]+","group36","corgroup183","+",""
"FT1024",292.1671,900,NA,NA,"FT1025-H2O","","","group122","corgroup59","+",""
"FT0369",293.1506,448.3,NA,NA,NA,"FT0370_MS2 match","[82][M+2]+","group36","corgroup183","+",""
"FT0693",294.1127,624.4,NA,"[2M+H+K]2+ 274.1317",NA,"","[83][M]2+","group57","corgroup133","+",""
"FT1057",294.1827,901.6,NA,NA,NA,"","",NA,"corgroup59","",""
"FT0532",294.2274,531.7,NA,NA,NA,"Precursor; FT0532_MS2 match","","group47",NA,"",""
"FT0622",294.6142,623.2,NA,NA,NA,"","[83][M+1]2+","group57","corgroup133","+",""
"FT0358",295.1288,402,NA,NA,NA,"","",NA,NA,"",""
"FT1179",296.201,976.2,NA,NA,NA,"","[84][M]+","group152","corgroup47","+",""
"FT1145",296.201,951.8,NA,NA,NA,"","[85][M]+","group144","corgroup169","+",""
"FT0692",297.1213,624.4,"Indole-3-acetyl-L-valine [M+Na]+","[M+Na]+ 274.1317",NA,"Precursor; FT0681_MS2 match; FT0692_MS2 match","[86][M]+","group57","corgroup133","+",""
"FT1180",297.2042,976.2,NA,NA,NA,"","[84][M+1]+","group152","corgroup47","+",""
"FT1146",297.2043,951.8,NA,NA,NA,"","[85][M+1]+","group144","corgroup169","+",""
"FT1339",297.24,1072,NA,NA,NA,"","[87][M]+","group199","corgroup49","+",""
"FT0354",298.0968,381.7,NA,NA,NA,"","",NA,NA,"",""
"FT0687",298.1244,624.2,NA,NA,NA,"FT0681_MS2 match","[86][M+1]+","group57","corgroup133","+",""
"FT1155",298.2166,957.9,NA,NA,NA,"","",NA,NA,"",""
"FT1169",298.2166,966.5,NA,NA,NA,"","",NA,NA,"",""
"FT1128",298.2167,940.3,NA,NA,NA,"","[88][M]+","group142","corgroup102","+",""
"FT1256",298.2167,1008.5,NA,NA,NA,"","[89][M]+","group175","corgroup114","+",""
"FT1194",298.2167,983.6,NA,NA,NA,"","[90][M]+","group156","corgroup38","+",""
"FT1338",298.2435,1071.8,NA,NA,NA,"","[87][M+1]+","group199","corgroup49","+",""
"FT1326",298.3469,1047.7,NA,NA,NA,"","",NA,NA,"",""
"FT1129",298.4504,940.3,NA,NA,"FT1109-OH","","","group138","corgroup116","+",""
"FT1135",298.6432,940.3,NA,NA,NA,"","",NA,NA,"",""
"FT0710",299.1103,648.3,NA,NA,NA,"","",NA,NA,"",""
"FT0688",299.1269,624.2,NA,NA,NA,"","[86][M+2]+","group57","corgroup133","+",""
"FT1402",299.1958,1117.8,NA,NA,NA,"","",NA,NA,"",""
"FT1195",299.22,983.6,NA,NA,NA,"","[90][M+1]+","group156","corgroup38","+",""
"FT1257",299.22,1008.5,NA,NA,NA,"","[89][M+1]+","group175","corgroup114","+",""
"FT1130",299.22,940.3,NA,NA,NA,"","[88][M+1]+","group142","corgroup102","+",""
"FT0914",300.1594,794.3,NA,NA,NA,"","","group96",NA,"",""
"FT0935",300.1957,814.4,NA,NA,NA,"","",NA,NA,"",""
"FT1096",300.1958,920.9,NA,NA,NA,"","",NA,"corgroup215","",""
"FT0998",300.1958,888.6,NA,NA,"FT0997-CH3OH","","[91][M]+","group116","corgroup94","+",""
"FT1131",300.2232,940.3,NA,NA,NA,"","[88][M+2]+","group142",NA,"",""
"FT1267",300.2323,1009.2,NA,NA,NA,"","[92][M]+","group177","corgroup114","+",""
"FT1262",300.4668,1009,NA,NA,NA,"","",NA,"corgroup45","",""
"FT0247",301.1143,79.6,NA,NA,NA,"","",NA,NA,"",""
"FT1213",301.141,994.8,NA,NA,NA,"","[93][M]+","group164","corgroup185","+",""
"FT1201",301.1411,988.4,NA,NA,NA,"","[94][M]+","group159",NA,"",""
"FT0999",301.1992,888.6,NA,NA,NA,"","[91][M+1]+","group116","corgroup94","+",""
"FT1441",301.2115,1186.8,NA,NA,NA,"","[95][M]+","group227","corgroup48","+",""
"FT1127",301.2261,940.3,NA,NA,NA,"","[88][M+3]+","group142",NA,"",""
"FT1264",301.2357,1009.2,NA,NA,NA,"","[92][M+1]+","group177","corgroup114","+",""
"FT0562",302.0976,537.3,NA,NA,NA,"","[96][M]2+","group49","corgroup157","+",""
"FT0626",302.0989,623.4,NA,NA,NA,"","",NA,"corgroup133","",""
"FT1212",302.1444,994.7,NA,NA,NA,"","[93][M+1]+","group164",NA,"",""
"FT1202",302.1445,988.4,NA,NA,NA,"","[94][M+1]+","group159",NA,"",""
"FT0793",302.1751,739.8,NA,NA,NA,"","[97][M]+","group78","corgroup84","+",""
"FT1148",302.2115,952,NA,NA,NA,"","[98][M]+","group145","corgroup169","+",""
"FT1440",302.2147,1186.8,NA,NA,NA,"","[95][M+1]+","group227","corgroup48","+",""
"FT1265",302.2388,1009.2,NA,NA,NA,"","[92][M+2]+","group177","corgroup114","+",""
"FT0563",302.5989,537.3,NA,NA,NA,"","[96][M+1]2+","group49","corgroup157","+",""
"FT0478",303.0499,512.8,NA,NA,"FT0476-Anhydrohexose","Precursor; FT0472_MS2 match; FT0474_MS2 match; FT0477_MS2 match; FT0478_MS2 match; FT0482_MS2 match; FT0485_MS2 match","","group42","corgroup149","+",""
"FT0698",303.05,630.5,"Quercetin [M+H]+","[M+H]+ 302.0427",NA,"Precursor; FT0698_MS2 match","","group64",NA,"",""
"FT0567",303.0949,537.3,NA,NA,NA,"","[96][M+2]2+","group49","corgroup164","+",""
"FT0876",303.1705,753,NA,NA,NA,"","[99][M]+","group85","corgroup127","+",""
"FT0792",303.1784,739.8,NA,NA,NA,"","[97][M+1]+","group78","corgroup84","+",""
"FT1147",303.2148,952,NA,NA,NA,"","[98][M+1]+","group145","corgroup169","+",""
"FT0540",303.5955,537.2,NA,NA,NA,"","[96][M+3]2+","group49","corgroup164","+",""
"FT0923",304.0495,794.8,NA,"[2M+H+K]2+ 284.0685",NA,"","","group97","corgroup152","+",""
"FT0875",304.1736,752.9,NA,NA,NA,"","[99][M+1]+","group85","corgroup127","+",""
"FT0892",304.1907,785.2,NA,NA,NA,"","[100][M]+","group90","corgroup30","+",""
"FT1426",304.2611,1161.3,NA,NA,NA,"","",NA,"corgroup166","",""
"FT1103",304.2998,926.5,NA,NA,NA,"","",NA,"corgroup81","",""
"FT0435",305.1022,507.4,NA,"[2M+H]+ 152.0473",NA,"Precursor","[101][M]+","group38","corgroup119","+",""
"FT0360",305.157,410.5,NA,NA,NA,"Precursor; FT0360_MS2 match","","group33","corgroup74","+",""
"FT0893",305.1939,785.2,NA,NA,NA,"","[100][M+1]+","group90","corgroup209","+",""
"FT0436",306.1054,507.4,NA,NA,NA,"","[101][M+1]+","group38","corgroup119","+",""
"FT0919",307.0578,794.4,"Biochanin A [M+Na]+","[M+Na]+ 284.0685",NA,"Precursor; FT0917_MS2 match","[102][M]+","group97","corgroup152","+",""
"FT0270",307.0833,85.4,NA,NA,"FT0300-benzene","","[103][M]2+","group13","corgroup72","+",""
"FT0313",307.0833,123.7,NA,NA,NA,"","[104][M]2+","group22","corgroup62","+",""
"FT0677",307.1289,624.1,NA,NA,NA,"","","group57","corgroup137","",""
"FT0271",307.5846,85.4,NA,NA,NA,"","[103][M+1]2+","group13",NA,"",""
"FT0314",307.5846,123.9,NA,NA,NA,"","[104][M+1]2+","group22",NA,"",""
"FT0924",308.0611,794.9,NA,NA,NA,"FT0917_MS2 match","[102][M+1]+","group97","corgroup152","+",""
"FT0258",308.0906,85.4,NA,NA,"FT0300-phenyl radical","","[105][M]+","group13","corgroup69","",""
"FT0986",308.1622,870,NA,NA,NA,"","[106][M]+","group113","corgroup135","+",""
"FT0272",309.0938,85.4,NA,NA,NA,"","[105][M+1]+","group13",NA,"",""
"FT0982",309.1654,870,NA,NA,NA,"","[106][M+1]+","group113","corgroup135","+",""
"FT1324",309.2037,1043.1,NA,NA,NA,"","",NA,NA,"",""
"FT0564",310.0864,537.3,NA,NA,NA,"Precursor; FT0566_MS2 match","[107][M]+","group48","corgroup157","+",""
"FT1025",310.1779,900,NA,NA,NA,"","","group122","corgroup112","+",""
"FT0946",310.1801,845.3,NA,NA,NA,"","",NA,"corgroup60","",""
"FT1214",310.2166,998,NA,NA,NA,"","",NA,"corgroup134","",""
"FT0554",310.588,537.2,NA,NA,NA,"","[107][M+1]2+","group48","corgroup157","+",""
"FT0541",311.0892,537.2,NA,NA,NA,"","[107][M+2]2+","group48","corgroup157","+",""
"FT0332",311.1236,317.6,NA,NA,NA,"","",NA,NA,"",""
"FT1000",311.1263,889.9,NA,NA,NA,"","",NA,NA,"",""
"FT0714",311.1366,670.5,NA,NA,NA,"","",NA,"corgroup168","",""
"FT0772",311.1367,706.1,NA,NA,NA,"Precursor; FT0772_MS2 match","[108][M]+","group74","corgroup163","+",""
"FT1387",311.2559,1111.4,NA,NA,NA,"Precursor; FT1387_MS2 match","","group211",NA,"",""
"FT1063",311.258,902.3,NA,NA,NA,"","",NA,NA,"",""
"FT1136",311.2581,941.7,NA,NA,NA,"","",NA,"corgroup102","",""
"FT0773",312.14,706.2,NA,NA,NA,"FT0772_MS2 match","[108][M+1]+","group74","corgroup163","+",""
"FT1139",312.1959,942.6,NA,NA,NA,"","",NA,"corgroup116","",""
"FT0901",312.1959,792,NA,NA,NA,"","[109][M]+","group93","corgroup193","+",""
"FT1099",312.1959,922,NA,NA,NA,"","",NA,"corgroup215","",""
"FT1207",312.2322,992,NA,NA,NA,"","[110][M]+","group161","corgroup104","+",""
"FT0690",313.0947,624.3,NA,"[M+K]+ 274.1317",NA,"Precursor; FT0683_MS2 match","","group57","corgroup133","+",""
"FT0565",313.0948,537.3,NA,"[2M+Na]+ 145.0528",NA,"","","group48","corgroup157","+",""
"FT0765",313.1987,700.8,NA,NA,NA,"Precursor; FT0765_MS2 match","","group71","corgroup141","+",""
"FT0902",313.1991,792,NA,NA,NA,"","[109][M+1]+","group93","corgroup193","+",""
"FT1168",313.235,962.7,NA,NA,NA,"Precursor; FT1168_MS2 match","[111][M]+","group149","corgroup150","+",""
"FT1208",313.2355,992,NA,NA,NA,"","[110][M+1]+","group161","corgroup104","+",""
"FT1314",313.2738,1041.9,NA,NA,"FT1311-C3H7O5P; FT1315-C3H9O6P","","[112][M]+","group190","corgroup37","",""
"FT1226",313.2738,999.1,NA,NA,"FT1219-C2H8O4NP","","","group165","corgroup134","+",""
"FT1183",313.2738,977.2,NA,NA,"FT1191-C2H8O4NP","","[113][M]+","group154","corgroup47","",""
"FT1154",314.2116,956.1,NA,NA,NA,"","[114][M]+","group146","corgroup191","",""
"FT1173",314.2116,971.1,NA,NA,NA,"","[115][M]+","group150","corgroup131","+",""
"FT1120",314.2118,938.8,NA,NA,NA,"","",NA,NA,"",""
"FT1167",314.2383,962.7,NA,NA,NA,"FT1168_MS2 match","[111][M+1]+","group149","corgroup150","+",""
"FT1312",314.2772,1041.6,NA,NA,NA,"","[112][M+1]+","group190","corgroup218","+",""
"FT1190",314.2772,977.2,NA,NA,NA,"","[113][M+1]+","group154","corgroup100","+",""
"FT1115",314.3856,938.6,NA,NA,NA,"","",NA,NA,"",""
"FT1176",314.4517,971.1,NA,NA,NA,"","",NA,"corgroup131","",""
"FT1119",314.6497,938.8,NA,NA,NA,"","",NA,"corgroup128","",""
"FT1170",314.6498,971.1,NA,NA,NA,"","",NA,NA,"",""
"FT1108",314.8366,938.5,NA,NA,NA,"","",NA,"corgroup128","",""
"FT1117",315.0435,938.6,NA,NA,NA,"","",NA,"corgroup128","",""
"FT1153",315.2148,956.1,NA,NA,NA,"","[114][M+1]+","group146","corgroup191","",""
"FT1116",315.215,938.6,NA,NA,NA,"","[116][M]+","group137","corgroup128","+",""
"FT1174",315.215,971.1,NA,NA,NA,"","[115][M+1]+","group150","corgroup131","+",""
"FT1109",315.4524,938.5,NA,NA,NA,"","","group138","corgroup128","+",""
"FT1110",315.6316,938.5,NA,NA,NA,"","",NA,"corgroup128","",""
"FT0457",316.0869,507.4,NA,NA,"FT0465-acetylcysteine","","[117][M]2+","group41","corgroup119","+",""
"FT0256",316.1614,85.2,NA,NA,"FT0259-Glutathione","","","group14","corgroup69","+",""
"FT1175",316.2181,971.1,NA,NA,NA,"","[115][M+2]+","group150","corgroup131","+",""
"FT1118",316.2181,938.8,NA,NA,NA,"","[116][M+1]+","group137","corgroup128","+",""
"FT0959",316.227,867.4,NA,NA,NA,"","",NA,NA,"",""
"FT1242",316.2271,1003.7,NA,NA,NA,"","",NA,NA,"",""
"FT1234",316.4685,1003.4,NA,NA,NA,"","",NA,"corgroup151","",""
"FT0437",316.5882,507.4,NA,NA,NA,"","[117][M+1]2+","group41","corgroup119","+",""
"FT1235",316.6668,1003.4,NA,NA,NA,"","",NA,"corgroup151","",""
"FT0438",317.0845,507.4,NA,NA,NA,"","[117][M+2]2+","group41","corgroup119","+",""
"FT0596",317.1019,559.4,NA,NA,"FT0585-C4H8O4","Precursor; FT0585_MS2 match; FT0588_MS2 match; FT0591_MS2 match","","group50","corgroup156","+",""
"FT1171",317.2207,971.1,NA,NA,NA,"","[115][M+3]+","group150","corgroup131","+",""
"FT1107",317.2207,938.5,NA,NA,NA,"","[116][M+2]+","group137","corgroup128","+",""
"FT1240",317.2308,1003.6,NA,NA,NA,"","[118][M]+","group171","corgroup151","+",""
"FT0568",318.0727,537.3,NA,NA,NA,"","","group48","corgroup164","",""
"FT1237",318.2338,1003.4,NA,NA,NA,"","[118][M+1]+","group171","corgroup151","+",""
"FT1283",319.2245,1016,NA,NA,NA,"","",NA,NA,"",""
"FT1142",319.2246,949.7,NA,NA,NA,"","[119][M]+","group143","corgroup145","+",""
"FT1239",319.2358,1003.4,NA,NA,NA,"","[118][M+2]+","group171","corgroup151","+",""
"FT1132",320.1984,940.3,NA,NA,NA,"","",NA,"corgroup153","",""
"FT1258",320.1984,1008.5,NA,NA,NA,"","",NA,"corgroup68","",""
"FT1143",320.2279,949.7,NA,NA,NA,"","[119][M+1]+","group143","corgroup145","+",""
"FT0783",321.1016,737.5,NA,NA,NA,"","",NA,"corgroup184","",""
"FT1209",321.24,993.2,NA,NA,NA,"","[120][M]+","group162","corgroup185","+",""
"FT1278",322.2141,1009.5,NA,NA,NA,"","",NA,NA,"",""
"FT1210",322.2435,993.4,NA,NA,NA,"","[120][M+1]+","group162",NA,"",""
"FT0240",324.0591,77,NA,NA,NA,"","",NA,"corgroup75","",""
"FT0458",324.0756,507.4,NA,NA,NA,"Precursor","[121][M]+","group38","corgroup119","+",""
"FT1307",324.2324,1034.8,NA,NA,NA,"","[122][M]+","group188","corgroup147","+",""
"FT0439",324.5773,507.4,NA,NA,NA,"","[121][M+1]2+","group38","corgroup119","+",""
"FT0249",325.0431,80.9,NA,NA,NA,"","",NA,NA,"",""
"FT0770",325.0675,703.4,NA,NA,NA,"","",NA,NA,"",""
"FT0440",325.0784,507.4,NA,NA,NA,"","[121][M+2]2+","group38","corgroup119","+",""
"FT0877",325.1524,753.1,NA,NA,NA,"Precursor; FT0877_MS2 match","[123][M]+","group86","corgroup127","+",""
"FT1308",325.2358,1034.8,NA,NA,NA,"","[122][M+1]+","group188","corgroup147","+",""
"FT1434",325.2715,1164.6,NA,NA,NA,"Precursor; FT1434_MS2 match","[124][M]+","group225","corgroup203","+",""
"FT1069",326.0969,916.1,NA,"[M+H+K]2+ 612.2319",NA,"","","group131","corgroup132","+",""
"FT0878",326.1555,753.1,NA,NA,NA,"FT0877_MS2 match","[123][M+1]+","group86","corgroup127","+",""
"FT0940",326.175,827.7,NA,NA,NA,"","[125][M]+","group101","corgroup188","+",""
"FT0958",326.175,863.3,NA,NA,NA,"","","group106",NA,"",""
"FT1166",326.2115,961.7,NA,NA,NA,"","",NA,NA,"",""
"FT1364",326.2478,1087.2,NA,NA,NA,"","",NA,"corgroup108","",""
"FT1305",326.248,1034.5,NA,NA,NA,"","[126][M]+","group187","corgroup147","+",""
"FT1394",326.248,1114.2,NA,NA,NA,"","[127][M]+","group214","corgroup121","+",""
"FT1433",326.2748,1164.6,NA,NA,NA,"FT1434_MS2 match","[124][M+1]+","group225","corgroup203","+",""
"FT1328",326.3782,1054.1,NA,NA,NA,"Precursor; FT1328_MS2 match","[128][M]+","group194","corgroup199","+",""
"FT0928",327.0081,807.6,NA,NA,NA,"","",NA,NA,"",""
"FT0464",327.0839,507.4,NA,"[2M+Na]+ 152.0473",NA,"Precursor","[129][M]+","group38","corgroup119","+",""
"FT0774",327.1104,706.2,NA,NA,NA,"","",NA,"corgroup163","",""
"FT0941",327.1783,827.7,NA,NA,NA,"","[125][M+1]+","group101","corgroup188","+",""
"FT1447",327.2271,1196.2,NA,NA,NA,"","[130][M]+","group229","corgroup192","+",""
"FT1393",327.2512,1114.2,NA,NA,NA,"","[127][M+1]+","group214","corgroup121","+",""
"FT1304",327.2514,1034.5,NA,NA,NA,"","[126][M+1]+","group187","corgroup147","+",""
"FT1329",327.3815,1054.1,NA,NA,NA,"FT1328_MS2 match","[128][M+1]+","group194","corgroup199","+",""
"FT0446",328.087,507.4,NA,NA,NA,"","[129][M+1]+","group38","corgroup119","+",""
"FT0889",328.1907,781,NA,NA,NA,"","[131][M]+","group89","corgroup208","+",""
"FT1199",328.2272,987.6,NA,NA,NA,"","[132][M]+","group158","corgroup160","+",""
"FT1448",328.2303,1196.2,NA,NA,NA,"","[130][M+1]+","group229","corgroup93","+",""
"FT1303",328.2545,1034.3,NA,NA,NA,"","[126][M+2]+","group187","corgroup147","+",""
"FT1396",328.2637,1115.5,NA,NA,NA,"","[133][M]+","group215","corgroup121","+",""
"FT0927",329.0051,807.5,NA,NA,NA,"","",NA,"corgroup11","",""
"FT0890",329.194,781,NA,NA,NA,"","[131][M+1]+","group89","corgroup208","+",""
"FT1200",329.2305,987.6,NA,NA,NA,"","[132][M+1]+","group158","corgroup160","+",""
"FT1397",329.267,1115.5,NA,NA,NA,"","[133][M+1]+","group215","corgroup121","+",""
"FT0891",330.1974,781,NA,NA,NA,"","[131][M+2]+","group89",NA,"",""
"FT0944",330.2063,840.9,NA,NA,NA,"","",NA,NA,"",""
"FT1198",330.2334,987.4,NA,NA,NA,"","[132][M+2]+","group158","corgroup160","+",""
"FT1395",330.2701,1115.5,NA,NA,NA,"","[133][M+2]+","group215","corgroup121","+",""
"FT0420",332.0619,507.4,NA,NA,"FT0459-OH","","","group38","corgroup119","+",""
"FT0279",332.0754,85.4,NA,NA,NA,"","",NA,"corgroup54","",""
"FT0706",332.1182,635.9,NA,NA,NA,"Precursor","","group65","corgroup155","+",""
"FT0997",332.2219,888.1,NA,NA,NA,"","","group116","corgroup94","+",""
"FT0304",332.5618,112.7,NA,NA,NA,"","",NA,"corgroup51","",""
"FT0280",332.5619,85.4,NA,NA,NA,"","[134][M]2+","group17","corgroup80","+",""
"FT0281",333.0634,85.4,NA,NA,NA,"","[134][M+1]2+","group17","corgroup80","+",""
"FT0349",334.1321,361.5,NA,NA,NA,"","[135][M]2+","group30","corgroup159","+",""
"FT0347",334.6337,361.5,NA,NA,NA,"","[135][M+1]2+","group30","corgroup159","+",""
"FT1196",335.1254,984.3,NA,NA,NA,"Precursor; FT1196_MS2 match","","group157","corgroup17","+",""
"FT1144",335.1983,949.7,NA,NA,NA,"","",NA,NA,"",""
"FT1112",336.1934,938.5,NA,NA,NA,"","[136][M]+","group139","corgroup128","+",""
"FT1178",336.1934,971.1,NA,NA,NA,"","",NA,"corgroup131","",""
"FT0994",337.075,880.9,NA,NA,NA,"","",NA,"corgroup143","",""
"FT1114",337.1967,938.5,NA,NA,NA,"","[136][M+1]+","group139","corgroup128","+",""
"FT0943",337.2349,834.3,NA,NA,NA,"","",NA,NA,"",""
"FT1241",338.2091,1003.6,NA,NA,NA,"","",NA,"corgroup151","",""
"FT1340",339.2892,1073,NA,NA,NA,"","",NA,"corgroup40","",""
"FT1386",339.2893,1106.8,NA,NA,"FT1381-C3H9O6P; FT1385-C3H7O5P","","","group209","corgroup27","+",""
"FT1288",339.2894,1021.4,NA,NA,"FT1289-C2H8O4NP","","","group184","corgroup66","+",""
"FT1230",339.2894,1000,NA,NA,"FT1229-C2H8O4NP","","","group168","corgroup130","+",""
"FT0704",340.1044,635.9,NA,NA,NA,"Precursor","","group65","corgroup155","+",""
"FT1233",340.2273,1000.9,NA,NA,NA,"","[137][M]+","group169","corgroup86","+",""
"FT1231",341.2305,1000.8,NA,NA,NA,"","[137][M+1]+","group169","corgroup151","",""
"FT1337",341.2662,1071.2,NA,NA,NA,"Precursor; FT1337_MS2 match","","group198","corgroup49","+",""
"FT1275",341.2683,1009.3,NA,NA,"FT1270-H2O","","","group179","corgroup64","+",""
"FT0798",342.0916,750.2,NA,NA,NA,"","",NA,NA,"",""
"FT0939",342.1698,826.6,NA,NA,NA,"","",NA,NA,"",""
"FT1232",342.2336,1000.8,NA,NA,NA,"","[137][M+2]+","group169","corgroup86","+",""
"FT1336",342.2428,1070.9,NA,NA,NA,"","[138][M]+","group197","corgroup40","+",""
"FT1068",342.2428,906.3,NA,NA,NA,"","",NA,NA,"",""
"FT1301",342.2429,1028.9,NA,NA,NA,"","[139][M]+","group186","corgroup175","+",""
"FT0441",343.049,507.4,NA,NA,NA,"FT0458_MS2 match; FT0461_MS2 match","","group38","corgroup119","+",""
"FT1335",343.2461,1070.9,NA,NA,NA,"","[138][M+1]+","group197","corgroup40","+",""
"FT1299",343.2463,1028.9,NA,NA,NA,"","[139][M+1]+","group186","corgroup175","+",""
"FT0346",344.1004,361.5,NA,NA,NA,"","",NA,NA,"",""
"FT0874",344.1856,751.8,NA,NA,NA,"","",NA,NA,"",""
"FT1298",344.2493,1028.7,NA,NA,NA,"","[139][M+2]+","group186","corgroup175","+",""
"FT1380",344.2585,1106.1,NA,NA,NA,"","[140][M]+","group208","corgroup27","+",""
"FT0695",345.1029,624.5,NA,NA,NA,"","",NA,"corgroup173","",""
"FT1157",345.1748,959.9,NA,NA,NA,"","",NA,"corgroup90","",""
"FT1379",345.2618,1106.1,NA,NA,NA,"","[140][M+1]+","group208","corgroup27","+",""
"FT1073",346.6101,916.1,NA,NA,NA,"","",NA,"corgroup132","",""
"FT0248",347.025,80.9,NA,NA,NA,"","",NA,NA,"",""
"FT0466",347.0708,507.4,NA,NA,NA,"FT0460_MS2 match","","group38","corgroup119","+",""
"FT0781",347.0808,737.5,NA,NA,NA,"","",NA,NA,"",""
"FT0273",348.0704,85.4,NA,NA,NA,"","[141][M]+","group16","corgroup72","+",""
"FT0386",348.0754,491.2,NA,NA,NA,"Precursor","[142][M]+","group37","corgroup125","+",""
"FT1306",348.2297,1034.5,NA,NA,NA,"","",NA,NA,"",""
"FT0387",348.5772,491.2,NA,NA,NA,"","[142][M+1]2+","group37","corgroup125","+",""
"FT0926",348.99,807.5,NA,NA,NA,"","",NA,"corgroup11","",""
"FT0459",349.0663,507.4,NA,NA,"FT0460-Anhydro-pentose","","","group38","corgroup119","+",""
"FT0274",349.0732,85.4,NA,NA,NA,"","[141][M+1]+","group16","corgroup72","+",""
"FT0402",349.078,491.4,NA,NA,NA,"","[142][M+2]2+","group37","corgroup138","",""
"FT0288",350.075,85.7,NA,NA,NA,"","[141][M+2]+","group16",NA,"",""
"FT0929",350.987,807.8,NA,NA,NA,"","",NA,NA,"",""
"FT1197",351.0992,984.3,NA,NA,NA,"","",NA,"corgroup17","",""
"FT1413",352.2635,1131.8,NA,NA,NA,"","",NA,"corgroup123","",""
"FT1415",354.2794,1133.1,NA,NA,NA,"","[143][M]+","group220","corgroup123","+",""
"FT1365",354.4096,1089,NA,NA,NA,"","",NA,NA,"",""
"FT1378",355.2818,1105.9,NA,NA,NA,"Precursor; FT1378_MS2 match","","group207",NA,"",""
"FT1416",355.2826,1133.1,NA,NA,NA,"","[143][M+1]+","group220","corgroup123","+",""
"FT1078",355.6154,916.1,NA,NA,NA,"","",NA,"corgroup132","",""
"FT1414",356.2856,1133.1,NA,NA,NA,"","[143][M+2]+","group220","corgroup123","+",""
"FT1102",358.2376,924.7,NA,NA,NA,"","",NA,"corgroup81","",""
"FT0447",359.0214,507.4,NA,NA,NA,"Precursor; FT0462_MS2 match","[144][M]+","group38","corgroup119","+",""
"FT1323",359.1905,1042.6,NA,NA,NA,"","",NA,NA,"",""
"FT1158",359.2792,959.9,NA,NA,NA,"","",NA,"corgroup61","",""
"FT1270",359.2793,1009.2,NA,NA,NA,"","[145][M]+","group179","corgroup82","",""
"FT0415",360.0245,507.3,NA,NA,NA,"","[144][M+1]+","group38","corgroup119","+",""
"FT0775",360.1494,712.3,NA,NA,NA,"Precursor; FT0775_MS2 match","","group75",NA,"",""
"FT1272",360.2827,1009.2,NA,NA,NA,"","[145][M+1]+","group179","corgroup64","+",""
"FT0176",362.9261,65.6,NA,NA,NA,"","","group5","corgroup117","+",""
"FT1302",364.2247,1028.9,NA,NA,NA,"","",NA,"corgroup175","",""
"FT0842",365.1223,750.6,NA,"[3M+H+K]2+ 230.0943",NA,"Precursor","[146][M]2+","group79","corgroup127","+",""
"FT0813",365.624,750.5,NA,NA,NA,"","[146][M+1]2+","group79","corgroup127","+",""
"FT0392",367.0488,491.3,NA,NA,"FT0403-H2O","FT0381_MS2 match; FT0382_MS2 match; FT0386_MS2 match; FT0388_MS2 match; FT0390_MS2 match; FT0398_MS2 match","","group37","corgroup125","+",""
"FT1254",367.2168,1007.1,NA,NA,NA,"","",NA,"corgroup101","",""
"FT0344",367.6405,355.7,NA,NA,NA,"","[147][M]2+","group29","corgroup170","+",""
"FT0345",368.1419,355.8,NA,NA,NA,"","[147][M+1]2+","group29","corgroup170","+",""
"FT1366",368.2584,1090.5,NA,NA,NA,"","",NA,"corgroup14","",""
"FT1442",369.1986,1187.1,NA,NA,NA,"","",NA,NA,"",""
"FT1422",369.2976,1152.7,NA,NA,NA,"Precursor; FT1422_MS2 match","","group222",NA,"",""
"FT1410",370.2741,1122.9,NA,NA,NA,"","[148][M]+","group219","corgroup118","+",""
"FT0451",371.0477,507.4,NA,NA,NA,"","",NA,NA,"",""
"FT1409",371.2773,1122.9,NA,NA,NA,"","[148][M+1]+","group219","corgroup118","+",""
"FT0302",372.5449,101.2,NA,NA,NA,"","",NA,NA,"",""
"FT0933",376.2593,811.8,NA,NA,NA,"Precursor; FT0933_MS2 match","","group99","corgroup50","+",""
"FT0184",378.9001,65.6,NA,NA,NA,"","",NA,"corgroup117","",""
"FT1423",379.2818,1154.7,NA,NA,NA,"","",NA,NA,"",""
"FT0566",382.6129,537.3,NA,NA,NA,"Precursor","","group48","corgroup164","",""
"FT0396",383.021,491.3,NA,NA,NA,"Precursor; FT0382_MS2 match","","group37","corgroup125","+",""
"FT1253",383.2117,1007.1,NA,NA,NA,"","",NA,"corgroup70","",""
"FT0403",385.0593,491.4,NA,NA,NA,"FT0381_MS2 match; FT0382_MS2 match; FT0386_MS2 match; FT0388_MS2 match; FT0390_MS2 match; FT0398_MS2 match","","group37","corgroup125","+",""
"FT0300",385.1285,86.3,NA,NA,NA,"","","group13","corgroup29","",""
"FT1318",387.3105,1042.6,NA,NA,"FT1311-HPO3; FT1315-H3PO4","","","group190","corgroup67","",""
"FT1369",387.3105,1093.3,NA,NA,NA,"","[149][M]+","group205","corgroup122","+",""
"FT0260",388.135,85.4,NA,NA,"FT0261-H2O","","","group15",NA,"",""
"FT1368",388.3139,1093.3,NA,NA,NA,"","[149][M+1]+","group205",NA,"",""
"FT0227",391.1823,71.9,NA,NA,NA,"","",NA,NA,"",""
"FT0931",391.2167,808.5,NA,NA,NA,"Precursor; FT0931_MS2 match","[150][M]+","group98","corgroup165","+",""
"FT0930",392.2202,808.5,NA,NA,NA,"FT0931_MS2 match","[150][M+1]+","group98","corgroup165","+",""
"FT0471",393.0924,511.2,NA,NA,NA,"","",NA,"corgroup149","",""
"FT0192",394.874,65.8,NA,NA,"FT0173-C3H9O6P","","","group3","corgroup106","+",""
"FT1452",395.2145,1196.5,NA,NA,NA,"","",NA,NA,"",""
"FT0934",398.2413,811.8,NA,NA,NA,"Precursor; FT0934_MS2 match","","group100","corgroup50","+",""
"FT1248",399.1891,1006.8,NA,NA,NA,"","[151][M]+","group174","corgroup68","+",""
"FT1249",400.1921,1006.8,NA,NA,NA,"","[151][M+1]+","group174","corgroup68","+",""
"FT0472",401.0813,511.5,NA,NA,NA,"Precursor","[152][M]2+","group42","corgroup149","+",""
"FT1250",401.1904,1006.8,NA,NA,NA,"","[151][M+2]+","group174","corgroup68","+",""
"FT0473",401.583,511.5,NA,NA,NA,"","[152][M+1]2+","group42","corgroup149","+",""
"FT0239",403.1933,76.5,NA,NA,NA,"","",NA,"corgroup89","",""
"FT0886",404.1969,769,NA,NA,NA,"","",NA,"corgroup167","",""
"FT0261",406.1456,85.4,NA,NA,"FT0263-Pyroglutamic acid","","[153][M]+","group15","corgroup72","+",""
"FT0262",407.1487,85.4,NA,NA,NA,"","[153][M+1]+","group15","corgroup54","+",""
"FT0519",408.0967,516.9,NA,NA,NA,"Precursor","[154][M]+","group43","corgroup146","+",""
"FT0526",408.5984,517,NA,NA,NA,"","[154][M+1]2+","group43","corgroup146","+",""
"FT0470",409.0675,511.1,NA,NA,NA,"","",NA,"corgroup149","",""
"FT0520",409.0982,516.9,NA,NA,NA,"","[154][M+2]2+","group43","corgroup146","+",""
"FT1205",411.0937,989.4,NA,NA,NA,"Precursor; FT1205_MS2 match","","group160","corgroup160","+",""
"FT0500",411.1048,516.6,NA,"[2M+Na]+ 194.0579",NA,"","[155][M]+","group43","corgroup146","+",""
"FT1206",412.0943,989.4,NA,NA,NA,"FT1205_MS2 match","","group160","corgroup160","+",""
"FT0514",412.1083,516.7,NA,NA,NA,"","[155][M+1]+","group43","corgroup146","+",""
"FT0990",412.1179,876.1,NA,NA,NA,"Precursor; FT0990_MS2 match","[156][M]+","group114","corgroup144","+",""
"FT0995",412.1419,882.6,NA,NA,NA,"","",NA,"corgroup162","",""
"FT1203",413.0917,989.4,NA,NA,NA,"FT1205_MS2 match","","group160","corgroup160","+",""
"FT0991",413.1213,876.2,NA,NA,NA,"FT0990_MS2 match","[156][M+1]+","group114","corgroup144","+",""
"FT0779",415.1838,737.3,NA,NA,NA,"","",NA,"corgroup28","",""
"FT1252",415.1838,1006.9,NA,NA,NA,"","",NA,"corgroup70","",""
"FT0584",419.1336,559.4,NA,"[M+H-H2O]+ 436.1369","FT0585-H2O","Precursor; FT0588_MS2 match; FT0591_MS2 match","[157][M]+","group50","corgroup156","+",""
"FT0597",420.1367,559.5,NA,NA,NA,"","[157][M+1]+","group50","corgroup156","+",""
"FT1244",421.1705,1006.6,NA,NA,NA,"","",NA,"corgroup68","",""
"FT0485",422.0866,514.6,NA,NA,NA,"Precursor","[158][M]2+","group42","corgroup146","",""
"FT0486",422.5882,514.6,NA,NA,NA,"","[158][M+1]2+","group42","corgroup146","",""
"FT1327",425.2146,1052.6,NA,NA,NA,"Precursor; FT1327_MS2 match","","group193","corgroup199","+",""
"FT0885",426.1787,768.9,NA,NA,NA,"Precursor; FT0885_MS2 match","","group88","corgroup167","+",""
"FT1001",426.2616,892.9,NA,NA,NA,"","",NA,"corgroup53","",""
"FT1204",427.0675,989.4,NA,NA,NA,"","",NA,"corgroup160","",""
"FT0521",427.07,516.9,NA,NA,"FT0527-CO+CO+H","Precursor; FT0503_MS2 match; FT0516_MS2 match; FT0519_MS2 match; FT0523_MS2 match; FT0528_MS2 match","","group43","corgroup146","+",""
"FT0234",427.0949,74.5,NA,NA,NA,"","",NA,"corgroup179","",""
"FT1437",427.3393,1185.5,NA,NA,NA,"","",NA,NA,"",""
"FT0388",430.0989,491.2,NA,NA,NA,"Precursor","[159][M]2+","group37","corgroup125","+",""
"FT0405",430.6008,491.4,NA,NA,NA,"","[159][M+1]2+","group37","corgroup125","+",""
"FT0177",430.9135,65.6,NA,NA,NA,"Precursor","","group6","corgroup106","+",""
"FT0667",431.1786,623.9,NA,"[3M+H+K]2+ 274.1317",NA,"Precursor","[160][M]2+","group57","corgroup133","+",""
"FT0625",431.6801,623.3,NA,NA,NA,"","[160][M+1]2+","group57","corgroup133","+",""
"FT1225",436.2823,999.1,NA,NA,"FT1219-H2O","","","group165","corgroup134","+",""
"FT0585",437.1443,559.4,"Phlorizin [M+H]+","[M+H]+ 436.1369","FT0588-Anhydrohexose","Precursor","[161][M]+","group50","corgroup156","+",""
"FT1245",437.1447,1006.6,"Phlorizin [M+H]+","[M+H]+ 436.1369",NA,"","","group172","corgroup68","+",""
"FT0586",438.1476,559.4,NA,NA,NA,"","[161][M+1]+","group50","corgroup156","+",""
"FT0587",439.1495,559.4,NA,NA,NA,"","[161][M+2]+","group50","corgroup156","+",""
"FT0530",443.0417,517.1,NA,NA,NA,"FT0503_MS2 match","","group43","corgroup146","+",""
"FT0409",443.1053,491.4,NA,NA,"FT0381-NO+NO+CO; FT0407-CO+CO","","[162][M]+","group37","corgroup138","",""
"FT0410",444.108,491.4,NA,NA,NA,"","[162][M+1]+","group37","corgroup138","",""
"FT0411",445.1029,491.4,NA,NA,NA,"","[162][M+2]+","group37",NA,"",""
"FT0784",446.1857,737.5,NA,NA,NA,"","[163][M]+","group76","corgroup84","+",""
"FT0183",446.8875,65.6,NA,NA,NA,"","","group7","corgroup117","+",""
"FT0785",447.1885,737.5,NA,NA,NA,"","[163][M+1]+","group76",NA,"",""
"FT0786",448.1859,737.5,NA,NA,NA,"","[163][M+2]+","group76","corgroup84","+",""
"FT1089",452.2774,919.1,NA,NA,NA,"","[164][M]+","group132","corgroup79","+",""
"FT1062",453.2806,902.1,NA,NA,NA,"","",NA,"corgroup109","",""
"FT1090",453.2806,919.1,NA,NA,NA,"","[164][M+1]+","group132","corgroup79","+",""
"FT1091",454.283,919.1,NA,NA,NA,"","[164][M+2]+","group132",NA,"",""
"FT1219",454.2929,998.9,NA,NA,NA,"","[165][M]+","group165","corgroup134","+",""
"FT1191",454.293,977.2,NA,NA,NA,"","[166][M]+","group154","corgroup8","+",""
"FT1216",455.2963,998.9,NA,NA,NA,"","[165][M+1]+","group165","corgroup134","+",""
"FT1184",455.2963,977.2,NA,NA,NA,"","[166][M+1]+","group154","corgroup100","+",""
"FT0572",456.1175,557.1,NA,"[2M+H+K]2+ 436.1369",NA,"","","group50","corgroup12","",""
"FT0611",456.1178,564.6,NA,NA,NA,"FT0604_MS2 match","[167][M]2+","group53","corgroup95","+",""
"FT1189",456.2987,977.2,NA,NA,NA,"","[166][M+2]+","group154","corgroup8","+",""
"FT1222",456.2987,999,NA,NA,NA,"","[165][M+2]+","group165","corgroup134","+",""
"FT0612",456.6194,564.6,NA,NA,NA,"","[167][M+1]2+","group53","corgroup95","+",""
"FT0364",457.1115,431.9,NA,NA,NA,"","",NA,NA,"",""
"FT0574",459.1262,558.7,"Phlorizin [M+Na]+","[M+Na]+ 436.1369",NA,"Precursor; FT0574_MS2 match","[168][M]+","group50","corgroup156","+",""
"FT0575",460.1296,558.7,NA,NA,NA,"","[168][M+1]+","group50",NA,"",""
"FT0191",462.8615,65.8,NA,NA,"FT0174-C3H9O6P","","","group4","corgroup117","+",""
"FT1453",463.2017,1196.5,NA,NA,NA,"","",NA,NA,"",""
"FT0287",464.1332,85.6,NA,NA,NA,"","",NA,"corgroup91","",""
"FT0476",465.1028,512.7,NA,NA,"FT0474-Anhydro-deoxyhexose","","","group42","corgroup149","+",""
"FT0790",465.1593,737.8,NA,NA,NA,"","",NA,"corgroup20","",""
"FT1311",467.2768,1041.6,NA,NA,"FT1315-H2O","","","group190","corgroup218","+",""
"FT0787",468.1676,737.5,NA,NA,NA,"","[169][M]+","group77","corgroup84","+",""
"FT0788",469.1705,737.5,NA,NA,NA,"","[169][M+1]+","group77","corgroup184","+",""
"FT1185",473.2662,977.2,NA,NA,NA,"","",NA,"corgroup5","",""
"FT1217",473.2664,998.9,NA,NA,NA,"","",NA,"corgroup57","",""
"FT1093",474.2592,919.5,NA,NA,NA,"","[170][M]+","group133","corgroup79","+",""
"FT1065",474.2593,902.3,NA,NA,NA,"","[171][M]+","group130","corgroup59","+",""
"FT1064",475.2623,902.3,NA,NA,NA,"","[171][M+1]+","group130","corgroup25","+",""
"FT1094",475.2624,919.5,NA,NA,NA,"","[170][M+1]+","group133","corgroup79","+",""
"FT1220",476.2749,998.9,NA,NA,NA,"","[172][M]+","group166","corgroup134","+",""
"FT1186",476.2749,977.2,NA,NA,NA,"","[173][M]+","group155","corgroup8","+",""
"FT0469",477.1049,511,NA,NA,NA,"","",NA,"corgroup149","",""
"FT1192",477.2781,977.2,NA,NA,NA,"","[173][M+1]+","group155","corgroup100","+",""
"FT1221",477.2781,998.9,NA,NA,NA,"","[172][M+1]+","group166","corgroup134","+",""
"FT0465",479.1186,507.4,NA,NA,NA,"","","group41","corgroup119","+",""
"FT0333",479.187,320.7,NA,NA,NA,"","[174][M]+","group25",NA,"",""
"FT0836",480.1694,750.5,NA,NA,NA,"","[175][M]2+","group80","corgroup127","+",""
"FT0335",480.1902,320.8,NA,NA,NA,"","[174][M+1]+","group25",NA,"",""
"FT1289",480.3087,1021.4,NA,NA,NA,"","[176][M]+","group184","corgroup85","",""
"FT1229",480.3087,1000,NA,NA,NA,"","","group168","corgroup134","+",""
"FT0802",480.6711,750.5,NA,NA,NA,"","[175][M+1]2+","group80","corgroup127","+",""
"FT0460",481.1077,507.4,NA,NA,NA,"Precursor; FT0460_MS2 match","[177][M]+","group38","corgroup119","+",""
"FT1290",481.312,1021.4,NA,NA,NA,"","[176][M+1]+","group184","corgroup66","+",""
"FT0448",482.1108,507.4,NA,NA,NA,"","[177][M+1]+","group38","corgroup119","+",""
"FT1291",482.3145,1021.4,NA,NA,NA,"","[176][M+2]+","group184","corgroup42","",""
"FT0443",483.1136,507.4,NA,NA,NA,"","[177][M+2]+","group38","corgroup119","+",""
"FT0809",483.1778,750.5,NA,"[2M+Na]+ 230.0943",NA,"Precursor","[178][M]+","group79","corgroup127","+",""
"FT0527",484.0686,517,NA,NA,NA,"","","group43","corgroup146","+",""
"FT0252",484.1161,83.6,NA,NA,"FT0275-Pyroglutamic acid","","","group12","corgroup69","+",""
"FT0810",484.1811,750.5,NA,NA,NA,"","[178][M+1]+","group79","corgroup127","+",""
"FT1360",485.1126,1083.4,NA,NA,NA,"","",NA,"corgroup174","",""
"FT0805",485.184,750.5,NA,NA,NA,"","[178][M+2]+","group79","corgroup127","+",""
"FT1315",485.2874,1041.9,NA,NA,NA,"","","group190",NA,"",""
"FT1344",485.2893,1076,NA,NA,NA,"","[179][M]+","group201","corgroup88","+",""
"FT1359",486.1133,1083.2,NA,NA,NA,"","",NA,"corgroup174","",""
"FT1345",486.2928,1076,NA,NA,NA,"","[179][M+1]+","group201","corgroup88","+",""
"FT1361",487.1109,1083.4,NA,NA,NA,"","",NA,"corgroup174","",""
"FT0791",490.1493,737.8,NA,NA,NA,"","",NA,NA,"",""
"FT1385",493.2924,1106.8,NA,NA,"FT1381-H2O","","","group209","corgroup27","+",""
"FT1388",493.2929,1113,NA,NA,"FT1392-H2O","","","group212","corgroup200","+",""
"FT0461",495.0962,507.4,NA,NA,NA,"Precursor","[180][M]+","group38","corgroup119","+",""
"FT0414",496.0992,507.3,NA,NA,NA,"","[180][M+1]+","group38","corgroup73","",""
"FT1066",496.2409,902.3,NA,NA,NA,"","",NA,"corgroup25","",""
"FT1095",496.2409,919.8,NA,NA,NA,"","",NA,"corgroup79","",""
"FT1187",498.2567,977.2,NA,NA,NA,"","",NA,"corgroup100","",""
"FT1215",498.2567,998.7,NA,NA,NA,"","",NA,"corgroup134","",""
"FT0178",498.901,65.6,NA,NA,NA,"","",NA,"corgroup106","",""
"FT0407",499.0963,491.4,NA,NA,"FT0393-H2O","FT0393_MS2 match; FT0395_MS2 match; FT0399_MS2 match","","group37","corgroup125","+",""
"FT0811",499.1428,750.5,NA,NA,NA,"FT0848_MS2 match; FT0858_MS2 match; FT0860_MS2 match","[181][M]+","group79","corgroup127","+",""
"FT1292",499.282,1021.4,NA,NA,NA,"","",NA,"corgroup66","",""
"FT0803",500.1462,750.5,NA,NA,NA,"FT0858_MS2 match; FT0860_MS2 match","[181][M+1]+","group79","corgroup31","",""
"FT0417",501.0661,507.4,NA,NA,NA,"","",NA,"corgroup119","",""
"FT1362",501.0863,1083.4,NA,NA,NA,"","",NA,"corgroup174","",""
"FT0334",501.1689,320.7,NA,NA,NA,"","",NA,NA,"",""
"FT1293",502.2906,1021.4,NA,NA,NA,"","[182][M]+","group185","corgroup85","+",""
"FT1297",503.2938,1021.5,NA,NA,NA,"","[182][M+1]+","group185","corgroup85","+",""
"FT0528",505.1256,517,NA,NA,NA,"Precursor","[183][M]+","group43","corgroup146","+",""
"FT0864",505.1599,750.7,NA,NA,NA,"Precursor","[184][M]+","group79","corgroup127","+",""
"FT1138",505.2536,941.8,NA,NA,NA,"","",NA,"corgroup153","",""
"FT0522",505.6274,516.9,NA,NA,NA,"","[183][M+1]2+","group43","corgroup146","+",""
"FT0524",506.1285,516.9,NA,NA,NA,"","[183][M+2]2+","group43","corgroup146","+",""
"FT0841",506.1631,750.6,NA,NA,NA,"","[184][M+1]+","group79","corgroup127","+",""
"FT1313",507.2694,1041.9,NA,NA,NA,"","[185][M]+","group191","corgroup58","+",""
"FT1347",507.2715,1076,NA,NA,NA,"Precursor; FT1347_MS2 match; FT1349_MS2 match","[186][M]+","group200","corgroup88","+",""
"FT1316",508.2727,1041.9,NA,NA,NA,"","[185][M+1]+","group191","corgroup37","+",""
"FT1348",508.275,1076,NA,NA,NA,"FT1347_MS2 match; FT1349_MS2 match","[186][M+1]+","group200","corgroup88","+",""
"FT1346",509.2776,1076,NA,NA,NA,"FT1347_MS2 match; FT1349_MS2 match","[186][M+2]+","group200","corgroup88","+",""
"FT0462",510.061,507.4,NA,NA,NA,"Precursor","","group38","corgroup119","+",""
"FT0449",511.0669,507.4,NA,NA,NA,"","[187][M]+","group39","corgroup119","+",""
"FT1381",511.303,1106.2,NA,NA,NA,"","","group209","corgroup27","+",""
"FT1392",511.3035,1113.8,NA,NA,NA,"","","group212","corgroup200","+",""
"FT0418",512.0702,507.4,NA,NA,NA,"","[187][M+1]+","group39","corgroup119","+",""
"FT0181",514.8749,65.6,NA,NA,NA,"","",NA,"corgroup106","",""
"FT0848",515.1152,750.6,NA,NA,NA,"Precursor; FT0848_MS2 match; FT0851_MS2 match","[188][M]+","group79","corgroup127","+",""
"FT0404",515.1185,491.4,NA,NA,"FT0394-H2S","","","group37","corgroup125","+",""
"FT0837",516.1183,750.5,NA,NA,NA,"FT0851_MS2 match","[188][M+1]+","group79","corgroup127","+",""
"FT0393",517.1076,491.3,NA,NA,NA,"Precursor; FT0395_MS2 match; FT0399_MS2 match","[189][M]+","group37","corgroup125","+",""
"FT0849",517.1174,750.6,NA,NA,NA,"FT0851_MS2 match","[188][M+2]+","group79","corgroup111","",""
"FT0389",518.1108,491.2,NA,NA,NA,"FT0399_MS2 match","[189][M+1]+","group37","corgroup125","+",""
"FT0913",519.3217,794.3,NA,NA,NA,"","[190][M]+","group95","corgroup92","+",""
"FT0910",520.3249,794.2,NA,NA,NA,"","[190][M+1]+","group95","corgroup92","+",""
"FT1355",523.2456,1076.3,NA,NA,NA,"Precursor; FT1351_MS2 match; FT1355_MS2 match","[191][M]+","group202","corgroup88","+",""
"FT1352",524.249,1076,NA,NA,NA,"FT1351_MS2 match; FT1355_MS2 match","[191][M+1]+","group202","corgroup88","+",""
"FT1294",524.2724,1021.4,NA,NA,NA,"","",NA,"corgroup85","",""
"FT1274",524.3107,1009.3,NA,NA,NA,"","",NA,NA,"",""
"FT0343",525.1825,344,NA,NA,NA,"","[192][M]+","group28",NA,"",""
"FT1353",525.2475,1076,NA,NA,NA,"","[191][M+2]+","group202","corgroup88","+",""
"FT0870",526.1804,750.8,NA,NA,"FT0797-C3H7","Precursor","","group79",NA,"",""
"FT0341",526.1856,343.9,NA,NA,NA,"","[192][M+1]+","group28",NA,"",""
"FT0868",527.1417,750.8,NA,NA,NA,"Precursor; FT0866_MS2 match","[193][M]+","group79","corgroup127","+",""
"FT1137",527.2355,941.7,NA,NA,NA,"","",NA,"corgroup102","",""
"FT1279",527.3193,1009.5,NA,NA,NA,"","[194][M]+","group180","corgroup96","+",""
"FT0871",528.145,750.8,NA,NA,NA,"","[193][M+1]+","group79","corgroup111","",""
"FT1280",528.3225,1009.5,NA,NA,NA,"","[194][M+1]+","group180","corgroup82","+",""
"FT1342",529.2509,1074.8,NA,NA,NA,"","",NA,NA,"",""
"FT1310",529.2512,1041.2,NA,NA,NA,"","[195][M]+","group189","corgroup22","+",""
"FT1356",529.2515,1080.1,NA,NA,NA,"","",NA,NA,"",""
"FT1325",529.2515,1046.7,NA,NA,NA,"","",NA,NA,"",""
"FT1273",529.3251,1009.2,NA,NA,NA,"","[194][M+2]+","group180","corgroup114","+",""
"FT1309",530.2545,1041.1,NA,NA,NA,"","[195][M+1]+","group189","corgroup22","+",""
"FT0188",530.8489,65.8,NA,NA,"FT0172-C3H9O6P","","","group2","corgroup106","+",""
"FT0381",531.096,491.1,NA,NA,"FT0394-H2O","Precursor","[196][M]+","group37","corgroup125","+",""
"FT0406",532.0993,491.4,NA,NA,NA,"","[196][M+1]+","group37","corgroup125","+",""
"FT1341",533.2849,1074,NA,NA,NA,"","",NA,"corgroup88","",""
"FT1382",533.2851,1106.2,NA,NA,NA,"","[197][M]+","group210","corgroup27","+",""
"FT1390",533.2855,1113.5,NA,NA,NA,"","[198][M]+","group213","corgroup200","+",""
"FT1384",534.2883,1106.3,NA,NA,NA,"","[197][M+1]+","group210","corgroup27","+",""
"FT1391",534.2887,1113.5,NA,NA,NA,"","[198][M+1]+","group213","corgroup200","+",""
"FT0311",535.1879,117,NA,NA,NA,"","",NA,NA,"",""
"FT0263",535.1879,85.4,NA,NA,NA,"","[199][M]+","group15","corgroup69","+",""
"FT0264",536.1912,85.4,NA,NA,NA,"","[199][M+1]+","group15","corgroup29","+",""
"FT0397",537.1132,491.4,NA,NA,NA,"","",NA,"corgroup125","",""
"FT1031",539.363,900,NA,NA,"FT1020-H2O","","[200][M]+","group120","corgroup158","",""
"FT1026",540.3662,900,NA,NA,NA,"","[200][M+1]+","group120",NA,"",""
"FT1045",541.3786,900.8,NA,NA,NA,"","[201][M]+","group126","corgroup59","+",""
"FT0282",542.0683,85.4,NA,NA,NA,"","",NA,"corgroup80","",""
"FT1046",542.3819,900.8,NA,NA,NA,"","[201][M+1]+","group126",NA,"",""
"FT1276",543.2869,1009.3,NA,NA,NA,"","",NA,"corgroup82","",""
"FT1053",543.3937,901.3,NA,NA,NA,"","[201][M+2]+","group126",NA,"",""
"FT1054",544.3974,901.3,NA,NA,NA,"","[201][M+3]+","group126",NA,"",""
"FT0398",546.0609,491.4,NA,NA,NA,"Precursor","","group37","corgroup125","+",""
"FT0382",547.0673,491.1,NA,NA,NA,"Precursor","[202][M]+","group37","corgroup125","+",""
"FT0799",547.2551,750.4,NA,NA,NA,"Precursor","[203][M]+","group79","corgroup127","+",""
"FT0680",547.2552,624.1,NA,NA,NA,"","[204][M]+","group61","corgroup133","+",""
"FT0379",548.0707,491.1,NA,NA,NA,"","[202][M+1]+","group37","corgroup125","+",""
"FT0801",548.2582,750.4,NA,NA,NA,"","[203][M+1]+","group79","corgroup127","+",""
"FT0675",548.2596,624,NA,NA,NA,"","[204][M+1]+","group61","corgroup133","+",""
"FT0394",549.1064,491.3,NA,NA,NA,"","","group37","corgroup125","+",""
"FT0668",549.2711,623.9,NA,"[2M+H]+ 274.1317",NA,"Precursor","[205][M]+","group57","corgroup133","+",""
"FT1282",549.301,1009.5,NA,NA,NA,"","[206][M]+","group181","corgroup70","+",""
"FT0636",549.5897,623.8,NA,NA,NA,"","",NA,"corgroup133","",""
"FT0634",549.849,623.7,NA,NA,NA,"","",NA,"corgroup133","",""
"FT0651",550.2744,623.9,NA,NA,NA,"","[205][M+1]+","group57","corgroup133","+",""
"FT1281",550.3045,1009.5,NA,NA,NA,"","[206][M+1]+","group181","corgroup64","+",""
"FT0652",551.2772,623.9,NA,NA,NA,"","[205][M+2]+","group57","corgroup133","+",""
"FT1088",551.7319,918.4,NA,NA,NA,"","",NA,"corgroup132","",""
"FT0653",552.2796,623.9,NA,NA,NA,"","[205][M+3]+","group57","corgroup133","+",""
"FT0357",553.1772,388.7,NA,NA,NA,"","",NA,NA,"",""
"FT1330",553.3349,1057.2,NA,NA,NA,"","[207][M]+","group195",NA,"",""
"FT1331",554.3383,1057.2,NA,NA,NA,"","[207][M+1]+","group195","corgroup99","+",""
"FT1383",555.2668,1106.3,NA,NA,NA,"","",NA,"corgroup27","",""
"FT1389",555.2675,1113,NA,NA,NA,"","",NA,"corgroup200","",""
"FT1334",555.3408,1057.2,NA,NA,NA,"","[207][M+2]+","group195","corgroup99","+",""
"FT1370",555.3506,1093.3,NA,NA,NA,"","[208][M]+","group206","corgroup122","+",""
"FT1371",556.3539,1093.3,NA,NA,NA,"","[208][M+1]+","group206","corgroup122","+",""
"FT1372",557.3564,1093.3,NA,NA,NA,"","[208][M+2]+","group206","corgroup122","+",""
"FT1020",557.3738,900,NA,NA,"FT1016-H2O","","[209][M]+","group120","corgroup112","+",""
"FT1021",558.377,900,NA,NA,NA,"","[209][M+1]+","group120","corgroup112","+",""
"FT1428",559.1314,1163.9,NA,NA,NA,"Precursor; FT1428_MS2 match","","group224","corgroup205","+",""
"FT1043",559.3889,900.8,NA,NA,NA,"","[209][M+2]+","group120","corgroup112","+",""
"FT1429",560.1321,1163.9,NA,NA,NA,"FT1428_MS2 match","","group224","corgroup205","+",""
"FT1044",560.3925,900.8,NA,NA,NA,"","[209][M+3]+","group120","corgroup112","+",""
"FT1431",561.1298,1163.9,NA,NA,NA,"FT1428_MS2 match","","group224","corgroup205","+",""
"FT0881",561.2705,761,NA,NA,NA,"","",NA,NA,"",""
"FT1027",561.3455,900,NA,NA,"FT1008-H2O","","[210][M]+","group119","corgroup59","",""
"FT1430",562.1298,1163.9,NA,NA,NA,"FT1428_MS2 match","","group224","corgroup205","+",""
"FT1019",562.348,899.8,NA,NA,NA,"","[210][M+1]+","group119","corgroup109","",""
"FT0643",563.2501,623.8,NA,NA,NA,"","",NA,"corgroup133","",""
"FT1047",563.3605,901,NA,NA,NA,"","[211][M]+","group127","corgroup59","+",""
"FT1048",564.3638,901,NA,NA,NA,"","[211][M+1]+","group127","corgroup59","+",""
"FT1058",565.3754,901.8,NA,NA,NA,"","[211][M+2]+","group127","corgroup59","+",""
"FT0173",566.8885,65.3,NA,NA,NA,"","","group3","corgroup106","+",""
"FT0678",568.2443,624.1,NA,NA,NA,"","[212][M]2+","group62","corgroup133","+",""
"FT0689",568.7459,624.2,NA,NA,NA,"","[212][M+1]2+","group62","corgroup133","+",""
"FT0797",569.237,750.2,NA,NA,NA,"","","group79","corgroup127","+",""
"FT1100",570.2332,923,NA,NA,NA,"","[213][M]+","group134","corgroup197","+",""
"FT1101",571.2365,923.1,NA,NA,NA,"","[213][M+1]+","group134","corgroup197","+",""
"FT0681",571.253,624.1,NA,"[2M+Na]+ 274.1317",NA,"Precursor","[214][M]+","group57","corgroup133","+",""
"FT0977",571.3532,870,NA,NA,NA,"","[215][M]+","group109","corgroup135","+",""
"FT0654",572.2561,623.9,NA,NA,NA,"","[214][M+1]+","group57","corgroup133","+",""
"FT0966",572.3564,870,NA,NA,NA,"","[215][M+1]+","group109","corgroup135","+",""
"FT0630",573.2581,623.6,NA,NA,NA,"","[214][M+2]+","group57","corgroup133","+",""
"FT0967",573.3594,870,NA,NA,NA,"","[215][M+2]+","group109","corgroup135","+",""
"FT0637",574.2326,623.8,NA,NA,NA,"","",NA,"corgroup133","",""
"FT1432",575.1052,1163.9,NA,NA,NA,"","",NA,"corgroup205","",""
"FT1332",575.3166,1057.2,NA,NA,NA,"","[216][M]+","group196","corgroup99","+",""
"FT1016",575.3845,899.8,NA,NA,NA,"","[217][M]+","group120","corgroup112","+",""
"FT1427",576.1057,1163.6,NA,NA,NA,"","",NA,"corgroup205","",""
"FT1333",576.3201,1057.2,NA,NA,NA,"","[216][M+1]+","group196","corgroup99","+",""
"FT1017",576.3876,899.8,NA,NA,NA,"","[217][M+1]+","group120","corgroup112","+",""
"FT1373",577.3323,1093.3,NA,NA,NA,"","[218][M]+","group204","corgroup122","+",""
"FT1010",577.3904,899.8,NA,NA,NA,"","[217][M+2]+","group120","corgroup112","+",""
"FT1367",578.3357,1093.3,NA,NA,NA,"","[218][M+1]+","group204","corgroup14","+",""
"FT1008",579.3553,899.8,NA,NA,"FT1006-H2O","","","group119","corgroup112","+",""
"FT1417",581.3655,1135.9,NA,NA,NA,"","",NA,NA,"",""
"FT0179",582.8623,65.6,NA,NA,NA,"","",NA,"corgroup117","",""
"FT1435",583.3816,1170.8,NA,NA,NA,"","[219][M]+","group226",NA,"",""
"FT1436",584.3845,1170.8,NA,NA,NA,"","[219][M+1]+","group226",NA,"",""
"FT0683",587.2228,624.1,NA,"[2M+K]+ 274.1317",NA,"Precursor; FT0667_MS2 match; FT0673_MS2 match; FT0686_MS2 match","[220][M]+","group57","corgroup133","+",""
"FT0623",588.2256,623.2,NA,NA,NA,"FT0667_MS2 match; FT0673_MS2 match; FT0681_MS2 match; FT0686_MS2 match","[220][M+1]+","group57","corgroup173","",""
"FT0917",591.1259,794.3,NA,"[2M+Na]+ 284.0685",NA,"Precursor","[221][M]+","group97","corgroup152","+",""
"FT0920",592.1294,794.6,NA,NA,NA,"","[221][M+1]+","group97","corgroup152","+",""
"FT0921",593.1026,794.6,NA,NA,NA,"FT0917_MS2 match","","group97","corgroup152","+",""
"FT0697",593.2346,627.7,NA,NA,NA,"","",NA,NA,"",""
"FT0989",593.3347,870.2,NA,NA,NA,"","",NA,"corgroup135","",""
"FT1133",595.4256,940.3,NA,NA,NA,"","",NA,"corgroup102","",""
"FT1006",597.3659,899.8,NA,NA,NA,"","","group119","corgroup112","+",""
"FT1260",597.441,1008.9,NA,NA,NA,"","",NA,"corgroup34","",""
"FT0338",597.678,330.5,NA,NA,NA,"","[222][M]2+","group26","corgroup216","+",""
"FT0336",598.1795,330.4,NA,NA,NA,"","[222][M+1]2+","group26","corgroup216","+",""
"FT0189",598.8364,65.8,NA,NA,NA,"","",NA,"corgroup106","",""
"FT0588",599.197,559.4,NA,NA,"FT0598-Anhydrohexose","Precursor","[223][M]+","group50","corgroup156","+",""
"FT1268",599.4563,1009.2,NA,NA,NA,"","",NA,NA,"",""
"FT0589",600.2002,559.4,NA,NA,NA,"","[223][M+1]+","group50","corgroup156","+",""
"FT0590",601.2025,559.4,NA,NA,NA,"","[223][M+2]+","group50","corgroup156","+",""
"FT0624",603.1896,623.3,NA,NA,NA,"FT0631_MS2 match","","group57","corgroup65","",""
"FT0515",605.1503,516.7,NA,NA,"FT0529-H2S","","","group46","corgroup146","+",""
"FT0501",607.1395,516.6,NA,NA,NA,"Precursor","[224][M]+","group43","corgroup146","+",""
"FT0237",608.0884,75.5,NA,NA,NA,"","",NA,"corgroup39","",""
"FT0502",608.1426,516.6,NA,NA,NA,"","[224][M+1]+","group43","corgroup146","+",""
"FT0337",608.6681,330.5,NA,NA,NA,"","",NA,NA,"",""
"FT1445",609.4825,1196.2,NA,NA,NA,"","",NA,"corgroup93","",""
"FT0474",611.1611,512.5,"Rutin [M+H]+","[M+H]+ 610.1534",NA,"Precursor","[225][M]+","group42","corgroup149","+",""
"FT1123",611.4206,939.5,NA,NA,NA,"","[226][M]+","group141","corgroup128","+",""
"FT0475",612.1642,512.6,NA,NA,NA,"","[225][M+1]+","group42","corgroup149","+",""
"FT1124",612.4239,939.5,NA,NA,NA,"","[226][M+1]+","group141","corgroup128","+",""
"FT0275",613.1591,85.4,NA,NA,NA,"","","group12","corgroup72","+",""
"FT0479",613.1664,512.9,NA,NA,NA,"","[225][M+2]+","group42","corgroup149","+",""
"FT1082",613.2393,916.1,"Novobiocin [M+H]+","[M+H]+ 612.2319",NA,"Precursor; FT1081_MS2 match","[227][M]+","group131","corgroup132","+",""
"FT1080",614.2425,916.1,NA,NA,NA,"FT1081_MS2 match","[227][M+1]+","group131","corgroup132","+",""
"FT1083",615.245,916.1,NA,NA,NA,"","[227][M+2]+","group131","corgroup132","+",""
"FT1140",615.4593,949.7,NA,NA,NA,"","",NA,NA,"",""
"FT1134",617.4076,940.3,NA,NA,NA,"","",NA,"corgroup102","",""
"FT1259",619.4227,1008.8,NA,NA,NA,"","",NA,"corgroup34","",""
"FT0525",621.1278,516.9,NA,NA,"FT0529-H2O","","[228][M]+","group46","corgroup146","+",""
"FT0531",622.1309,517.1,NA,NA,NA,"","[228][M+1]+","group46","corgroup146","+",""
"FT0259",623.245,85.4,NA,NA,NA,"","","group14",NA,"",""
"FT0511",627.1447,516.7,NA,NA,NA,"","",NA,NA,"",""
"FT1177",627.4153,971.1,NA,NA,NA,"","[229][M]+","group151","corgroup131","+",""
"FT1106",627.4158,938.5,NA,NA,NA,"","[230][M]+","group136","corgroup128","+",""
"FT1172",628.4186,971.1,NA,NA,NA,"","[229][M+1]+","group151","corgroup131","+",""
"FT1105",628.419,938.5,NA,NA,NA,"","[230][M+1]+","group136","corgroup128","+",""
"FT1111",629.422,938.5,NA,NA,NA,"","[230][M+2]+","group136","corgroup128","+",""
"FT0481",630.1342,513,NA,"[2M+H+K]2+ 610.1534",NA,"","[231][M]2+","group42","corgroup149","+",""
"FT0480",630.6361,512.9,NA,NA,NA,"","[231][M+1]2+","group42","corgroup149","+",""
"FT1238",631.4468,1003.4,NA,NA,NA,"","[232][M]+","group170","corgroup151","+",""
"FT1446",631.4643,1196.2,NA,NA,NA,"","",NA,"corgroup192","",""
"FT1086",632.2131,916.3,NA,"[2M+H+K]2+ 612.2319",NA,"","","group131","corgroup132","+",""
"FT1236",632.45,1003.4,NA,NA,NA,"","[232][M+1]+","group170","corgroup151","+",""
"FT0482",633.1427,513.4,"Rutin [M+Na]+","[M+Na]+ 610.1534",NA,"Precursor; FT0477_MS2 match; FT0482_MS2 match","[233][M]+","group42","corgroup149","+",""
"FT1126",633.4022,939.8,NA,NA,NA,"","",NA,"corgroup128","",""
"FT0483",634.1459,513.4,NA,NA,NA,"FT0477_MS2 match; FT0482_MS2 match","[233][M+1]+","group42","corgroup149","+",""
"FT0174",634.8758,65.3,NA,NA,NA,"","","group4","corgroup106","+",""
"FT1074",635.2212,916.1,"Novobiocin [M+Na]+","[M+Na]+ 612.2319",NA,"Precursor; FT1070_MS2 match; FT1074_MS2 match","[234][M]+","group131","corgroup132","+",""
"FT0523",636.0929,516.9,NA,NA,NA,"Precursor","","group43","corgroup146","+",""
"FT1075",636.2243,916.1,NA,NA,NA,"FT1070_MS2 match","[234][M+1]+","group131","corgroup132","+",""
"FT0503",637.0993,516.6,NA,NA,NA,"Precursor","[235][M]+","group43","corgroup146","+",""
"FT1076",637.2269,916.1,NA,NA,NA,"FT1070_MS2 match","[234][M+2]+","group131","corgroup132","+",""
"FT0504",638.1028,516.6,NA,NA,NA,"","[235][M+1]+","group43","corgroup146","+",""
"FT0529",639.138,517.1,NA,NA,NA,"","","group46",NA,"",""
"FT1079",641.2172,916.1,NA,NA,NA,"","",NA,"corgroup132","",""
"FT1374",645.3198,1093.3,NA,NA,NA,"","",NA,NA,"",""
"FT1113",649.3974,938.5,NA,NA,NA,"","",NA,"corgroup128","",""
"FT0182",650.8498,65.6,NA,NA,NA,"","",NA,"corgroup106","",""
"FT1156",651.3949,959.9,NA,NA,NA,"","",NA,NA,"",""
"FT1097",656.2449,921.7,NA,NA,NA,"","",NA,"corgroup197","",""
"FT0276",663.2242,85.4,NA,NA,NA,"","",NA,"corgroup91","",""
"FT0283",664.1161,85.4,NA,NA,"FT0285-CH2OH","","[236][M]+","group18","corgroup69","+",""
"FT0305",664.1162,112.7,NA,NA,NA,"","",NA,NA,"",""
"FT0284",665.1193,85.4,NA,NA,NA,"","[236][M+1]+","group18","corgroup69","+",""
"FT0186",666.8237,65.6,NA,NA,NA,"","",NA,"corgroup106","",""
"FT0348",667.2566,361.5,NA,NA,NA,"","",NA,"corgroup159","",""
"FT1159",673.377,959.9,NA,NA,NA,"","[237][M]+","group147","corgroup61","+",""
"FT0604",674.1862,563.9,NA,NA,NA,"Precursor","[238][M]2+","group53",NA,"",""
"FT1161",674.3803,959.9,NA,NA,NA,"","[237][M+1]+","group147","corgroup61","+",""
"FT0606",674.6876,564,NA,NA,NA,"","[238][M+1]2+","group53","corgroup95","+",""
"FT0571",674.6877,556.9,NA,NA,NA,"","",NA,NA,"",""
"FT1162",675.3828,959.9,NA,NA,NA,"","[237][M+2]+","group147","corgroup61","+",""
"FT1098",678.2267,921.9,NA,NA,NA,"","",NA,"corgroup197","",""
"FT0395",679.1658,491.3,NA,NA,NA,"Precursor","[239][M]+","group37","corgroup125","+",""
"FT1411",679.4182,1128.2,NA,NA,NA,"","",NA,NA,"",""
"FT1319",679.4261,1042.6,NA,NA,NA,"","",NA,"corgroup22","",""
"FT0401",680.1685,491.4,NA,NA,NA,"","[239][M+1]+","group37","corgroup125","+",""
"FT0399",681.1559,491.4,NA,NA,NA,"Precursor","[240][M]+","group37","corgroup125","+",""
"FT0400",682.1591,491.4,NA,NA,NA,"","[240][M+1]+","group37","corgroup125","+",""
"FT1300",683.4779,1028.9,NA,NA,NA,"","",NA,"corgroup175","",""
"FT0285",695.1331,85.4,NA,NA,NA,"","","group18","corgroup72","",""
"FT0390",695.1433,491.2,NA,NA,NA,"Precursor","[241][M]+","group37","corgroup125","+",""
"FT1160",695.3589,959.9,NA,NA,NA,"","",NA,"corgroup61","",""
"FT0383",696.1467,491.1,NA,NA,NA,"","[241][M+1]+","group37","corgroup125","+",""
"FT1247",699.3926,1006.7,NA,NA,NA,"","[242][M]+","group173","corgroup70","+",""
"FT1246",700.3959,1006.7,NA,NA,NA,"","[242][M+1]+","group173","corgroup70","+",""
"FT1320",701.4084,1042.6,NA,NA,NA,"","[243][M]+","group192","corgroup67","+",""
"FT1321",702.4116,1042.6,NA,NA,NA,"","[243][M+1]+","group192","corgroup67","+",""
"FT0172",702.8631,65.3,NA,NA,NA,"","","group2","corgroup106","+",""
"FT1322",703.4141,1042.6,NA,NA,NA,"","[243][M+2]+","group192",NA,"",""
"FT0576",711.228,559.4,NA,NA,"FT0591-Anhydrohexose","","","group50","corgroup156","+",""
"FT0854",713.2595,750.7,NA,NA,NA,"Precursor","[244][M]+","group79","corgroup127","+",""
"FT1375",713.3066,1093.3,NA,NA,NA,"","",NA,NA,"",""
"FT0869",714.2624,750.8,NA,NA,NA,"","[244][M+1]+","group79","corgroup127","+",""
"FT0830",715.2496,750.5,NA,NA,NA,"Precursor; FT0825_MS2 match","[245][M]+","group79","corgroup127","+",""
"FT0865",716.2525,750.7,NA,NA,NA,"FT0825_MS2 match","[245][M+1]+","group79","corgroup127","+",""
"FT0180",718.837,65.6,NA,NA,NA,"","",NA,"corgroup106","",""
"FT0286",721.2996,85.4,NA,NA,NA,"","",NA,"corgroup91","",""
"FT1317",723.39,1042.4,NA,NA,NA,"","",NA,"corgroup58","",""
"FT1363",727.4238,1085.4,NA,NA,NA,"","",NA,"corgroup108","",""
"FT0858",729.2373,750.7,NA,NA,NA,"Precursor","[246][M]+","group79","corgroup127","+",""
"FT1407",729.4395,1121.6,NA,NA,NA,"","[247][M]+","group218","corgroup118","+",""
"FT0838",730.2405,750.5,NA,NA,NA,"Precursor","[246][M+1]+","group79","corgroup127","+",""
"FT1408",730.4429,1121.6,NA,NA,NA,"","[247][M+1]+","group218","corgroup118","+",""
"FT0844",731.2431,750.6,NA,NA,NA,"","[246][M+2]+","group79","corgroup127","+",""
"FT0175",734.8108,65.6,NA,NA,NA,"","",NA,NA,"",""
"FT0859",735.2544,750.7,NA,NA,NA,"","[248][M]+","group83","corgroup127","+",""
"FT0850",736.2573,750.6,NA,NA,NA,"","[248][M+1]+","group83","corgroup31","+",""
"FT0872",744.2028,750.8,NA,NA,NA,"","",NA,"corgroup127","",""
"FT0851",745.209,750.6,NA,NA,NA,"Precursor","[249][M]+","group79","corgroup127","+",""
"FT0852",746.2124,750.6,NA,NA,NA,"","[249][M+1]+","group79","corgroup127","+",""
"FT0831",747.2135,750.5,NA,NA,NA,"","[249][M+2]+","group79","corgroup127","+",""
"FT1406",751.4307,1121.6,NA,NA,NA,"","",NA,NA,"",""
"FT0862",757.2356,750.7,NA,NA,NA,"","[250][M]+","group84","corgroup111","+",""
"FT0857",758.2386,750.7,NA,NA,NA,"","[250][M+1]+","group84","corgroup31","+",""
"FT0598",761.2497,559.5,NA,NA,NA,"","","group50","corgroup156","+",""
"FT0866",779.2179,750.7,NA,NA,NA,"Precursor","[251][M]+","group79","corgroup111","",""
"FT0855",780.2211,750.7,NA,NA,NA,"","[251][M+1]+","group79","corgroup111","",""
"FT0512",799.2083,516.7,NA,NA,NA,"","[252][M]+","group44","corgroup146","+",""
"FT0505",800.2108,516.6,NA,NA,NA,"","[252][M+1]+","group44","corgroup146","+",""
"FT0506",801.1985,516.6,NA,NA,NA,"","[253][M]+","group45","corgroup146","+",""
"FT0507",802.2015,516.6,NA,NA,NA,"","[253][M+1]+","group45","corgroup146","+",""
"FT0516",815.1859,516.8,NA,NA,NA,"Precursor","[254][M]+","group43","corgroup146","+",""
"FT0517",816.189,516.8,NA,NA,NA,"","[254][M+1]+","group43","corgroup146","+",""
"FT1243",819.3517,1006.5,NA,NA,NA,"","",NA,"corgroup68","",""
"FT0676",821.387,624.1,NA,NA,NA,"","[255][M]+","group60","corgroup133","+",""
"FT0674",822.3905,624,NA,NA,NA,"","[255][M+1]+","group60","corgroup133","+",""
"FT0484",829.1769,513.7,NA,NA,NA,"","",NA,NA,"",""
"FT0518",830.1505,516.8,NA,NA,NA,"Precursor","","group43","corgroup146","+",""
"FT1011",844.5622,899.8,NA,NA,"FT1012-H2O","","","group121","corgroup112","+",""
"FT0684",845.3793,624.1,NA,NA,NA,"","[256][M]+","group63","corgroup133","+",""
"FT0685",846.3819,624.1,NA,NA,NA,"","[256][M+1]+","group63","corgroup133","+",""
"FT1039",846.5765,900.3,NA,NA,NA,"","",NA,"corgroup112","",""
"FT0628",847.3624,623.5,NA,NA,NA,"","[257][M]+","group58","corgroup133","+",""
"FT0627",848.3648,623.4,NA,NA,NA,"","[257][M+1]+","group58","corgroup133","+",""
"FT0968",856.5259,870,NA,NA,NA,"","[258][M]+","group110","corgroup135","+",""
"FT0973",857.5293,870,NA,NA,NA,"","[258][M+1]+","group110","corgroup135","+",""
"FT1251",859.2918,1006.8,NA,NA,NA,"","",NA,"corgroup68","",""
"FT0673",861.35,624,NA,NA,NA,"Precursor","[259][M]+","group57","corgroup133","+",""
"FT0629",862.353,623.5,NA,NA,NA,"Precursor","[259][M+1]+","group57","corgroup133","+",""
"FT1012",862.5728,899.8,NA,NA,NA,"","","group121","corgroup112","+",""
"FT0682",863.3551,624.1,NA,NA,NA,"","[259][M+2]+","group57","corgroup133","+",""
"FT0621",867.3658,621.3,NA,NA,NA,"","",NA,NA,"",""
"FT0696",867.3662,626.9,NA,NA,NA,"","",NA,NA,"",""
"FT0591",873.2808,559.4,NA,"[2M+H]+ 436.1369","FT0599-Anhydrohexose","Precursor","[260][M]+","group50","corgroup156","+",""
"FT0592",874.2842,559.4,NA,NA,NA,"","[260][M+1]+","group50","corgroup156","+",""
"FT0578",875.2872,559.4,NA,NA,NA,"","[260][M+2]+","group50","corgroup156","+",""
"FT0632",876.3152,623.7,NA,NA,NA,"","",NA,"corgroup65","",""
"FT0631",877.3216,623.6,NA,NA,NA,"Precursor","[261][M]+","group57","corgroup133","+",""
"FT0638",878.3247,623.8,NA,NA,NA,"","[261][M+1]+","group57","corgroup133","+",""
"FT0641",879.3253,623.8,NA,NA,NA,"","[261][M+2]+","group57","corgroup133","+",""
"FT0602",892.2545,563.5,NA,NA,NA,"","[262][M]2+","group52",NA,"",""
"FT0573",892.2546,557.1,NA,NA,NA,"","",NA,"corgroup12","",""
"FT0603",892.7562,563.5,NA,NA,NA,"","[262][M+1]2+","group52",NA,"",""
"FT0601",895.2621,562,NA,NA,NA,"","[263][M]+","group51",NA,"",""
"FT0600",896.2655,560.4,NA,NA,NA,"","[263][M+1]+","group51",NA,"",""
"FT1188",907.5782,977.2,NA,NA,NA,"","[264][M]+","group153","corgroup47","+",""
"FT1227",907.5784,999.1,NA,NA,NA,"","[265][M]+","group167","corgroup130","+",""
"FT1181",908.5811,977.2,NA,NA,NA,"","[264][M+1]+","group153",NA,"",""
"FT1224",908.5814,999.1,NA,NA,NA,"","[265][M+1]+","group167","corgroup86","+",""
"FT0780",913.3453,737.5,NA,NA,NA,"","",NA,"corgroup20","",""
"FT1218",929.5598,998.9,NA,NA,NA,"","",NA,"corgroup130","",""
"FT1193",929.5598,977.2,NA,NA,NA,"","",NA,"corgroup47","",""
"FT1228",933.5939,999.6,NA,NA,NA,"","",NA,"corgroup86","",""
"FT0853",943.3538,750.6,NA,NA,NA,"","[266][M]+","group81","corgroup127","+",""
"FT0839",944.3567,750.5,NA,NA,NA,"","[266][M+1]+","group81","corgroup127","+",""
"FT0825",945.3442,750.5,NA,NA,NA,"Precursor","[267][M]+","group79","corgroup127","+",""
"FT0840",946.347,750.5,NA,NA,NA,"","[267][M+1]+","group79","corgroup127","+",""
"FT0812",947.3495,750.5,NA,NA,NA,"","[267][M+2]+","group79","corgroup127","+",""
"FT0860",959.3317,750.7,NA,NA,NA,"Precursor","[268][M]+","group79","corgroup127","+",""
"FT1284",959.6096,1021.4,NA,NA,NA,"","[269][M]+","group182","corgroup66","+",""
"FT0826",960.3349,750.5,NA,NA,NA,"","[268][M+1]+","group79","corgroup127","+",""
"FT1285",960.613,1021.4,NA,NA,NA,"","[269][M+1]+","group182","corgroup66","+",""
"FT0827",961.3378,750.5,NA,NA,NA,"","[268][M+2]+","group79","corgroup127","+",""
"FT0845",965.3481,750.6,NA,NA,NA,"","",NA,"corgroup127","",""
"FT0861",974.2959,750.7,NA,NA,NA,"","[270][M]+","group82","corgroup127","+",""
"FT0846",975.2992,750.6,NA,NA,NA,"","[270][M+1]+","group82","corgroup127","+",""
"FT1286",981.5914,1021.4,NA,NA,NA,"","[271][M]+","group183","corgroup66","+",""
"FT1296",982.5944,1021.4,NA,NA,NA,"","[271][M+1]+","group183","corgroup42","+",""
"FT1349",991.5542,1076,NA,NA,NA,"Precursor","[272][M]+","group200","corgroup88","+",""
"FT1350",992.5576,1076,NA,NA,NA,"","[272][M+1]+","group200","corgroup88","+",""
"FT1343",993.5603,1076,NA,NA,NA,"","[272][M+2]+","group200","corgroup88","+",""
"FT1295",1003.573,1021.4,NA,NA,NA,"","",NA,NA,"",""
"FT1351",1007.528,1076,NA,NA,NA,"Precursor","[273][M]+","group202","corgroup88","+",""
"FT1354",1008.5315,1076,NA,NA,NA,"","[273][M+1]+","group202","corgroup88","+",""
"FT1271",1031.6488,1009.2,NA,NA,NA,"","[274][M]+","group178","corgroup96","+",""
"FT1269",1032.652,1009.2,NA,NA,NA,"","[274][M+1]+","group178",NA,"",""
"FT0599",1035.3332,559.7,NA,NA,NA,"","","group50","corgroup156","+",""
"FT1087",1064.509,918.1,NA,NA,NA,"","",NA,"corgroup132","",""
"FT0635",1121.4939,623.7,NA,NA,NA,"","[275][M]+","group59","corgroup133","+",""
"FT0645",1122.4965,623.9,NA,NA,NA,"","[275][M+1]+","group59","corgroup133","+",""
"FT0686",1135.4817,624.1,NA,NA,NA,"Precursor","[276][M]+","group57","corgroup133","+",""
"FT0669",1136.4846,623.9,NA,NA,NA,"","[276][M+1]+","group57","corgroup133","+",""
"FT0670",1137.4873,623.9,NA,NA,NA,"","[276][M+2]+","group57","corgroup133","+",""
"FT0639",1151.4525,623.8,NA,NA,NA,"","",NA,"corgroup133","",""
"FT1081",1225.471,916.1,NA,"[2M+H]+ 612.2319",NA,"Precursor","[277][M]+","group131","corgroup132","+",""
"FT1084",1226.4748,916.2,NA,NA,NA,"","[277][M+1]+","group131","corgroup132","+",""
"FT1085",1227.4778,916.2,NA,NA,NA,"","[277][M+2]+","group131","corgroup132","+",""
"FT0477",1243.2957,512.7,NA,"[2M+Na]+ 610.1534",NA,"Precursor","","group42","corgroup149","+",""
"FT1070",1247.4524,916.1,NA,"[2M+Na]+ 612.2319",NA,"Precursor","[278][M]+","group131","corgroup132","+",""
"FT1072",1248.457,916.1,NA,NA,NA,"","[278][M+1]+","group131","corgroup132","+",""
